統計期,性別,總計,未滿1~4歲,未滿1歲,1歲,2歲,3歲,4歲,5~9歲,5歲,6歲,7歲,8歲,9歲,10~14歲,10歲,11歲,12歲,13歲,14歲,15~19歲,15歲,16歲,17歲,18歲,19歲,20~24歲,20歲,21歲,22歲,23歲,24歲,25~29歲,25歲,26歲,27歲,28歲,29歲,30~34歲,30歲,31歲,32歲,33歲,34歲,35~39歲,35歲,36歲,37歲,38歲,39歲,40~44歲,40歲,41歲,42歲,43歲,44歲,45~49歲,45歲,46歲,47歲,48歲,49歲,50~54歲,50歲,51歲,52歲,53歲,54歲,55~59歲,55歲,56歲,57歲,58歲,59歲,60~64歲,60歲,61歲,62歲,63歲,64歲,65~69歲,65歲,66歲,67歲,68歲,69歲,70~74歲,70歲,71歲,72歲,73歲,74歲,75~79歲,75歲,76歲,77歲,78歲,79歲,80~84歲,80歲,81歲,82歲,83歲,84歲,85~89歲,85歲,86歲,87歲,88歲,89歲,90~94歲,90歲,91歲,92歲,93歲,94歲,95~99歲,95歲,96歲,97歲,98歲,99歲,100歲以上
100年 1月底,總計,2622883,110174,19043,22505,22525,23661,22440,116964,22175,22244,22374,24647,25524,156575,31508,30485,28287,33539,32756,159469,34011,32234,31968,30992,30264,152846,32274,29443,33083,29455,28591,184810,32430,35349,36899,39104,41028,211068,41028,42616,42077,38765,46582,200317,39256,39641,39715,39926,41779,215038,43465,43519,43314,41811,42929,219435,43399,44456,44676,43863,43041,216495,43748,43633,44058,41723,43333,204632,42988,41339,40002,40078,40225,143072,34908,33229,28397,25847,20691,95292,17170,19624,20049,19472,18977,81011,18649,17365,15954,15056,13987,62512,13712,12668,12091,12180,11861,51331,11915,11077,10236,9436,8667,28865,7985,6394,5547,4806,4133,9920,3140,2441,1829,1454,1056,2552,792,639,474,455,192,505
100年 1月底,男,1264359,57091,9883,11611,11699,12220,11678,61169,11747,11750,11632,12865,13175,81652,16485,15929,14816,17443,16979,83015,17654,16796,16503,16148,15914,78456,16865,15237,16855,15176,14323,91072,16315,17710,18099,19222,19726,98211,19452,19897,19558,17785,21519,91132,17676,18022,18362,18119,18953,98159,19779,19713,19734,19086,19847,102484,20226,20701,20769,20556,20232,101316,20572,20320,20716,19397,20311,96870,20345,19615,18889,19021,19000,67063,16259,15436,13447,12138,9783,43386,7883,9038,9107,8951,8407,35329,8284,7623,6873,6493,6056,28997,5885,5733,5552,5833,5994,26957,6216,5809,5331,4977,4624,15268,4249,3345,2902,2621,2151,5159,1645,1297,945,726,546,1283,374,317,236,260,96,290
100年 1月底,女,1358524,53083,9160,10894,10826,11441,10762,55795,10428,10494,10742,11782,12349,74923,15023,14556,13471,16096,15777,76454,16357,15438,15465,14844,14350,74390,15409,14206,16228,14279,14268,93738,16115,17639,18800,19882,21302,112857,21576,22719,22519,20980,25063,109185,21580,21619,21353,21807,22826,116879,23686,23806,23580,22725,23082,116951,23173,23755,23907,23307,22809,115179,23176,23313,23342,22326,23022,107762,22643,21724,21113,21057,21225,76009,18649,17793,14950,13709,10908,51906,9287,10586,10942,10521,10570,45682,10365,9742,9081,8563,7931,33515,7827,6935,6539,6347,5867,24374,5699,5268,4905,4459,4043,13597,3736,3049,2645,2185,1982,4761,1495,1144,884,728,510,1269,418,322,238,195,96,215
100年 2月底,總計,2624791,110853,19217,22566,22601,23913,22556,116362,22051,22256,22218,24686,25151,156402,31232,30663,28247,33281,32979,159226,33647,32359,31960,31071,30189,152693,32086,29698,32991,29350,28568,184236,32192,35192,36699,38936,41217,211969,41160,42896,42296,38876,46741,200728,39569,39735,39775,39987,41662,214853,43299,43674,43283,42158,42439,219610,43287,44676,44311,43944,43392,216274,43130,43873,44295,41077,43899,204304,42363,41383,40490,39960,40108,145151,35743,32771,29058,25975,21604,94786,16927,19448,20028,19541,18842,81425,18683,17558,16072,15087,14025,62538,13691,12684,12122,12169,11872,51284,11807,11057,10214,9500,8706,28980,8000,6497,5539,4813,4131,10030,3193,2481,1853,1430,1073,2573,803,650,463,448,209,514
100年 2月底,男,1265280,57439,9969,11670,11717,12329,11754,60834,11663,11747,11580,12881,12963,81587,16326,16040,14810,17353,17058,82875,17451,16872,16548,16133,15871,78412,16762,15386,16825,15071,14368,90802,16179,17568,18095,19081,19879,98666,19456,20071,19668,17915,21556,91389,17882,18096,18372,18158,18881,98165,19769,19785,19731,19227,19653,102512,20170,20760,20617,20619,20346,101249,20316,20403,20786,19273,20471,96715,19998,19697,19118,18912,18990,68004,16658,15218,13726,12233,10169,43214,7822,8932,9076,9002,8382,35469,8297,7703,6936,6529,6004,28891,5886,5735,5567,5808,5895,26922,6175,5807,5306,4993,4641,15346,4274,3405,2881,2617,2169,5197,1654,1302,968,724,549,1299,386,332,222,250,109,293
100年 2月底,女,1359511,53414,9248,10896,10884,11584,10802,55528,10388,10509,10638,11805,12188,74815,14906,14623,13437,15928,15921,76351,16196,15487,15412,14938,14318,74281,15324,14312,16166,14279,14200,93434,16013,17624,18604,19855,21338,113303,21704,22825,22628,20961,25185,109339,21687,21639,21403,21829,22781,116688,23530,23889,23552,22931,22786,117098,23117,23916,23694,23325,23046,115025,22814,23470,23509,21804,23428,107589,22365,21686,21372,21048,21118,77147,19085,17553,15332,13742,11435,51572,9105,10516,10952,10539,10460,45956,10386,9855,9136,8558,8021,33647,7805,6949,6555,6361,5977,24362,5632,5250,4908,4507,4065,13634,3726,3092,2658,2196,1962,4833,1539,1179,885,706,524,1274,417,318,241,198,100,221
100年 3月底,總計,2627677,111967,20055,22621,22687,23979,22625,115939,22106,22151,22127,24500,25055,155980,30924,30615,28623,32951,32867,159426,33685,32457,31975,31103,30206,152623,31709,30254,32528,29472,28660,183892,31995,34999,36493,39133,41272,212674,41164,43121,42550,39451,46388,201563,40185,39855,39911,39970,41642,214796,43218,43523,43402,42315,42338,219425,43085,44551,44346,44123,43320,215566,42889,43749,44717,41099,43112,204644,42579,41600,40315,40027,40123,147229,35584,33449,29624,26336,22236,94389,16740,19227,20053,19554,18815,81662,18564,17746,16153,15146,14053,62554,13659,12752,12189,12015,11939,51228,11702,11023,10315,9419,8769,28989,7963,6496,5611,4803,4116,10066,3223,2493,1853,1424,1073,2562,802,635,468,438,219,503
100年 3月底,男,1266557,58036,10425,11734,11806,12310,11761,60680,11641,11768,11550,12807,12914,81356,16107,16046,14976,17221,17006,82917,17426,16960,16550,16144,15837,78400,16557,15705,16557,15137,14444,90576,16071,17444,17995,19211,19855,99079,19463,20200,19733,18242,21441,91916,18207,18152,18454,18209,18894,98162,19721,19690,19788,19347,19616,102342,19978,20827,20661,20675,20201,100979,20265,20344,20923,19386,20061,96806,20092,19782,19021,18929,18982,68964,16648,15523,13928,12424,10441,43046,7799,8790,9103,8949,8405,35577,8269,7800,6963,6550,5995,28794,5902,5703,5558,5714,5917,26805,6114,5741,5404,4920,4626,15320,4267,3376,2932,2586,2159,5225,1673,1304,967,730,551,1295,388,320,231,241,115,282
100年 3月底,女,1361120,53931,9630,10887,10881,11669,10864,55259,10465,10383,10577,11693,12141,74624,14817,14569,13647,15730,15861,76509,16259,15497,15425,14959,14369,74223,15152,14549,15971,14335,14216,93316,15924,17555,18498,19922,21417,113595,21701,22921,22817,21209,24947,109647,21978,21703,21457,21761,22748,116634,23497,23833,23614,22968,22722,117083,23107,23724,23685,23448,23119,114587,22624,23405,23794,21713,23051,107838,22487,21818,21294,21098,21141,78265,18936,17926,15696,13912,11795,51343,8941,10437,10950,10605,10410,46085,10295,9946,9190,8596,8058,33760,7757,7049,6631,6301,6022,24423,5588,5282,4911,4499,4143,13669,3696,3120,2679,2217,1957,4841,1550,1189,886,694,522,1267,414,315,237,197,104,221
100年 4月底,總計,2630285,112624,20448,22726,22732,24047,22671,115477,21983,22148,21989,24380,24977,155543,30560,30605,29074,32493,32811,159603,33689,32392,32032,31188,30302,152617,31481,30562,32108,29608,28858,183354,31722,34990,36392,39148,41102,213594,41591,43151,42896,39804,46152,202191,40521,40151,39875,40105,41539,214816,43246,43372,43709,42218,42271,219370,43035,44483,44241,44338,43273,215288,42982,43471,44726,41508,42601,204793,42722,41895,40378,39695,40103,148944,35617,32859,31146,26177,23145,94307,16672,19181,20123,19522,18809,81887,18556,17739,16411,15119,14062,62523,13657,12854,12142,11917,11953,51234,11686,10953,10337,9379,8879,28937,7752,6641,5652,4801,4091,10123,3280,2478,1853,1424,1088,2568,799,643,472,416,238,492
100年 4月底,男,1267640,58345,10592,11820,11792,12402,11739,60453,11588,11724,11533,12701,12907,81143,15890,16098,15193,16996,16966,82954,17433,16916,16627,16139,15839,78464,16459,15912,16294,15219,14580,90247,15934,17399,17949,19232,19733,99538,19702,20225,19871,18460,21280,92339,18499,18235,18414,18276,18915,98128,19647,19760,19929,19286,19506,102308,19951,20820,20646,20699,20192,100828,20338,20185,20946,19557,19802,96845,20169,19908,19070,18714,18984,69763,16711,15259,14585,12364,10844,43031,7741,8769,9170,8921,8430,35668,8312,7736,7104,6522,5994,28694,5915,5690,5564,5627,5898,26794,6074,5743,5406,4892,4679,15291,4128,3455,2978,2554,2176,5226,1677,1296,975,730,548,1303,390,323,242,219,129,278
100年 4月底,女,1362645,54279,9856,10906,10940,11645,10932,55024,10395,10424,10456,11679,12070,74400,14670,14507,13881,15497,15845,76649,16256,15476,15405,15049,14463,74153,15022,14650,15814,14389,14278,93107,15788,17591,18443,19916,21369,114056,21889,22926,23025,21344,24872,109852,22022,21916,21461,21829,22624,116688,23599,23612,23780,22932,22765,117062,23084,23663,23595,23639,23081,114460,22644,23286,23780,21951,22799,107948,22553,21987,21308,20981,21119,79181,18906,17600,16561,13813,12301,51276,8931,10412,10953,10601,10379,46219,10244,10003,9307,8597,8068,33829,7742,7164,6578,6290,6055,24440,5612,5210,4931,4487,4200,13646,3624,3186,2674,2247,1915,4897,1603,1182,878,694,540,1265,409,320,230,197,109,214
100年 5月底,總計,2633044,113574,21145,22699,22909,24064,22757,115120,21927,22241,21932,24104,24916,155152,30229,30543,29503,32135,32742,159566,33596,32455,31947,31323,30245,152760,31348,30776,31902,29720,29014,182933,31417,34976,36307,39158,41075,214418,41930,43226,43169,40206,45887,203006,41091,40386,39879,40045,41605,214850,43145,43569,43623,42338,42175,219236,42980,44409,44137,44251,43459,214985,42922,43251,44626,41919,42267,204729,42763,42036,40499,39393,40038,150322,36598,33036,30705,26587,23396,94426,16808,19013,20219,19567,18819,82038,18504,17731,16486,15227,14090,62448,13604,12864,12122,11910,11948,51115,11606,11011,10296,9433,8769,29113,7819,6654,5715,4774,4151,10184,3315,2471,1874,1420,1104,2576,810,629,486,397,254,493
100年 5月底,男,1268856,58763,10952,11772,11921,12389,11729,60291,11587,11786,11490,12584,12844,80967,15744,16061,15435,16775,16952,82927,17431,16917,16600,16188,15791,78583,16372,16016,16253,15214,14728,89958,15747,17394,17890,19248,19679,99892,19876,20229,19962,18692,21133,92801,18846,18339,18429,18283,18904,98206,19630,19871,19938,19343,19424,102230,19823,20895,20581,20671,20260,100732,20362,20080,20866,19700,19724,96737,20074,20000,19123,18649,18891,70441,17176,15305,14415,12570,10975,43065,7790,8666,9269,8946,8394,35766,8324,7707,7180,6545,6010,28583,5893,5672,5519,5641,5858,26669,6028,5729,5375,4912,4625,15394,4158,3474,3007,2549,2206,5252,1698,1284,988,727,555,1321,406,314,250,208,143,278
100年 5月底,女,1364188,54811,10193,10927,10988,11675,11028,54829,10340,10455,10442,11520,12072,74185,14485,14482,14068,15360,15790,76639,16165,15538,15347,15135,14454,74177,14976,14760,15649,14506,14286,92975,15670,17582,18417,19910,21396,114526,22054,22997,23207,21514,24754,110205,22245,22047,21450,21762,22701,116644,23515,23698,23685,22995,22751,117006,23157,23514,23556,23580,23199,114253,22560,23171,23760,22219,22543,107992,22689,22036,21376,20744,21147,79881,19422,17731,16290,14017,12421,51361,9018,10347,10950,10621,10425,46272,10180,10024,9306,8682,8080,33865,7711,7192,6603,6269,6090,24446,5578,5282,4921,4521,4144,13719,3661,3180,2708,2225,1945,4932,1617,1187,886,693,549,1255,404,315,236,189,111,215
100年 6月底,總計,2635766,114450,21777,22676,23040,24229,22728,114732,21986,22120,21753,23944,24929,154876,29880,30492,29740,31992,32772,159501,33350,32494,31979,31423,30255,152982,31082,31037,31512,30031,29320,182283,31064,34902,36163,39096,41058,215332,42161,43308,43525,40543,45795,203872,41593,40638,39769,40189,41683,214786,43048,43543,43646,42390,42159,219274,43027,44522,44049,44118,43558,214813,42993,43208,44333,42170,42109,204740,42749,42190,40526,39542,39733,151500,37424,33067,30814,26587,23608,94415,17023,18883,20245,19419,18845,82232,18525,17841,16511,15226,14129,62421,13634,12901,12051,11893,11942,50973,11496,11006,10328,9446,8697,29302,7901,6695,5734,4772,4200,10213,3330,2480,1853,1443,1107,2581,801,631,504,370,275,488
100年 6月底,男,1269999,59138,11238,11734,11998,12460,11708,60152,11641,11703,11417,12482,12909,80758,15523,16042,15553,16679,16961,82912,17305,16959,16601,16252,15795,78691,16242,16095,16141,15328,14885,89650,15586,17364,17798,19224,19678,100340,19964,20319,20105,18817,21135,93282,19053,18493,18349,18407,18980,98178,19566,19877,19905,19370,19460,102209,19823,20978,20477,20667,20264,100646,20365,20123,20681,19849,19628,96716,20083,20040,19124,18701,18768,70992,17618,15259,14491,12568,11056,43107,7950,8550,9312,8861,8434,35864,8352,7731,7228,6512,6041,28492,5897,5652,5491,5566,5886,26550,5939,5730,5409,4865,4607,15464,4186,3494,3022,2534,2228,5255,1704,1284,982,726,559,1325,409,308,264,190,154,278
100年 6月底,女,1365767,55312,10539,10942,11042,11769,11020,54580,10345,10417,10336,11462,12020,74118,14357,14450,14187,15313,15811,76589,16045,15535,15378,15171,14460,74291,14840,14942,15371,14703,14435,92633,15478,17538,18365,19872,21380,114992,22197,22989,23420,21726,24660,110590,22540,22145,21420,21782,22703,116608,23482,23666,23741,23020,22699,117065,23204,23544,23572,23451,23294,114167,22628,23085,23652,22321,22481,108024,22666,22150,21402,20841,20965,80508,19806,17808,16323,14019,12552,51308,9073,10333,10933,10558,10411,46368,10173,10110,9283,8714,8088,33929,7737,7249,6560,6327,6056,24423,5557,5276,4919,4581,4090,13838,3715,3201,2712,2238,1972,4958,1626,1196,871,717,548,1256,392,323,240,180,121,210
100年 7月底,總計,2637866,115016,22215,22586,23243,24157,22815,114585,22109,21930,21819,23855,24872,154425,29436,30552,29982,31447,33008,159361,33123,32550,31890,31467,30331,153120,30860,31394,31128,30261,29477,181620,30805,34758,36010,38977,41070,215990,42280,43310,43846,41138,45416,204641,42370,40487,39989,40256,41539,214882,42962,43589,43623,42515,42193,219107,43024,44379,43921,44365,43418,214475,42888,43206,44032,42517,41832,204890,42858,42359,40259,39908,39506,152577,38156,33020,30963,26485,23953,94686,17237,18808,20244,19350,19047,82300,18480,17868,16504,15246,14202,62367,13615,12899,12068,11941,11844,50992,11419,11100,10354,9453,8666,29447,7906,6810,5730,4763,4238,10305,3365,2473,1883,1468,1116,2590,792,636,513,362,287,490
100年 7月底,男,1270843,59432,11466,11679,12115,12433,11739,60121,11639,11655,11441,12459,12927,80509,15240,16080,15690,16451,17048,82719,17158,16975,16598,16198,15790,78804,16142,16281,16035,15396,14950,89339,15443,17316,17694,19150,19736,100697,19975,20295,20358,19055,21014,93633,19341,18442,18498,18455,18897,98251,19539,19920,19924,19388,19480,102093,19844,20849,20421,20798,20181,100424,20244,20261,20476,20010,19433,96818,20172,20129,18957,18899,18661,71502,17961,15259,14535,12487,11260,43289,8084,8524,9334,8777,8570,35875,8305,7728,7243,6509,6090,28360,5883,5630,5491,5533,5823,26552,5897,5789,5388,4896,4582,15511,4175,3559,2986,2542,2249,5301,1728,1268,1015,726,564,1333,406,307,267,188,165,280
100年 7月底,女,1367023,55584,10749,10907,11128,11724,11076,54464,10470,10275,10378,11396,11945,73916,14196,14472,14292,14996,15960,76642,15965,15575,15292,15269,14541,74316,14718,15113,15093,14865,14527,92281,15362,17442,18316,19827,21334,115293,22305,23015,23488,22083,24402,111008,23029,22045,21491,21801,22642,116631,23423,23669,23699,23127,22713,117014,23180,23530,23500,23567,23237,114051,22644,22945,23556,22507,22399,108072,22686,22230,21302,21009,20845,81075,20195,17761,16428,13998,12693,51397,9153,10284,10910,10573,10477,46425,10175,10140,9261,8737,8112,34007,7732,7269,6577,6408,6021,24440,5522,5311,4966,4557,4084,13936,3731,3251,2744,2221,1989,5004,1637,1205,868,742,552,1257,386,329,246,174,122,210
100年 8月底,總計,2639064,115742,22730,22553,23494,23981,22984,114295,22233,21808,21812,23695,24747,153797,29015,30667,30125,31017,32973,159055,32895,32637,31793,31427,30303,153297,30662,31658,30886,30442,29649,180666,30473,34582,35968,38703,40940,216217,42599,43121,44040,41778,44679,205456,43385,40067,40567,40159,41278,214840,42908,43535,43585,42639,42173,218751,43012,44146,43900,44377,43316,213714,42823,43326,43914,42556,41095,205726,43586,42603,40023,39893,39621,153747,38423,33015,31441,26494,24374,94844,17553,18591,20118,19449,19133,82477,18452,17868,16568,15214,14375,62341,13553,13029,12016,11904,11839,51014,11382,11098,10325,9510,8699,29542,7849,6928,5784,4730,4251,10437,3417,2528,1900,1448,1144,2610,797,645,518,358,292,496
100年 8月底,男,1271417,59834,11720,11634,12276,12349,11855,59966,11697,11519,11487,12360,12903,80181,15023,16088,15777,16240,17053,82552,17046,16968,16610,16167,15761,78901,16049,16357,16010,15394,15091,88866,15270,17198,17701,18979,19718,100868,20183,20216,20425,19416,20628,94090,19856,18183,18813,18437,18801,98216,19529,19909,19903,19483,19392,101979,19846,20756,20489,20716,20172,100081,20204,20312,20471,20000,19094,97127,20515,20120,18942,18853,18697,72016,18084,15300,14748,12462,11422,43435,8297,8451,9216,8809,8662,35975,8317,7686,7301,6489,6182,28231,5840,5636,5473,5540,5742,26531,5871,5768,5382,4913,4597,15564,4138,3655,2988,2526,2257,5363,1754,1301,1006,737,565,1358,407,322,270,182,177,283
100年 8月底,女,1367647,55908,11010,10919,11218,11632,11129,54329,10536,10289,10325,11335,11844,73616,13992,14579,14348,14777,15920,76503,15849,15669,15183,15260,14542,74396,14613,15301,14876,15048,14558,91800,15203,17384,18267,19724,21222,115349,22416,22905,23615,22362,24051,111366,23529,21884,21754,21722,22477,116624,23379,23626,23682,23156,22781,116772,23166,23390,23411,23661,23144,113633,22619,23014,23443,22556,22001,108599,23071,22483,21081,21040,20924,81731,20339,17715,16693,14032,12952,51409,9256,10140,10902,10640,10471,46502,10135,10182,9267,8725,8193,34110,7713,7393,6543,6364,6097,24483,5511,5330,4943,4597,4102,13978,3711,3273,2796,2204,1994,5074,1663,1227,894,711,579,1252,390,323,248,176,115,213
100年 9月底,總計,2640099,116846,23655,22535,23619,23993,23044,114280,22419,21697,21906,23485,24773,152697,28264,30955,30101,30149,33228,158888,32964,32471,31792,31377,30284,153010,30376,31664,30607,30727,29636,179679,30257,34109,35779,38604,40930,216484,42881,42988,44270,42445,43900,206484,44417,39945,40811,40199,41112,214684,42778,43587,43607,42893,41819,218251,42844,43885,43994,44257,43271,212982,42723,43282,43695,42683,40599,206238,44016,42606,39967,39901,39748,154885,38471,33177,31989,26659,24589,95114,18315,18067,20041,19519,19172,82794,18456,17908,16728,15233,14469,62329,13387,13195,12022,11877,11848,51085,11220,11226,10337,9573,8729,29712,7755,7080,5820,4733,4324,10518,3405,2591,1919,1456,1147,2638,817,634,526,355,306,501
100年 9月底,男,1271879,60372,12190,11678,12250,12406,11848,59978,11820,11406,11586,12222,12944,79633,14653,16221,15780,15795,17184,82404,17069,16881,16611,16173,15670,78862,15932,16444,15784,15578,15124,88308,15142,16951,17600,18904,19711,101007,20279,20181,20521,19717,20309,94687,20323,18181,18870,18609,18704,98154,19477,19961,19880,19646,19190,101736,19806,20576,20532,20657,20165,99759,20201,20257,20381,20020,18900,97305,20716,20101,18964,18839,18685,72611,18147,15419,14986,12586,11473,43585,8609,8268,9150,8857,8701,36127,8275,7718,7409,6460,6265,28109,5739,5704,5450,5506,5710,26513,5778,5811,5401,4938,4585,15640,4121,3713,2993,2534,2279,5419,1756,1345,1027,744,547,1390,437,312,270,183,188,280
100年 9月底,女,1368220,56474,11465,10857,11369,11587,11196,54302,10599,10291,10320,11263,11829,73064,13611,14734,14321,14354,16044,76484,15895,15590,15181,15204,14614,74148,14444,15220,14823,15149,14512,91371,15115,17158,18179,19700,21219,115477,22602,22807,23749,22728,23591,111797,24094,21764,21941,21590,22408,116530,23301,23626,23727,23247,22629,116515,23038,23309,23462,23600,23106,113223,22522,23025,23314,22663,21699,108933,23300,22505,21003,21062,21063,82274,20324,17758,17003,14073,13116,51529,9706,9799,10891,10662,10471,46667,10181,10190,9319,8773,8204,34220,7648,7491,6572,6371,6138,24572,5442,5415,4936,4635,4144,14072,3634,3367,2827,2199,2045,5099,1649,1246,892,712,600,1248,380,322,256,172,118,221
100年 10月底,總計,2643136,117051,23775,22368,23832,23862,23214,114218,22509,21568,22071,23201,24869,151945,27577,31337,30168,29344,33519,158920,32703,32638,31762,31350,30467,152953,30222,31731,30179,31230,29591,178940,30075,33593,36089,38349,40834,216630,43193,42795,44565,43280,42797,207821,45706,39812,41252,40215,40836,214609,42752,43720,43357,43230,41550,218333,42844,43961,43623,44499,43406,213413,42445,43462,43738,42586,41182,205855,43339,42872,40060,39730,39854,156351,38984,33483,32229,26886,24769,95596,19276,17410,20039,19725,19146,83106,18470,18080,16759,15316,14481,62407,13518,13257,12003,11790,11839,51172,11266,11245,10288,9580,8793,29915,7850,7096,5868,4797,4304,10716,3499,2602,1957,1477,1181,2680,839,625,529,362,325,505
100年 10月底,男,1273131,60481,12264,11649,12301,12356,11911,59917,11803,11380,11683,12079,12972,79276,14329,16433,15785,15334,17395,82418,16930,16994,16592,16125,15777,78918,15868,16468,15580,15838,15164,87852,14991,16645,17818,18739,19659,101089,20452,20064,20706,20104,19763,95433,21042,18080,18989,18722,18600,98065,19462,19938,19812,19798,19055,101756,19852,20563,20391,20711,20239,99951,20057,20389,20443,19887,19175,97120,20369,20228,19047,18694,18782,73231,18328,15588,15066,12700,11549,43881,9044,8039,9125,8969,8704,36236,8236,7843,7378,6499,6280,28073,5805,5686,5421,5488,5673,26474,5738,5808,5397,4934,4597,15746,4159,3744,2999,2559,2285,5526,1795,1349,1060,753,569,1406,444,319,258,185,200,282
100年 10月底,女,1370005,56570,11511,10719,11531,11506,11303,54301,10706,10188,10388,11122,11897,72669,13248,14904,14383,14010,16124,76502,15773,15644,15170,15225,14690,74035,14354,15263,14599,15392,14427,91088,15084,16948,18271,19610,21175,115541,22741,22731,23859,23176,23034,112388,24664,21732,22263,21493,22236,116544,23290,23782,23545,23432,22495,116577,22992,23398,23232,23788,23167,113462,22388,23073,23295,22699,22007,108735,22970,22644,21013,21036,21072,83120,20656,17895,17163,14186,13220,51715,10232,9371,10914,10756,10442,46870,10234,10237,9381,8817,8201,34334,7713,7571,6582,6302,6166,24698,5528,5437,4891,4646,4196,14169,3691,3352,2869,2238,2019,5190,1704,1253,897,724,612,1274,395,306,271,177,125,223
100年 11月底,總計,2647122,117789,24320,22438,23845,23552,23634,114146,22613,21584,22057,22953,24939,151023,26834,31605,30492,28654,33438,159090,32515,33046,31827,31312,30390,153410,30235,31837,29821,31916,29601,178180,29597,33339,36036,38430,40778,216617,43194,43040,44702,43626,42055,209383,46874,40247,41008,40320,40934,214404,42490,43703,43594,43154,41463,218180,42929,43619,43966,44406,43260,213750,42498,43451,43725,42726,41350,205899,43199,42640,40513,39757,39790,157880,39371,33858,32301,27401,24949,95833,19902,17212,19838,19690,19191,83502,18510,18205,16927,15337,14523,62572,13573,13283,12149,11630,11937,51270,11281,11235,10373,9590,8791,30126,7955,7150,5881,4835,4305,10869,3529,2655,1996,1509,1180,2696,852,618,533,369,324,503
100年 11月底,男,1274740,60815,12498,11683,12287,12208,12139,59869,11827,11405,11671,11919,13047,78770,13946,16534,15939,15032,17319,82509,16839,17188,16601,16129,15752,79176,15836,16554,15376,16258,15152,87418,14710,16512,17815,18769,19612,101073,20419,20192,20772,20276,19414,96223,21643,18246,18868,18798,18668,97945,19375,19926,19957,19669,19018,101638,19930,20326,20584,20611,20187,100134,20065,20421,20418,19984,19246,97106,20275,20131,19204,18715,18781,73962,18527,15755,15080,12976,11624,44020,9334,7897,9057,8977,8755,36371,8169,7968,7463,6525,6246,28090,5852,5667,5481,5379,5711,26482,5717,5825,5417,4919,4604,15840,4193,3775,3017,2558,2297,5592,1805,1393,1067,762,565,1426,461,310,261,191,203,281
100年 11月底,女,1372382,56974,11822,10755,11558,11344,11495,54277,10786,10179,10386,11034,11892,72253,12888,15071,14553,13622,16119,76581,15676,15858,15226,15183,14638,74234,14399,15283,14445,15658,14449,90762,14887,16827,18221,19661,21166,115544,22775,22848,23930,23350,22641,113160,25231,22001,22140,21522,22266,116459,23115,23777,23637,23485,22445,116542,22999,23293,23382,23795,23073,113616,22433,23030,23307,22742,22104,108793,22924,22509,21309,21042,21009,83918,20844,18103,17221,14425,13325,51813,10568,9315,10781,10713,10436,47131,10341,10237,9464,8812,8277,34482,7721,7616,6668,6251,6226,24788,5564,5410,4956,4671,4187,14286,3762,3375,2864,2277,2008,5277,1724,1262,929,747,615,1270,391,308,272,178,121,222
100年 12月底,總計,2650968,118587,25052,22288,23995,23394,23858,113973,22592,21688,21962,22827,24904,150406,26174,32012,30492,28263,33465,159484,32271,33263,31950,31298,30702,153631,29982,31939,29548,32606,29556,177500,29136,33092,36200,38249,40823,216540,43106,43239,45025,43992,41178,210747,48026,40401,40970,40506,40844,214188,42341,43704,43703,43097,41343,218318,43149,43233,44195,44408,43333,213903,42655,43362,43463,43070,41353,205816,43159,42575,40569,39900,39613,159676,39603,34411,32411,27827,25424,96016,20130,17361,19555,19856,19114,83836,18556,18266,17016,15372,14626,62406,13530,13258,12179,11623,11816,51362,11368,11238,10396,9620,8740,30390,8054,7277,5767,4980,4312,10984,3594,2667,2018,1517,1188,2712,857,625,520,361,349,493
100年 12月底,男,1276343,61245,12866,11597,12359,12170,12253,59711,11762,11476,11615,11859,12999,78478,13594,16741,15973,14819,17351,82727,16636,17342,16621,16165,15963,79256,15671,16632,15244,16613,15096,87077,14499,16401,17906,18609,19662,101008,20445,20281,20883,20399,19000,96987,22294,18337,18845,18886,18625,97876,19290,19984,19956,19670,18976,101678,19986,20141,20645,20623,20283,100121,20112,20377,20225,20232,19175,97067,20254,20136,19198,18739,18740,74714,18653,15979,15101,13133,11848,44145,9470,7964,8944,9055,8712,36541,8183,8062,7452,6539,6305,27906,5810,5653,5472,5324,5647,26479,5711,5835,5405,4965,4563,15976,4239,3844,2972,2606,2315,5643,1840,1396,1065,757,585,1433,469,310,250,187,217,275
100年 12月底,女,1374625,57342,12186,10691,11636,11224,11605,54262,10830,10212,10347,10968,11905,71928,12580,15271,14519,13444,16114,76757,15635,15921,15329,15133,14739,74375,14311,15307,14304,15993,14460,90423,14637,16691,18294,19640,21161,115532,22661,22958,24142,23593,22178,113760,25732,22064,22125,21620,22219,116312,23051,23720,23747,23427,22367,116640,23163,23092,23550,23785,23050,113782,22543,22985,23238,22838,22178,108749,22905,22439,21371,21161,20873,84962,20950,18432,17310,14694,13576,51871,10660,9397,10611,10801,10402,47295,10373,10204,9564,8833,8321,34500,7720,7605,6707,6299,6169,24883,5657,5403,4991,4655,4177,14414,3815,3433,2795,2374,1997,5341,1754,1271,953,760,603,1279,388,315,270,174,132,218
101年 1月底,總計,2652959,118940,25003,22557,23980,23338,24062,113728,22568,21736,21971,22538,24915,149532,25811,31912,30618,28077,33114,159825,32298,33515,31855,31475,30682,153891,29953,31980,29345,33073,29540,176663,28739,32898,36273,38017,40736,216664,43083,43367,45039,44416,40759,211353,48673,40576,40853,40667,40584,214500,42247,43735,43642,43333,41543,217745,42754,43116,44178,44296,43401,214039,42679,43323,43134,43587,41316,205717,42935,42533,40961,39569,39719,161384,39822,34566,32907,28230,25859,96009,20661,17001,19413,19753,19181,84228,18630,18265,17036,15569,14728,62434,13606,13265,12252,11645,11666,51488,11342,11293,10458,9569,8826,30434,7999,7333,5799,5009,4294,11144,3651,2706,2051,1527,1209,2725,881,622,506,373,343,516
101年 1月底,男,1277071,61407,12823,11738,12351,12114,12381,59571,11722,11489,11612,11745,13003,77991,13353,16711,15996,14733,17198,82889,16734,17426,16573,16213,15943,79459,15654,16695,15171,16810,15129,86680,14288,16356,17922,18413,19701,101086,20393,20356,20938,20640,18759,97290,22589,18466,18794,18931,18510,98033,19298,20030,19857,19818,19030,101469,19811,20108,20594,20601,20355,100099,20033,20358,20093,20463,19152,96998,20080,20123,19357,18621,18817,75439,18732,16083,15227,13336,12061,44193,9748,7802,8894,8961,8788,36741,8226,8077,7444,6670,6324,27822,5863,5634,5495,5303,5527,26479,5675,5847,5410,4941,4606,15983,4197,3871,2989,2596,2330,5731,1866,1412,1076,769,608,1423,466,301,258,192,206,288
101年 1月底,女,1375888,57533,12180,10819,11629,11224,11681,54157,10846,10247,10359,10793,11912,71541,12458,15201,14622,13344,15916,76936,15564,16089,15282,15262,14739,74432,14299,15285,14174,16263,14411,89983,14451,16542,18351,19604,21035,115578,22690,23011,24101,23776,22000,114063,26084,22110,22059,21736,22074,116467,22949,23705,23785,23515,22513,116276,22943,23008,23584,23695,23046,113940,22646,22965,23041,23124,22164,108719,22855,22410,21604,20948,20902,85945,21090,18483,17680,14894,13798,51816,10913,9199,10519,10792,10393,47487,10404,10188,9592,8899,8404,34612,7743,7631,6757,6342,6139,25009,5667,5446,5048,4628,4220,14451,3802,3462,2810,2413,1964,5413,1785,1294,975,758,601,1302,415,321,248,181,137,228
101年 2月底,總計,2653948,119979,25553,22846,24003,23291,24286,113454,22583,21631,21848,22422,24970,148793,25427,31636,30862,28022,32846,159664,32475,33163,31935,31431,30660,153805,29982,31757,29631,32924,29511,175965,28705,32668,36063,37923,40606,217438,43316,43345,45447,44558,40772,211616,48604,41060,40839,40678,40435,214764,42246,43544,43793,43123,42058,217048,42218,43018,44275,44083,43454,213533,42937,42625,43511,43784,40676,205851,43315,42052,40929,40042,39513,162416,39760,35388,32416,28789,26063,96470,21587,16739,19172,19762,19210,84405,18492,18235,17260,15669,14749,62396,13595,13282,12246,11643,11630,51379,11354,11199,10450,9503,8873,30534,8029,7342,5869,5011,4283,11167,3624,2749,2071,1533,1190,2733,891,629,505,368,340,538
101年 2月底,男,1277560,61952,13138,11855,12408,12068,12483,59443,11743,11414,11525,11721,13040,77650,13147,16527,16152,14723,17101,82748,16782,17228,16632,16247,15859,79404,15660,16572,15348,16767,15057,86352,14326,16262,17749,18456,19559,101566,20573,20306,21153,20728,18806,97463,22525,18740,18818,18924,18456,98162,19275,19987,19930,19755,19215,101236,19616,20072,20608,20513,20427,99941,20086,20080,20238,20502,19035,96925,20142,19835,19425,18839,18684,75956,18742,16461,14997,13576,12180,44368,10128,7735,8771,8909,8825,36861,8191,8067,7540,6718,6345,27718,5811,5652,5471,5300,5484,26339,5603,5822,5413,4882,4619,16007,4207,3880,3023,2586,2311,5751,1864,1421,1071,782,613,1410,457,305,267,181,200,308
101年 2月底,女,1376388,58027,12415,10991,11595,11223,11803,54011,10840,10217,10323,10701,11930,71143,12280,15109,14710,13299,15745,76916,15693,15935,15303,15184,14801,74401,14322,15185,14283,16157,14454,89613,14379,16406,18314,19467,21047,115872,22743,23039,24294,23830,21966,114153,26079,22320,22021,21754,21979,116602,22971,23557,23863,23368,22843,115812,22602,22946,23667,23570,23027,113592,22851,22545,23273,23282,21641,108926,23173,22217,21504,21203,20829,86460,21018,18927,17419,15213,13883,52102,11459,9004,10401,10853,10385,47544,10301,10168,9720,8951,8404,34678,7784,7630,6775,6343,6146,25040,5751,5377,5037,4621,4254,14527,3822,3462,2846,2425,1972,5416,1760,1328,1000,751,577,1323,434,324,238,187,140,230
101年 3月底,總計,2656512,120938,25966,23400,23964,23342,24266,113126,22544,21686,21785,22328,24783,148495,25354,31446,30851,28321,32523,159731,32404,33123,32017,31466,30721,153525,29890,31394,30184,32531,29526,175691,28797,32486,35937,37642,40829,218466,43372,43385,45551,44873,41285,211968,48289,41487,40941,40747,40504,214683,42045,43500,43668,43353,42117,216819,42092,42843,44251,44013,43620,213620,42912,42452,43317,44244,40695,205545,42692,42153,41138,39895,39667,163820,39665,35279,33109,29404,26363,96779,22224,16546,19024,19749,19236,84568,18463,18171,17372,15753,14809,62336,13653,13202,12315,11709,11457,51295,11404,11089,10419,9602,8781,30641,8090,7303,5901,5070,4277,11186,3607,2798,2075,1529,1177,2730,891,634,496,376,333,550
101年 3月底,男,1278723,62488,13345,12139,12427,12129,12448,59273,11701,11389,11542,11664,12977,77488,13111,16383,16172,14840,16982,82804,16759,17163,16727,16255,15900,79245,15576,16374,15660,16553,15082,86234,14405,16146,17667,18317,19699,102037,20552,20336,21226,20807,19116,97745,22437,18964,18843,18952,18549,98125,19179,19935,19875,19841,19295,101134,19558,19898,20698,20519,20461,99984,19969,20088,20117,20668,19142,96687,19818,19866,19514,18761,18728,76651,18692,16479,15300,13817,12363,44456,10399,7695,8671,8913,8778,37016,8215,8062,7610,6757,6372,27596,5813,5650,5450,5299,5384,26241,5611,5746,5370,4975,4539,16035,4213,3874,3031,2626,2291,5763,1854,1453,1065,786,605,1404,459,308,257,189,191,317
101年 3月底,女,1377789,58450,12621,11261,11537,11213,11818,53853,10843,10297,10243,10664,11806,71007,12243,15063,14679,13481,15541,76927,15645,15960,15290,15211,14821,74280,14314,15020,14524,15978,14444,89457,14392,16340,18270,19325,21130,116429,22820,23049,24325,24066,22169,114223,25852,22523,22098,21795,21955,116558,22866,23565,23793,23512,22822,115685,22534,22945,23553,23494,23159,113636,22943,22364,23200,23576,21553,108858,22874,22287,21624,21134,20939,87169,20973,18800,17809,15587,14000,52323,11825,8851,10353,10836,10458,47552,10248,10109,9762,8996,8437,34740,7840,7552,6865,6410,6073,25054,5793,5343,5049,4627,4242,14606,3877,3429,2870,2444,1986,5423,1753,1345,1010,743,572,1326,432,326,239,187,142,233
101年 4月底,總計,2658685,121783,26223,23913,23987,23347,24313,112725,22522,21537,21781,22205,24680,148074,25277,31114,30906,28682,32095,159645,32325,33100,31948,31513,30759,153449,29989,31173,30499,32121,29667,175473,29030,32183,35897,37532,40831,219298,43232,43770,45475,45149,41672,212214,47961,41809,41191,40647,40606,214557,42001,43441,43505,43604,42006,216652,42017,42736,44144,43943,43812,213785,42878,42537,43028,44267,41075,205310,42216,42292,41452,40010,39340,164579,39628,35328,32527,30924,26172,97572,23146,16447,18974,19810,19195,84827,18489,18192,17357,16022,14767,62307,13654,13217,12384,11699,11353,51248,11436,11090,10355,9624,8743,30691,8188,7086,6053,5096,4268,11218,3598,2838,2071,1537,1174,2730,906,629,505,374,316,548
101年 4月底,男,1279554,62916,13504,12338,12468,12087,12519,59039,11683,11340,11497,11636,12883,77323,13090,16200,16243,15011,16779,82772,16710,17167,16671,16341,15883,79196,15579,16286,15863,16298,15170,86129,14549,15981,17630,18297,19672,102475,20472,20537,21188,20928,19350,97802,22207,19218,18881,18882,18614,98143,19214,19817,19912,19975,19225,100962,19440,19854,20670,20517,20481,100081,19977,20142,19947,20715,19300,96499,19565,19948,19641,18833,18512,77043,18709,16533,15026,14474,12301,44800,10812,7613,8653,8976,8746,37150,8258,8118,7532,6905,6337,27526,5810,5670,5422,5335,5289,26173,5602,5716,5376,4966,4513,16013,4264,3725,3105,2651,2268,5800,1889,1445,1069,797,600,1394,456,309,262,191,176,318
101年 4月底,女,1379131,58867,12719,11575,11519,11260,11794,53686,10839,10197,10284,10569,11797,70751,12187,14914,14663,13671,15316,76873,15615,15933,15277,15172,14876,74253,14410,14887,14636,15823,14497,89344,14481,16202,18267,19235,21159,116823,22760,23233,24287,24221,22322,114412,25754,22591,22310,21765,21992,116414,22787,23624,23593,23629,22781,115690,22577,22882,23474,23426,23331,113704,22901,22395,23081,23552,21775,108811,22651,22344,21811,21177,20828,87536,20919,18795,17501,16450,13871,52772,12334,8834,10321,10834,10449,47677,10231,10074,9825,9117,8430,34781,7844,7547,6962,6364,6064,25075,5834,5374,4979,4658,4230,14678,3924,3361,2948,2445,2000,5418,1709,1393,1002,740,574,1336,450,320,243,183,140,230
101年 5月底,總計,2661017,122773,26673,24556,23870,23445,24229,112325,22523,21298,21935,22143,24426,147604,25214,30733,30908,28971,31778,159555,32242,32993,31999,31435,30886,153465,29994,31036,30718,31899,29818,175229,29177,31892,35905,37489,40766,220203,43119,44151,45541,45407,41985,212405,47519,42388,41350,40602,40546,214748,42041,43306,43697,43581,42123,216284,41908,42685,44049,43841,43801,214005,43046,42484,42847,44157,41471,205004,41880,42370,41565,40162,39027,165703,39589,36291,32709,30519,26595,97972,23399,16608,18821,19895,19249,84911,18510,18126,17353,16067,14855,62294,13708,13147,12416,11677,11346,51246,11431,11027,10404,9610,8774,30647,8055,7162,6055,5132,4243,11340,3657,2886,2082,1545,1170,2744,922,629,501,387,305,560
101年 5月底,男,1280457,63401,13729,12698,12335,12185,12454,58837,11645,11237,11585,11589,12781,77062,13019,16034,16267,15156,16586,82767,16690,17151,16683,16326,15917,79149,15573,16193,15968,16232,15183,86051,14708,15807,17605,18254,19677,102928,20402,20729,21223,21006,19568,97931,21950,19534,18950,18865,18632,98242,19184,19777,20018,19979,19284,100712,19344,19710,20730,20439,20489,100149,20055,20148,19873,20629,19444,96425,19488,19844,19742,18902,18449,77478,18617,16974,15082,14295,12510,45004,10938,7680,8556,9058,8772,37186,8240,8132,7505,6964,6345,27461,5829,5641,5411,5295,5285,26080,5564,5673,5368,4955,4520,15989,4190,3768,3102,2678,2251,5879,1922,1482,1073,803,599,1399,461,314,260,196,168,327
101年 5月底,女,1380560,59372,12944,11858,11535,11260,11775,53488,10878,10061,10350,10554,11645,70542,12195,14699,14641,13815,15192,76788,15552,15842,15316,15109,14969,74316,14421,14843,14750,15667,14635,89178,14469,16085,18300,19235,21089,117275,22717,23422,24318,24401,22417,114474,25569,22854,22400,21737,21914,116506,22857,23529,23679,23602,22839,115572,22564,22975,23319,23402,23312,113856,22991,22336,22974,23528,22027,108579,22392,22526,21823,21260,20578,88225,20972,19317,17627,16224,14085,52968,12461,8928,10265,10837,10477,47725,10270,9994,9848,9103,8510,34833,7879,7506,7005,6382,6061,25166,5867,5354,5036,4655,4254,14658,3865,3394,2953,2454,1992,5461,1735,1404,1009,742,571,1345,461,315,241,191,137,233
101年 6月底,總計,2663263,123996,27222,25077,23794,23558,24345,112008,22538,21254,22013,21936,24267,147209,25255,30346,30893,29099,31616,159569,32276,32795,32080,31463,30955,153420,30011,30771,30977,31512,30149,174705,29449,31493,35770,37372,40621,220809,43059,44299,45500,45659,42292,212850,47304,42874,41532,40492,40648,214607,42056,43186,43644,43534,42187,216155,41854,42711,44189,43720,43681,214115,43148,42554,42774,43856,41783,205172,41726,42376,41710,40170,39190,166400,39326,37100,32778,30599,26597,98247,23649,16847,18697,19926,19128,85070,18518,18150,17445,16117,14840,62349,13761,13197,12451,11609,11331,51192,11422,10909,10415,9645,8801,30680,7992,7257,6063,5127,4241,11410,3708,2901,2101,1523,1177,2726,915,626,501,399,285,574
101年 6月底,男,1281370,64060,14078,12942,12287,12267,12486,58680,11644,11262,11592,11500,12682,76852,13104,15778,16272,15201,16497,82762,16702,17032,16739,16317,15972,79135,15587,16068,16055,16131,15294,85830,14843,15636,17554,18170,19627,103146,20348,20775,21255,21110,19658,98184,21888,19714,19060,18798,18724,98153,19211,19706,20015,19911,19310,100676,19356,19697,20820,20343,20460,100169,20051,20179,19881,20440,19618,96446,19404,19861,19771,18918,18492,77828,18524,17394,15046,14339,12525,45134,11035,7847,8450,9104,8698,37259,8255,8157,7507,7035,6305,27421,5872,5661,5394,5261,5233,26012,5577,5580,5376,4992,4487,15992,4173,3788,3109,2671,2251,5895,1945,1484,1079,802,585,1400,464,321,257,205,153,336
101年 6月底,女,1381893,59936,13144,12135,11507,11291,11859,53328,10894,9992,10421,10436,11585,70357,12151,14568,14621,13898,15119,76807,15574,15763,15341,15146,14983,74285,14424,14703,14922,15381,14855,88875,14606,15857,18216,19202,20994,117663,22711,23524,24245,24549,22634,114666,25416,23160,22472,21694,21924,116454,22845,23480,23629,23623,22877,115479,22498,23014,23369,23377,23221,113946,23097,22375,22893,23416,22165,108726,22322,22515,21939,21252,20698,88572,20802,19706,17732,16260,14072,53113,12614,9000,10247,10822,10430,47811,10263,9993,9938,9082,8535,34928,7889,7536,7057,6348,6098,25180,5845,5329,5039,4653,4314,14688,3819,3469,2954,2456,1990,5515,1763,1417,1022,721,592,1326,451,305,244,194,132,238
101年 7月底,總計,2664487,124620,27127,25738,23690,23748,24317,111896,22632,21193,21957,21951,24163,146474,25177,29853,30909,29410,31125,159525,32446,32607,32132,31384,30956,153456,30057,30536,31380,31145,30338,174100,29607,31204,35627,37164,40498,221591,43038,44397,45403,45916,42837,213278,46889,43644,41326,40685,40734,214397,41839,43076,43678,43514,42290,216059,41881,42684,44035,43531,43928,213940,43020,42470,42778,43533,42139,205281,41418,42480,41921,39868,39594,166902,39130,37799,32717,30742,26514,98673,23978,17095,18609,19958,19033,85307,18713,18125,17466,16115,14888,62444,13832,13170,12436,11610,11396,51088,11332,10827,10469,9682,8778,30693,7962,7257,6164,5115,4195,11471,3745,2906,2099,1547,1174,2703,915,613,502,402,271,589
101年 7月底,男,1281745,64421,14034,13259,12244,12381,12503,58586,11676,11163,11609,11484,12654,76514,13096,15466,16318,15344,16290,82647,16767,16905,16738,16318,15919,79200,15601,15953,16261,16027,15358,85522,14929,15491,17494,18038,19570,103566,20385,20802,21175,21321,19883,98433,21759,20016,18951,18944,18763,98056,19107,19648,20048,19924,19329,100604,19353,19716,20665,20272,20598,100032,19958,20071,20018,20209,19776,96471,19201,19931,19905,18726,18708,77986,18405,17710,15051,14388,12432,45387,11229,8002,8411,9144,8601,37367,8395,8113,7506,7038,6315,27409,5922,5652,5371,5239,5225,25923,5503,5548,5402,4968,4502,15957,4154,3772,3164,2637,2230,5929,1960,1483,1081,834,571,1388,461,318,252,210,147,347
101年 7月底,女,1382742,60199,13093,12479,11446,11367,11814,53310,10956,10030,10348,10467,11509,69960,12081,14387,14591,14066,14835,76878,15679,15702,15394,15066,15037,74256,14456,14583,15119,15118,14980,88578,14678,15713,18133,19126,20928,118025,22653,23595,24228,24595,22954,114845,25130,23628,22375,21741,21971,116341,22732,23428,23630,23590,22961,115455,22528,22968,23370,23259,23330,113908,23062,22399,22760,23324,22363,108810,22217,22549,22016,21142,20886,88916,20725,20089,17666,16354,14082,53286,12749,9093,10198,10814,10432,47940,10318,10012,9960,9077,8573,35035,7910,7518,7065,6371,6171,25165,5829,5279,5067,4714,4276,14736,3808,3485,3000,2478,1965,5542,1785,1423,1018,713,603,1315,454,295,250,192,124,242
101年 8月底,總計,2665602,125514,27461,26276,23611,24056,24110,111884,22908,21118,21903,21973,23982,145678,25018,29405,30977,29602,30676,159208,32326,32428,32250,31245,30959,153392,30007,30352,31623,30886,30524,173295,29755,30859,35395,37088,40198,222295,42916,44682,45192,46052,43453,213630,46129,44665,40942,41237,40657,214165,41565,43096,43555,43496,42453,215745,41805,42667,43799,43561,43913,213797,42898,42432,42885,43389,42193,205280,40720,43252,42140,39616,39552,167763,39242,38073,32713,31207,26528,99220,24402,17436,18393,19871,19118,85411,18790,18114,17466,16206,14835,62585,13981,13131,12551,11563,11359,51035,11350,10772,10460,9621,8832,30809,8010,7224,6246,5149,4180,11556,3755,2947,2153,1547,1154,2737,940,622,502,407,266,603
101年 8月底,男,1282160,64865,14173,13527,12179,12584,12402,58541,11840,11109,11518,11536,12538,76136,13052,15230,16297,15481,16076,82486,16722,16809,16740,16305,15910,79088,15566,15860,16317,15983,15362,85169,15067,15322,17346,18026,19408,103979,20353,20936,21074,21371,20245,98587,21399,20515,18695,19233,18745,98019,18974,19660,20030,19908,19447,100421,19248,19706,20578,20372,20517,100005,19942,20035,20074,20157,19797,96385,18878,20294,19874,18709,18630,78371,18444,17830,15084,14593,12420,45628,11393,8221,8325,9064,8625,37483,8480,8128,7475,7106,6294,27446,6000,5622,5379,5219,5226,25802,5432,5511,5400,4939,4520,16013,4176,3759,3240,2615,2223,5987,1970,1509,1111,819,578,1390,456,321,262,213,138,359
101年 8月底,女,1383442,60649,13288,12749,11432,11472,11708,53343,11068,10009,10385,10437,11444,69542,11966,14175,14680,14121,14600,76722,15604,15619,15510,14940,15049,74304,14441,14492,15306,14903,15162,88126,14688,15537,18049,19062,20790,118316,22563,23746,24118,24681,23208,115043,24730,24150,22247,22004,21912,116146,22591,23436,23525,23588,23006,115324,22557,22961,23221,23189,23396,113792,22956,22397,22811,23232,22396,108895,21842,22958,22266,20907,20922,89392,20798,20243,17629,16614,14108,53592,13009,9215,10068,10807,10493,47928,10310,9986,9991,9100,8541,35139,7981,7509,7172,6344,6133,25233,5918,5261,5060,4682,4312,14796,3834,3465,3006,2534,1957,5569,1785,1438,1042,728,576,1347,484,301,240,194,128,244
101年 9月底,總計,2665832,126299,27750,26825,23535,24175,24014,111805,22993,21311,21738,22049,23714,144382,25080,28673,31057,29748,29824,159260,32540,32468,32048,31278,30926,153111,29935,30145,31633,30567,30831,172187,29779,30664,34839,36835,40070,223142,42815,44952,45005,46207,44163,213797,45285,45645,40795,41433,40639,214174,41414,42936,43574,43540,42710,214940,41467,42500,43548,43635,43790,213588,42879,42321,42891,43223,42274,205134,40239,43629,42203,39552,39511,168836,39420,38115,32882,31759,26660,99693,24621,18166,17883,19831,19192,85679,18808,18149,17513,16344,14865,62691,14074,12980,12724,11568,11345,51100,11361,10619,10568,9650,8902,30943,8053,7144,6373,5178,4195,11694,3800,2952,2206,1569,1167,2753,935,647,492,417,262,624
101年 9月底,男,1282207,65272,14321,13752,12220,12575,12404,58473,11853,11227,11393,11641,12359,75496,13105,14862,16308,15577,15644,82509,16833,16808,16625,16332,15911,78954,15464,15811,16390,15737,15552,84595,15100,15194,17087,17889,19325,104421,20326,21064,21040,21414,20577,98817,21043,20952,18670,19279,18873,97990,18897,19574,20021,19897,19601,99966,19064,19660,20400,20398,20444,99943,19957,20018,20051,20101,19816,96320,18680,20457,19871,18732,18580,78911,18454,17906,15204,14818,12529,45828,11449,8522,8159,9019,8679,37598,8496,8106,7528,7202,6266,27456,6077,5523,5453,5203,5200,25788,5409,5422,5431,4970,4556,16047,4174,3741,3284,2616,2232,6064,1976,1514,1153,830,591,1387,440,348,252,212,135,372
101年 9月底,女,1383625,61027,13429,13073,11315,11600,11610,53332,11140,10084,10345,10408,11355,68886,11975,13811,14749,14171,14180,76751,15707,15660,15423,14946,15015,74157,14471,14334,15243,14830,15279,87592,14679,15470,17752,18946,20745,118721,22489,23888,23965,24793,23586,114980,24242,24693,22125,22154,21766,116184,22517,23362,23553,23643,23109,114974,22403,22840,23148,23237,23346,113645,22922,22303,22840,23122,22458,108814,21559,23172,22332,20820,20931,89925,20966,20209,17678,16941,14131,53865,13172,9644,9724,10812,10513,48081,10312,10043,9985,9142,8599,35235,7997,7457,7271,6365,6145,25312,5952,5197,5137,4680,4346,14896,3879,3403,3089,2562,1963,5630,1824,1438,1053,739,576,1366,495,299,240,205,127,252
101年 10月底,總計,2668231,127380,28342,27446,23300,24370,23922,111796,23127,21532,21492,22200,23445,143394,25185,27974,31347,29851,29037,159351,32849,32186,32184,31215,30917,153165,30005,30043,31632,30148,31337,171289,29698,30433,34307,37069,39782,223967,42610,45241,44719,46422,44975,214209,44137,46905,40657,41869,40641,213918,41092,42902,43707,43262,42955,214670,41227,42527,43595,43278,44043,213439,42934,42014,43063,43257,42171,205195,40803,42942,42474,39638,39338,170062,39480,38611,33128,31972,26871,100286,24759,19113,17231,19820,19363,85886,18786,18135,17657,16373,14935,62754,14093,13098,12766,11537,11260,51106,11338,10684,10586,9605,8893,31159,8099,7208,6403,5202,4247,11793,3774,3015,2210,1588,1206,2771,942,664,482,414,269,641
101年 10月底,男,1283262,65852,14642,14066,12161,12602,12381,58419,11894,11282,11305,11715,12223,74927,13135,14543,16447,15610,15192,82587,17040,16658,16724,16297,15868,79017,15504,15772,16392,15540,15809,84135,15105,15030,16773,18056,19171,104872,20266,21254,20869,21553,20930,99102,20475,21659,18570,19413,18985,97874,18754,19564,20013,19839,19704,99828,18966,19723,20365,20270,20504,99857,20004,19834,20197,20144,19678,96292,18951,20098,19981,18822,18440,79504,18551,18077,15351,14891,12634,46135,11516,8955,7927,8968,8769,37670,8503,8046,7651,7173,6297,27444,6097,5573,5429,5159,5186,25707,5359,5388,5430,4983,4547,16126,4192,3765,3317,2608,2244,6138,1982,1545,1156,850,605,1397,447,354,251,201,144,379
101年 10月底,女,1384969,61528,13700,13380,11139,11768,11541,53377,11233,10250,10187,10485,11222,68467,12050,13431,14900,14241,13845,76764,15809,15528,15460,14918,15049,74148,14501,14271,15240,14608,15528,87154,14593,15403,17534,19013,20611,119095,22344,23987,23850,24869,24045,115107,23662,25246,22087,22456,21656,116044,22338,23338,23694,23423,23251,114842,22261,22804,23230,23008,23539,113582,22930,22180,22866,23113,22493,108903,21852,22844,22493,20816,20898,90558,20929,20534,17777,17081,14237,54151,13243,10158,9304,10852,10594,48216,10283,10089,10006,9200,8638,35310,7996,7525,7337,6378,6074,25399,5979,5296,5156,4622,4346,15033,3907,3443,3086,2594,2003,5655,1792,1470,1054,738,601,1374,495,310,231,213,125,262
101年 11月底,總計,2671006,128165,28800,28024,23331,24387,23623,111976,23491,21741,21410,22171,23163,142639,25276,27187,31617,30179,28380,159442,32766,31952,32593,31273,30858,153424,29917,30016,31725,29770,31996,170389,29675,29950,34023,36982,39759,224484,42482,45218,44970,46514,45300,214740,43342,48001,41089,41579,40729,213828,41188,42601,43656,43469,42914,214478,41142,42573,43247,43576,43940,213336,42811,42006,43045,43187,42287,205372,40986,42765,42259,40021,39341,171173,39319,38954,33495,32024,27381,100631,24896,19725,17029,19665,19316,86205,18808,18152,17790,16520,14935,62841,14139,13141,12768,11651,11142,51249,11411,10709,10531,9698,8900,31297,8074,7287,6450,5214,4272,11912,3770,3046,2258,1611,1227,2788,954,667,473,420,274,637
101年 11月底,男,1284419,66296,14903,14364,12176,12583,12270,58467,12077,11376,11275,11697,12042,74584,13224,14136,16556,15768,14900,82595,16962,16552,16921,16313,15847,79203,15473,15711,16486,15317,16216,83669,15089,14738,16634,18046,19162,105103,20182,21208,21035,21583,21095,99399,20101,22210,18739,19268,19081,97847,18831,19483,19967,19970,19596,99658,18917,19790,20136,20417,20398,99834,19981,19792,20233,20087,19741,96325,19030,19987,19892,18954,18462,80075,18494,18233,15533,14892,12923,46283,11545,9255,7783,8936,8764,37855,8545,7968,7776,7237,6329,27378,6062,5619,5399,5198,5100,25694,5380,5379,5413,5000,4522,16185,4205,3783,3345,2618,2234,6191,1994,1542,1183,861,611,1403,452,361,243,201,146,375
101年 11月底,女,1386587,61869,13897,13660,11155,11804,11353,53509,11414,10365,10135,10474,11121,68055,12052,13051,15061,14411,13480,76847,15804,15400,15672,14960,15011,74221,14444,14305,15239,14453,15780,86720,14586,15212,17389,18936,20597,119381,22300,24010,23935,24931,24205,115341,23241,25791,22350,22311,21648,115981,22357,23118,23689,23499,23318,114820,22225,22783,23111,23159,23542,113502,22830,22214,22812,23100,22546,109047,21956,22778,22367,21067,20879,91098,20825,20721,17962,17132,14458,54348,13351,10470,9246,10729,10552,48350,10263,10184,10014,9283,8606,35463,8077,7522,7369,6453,6042,25555,6031,5330,5118,4698,4378,15112,3869,3504,3105,2596,2038,5721,1776,1504,1075,750,616,1385,502,306,230,219,128,262
101年 12月底,總計,2673226,129216,29509,28594,23097,24571,23445,112042,23666,21810,21444,22090,23032,141876,25231,26506,32010,30162,27967,159549,32820,31708,32761,31407,30853,153866,30200,29735,31827,29457,32647,169484,29616,29482,33752,37067,39567,225103,42470,45085,45139,46771,45638,215151,42465,49145,41190,41494,40857,213442,41056,42384,43589,43571,42842,214223,40990,42771,42782,43769,43911,213249,42821,42100,42854,42941,42533,205215,40940,42637,42167,40030,39441,172154,39092,39135,34028,32102,27797,101280,25380,19916,17148,19381,19455,86318,18720,18177,17855,16592,14974,62924,14206,13119,12774,11667,11158,51236,11294,10784,10536,9708,8914,31455,8015,7374,6569,5136,4361,12017,3777,3095,2274,1639,1232,2784,959,663,483,403,276,642
101年 12月底,男,1285361,66875,15303,14633,12033,12681,12225,58465,12149,11380,11296,11656,11984,74129,13174,13760,16765,15786,14644,82662,17009,16375,17057,16330,15891,79488,15654,15540,16571,15169,16554,83147,15015,14532,16494,18107,18999,105397,20198,21210,21125,21627,21237,99697,19701,22862,18813,19190,19131,97707,18784,19388,19975,19961,19599,99510,18867,19849,19925,20470,20399,99819,20030,19797,20151,19910,19931,96197,18943,19929,19891,18946,18488,80486,18435,18333,15750,14888,13080,46646,11774,9380,7850,8820,8822,37894,8488,7968,7870,7220,6348,27325,6104,5589,5402,5184,5046,25645,5323,5373,5408,4990,4551,16239,4173,3810,3411,2592,2253,6252,2015,1571,1188,869,609,1407,467,358,245,192,145,374
101年 12月底,女,1387865,62341,14206,13961,11064,11890,11220,53577,11517,10430,10148,10434,11048,67747,12057,12746,15245,14376,13323,76887,15811,15333,15704,15077,14962,74378,14546,14195,15256,14288,16093,86337,14601,14950,17258,18960,20568,119706,22272,23875,24014,25144,24401,115454,22764,26283,22377,22304,21726,115735,22272,22996,23614,23610,23243,114713,22123,22922,22857,23299,23512,113430,22791,22303,22703,23031,22602,109018,21997,22708,22276,21084,20953,91668,20657,20802,18278,17214,14717,54634,13606,10536,9298,10561,10633,48424,10232,10209,9985,9372,8626,35599,8102,7530,7372,6483,6112,25591,5971,5411,5128,4718,4363,15216,3842,3564,3158,2544,2108,5765,1762,1524,1086,770,623,1377,492,305,238,211,131,268
102年 1月底,總計,2675033,130311,30214,28889,23316,24520,23372,111836,23755,21832,21400,22122,22727,141352,25216,26151,31978,30241,27766,159548,32505,31736,32997,31313,30997,154078,30188,29671,31844,29269,33106,168646,29580,29088,33569,37104,39305,225592,42362,45065,45306,46836,46023,215519,42018,49816,41321,41379,40985,213154,40799,42216,43643,43461,43035,213685,41169,42362,42642,43710,43802,213314,42901,42057,42789,42579,42988,204817,40859,42384,42076,40403,39095,173428,39207,39300,34160,32589,28172,101628,25790,20445,16787,19220,19386,86631,18782,18255,17845,16589,15160,63194,14297,13213,12785,11749,11150,51150,11154,10776,10597,9775,8848,31595,8091,7320,6626,5168,4390,12094,3741,3146,2294,1692,1221,2808,983,684,470,394,277,653
102年 1月底,男,1286134,67377,15607,14817,12144,12658,12151,58437,12250,11365,11288,11655,11879,73784,13153,13520,16766,15801,14544,82678,16891,16442,17131,16287,15927,79618,15648,15494,16606,15122,16748,82722,15050,14311,16458,18100,18803,105757,20225,21157,21223,21698,21454,99802,19415,23195,18916,19120,19156,97635,18686,19361,20026,19844,19718,99262,18929,19678,19892,20391,20372,99841,20106,19702,20140,19759,20134,95950,18890,19748,19838,19108,18366,81027,18536,18374,15849,15007,13261,46825,11976,9647,7692,8763,8747,38136,8569,8019,7872,7203,6473,27378,6111,5655,5381,5221,5010,25528,5232,5342,5439,5011,4504,16282,4202,3783,3437,2608,2252,6289,2007,1600,1185,882,615,1431,488,360,237,196,150,375
102年 1月底,女,1388899,62934,14607,14072,11172,11862,11221,53399,11505,10467,10112,10467,10848,67568,12063,12631,15212,14440,13222,76870,15614,15294,15866,15026,15070,74460,14540,14177,15238,14147,16358,85924,14530,14777,17111,19004,20502,119835,22137,23908,24083,25138,24569,115717,22603,26621,22405,22259,21829,115519,22113,22855,23617,23617,23317,114423,22240,22684,22750,23319,23430,113473,22795,22355,22649,22820,22854,108867,21969,22636,22238,21295,20729,92401,20671,20926,18311,17582,14911,54803,13814,10798,9095,10457,10639,48495,10213,10236,9973,9386,8687,35816,8186,7558,7404,6528,6140,25622,5922,5434,5158,4764,4344,15313,3889,3537,3189,2560,2138,5805,1734,1546,1109,810,606,1377,495,324,233,198,127,278
102年 2月底,總計,2676128,130953,30286,29246,23535,24463,23423,111654,23802,21923,21287,22074,22568,140918,25251,25740,31792,30406,27729,159251,32276,31942,32621,31442,30970,154128,30271,29603,31640,29583,33031,167823,29471,29064,33308,36937,39043,225809,42192,45152,45270,47053,46142,215726,41948,49848,41604,41355,40971,212938,40794,42124,43457,43560,43003,213367,41561,41854,42534,43886,43532,213650,42978,42376,42230,42870,43196,204698,40270,42919,41476,40460,39573,174213,39088,39207,34966,32150,28802,102232,25922,21359,16554,19033,19364,86924,18863,18128,17894,16772,15267,63276,14338,13230,12799,11758,11151,51091,11171,10775,10525,9782,8838,31809,8159,7333,6647,5266,4404,12216,3736,3157,2333,1732,1258,2790,964,694,475,383,274,662
102年 2月底,男,1286627,67746,15679,15013,12243,12664,12147,58330,12261,11427,11222,11617,11803,73565,13181,13302,16649,15893,14540,82569,16801,16524,16911,16363,15970,79631,15618,15466,16501,15300,16746,82409,14949,14362,16367,17939,18792,105841,20074,21272,21123,21863,21509,99939,19414,23170,19086,19130,19139,97581,18674,19275,20001,19883,19748,99112,19047,19495,19848,20435,20287,99899,20176,19784,19891,19864,20184,95937,18786,19881,19490,19212,18568,81371,18461,18388,16211,14787,13524,47074,12069,10021,7635,8667,8682,38331,8641,7989,7885,7295,6521,27382,6150,5605,5408,5200,5019,25396,5227,5246,5427,5020,4476,16367,4229,3783,3450,2655,2250,6353,2012,1615,1190,894,642,1416,484,358,240,196,138,378
102年 2月底,女,1389501,63207,14607,14233,11292,11799,11276,53324,11541,10496,10065,10457,10765,67353,12070,12438,15143,14513,13189,76682,15475,15418,15710,15079,15000,74497,14653,14137,15139,14283,16285,85414,14522,14702,16941,18998,20251,119968,22118,23880,24147,25190,24633,115787,22534,26678,22518,22225,21832,115357,22120,22849,23456,23677,23255,114255,22514,22359,22686,23451,23245,113751,22802,22592,22339,23006,23012,108761,21484,23038,21986,21248,21005,92842,20627,20819,18755,17363,15278,55158,13853,11338,8919,10366,10682,48593,10222,10139,10009,9477,8746,35894,8188,7625,7391,6558,6132,25695,5944,5529,5098,4762,4362,15442,3930,3550,3197,2611,2154,5863,1724,1542,1143,838,616,1374,480,336,235,187,136,284
102年 3月底,總計,2677771,131599,30189,29567,24046,24369,23428,111403,23746,21834,21331,21975,22517,140523,25044,25635,31471,30329,28044,158913,31974,31821,32609,31532,30977,153905,30274,29602,31295,30141,32593,167362,29625,29122,33079,36727,38809,226153,42374,45141,45160,47165,46313,216264,42433,49320,42114,41387,41010,212661,40716,42053,43378,43438,43076,213102,41739,41722,42371,43691,43579,213980,43159,42350,41976,42809,43686,204338,40307,42202,41711,40689,39429,175435,39182,39181,34874,32824,29374,102892,26276,22006,16346,18812,19452,87119,18892,18104,17817,16931,15375,63532,14402,13266,12757,11876,11231,50999,10969,10876,10443,9759,8952,31880,8087,7394,6614,5284,4501,12250,3737,3128,2376,1749,1260,2799,955,697,484,377,286,662
102年 3月底,男,1287311,68130,15630,15191,12480,12634,12195,58177,12217,11357,11210,11621,11772,73339,13110,13247,16418,15887,14677,82458,16687,16471,16870,16463,15967,79467,15621,15429,16307,15619,16491,82237,15044,14435,16243,17810,18705,105952,20185,21230,21068,21953,21516,100277,19700,22979,19346,19113,19139,97493,18695,19259,19931,19832,19776,99044,19196,19420,19679,20427,20322,99933,20205,19672,19849,19836,20371,95824,18911,19495,19591,19298,18529,81882,18472,18356,16251,15072,13731,47440,12278,10306,7583,8539,8734,38437,8594,8018,7873,7376,6576,27402,6168,5597,5423,5204,5010,25321,5114,5276,5377,4971,4583,16343,4150,3794,3445,2657,2297,6359,2006,1592,1223,895,643,1420,476,363,241,193,147,376
102年 3月底,女,1390460,63469,14559,14376,11566,11735,11233,53226,11529,10477,10121,10354,10745,67184,11934,12388,15053,14442,13367,76455,15287,15350,15739,15069,15010,74438,14653,14173,14988,14522,16102,85125,14581,14687,16836,18917,20104,120201,22189,23911,24092,25212,24797,115987,22733,26341,22768,22274,21871,115168,22021,22794,23447,23606,23300,114058,22543,22302,22692,23264,23257,114047,22954,22678,22127,22973,23315,108514,21396,22707,22120,21391,20900,93553,20710,20825,18623,17752,15643,55452,13998,11700,8763,10273,10718,48682,10298,10086,9944,9555,8799,36130,8234,7669,7334,6672,6221,25678,5855,5600,5066,4788,4369,15537,3937,3600,3169,2627,2204,5891,1731,1536,1153,854,617,1379,479,334,243,184,139,286
102年 4月底,總計,2679051,132205,29960,29889,24548,24347,23461,111080,23733,21794,21209,21985,22359,140501,24928,25546,31303,30291,28433,158371,31550,31746,32602,31467,31006,153757,30309,29760,31075,30447,32166,167116,29743,29286,32743,36713,38631,226363,42275,44998,45528,47010,46552,216602,42718,48988,42383,41606,40907,212740,40811,41956,43323,43293,43357,212628,41662,41626,42305,43577,43458,213975,43329,42306,42070,42564,43706,204711,40656,41739,41831,40964,39521,175998,38858,39143,34889,32229,30879,103506,26077,22926,16269,18722,19512,87356,18866,18132,17816,16922,15620,63596,14384,13273,12759,11949,11231,50864,10865,10908,10426,9696,8969,31942,8059,7489,6449,5418,4527,12267,3724,3112,2417,1749,1265,2812,955,704,488,379,286,661
102年 4月底,男,1287663,68380,15469,15399,12680,12646,12186,58049,12255,11314,11162,11582,11736,73318,13009,13230,16306,15921,14852,82211,16485,16412,16880,16419,16015,79325,15598,15453,16239,15802,16233,82168,15132,14543,16061,17784,18648,106019,20131,21136,21269,21876,21607,100422,19900,22727,19590,19155,19050,97617,18741,19279,19798,19894,19905,98766,19139,19294,19663,20376,20294,99929,20224,19676,19908,19692,20429,95949,19054,19253,19643,19406,18593,82124,18265,18386,16278,14804,14391,47731,12221,10713,7506,8503,8788,38538,8571,8046,7913,7307,6701,27406,6143,5604,5430,5186,5043,25192,5033,5268,5341,4976,4574,16350,4127,3850,3322,2736,2315,6370,1976,1613,1230,901,650,1424,473,363,241,192,155,375
102年 4月底,女,1391388,63825,14491,14490,11868,11701,11275,53031,11478,10480,10047,10403,10623,67183,11919,12316,14997,14370,13581,76160,15065,15334,15722,15048,14991,74432,14711,14307,14836,14645,15933,84948,14611,14743,16682,18929,19983,120344,22144,23862,24259,25134,24945,116180,22818,26261,22793,22451,21857,115123,22070,22677,23525,23399,23452,113862,22523,22332,22642,23201,23164,114046,23105,22630,22162,22872,23277,108762,21602,22486,22188,21558,20928,93874,20593,20757,18611,17425,16488,55775,13856,12213,8763,10219,10724,48818,10295,10086,9903,9615,8919,36190,8241,7669,7329,6763,6188,25672,5832,5640,5085,4720,4395,15592,3932,3639,3127,2682,2212,5897,1748,1499,1187,848,615,1388,482,341,247,187,131,286
102年 5月底,總計,2680296,132956,29993,30084,25192,24187,23500,110773,23571,21707,21119,22078,22298,140110,24652,25463,31100,30173,28722,157846,31250,31666,32491,31492,30947,153674,30423,29728,30905,30677,31941,167033,29890,29411,32449,36685,38598,226820,42274,44839,45860,47065,46782,217138,43025,48551,42969,41715,40878,212569,40676,41963,43160,43519,43251,212243,41727,41504,42222,43480,43310,213749,43313,42483,41988,42383,43582,205128,41063,41411,41900,41069,39685,176322,38532,39088,35864,32396,30442,104246,26513,23149,16434,18517,19633,87384,18902,18159,17732,16932,15659,63663,14479,13316,12696,11958,11214,50853,10885,10888,10364,9761,8955,31965,8085,7372,6521,5439,4548,12341,3690,3169,2462,1748,1272,2826,942,723,487,379,295,657
102年 5月底,男,1288081,68747,15438,15507,13028,12508,12266,57828,12137,11235,11143,11645,11668,73146,12908,13153,16210,15888,14987,81940,16280,16395,16868,16409,15988,79284,15631,15432,16121,15926,16174,82074,15130,14697,15899,17761,18587,106225,20162,21081,21435,21885,21662,100792,20129,22501,19903,19215,19044,97566,18705,19211,19737,20007,19906,98531,19194,19197,19524,20445,20171,99845,20233,19756,19907,19607,20342,96089,19211,19158,19557,19499,18664,82296,18204,18315,16683,14881,14213,48119,12438,10808,7593,8372,8908,38564,8581,8022,7916,7285,6760,27351,6151,5623,5399,5167,5011,25120,5048,5235,5299,4979,4559,16345,4124,3782,3372,2743,2324,6412,1962,1649,1252,897,652,1432,469,371,240,194,158,375
102年 5月底,女,1392215,64209,14555,14577,12164,11679,11234,52945,11434,10472,9976,10433,10630,66964,11744,12310,14890,14285,13735,75906,14970,15271,15623,15083,14959,74390,14792,14296,14784,14751,15767,84959,14760,14714,16550,18924,20011,120595,22112,23758,24425,25180,25120,116346,22896,26050,23066,22500,21834,115003,21971,22752,23423,23512,23345,113712,22533,22307,22698,23035,23139,113904,23080,22727,22081,22776,23240,109039,21852,22253,22343,21570,21021,94026,20328,20773,19181,17515,16229,56127,14075,12341,8841,10145,10725,48820,10321,10137,9816,9647,8899,36312,8328,7693,7297,6791,6203,25733,5837,5653,5065,4782,4396,15620,3961,3590,3149,2696,2224,5929,1728,1520,1210,851,620,1394,473,352,247,185,137,282
102年 6月底,總計,2681554,133342,29549,30399,25702,24101,23591,110622,23702,21580,21141,22102,22097,139683,24493,25483,30735,30139,28833,157677,31093,31702,32349,31535,30998,153321,30517,29709,30644,30910,31541,166862,30207,29676,32006,36565,38408,226925,42107,44752,46022,47035,47009,217698,43333,48284,43489,41892,40700,212505,40779,41960,43040,43457,43269,212247,41781,41442,42250,43608,43166,213435,43200,42574,42028,42363,43270,205422,41356,41250,41912,41225,39679,177229,38673,38881,36681,32463,30531,104628,26527,23384,16663,18396,19658,87502,18797,18160,17783,17037,15725,63701,14449,13346,12755,11996,11155,50796,10885,10888,10270,9771,8982,32048,8116,7325,6587,5470,4550,12389,3685,3205,2487,1757,1255,2862,956,716,499,385,306,660
102年 6月底,男,1288596,68885,15154,15686,13260,12466,12319,57757,12198,11159,11186,11642,11572,72915,12800,13238,15961,15883,15033,81823,16189,16389,16804,16433,16008,79169,15690,15421,15989,16014,16055,81991,15254,14854,15705,17727,18451,106318,20121,21039,21506,21906,21746,101044,20243,22424,20118,19308,18951,97564,18827,19205,19660,20003,19869,98548,19236,19197,19515,20535,20065,99683,20235,19737,19916,19659,20136,96269,19380,19099,19581,19533,18676,82696,18218,18238,17117,14852,14271,48317,12443,10893,7759,8276,8946,38648,8515,8042,7966,7292,6833,27318,6101,5653,5422,5165,4977,25063,5009,5252,5216,4987,4599,16340,4090,3787,3369,2776,2318,6429,1953,1667,1257,899,653,1443,464,366,255,193,165,376
102年 6月底,女,1392958,64457,14395,14713,12442,11635,11272,52865,11504,10421,9955,10460,10525,66768,11693,12245,14774,14256,13800,75854,14904,15313,15545,15102,14990,74152,14827,14288,14655,14896,15486,84871,14953,14822,16301,18838,19957,120607,21986,23713,24516,25129,25263,116654,23090,25860,23371,22584,21749,114941,21952,22755,23380,23454,23400,113699,22545,22245,22735,23073,23101,113752,22965,22837,22112,22704,23134,109153,21976,22151,22331,21692,21003,94533,20455,20643,19564,17611,16260,56311,14084,12491,8904,10120,10712,48854,10282,10118,9817,9745,8892,36383,8348,7693,7333,6831,6178,25733,5876,5636,5054,4784,4383,15708,4026,3538,3218,2694,2232,5960,1732,1538,1230,858,602,1419,492,350,244,192,141,284
102年 7月底,總計,2682372,133850,29104,30718,26311,23972,23745,110591,23729,21467,21240,22023,22132,139338,24368,25397,30222,30234,29117,157102,30569,31858,32196,31596,30883,153099,30521,29764,30379,31277,31158,166530,30410,29856,31752,36358,38154,227010,41971,44714,46118,46939,47268,218499,43903,47791,44219,41701,40885,212186,40829,41759,42906,43454,43238,212063,41892,41453,42243,43478,42997,213191,43396,42453,41937,42370,43035,205436,41693,40927,42017,41431,39368,178172,39032,38703,37348,32431,30658,105052,26437,23718,16901,18311,19685,87634,18710,18369,17733,17084,15738,63796,14487,13400,12741,11999,11169,50766,10955,10788,10201,9821,9001,32105,8116,7294,6628,5525,4542,12424,3643,3241,2520,1741,1279,2863,968,709,485,393,308,665
102年 7月底,男,1288816,69131,14944,15842,13553,12397,12395,57718,12226,11091,11172,11659,11570,72759,12764,13224,15641,15946,15184,81534,15966,16442,16700,16436,15990,79071,15654,15439,15848,16210,15920,81786,15321,14943,15577,17633,18312,106406,20043,21052,21535,21832,21944,101448,20467,22268,20401,19196,19116,97425,18832,19098,19621,20002,19872,98413,19259,19204,19544,20402,20004,99576,20340,19674,19802,19800,19960,96212,19533,18911,19645,19649,18474,83138,18425,18139,17410,14862,14302,48593,12354,11096,7900,8249,8994,38681,8427,8200,7902,7307,6845,27329,6103,5691,5420,5136,4979,24972,5000,5186,5201,5003,4582,16347,4111,3767,3385,2800,2284,6458,1931,1677,1275,894,681,1440,460,367,249,197,167,379
102年 7月底,女,1393556,64719,14160,14876,12758,11575,11350,52873,11503,10376,10068,10364,10562,66579,11604,12173,14581,14288,13933,75568,14603,15416,15496,15160,14893,74028,14867,14325,14531,15067,15238,84744,15089,14913,16175,18725,19842,120604,21928,23662,24583,25107,25324,117051,23436,25523,23818,22505,21769,114761,21997,22661,23285,23452,23366,113650,22633,22249,22699,23076,22993,113615,23056,22779,22135,22570,23075,109224,22160,22016,22372,21782,20894,95034,20607,20564,19938,17569,16356,56459,14083,12622,9001,10062,10691,48953,10283,10169,9831,9777,8893,36467,8384,7709,7321,6863,6190,25794,5955,5602,5000,4818,4419,15758,4005,3527,3243,2725,2258,5966,1712,1564,1245,847,598,1423,508,342,236,196,141,286
102年 8月底,總計,2682017,134231,28363,31188,26873,23835,23972,110497,23668,21516,21233,21924,22156,138843,24177,25286,29717,30336,29327,156295,30083,31789,32006,31626,30791,152862,30527,29695,30247,31485,30908,166058,30622,29965,31361,36100,38010,226578,41548,44587,46378,46690,47375,219306,44469,46974,45202,41232,41429,211561,40710,41447,42863,43293,43248,211844,42032,41338,42237,43191,43046,212969,43384,42344,41881,42467,42893,205497,41764,40180,42762,41637,39154,179038,39028,38846,37584,32478,31102,105557,26475,24155,17215,18126,19586,87846,18779,18472,17720,17062,15813,63958,14450,13564,12694,12113,11137,50687,10909,10811,10193,9807,8967,32329,8174,7341,6596,5631,4587,12517,3628,3255,2551,1791,1292,2877,932,743,489,400,313,667
102年 8月底,男,1288485,69266,14577,16022,13829,12292,12546,57688,12202,11158,11157,11558,11613,72503,12652,13196,15385,15938,15332,81156,15708,16426,16599,16399,16024,78998,15650,15387,15823,16244,15894,81523,15322,15056,15400,17471,18274,106233,19851,21011,21672,21710,21989,101827,20789,21867,20878,18908,19385,97161,18800,18954,19603,19957,19847,98337,19358,19067,19553,20261,20098,99473,20279,19665,19749,19874,19906,96199,19546,18558,20004,19632,18459,83508,18364,18205,17523,14905,14511,48828,12363,11265,8108,8181,8911,38796,8429,8293,7906,7268,6900,27348,6090,5775,5388,5124,4971,24848,4989,5118,5180,4988,4573,16460,4118,3801,3369,2880,2292,6500,1919,1680,1300,924,677,1454,455,369,252,208,170,379
102年 8月底,女,1393532,64965,13786,15166,13044,11543,11426,52809,11466,10358,10076,10366,10543,66340,11525,12090,14332,14398,13995,75139,14375,15363,15407,15227,14767,73864,14877,14308,14424,15241,15014,84535,15300,14909,15961,18629,19736,120345,21697,23576,24706,24980,25386,117479,23680,25107,24324,22324,22044,114400,21910,22493,23260,23336,23401,113507,22674,22271,22684,22930,22948,113496,23105,22679,22132,22593,22987,109298,22218,21622,22758,22005,20695,95530,20664,20641,20061,17573,16591,56729,14112,12890,9107,9945,10675,49050,10350,10179,9814,9794,8913,36610,8360,7789,7306,6989,6166,25839,5920,5693,5013,4819,4394,15869,4056,3540,3227,2751,2295,6017,1709,1575,1251,867,615,1423,477,374,237,192,143,288
102年 9月底,總計,2681584,134599,27669,31651,27459,23743,24077,110628,23625,21705,21323,21769,22206,138061,23925,25307,28734,30645,29450,155666,29253,32071,32056,31459,30827,152307,30503,29628,30039,31506,30631,165406,30910,29982,31132,35589,37793,226549,41444,44502,46682,46444,47477,220118,45178,46046,46243,41065,41586,211216,40699,41214,42733,43257,43313,211446,42297,40978,42118,42961,43092,212579,43289,42347,41759,42464,42720,205493,41833,39754,43151,41670,39085,179879,38990,38967,37660,32631,31631,106118,26666,24352,17958,17635,19507,88119,18805,18489,17758,17091,15976,64107,14469,13643,12552,12287,11156,50643,10876,10815,10054,9896,9002,32469,8229,7347,6512,5762,4619,12609,3630,3308,2528,1842,1301,2901,942,741,511,390,317,671
102年 9月底,男,1288195,69434,14239,16278,14086,12312,12519,57802,12251,11202,11198,11446,11705,72091,12480,13231,14898,16048,15434,80843,15301,16570,16608,16300,16064,78743,15667,15293,15772,16332,15679,81265,15513,15084,15275,17234,18159,106165,19759,20971,21781,21662,21992,102183,21098,21441,21354,18887,19403,97110,18946,18831,19534,19940,19859,98151,19495,18891,19531,20121,20113,99288,20185,19694,19737,19827,19845,96189,19554,18384,20168,19601,18482,83850,18314,18195,17609,15018,14714,49076,12497,11311,8416,8012,8840,38988,8465,8313,7890,7313,7007,27367,6056,5847,5297,5202,4965,24735,4944,5077,5094,5029,4591,16526,4147,3789,3361,2924,2305,6548,1915,1693,1291,964,685,1457,460,359,273,201,164,384
102年 9月底,女,1393389,65165,13430,15373,13373,11431,11558,52826,11374,10503,10125,10323,10501,65970,11445,12076,13836,14597,14016,74823,13952,15501,15448,15159,14763,73564,14836,14335,14267,15174,14952,84141,15397,14898,15857,18355,19634,120384,21685,23531,24901,24782,25485,117935,24080,24605,24889,22178,22183,114106,21753,22383,23199,23317,23454,113295,22802,22087,22587,22840,22979,113291,23104,22653,22022,22637,22875,109304,22279,21370,22983,22069,20603,96029,20676,20772,20051,17613,16917,57042,14169,13041,9542,9623,10667,49131,10340,10176,9868,9778,8969,36740,8413,7796,7255,7085,6191,25908,5932,5738,4960,4867,4411,15943,4082,3558,3151,2838,2314,6061,1715,1615,1237,878,616,1444,482,382,238,189,153,287
102年 10月底,總計,2682839,135104,26824,32425,28078,23460,24317,110681,23496,21923,21389,21520,22353,137493,23609,25454,27880,31023,29527,154893,28464,32337,31725,31604,30763,151737,30460,29672,29885,31543,30177,165246,31363,29915,30849,35100,38019,226158,41104,44273,46936,46114,47731,221293,45993,44831,47553,40925,41991,210685,40664,40917,42702,43413,42989,211083,42568,40761,42053,43017,42684,212782,43516,42414,41489,42608,42755,205591,41683,40299,42495,41940,39174,180772,38839,39024,38147,32914,31848,106784,26883,24519,18888,16997,19497,88480,18997,18469,17763,17250,16001,64373,14552,13652,12686,12355,11128,50638,10807,10813,10160,9910,8948,32669,8223,7415,6616,5777,4638,12749,3683,3293,2595,1858,1320,2933,959,759,519,383,313,695
102年 10月底,男,1288549,69682,13754,16722,14392,12240,12574,57804,12205,11308,11160,11353,11778,71775,12328,13277,14486,16230,15454,80470,14834,16762,16426,16402,16046,78436,15608,15328,15711,16335,15454,81250,15749,15118,15100,16952,18331,105992,19595,20841,21948,21464,22144,102670,21473,20829,22072,18783,19513,96977,19040,18725,19499,19941,19772,97985,19602,18792,19553,20084,19954,99345,20214,19740,19568,19946,19877,96133,19408,18659,19816,19688,18562,84245,18206,18265,17796,15175,14803,49437,12610,11370,8849,7804,8804,39120,8558,8327,7842,7430,6963,27450,6096,5862,5367,5187,4938,24692,4931,5056,5087,5029,4589,16602,4132,3806,3411,2950,2303,6617,1918,1707,1321,964,707,1467,468,373,273,199,154,400
102年 10月底,女,1394290,65422,13070,15703,13686,11220,11743,52877,11291,10615,10229,10167,10575,65718,11281,12177,13394,14793,14073,74423,13630,15575,15299,15202,14717,73301,14852,14344,14174,15208,14723,83996,15614,14797,15749,18148,19688,120166,21509,23432,24988,24650,25587,118623,24520,24002,25481,22142,22478,113708,21624,22192,23203,23472,23217,113098,22966,21969,22500,22933,22730,113437,23302,22674,21921,22662,22878,109458,22275,21640,22679,22252,20612,96527,20633,20759,20351,17739,17045,57347,14273,13149,10039,9193,10693,49360,10439,10142,9921,9820,9038,36923,8456,7790,7319,7168,6190,25946,5876,5757,5073,4881,4359,16067,4091,3609,3205,2827,2335,6132,1765,1586,1274,894,613,1466,491,386,246,184,159,295
102年 11月底,總計,2684567,135453,26109,32889,28640,23479,24336,110840,23202,22367,21510,21434,22327,137099,23318,25554,27071,31321,29835,154309,27822,32223,31471,32007,30786,151287,30414,29583,29831,31672,29787,164967,32017,29859,30368,34725,37998,226027,41055,44046,46895,46292,47739,222002,46294,43980,48714,41361,41653,210669,40723,41005,42409,43349,43183,210901,42512,40699,42080,42660,42950,212506,43453,42270,41529,42553,42701,205822,41796,40437,42287,41756,39546,181509,38889,38919,38535,33239,31927,107729,27400,24677,19496,16807,19349,88788,18948,18507,17811,17396,16126,64633,14571,13733,12713,12363,11253,50677,10687,10872,10193,9891,9034,32831,8233,7417,6692,5842,4647,12857,3710,3283,2629,1904,1331,2963,995,760,509,386,313,698
102年 11月底,男,1289204,69879,13453,16967,14668,12235,12556,57901,12070,11547,11202,11323,11759,71529,12141,13369,14067,16345,15607,80169,14549,16673,16305,16606,16036,78201,15591,15291,15644,16440,15235,81164,16154,15089,14802,16777,18342,105953,19594,20715,21902,21591,22151,102983,21597,20428,22655,18960,19343,97081,19110,18788,19417,19882,19884,97862,19503,18770,19617,19859,20113,99175,20141,19683,19563,19956,19832,96213,19489,18710,19705,19627,18682,84580,18234,18255,17967,15351,14773,49899,12911,11403,9145,7668,8772,39264,8558,8370,7769,7557,7010,27529,6136,5837,5410,5169,4977,24625,4852,5074,5056,5046,4597,16670,4115,3829,3433,2990,2303,6654,1913,1719,1326,991,705,1474,485,366,273,197,153,399
102年 11月底,女,1395363,65574,12656,15922,13972,11244,11780,52939,11132,10820,10308,10111,10568,65570,11177,12185,13004,14976,14228,74140,13273,15550,15166,15401,14750,73086,14823,14292,14187,15232,14552,83803,15863,14770,15566,17948,19656,120074,21461,23331,24993,24701,25588,119019,24697,23552,26059,22401,22310,113588,21613,22217,22992,23467,23299,113039,23009,21929,22463,22801,22837,113331,23312,22587,21966,22597,22869,109609,22307,21727,22582,22129,20864,96929,20655,20664,20568,17888,17154,57830,14489,13274,10351,9139,10577,49524,10390,10137,10042,9839,9116,37104,8435,7896,7303,7194,6276,26052,5835,5798,5137,4845,4437,16161,4118,3588,3259,2852,2344,6203,1797,1564,1303,913,626,1489,510,394,236,189,160,299
102年 12月底,總計,2686516,136091,25637,33475,29187,23276,24516,110797,22922,22671,21492,21482,22230,136713,23249,25524,26365,31751,29824,153991,27420,32234,31236,32221,30880,151106,30452,29847,29531,31813,29463,164894,32701,29807,29877,34448,38061,226155,40869,44074,46761,46458,47993,222689,46670,43078,49844,41492,41605,210511,40889,40842,42206,43309,43265,210737,42497,40541,42285,42237,43177,212115,43424,42321,41614,42363,42393,205948,42108,40407,42203,41691,39539,182164,39013,38701,38707,33737,32006,108656,27822,25142,19695,16950,19047,89016,19112,18418,17831,17462,16193,64714,14595,13820,12695,12350,11254,50666,10706,10765,10242,9895,9058,32889,8258,7366,6748,5926,4591,13005,3784,3286,2669,1925,1341,2965,996,768,500,393,308,694
102年 12月底,男,1289945,70167,13220,17262,14931,12100,12654,57925,11971,11692,11177,11357,11728,71323,12108,13331,13687,16567,15630,79938,14324,16687,16127,16765,16035,78179,15649,15455,15468,16526,15081,81112,16487,15020,14559,16654,18392,105983,19434,20764,21914,21671,22200,103395,21759,20014,23302,19038,19282,97003,19202,18699,19334,19900,19868,97756,19531,18701,19657,19690,20177,99013,20144,19768,19565,19901,19635,96264,19702,18622,19654,19625,18661,84867,18269,18217,18062,15553,14766,50339,13071,11609,9279,7731,8649,39349,8627,8323,7769,7646,6984,27534,6155,5886,5375,5167,4951,24534,4811,5035,5041,5039,4608,16688,4141,3796,3446,3026,2279,6705,1926,1741,1345,993,700,1471,479,376,272,199,145,400
102年 12月底,女,1396571,65924,12417,16213,14256,11176,11862,52872,10951,10979,10315,10125,10502,65390,11141,12193,12678,15184,14194,74053,13096,15547,15109,15456,14845,72927,14803,14392,14063,15287,14382,83782,16214,14787,15318,17794,19669,120172,21435,23310,24847,24787,25793,119294,24911,23064,26542,22454,22323,113508,21687,22143,22872,23409,23397,112981,22966,21840,22628,22547,23000,113102,23280,22553,22049,22462,22758,109684,22406,21785,22549,22066,20878,97297,20744,20484,20645,18184,17240,58317,14751,13533,10416,9219,10398,49667,10485,10095,10062,9816,9209,37180,8440,7934,7320,7183,6303,26132,5895,5730,5201,4856,4450,16201,4117,3570,3302,2900,2312,6300,1858,1545,1324,932,641,1494,517,392,228,194,163,294
103年 1月底,總計,2688140,136396,25045,33932,29457,23501,24461,110822,22801,22833,21484,21476,22228,136179,22965,25498,26082,31687,29947,153688,27260,31877,31293,32472,30786,150931,30589,29831,29441,31805,29265,164901,33171,29783,29564,34222,38161,225896,40571,43970,46753,46586,48016,223249,47084,42617,50477,41633,41438,210243,41045,40614,42044,43391,43149,210593,42719,40700,41897,42108,43169,211722,43310,42411,41598,42309,42094,206368,42582,40343,41999,41571,39873,182841,38733,38844,38899,33885,32480,109510,28202,25593,20214,16607,18894,89126,19053,18472,17952,17451,16198,65185,14782,13901,12790,12360,11352,50676,10712,10646,10242,9958,9118,32997,8219,7447,6712,5987,4632,13139,3831,3274,2711,1942,1381,2965,988,780,515,381,301,713
103年 1月底,男,1290558,70310,12896,17477,15099,12211,12627,57940,11875,11811,11181,11354,11719,71032,11993,13309,13514,16560,15656,79836,14256,16542,16207,16847,15984,78118,15672,15445,15399,16556,15046,81087,16668,15061,14361,16587,18410,105856,19236,20750,21855,21751,22264,103670,21967,19766,23593,19125,19219,96868,19231,18632,19312,19946,19747,97715,19637,18775,19490,19662,20151,98839,20113,19853,19464,19890,19519,96363,19902,18580,19506,19562,18813,85188,18158,18341,18130,15673,14886,50802,13247,11836,9534,7574,8611,39408,8552,8391,7845,7650,6970,27742,6277,5882,5433,5160,4990,24451,4780,4967,5022,5061,4621,16712,4124,3826,3414,3046,2302,6739,1939,1744,1354,992,710,1480,489,382,273,185,151,402
103年 1月底,女,1397582,66086,12149,16455,14358,11290,11834,52882,10926,11022,10303,10122,10509,65147,10972,12189,12568,15127,14291,73852,13004,15335,15086,15625,14802,72813,14917,14386,14042,15249,14219,83814,16503,14722,15203,17635,19751,120040,21335,23220,24898,24835,25752,119579,25117,22851,26884,22508,22219,113375,21814,21982,22732,23445,23402,112878,23082,21925,22407,22446,23018,112883,23197,22558,22134,22419,22575,110005,22680,21763,22493,22009,21060,97653,20575,20503,20769,18212,17594,58708,14955,13757,10680,9033,10283,49718,10501,10081,10107,9801,9228,37443,8505,8019,7357,7200,6362,26225,5932,5679,5220,4897,4497,16285,4095,3621,3298,2941,2330,6400,1892,1530,1357,950,671,1485,499,398,242,196,150,311
103年 2月底,總計,2689327,136904,25214,33687,29915,23685,24403,110746,22706,22948,21559,21404,22129,135755,22847,25545,25768,31399,30196,153466,27280,31662,31447,32158,30919,151067,30558,29827,29480,31617,29585,164265,33058,29779,29543,33982,37903,225915,40411,43818,46914,46452,48320,223685,47227,42605,50346,42043,41464,209985,40984,40487,42065,43230,43219,210409,42591,41186,41379,42000,43253,211594,43079,42515,41871,41674,42455,205995,42777,39759,42419,41110,39930,183498,39201,38632,38890,34700,32075,110791,28787,25795,21149,16380,18680,89339,19084,18548,17816,17477,16414,65360,14893,13953,12759,12410,11345,50612,10711,10631,10280,9886,9104,33055,8165,7484,6703,6000,4703,13191,3841,3236,2721,1986,1407,2974,1017,748,526,382,301,721
103年 2月底,男,1291019,70566,12901,17392,15333,12309,12631,57868,11797,11866,11235,11303,11667,70823,11950,13348,13345,16404,15776,79742,14285,16467,16255,16666,16069,78198,15716,15359,15430,16466,15227,80738,16635,14996,14409,16479,18219,105943,19258,20602,21997,21599,22487,103958,22029,19810,23503,19363,19253,96714,19182,18565,19276,19930,19761,97618,19611,18947,19319,19590,20151,98768,20038,19927,19524,19623,19656,96207,19937,18490,19584,19272,18924,85477,18355,18228,18175,16029,14690,51397,13503,11957,9907,7534,8496,39538,8525,8455,7818,7660,7080,27777,6322,5926,5365,5190,4974,24339,4786,4930,4967,5039,4617,16713,4081,3827,3406,3065,2334,6737,1928,1729,1369,997,714,1497,510,374,276,178,159,401
103年 2月底,女,1398308,66338,12313,16295,14582,11376,11772,52878,10909,11082,10324,10101,10462,64932,10897,12197,12423,14995,14420,73724,12995,15195,15192,15492,14850,72869,14842,14468,14050,15151,14358,83527,16423,14783,15134,17503,19684,119972,21153,23216,24917,24853,25833,119727,25198,22795,26843,22680,22211,113271,21802,21922,22789,23300,23458,112791,22980,22239,22060,22410,23102,112826,23041,22588,22347,22051,22799,109788,22840,21269,22835,21838,21006,98021,20846,20404,20715,18671,17385,59394,15284,13838,11242,8846,10184,49801,10559,10093,9998,9817,9334,37583,8571,8027,7394,7220,6371,26273,5925,5701,5313,4847,4487,16342,4084,3657,3297,2935,2369,6454,1913,1507,1352,989,693,1477,507,374,250,204,142,320
103年 3月底,總計,2690232,137483,25390,33539,30088,24162,24304,110562,22687,22857,21510,21445,22063,134957,22763,25340,25709,31110,30035,153428,27615,31314,31396,32110,30993,151244,30585,29903,29373,31235,30148,163607,32637,29850,29529,33810,37781,225791,40121,43963,46891,46530,48286,224294,47366,43110,49877,42432,41509,209613,41009,40559,41816,43127,43102,210264,42762,41270,41185,41845,43202,211382,43035,42713,41824,41516,42294,206229,43217,39793,41825,41230,40164,183920,39063,38782,38784,34562,32729,111967,29415,26110,21748,16192,18502,89419,19124,18556,17756,17460,16523,65549,14993,13985,12809,12345,11417,50438,10768,10479,10336,9794,9061,33106,8286,7404,6740,5980,4696,13288,3905,3238,2680,2030,1435,2965,1014,743,536,377,295,726
103年 3月底,男,1291306,70828,13007,17277,15459,12502,12583,57774,11814,11810,11179,11287,11684,70392,11904,13239,13332,16191,15726,79773,14436,16338,16233,16601,16165,78244,15727,15394,15330,16246,15547,80383,16403,15036,14438,16384,18122,105976,19140,20716,21953,21674,22493,104251,22024,20097,23325,19577,19228,96564,19184,18655,19175,19850,19700,97568,19686,19009,19212,19451,20210,98621,20040,19990,19406,19613,19572,96348,20115,18612,19265,19331,19025,85680,18310,18239,18123,16031,14977,51899,13727,12153,10148,7491,8380,39622,8574,8419,7823,7674,7132,27827,6378,5934,5363,5194,4958,24145,4771,4855,4978,4983,4558,16749,4195,3737,3415,3068,2334,6763,1956,1720,1342,1027,718,1495,506,375,284,173,157,404
103年 3月底,女,1398926,66655,12383,16262,14629,11660,11721,52788,10873,11047,10331,10158,10379,64565,10859,12101,12377,14919,14309,73655,13179,14976,15163,15509,14828,73000,14858,14509,14043,14989,14601,83224,16234,14814,15091,17426,19659,119815,20981,23247,24938,24856,25793,120043,25342,23013,26552,22855,22281,113049,21825,21904,22641,23277,23402,112696,23076,22261,21973,22394,22992,112761,22995,22723,22418,21903,22722,109881,23102,21181,22560,21899,21139,98240,20753,20543,20661,18531,17752,60068,15688,13957,11600,8701,10122,49797,10550,10137,9933,9786,9391,37722,8615,8051,7446,7151,6459,26293,5997,5624,5358,4811,4503,16357,4091,3667,3325,2912,2362,6525,1949,1518,1338,1003,717,1470,508,368,252,204,138,322
103年 4月底,總計,2691331,138281,25732,33282,30378,24622,24267,110420,22678,22795,21546,21313,22088,134390,22595,25252,25855,30725,29963,153265,27990,30918,31309,32099,30949,151502,30585,29957,29513,30984,30463,163160,32208,29957,29698,33508,37789,225659,39986,43927,46684,46935,48127,225041,47565,43461,49565,42713,41737,209197,40898,40656,41718,43051,42874,210157,43010,41204,41081,41754,43108,211161,42874,42904,41744,41600,42039,206470,43208,40131,41343,41349,40439,182971,39121,38452,38739,34539,32120,114033,30917,25891,22657,16098,18470,89439,19156,18518,17791,17442,16532,65807,15197,13982,12811,12325,11492,50247,10741,10373,10358,9794,8981,33112,8297,7377,6826,5802,4810,13322,3949,3216,2665,2053,1439,2977,1025,748,540,373,291,720
103年 4月底,男,1291738,71244,13209,17086,15647,12707,12595,57684,11776,11844,11193,11218,11653,70144,11853,13181,13424,15962,15724,79690,14615,16158,16162,16629,16126,78385,15775,15386,15358,16150,15716,80162,16154,15116,14566,16230,18096,105917,19082,20707,21811,21892,22425,104609,22085,20319,23119,19801,19285,96435,19077,18723,19190,19717,19728,97483,19808,18975,19085,19449,20166,98499,19995,20043,19379,19653,19429,96466,20169,18743,19043,19371,19140,85271,18366,18022,18149,16035,14699,52776,14370,12101,10524,7412,8369,39659,8626,8390,7861,7704,7078,27894,6486,5921,5359,5193,4935,24041,4787,4770,4965,4957,4562,16719,4193,3704,3466,2956,2400,6756,1973,1690,1354,1022,717,1498,521,370,285,169,153,406
103年 4月底,女,1399593,67037,12523,16196,14731,11915,11672,52736,10902,10951,10353,10095,10435,64246,10742,12071,12431,14763,14239,73575,13375,14760,15147,15470,14823,73117,14810,14571,14155,14834,14747,82998,16054,14841,15132,17278,19693,119742,20904,23220,24873,25043,25702,120432,25480,23142,26446,22912,22452,112762,21821,21933,22528,23334,23146,112674,23202,22229,21996,22305,22942,112662,22879,22861,22365,21947,22610,110004,23039,21388,22300,21978,21299,97700,20755,20430,20590,18504,17421,61257,16547,13790,12133,8686,10101,49780,10530,10128,9930,9738,9454,37913,8711,8061,7452,7132,6557,26206,5954,5603,5393,4837,4419,16393,4104,3673,3360,2846,2410,6566,1976,1526,1311,1031,722,1479,504,378,255,204,138,314
103年 5月底,總計,2692138,138564,25809,33068,30558,25125,24004,110181,22682,22551,21547,21226,22175,133585,22532,24944,25894,30358,29857,153189,28310,30589,31248,32006,31036,151656,30519,30086,29522,30836,30693,162961,31991,30122,29855,33242,37751,225811,39974,43894,46597,47188,48158,225616,47792,43783,49060,43148,41833,209051,40838,40545,41720,42854,43094,209896,42968,41293,40932,41691,43012,210934,42754,42873,41923,41518,41866,206530,43095,40550,40936,41443,40506,183961,39256,38158,38703,35532,32312,114215,30450,26324,22877,16258,18306,89595,19278,18561,17835,17358,16563,65958,15264,14037,12865,12291,11501,50241,10719,10397,10336,9737,9052,33079,8272,7398,6717,5845,4847,13391,3989,3175,2704,2074,1449,3007,1042,744,559,367,295,717
103年 5月底,男,1291858,71390,13317,16923,15745,12994,12411,57571,11823,11687,11159,11199,11703,69751,11789,13068,13409,15802,15683,79650,14774,15948,16140,16649,16139,78427,15742,15442,15344,16069,15830,80064,16085,15125,14727,16061,18066,105971,19066,20728,21737,22044,22396,104885,22123,20609,22813,20036,19304,96380,19047,18697,19155,19638,19843,97355,19787,19026,18982,19322,20238,98373,19909,20021,19473,19641,19329,96416,20096,18899,18910,19319,19192,85720,18435,17972,18078,16462,14773,52851,14176,12317,10619,7483,8256,39761,8735,8402,7855,7704,7065,27948,6562,5912,5378,5179,4917,23943,4752,4778,4938,4906,4569,16698,4180,3703,3412,2983,2420,6796,1991,1672,1379,1039,715,1507,526,367,290,170,154,401
103年 5月底,女,1400280,67174,12492,16145,14813,12131,11593,52610,10859,10864,10388,10027,10472,63834,10743,11876,12485,14556,14174,73539,13536,14641,15108,15357,14897,73229,14777,14644,14178,14767,14863,82897,15906,14997,15128,17181,19685,119840,20908,23166,24860,25144,25762,120731,25669,23174,26247,23112,22529,112671,21791,21848,22565,23216,23251,112541,23181,22267,21950,22369,22774,112561,22845,22852,22450,21877,22537,110114,22999,21651,22026,22124,21314,98241,20821,20186,20625,19070,17539,61364,16274,14007,12258,8775,10050,49834,10543,10159,9980,9654,9498,38010,8702,8125,7487,7112,6584,26298,5967,5619,5398,4831,4483,16381,4092,3695,3305,2862,2427,6595,1998,1503,1325,1035,734,1500,516,377,269,197,141,316
103年 6月底,總計,2693672,139202,26046,32709,30873,25664,23910,110252,22766,22551,21492,21233,22210,132887,22353,24754,26008,29948,29824,152923,28301,30462,31252,31838,31070,151808,30532,30186,29525,30567,30998,162692,31581,30474,30125,32827,37685,225693,39805,43796,46559,47377,48156,226559,48027,44130,48776,43604,42022,208770,40717,40623,41714,42741,42975,209982,42950,41331,40867,41720,43114,210765,42648,42705,42052,41535,41825,206526,42798,40841,40774,41452,40661,184732,39243,38314,38474,36310,32391,114610,30535,26332,23098,16485,18160,89671,19342,18442,17838,17408,16641,66112,15322,14011,12917,12314,11548,50086,10666,10401,10334,9634,9051,33212,8326,7426,6670,5907,4883,13466,3995,3187,2744,2082,1458,3005,1025,764,553,369,294,719
103年 6月底,男,1292391,71674,13424,16732,15912,13250,12356,57647,11907,11661,11122,11226,11731,69368,11699,12937,13526,15534,15672,79468,14776,15846,16134,16557,16155,78465,15737,15487,15355,15946,15940,80001,15960,15243,14867,15878,18053,105920,18933,20726,21710,22115,22436,105293,22230,20716,22722,20242,19383,96292,18994,18778,19164,19567,19789,97419,19745,19059,18985,19313,20317,98292,19823,19979,19473,19661,19356,96383,19914,19058,18850,19340,19221,86050,18415,18032,17976,16875,14752,53031,14228,12315,10704,7640,8144,39816,8781,8336,7876,7759,7064,27985,6620,5863,5418,5177,4907,23805,4720,4746,4945,4827,4567,16765,4218,3688,3407,2990,2462,6806,1979,1674,1398,1033,722,1510,527,368,282,183,150,401
103年 6月底,女,1401281,67528,12622,15977,14961,12414,11554,52605,10859,10890,10370,10007,10479,63519,10654,11817,12482,14414,14152,73455,13525,14616,15118,15281,14915,73343,14795,14699,14170,14621,15058,82691,15621,15231,15258,16949,19632,119773,20872,23070,24849,25262,25720,121266,25797,23414,26054,23362,22639,112478,21723,21845,22550,23174,23186,112563,23205,22272,21882,22407,22797,112473,22825,22726,22579,21874,22469,110143,22884,21783,21924,22112,21440,98682,20828,20282,20498,19435,17639,61579,16307,14017,12394,8845,10016,49855,10561,10106,9962,9649,9577,38127,8702,8148,7499,7137,6641,26281,5946,5655,5389,4807,4484,16447,4108,3738,3263,2917,2421,6660,2016,1513,1346,1049,736,1495,498,396,271,186,144,318
103年 7月底,總計,2695027,139796,26453,32118,31206,26246,23773,110204,22937,22330,21474,21331,22132,132119,22333,24586,25892,29418,29890,152608,28454,29974,31453,31625,31102,152047,30479,30217,29598,30345,31408,162431,31249,30690,30345,32603,37544,225447,39631,43671,46517,47524,48104,227469,48336,44654,48276,44376,41827,208616,40830,40702,41515,42605,42964,209994,42903,41468,40905,41742,42976,210659,42502,42907,41963,41469,41818,206670,42515,41189,40465,41597,40904,185281,38955,38690,38277,36983,32376,115110,30630,26276,23397,16708,18099,89765,19357,18349,18017,17362,16680,66203,15310,14074,12966,12304,11549,50093,10702,10437,10265,9594,9095,33257,8333,7434,6621,5942,4927,13500,4017,3148,2766,2124,1445,3040,1050,776,553,361,300,718
103年 7月底,男,1292989,71967,13637,16422,16084,13529,12295,57667,12000,11600,11109,11215,11743,68993,11682,12875,13493,15215,15728,79289,14861,15642,16216,16405,16165,78595,15763,15471,15358,15845,16158,79929,15867,15324,15002,15744,17992,105751,18823,20688,21741,22120,22379,105815,22476,20941,22573,20552,19273,96259,19088,18825,19033,19535,19778,97365,19739,19079,19034,19329,20184,98332,19784,20091,19405,19560,19492,96376,19713,19235,18673,19412,19343,86257,18229,18227,17859,17177,14765,53277,14242,12242,10899,7772,8122,39849,8814,8238,8020,7700,7077,28018,6616,5880,5459,5179,4884,23753,4731,4727,4894,4815,4586,16771,4195,3705,3395,2993,2483,6797,1971,1650,1403,1054,719,1530,552,362,284,180,152,399
103年 7月底,女,1402038,67829,12816,15696,15122,12717,11478,52537,10937,10730,10365,10116,10389,63126,10651,11711,12399,14203,14162,73319,13593,14332,15237,15220,14937,73452,14716,14746,14240,14500,15250,82502,15382,15366,15343,16859,19552,119696,20808,22983,24776,25404,25725,121654,25860,23713,25703,23824,22554,112357,21742,21877,22482,23070,23186,112629,23164,22389,21871,22413,22792,112327,22718,22816,22558,21909,22326,110294,22802,21954,21792,22185,21561,99024,20726,20463,20418,19806,17611,61833,16388,14034,12498,8936,9977,49916,10543,10111,9997,9662,9603,38185,8694,8194,7507,7125,6665,26340,5971,5710,5371,4779,4509,16486,4138,3729,3226,2949,2444,6703,2046,1498,1363,1070,726,1510,498,414,269,181,148,319
103年 8月底,總計,2695007,140258,26541,31529,31726,26818,23644,110262,23225,22082,21598,21299,22058,131455,22366,24388,25695,28977,30029,152113,28554,29543,31424,31404,31188,151917,30360,30226,29586,30167,31578,161764,30981,30901,30428,32239,37215,224904,39533,43274,46443,47794,47860,227834,48455,45207,47498,45344,41330,208597,41395,40554,41191,42598,42859,209768,42893,41647,40811,41742,42675,210611,42530,42878,41862,41405,41936,206916,42396,41310,39710,42349,41151,185390,38688,38698,38381,37226,32397,116142,31090,26302,23829,17020,17901,89784,19257,18405,18090,17347,16685,66473,15394,14043,13105,12247,11684,50020,10648,10378,10294,9593,9107,33376,8306,7513,6650,5928,4979,13627,4079,3136,2786,2137,1489,3070,1070,754,576,365,305,726
103年 8月底,男,1292896,72168,13678,16192,16277,13820,12201,57675,12186,11476,11193,11183,11637,68680,11742,12749,13423,15005,15761,79018,14939,15426,16213,16289,16151,78568,15785,15473,15304,15809,16197,79638,15839,15331,15106,15589,17773,105595,18855,20502,21720,22244,22274,105973,22511,21239,22206,21021,18996,96342,19372,18798,18889,19528,19755,97240,19728,19202,18929,19342,20039,98347,19864,20014,19392,19494,19583,96360,19659,19270,18329,19763,19339,86343,18184,18181,17901,17287,14790,53767,14455,12239,11051,7976,8046,39821,8730,8232,8103,7693,7063,28090,6668,5860,5536,5136,4890,23650,4717,4713,4824,4814,4582,16827,4181,3736,3413,2977,2520,6850,1995,1639,1407,1072,737,1542,553,359,289,180,161,402
103年 8月底,女,1402111,68090,12863,15337,15449,12998,11443,52587,11039,10606,10405,10116,10421,62775,10624,11639,12272,13972,14268,73095,13615,14117,15211,15115,15037,73349,14575,14753,14282,14358,15381,82126,15142,15570,15322,16650,19442,119309,20678,22772,24723,25550,25586,121861,25944,23968,25292,24323,22334,112255,22023,21756,22302,23070,23104,112528,23165,22445,21882,22400,22636,112264,22666,22864,22470,21911,22353,110556,22737,22040,21381,22586,21812,99047,20504,20517,20480,19939,17607,62375,16635,14063,12778,9044,9855,49963,10527,10173,9987,9654,9622,38383,8726,8183,7569,7111,6794,26370,5931,5665,5470,4779,4525,16549,4125,3777,3237,2951,2459,6777,2084,1497,1379,1065,752,1528,517,395,287,185,144,324
103年 9月底,總計,2695649,140921,26908,30949,32182,27357,23525,110403,23327,22086,21666,21406,21918,130653,22406,24104,25571,28266,30306,151592,28676,28766,31686,31423,31041,151776,30378,30272,29545,29966,31615,161161,30704,31245,30508,31990,36714,224596,39370,43114,46346,48130,47636,228596,48500,45889,46608,46435,41164,208435,41555,40573,40977,42446,42884,209431,42946,41881,40492,41609,42503,210606,42648,42811,41886,41296,41965,206841,42198,41414,39319,42748,41162,185628,38631,38655,38510,37279,32553,117310,31630,26474,24041,17734,17431,89831,19195,18447,18103,17391,16695,66796,15553,14089,13195,12101,11858,49991,10655,10346,10294,9483,9213,33539,8327,7588,6678,5841,5105,13711,4092,3132,2832,2121,1534,3095,1071,766,585,366,307,737
103年 9月底,男,1293032,72546,13861,15917,16532,14040,12196,57656,12155,11521,11198,11244,11538,68291,11813,12594,13363,14661,15860,78746,15021,15056,16345,16274,16050,78597,15803,15518,15236,15760,16280,79317,15636,15520,15176,15456,17529,105400,18729,20411,21700,22363,22197,106340,22492,21571,21791,21535,18951,96340,19403,18953,18784,19427,19773,97005,19725,19323,18774,19284,19899,98330,19924,19929,19439,19494,19544,96309,19569,19286,18175,19970,19309,86484,18216,18129,17890,17359,14890,54307,14670,12374,11116,8261,7886,39832,8675,8276,8112,7679,7090,28242,6776,5839,5619,5046,4962,23556,4710,4665,4792,4744,4645,16875,4185,3764,3408,2957,2561,6904,2006,1633,1421,1063,781,1553,552,367,288,189,157,402
103年 9月底,女,1402617,68375,13047,15032,15650,13317,11329,52747,11172,10565,10468,10162,10380,62362,10593,11510,12208,13605,14446,72846,13655,13710,15341,15149,14991,73179,14575,14754,14309,14206,15335,81844,15068,15725,15332,16534,19185,119196,20641,22703,24646,25767,25439,122256,26008,24318,24817,24900,22213,112095,22152,21620,22193,23019,23111,112426,23221,22558,21718,22325,22604,112276,22724,22882,22447,21802,22421,110532,22629,22128,21144,22778,21853,99144,20415,20526,20620,19920,17663,63003,16960,14100,12925,9473,9545,49999,10520,10171,9991,9712,9605,38554,8777,8250,7576,7055,6896,26435,5945,5681,5502,4739,4568,16664,4142,3824,3270,2884,2544,6807,2086,1499,1411,1058,753,1542,519,399,297,177,150,335
103年 10月底,總計,2697644,141506,27324,30012,32957,27977,23236,110446,23518,22093,21725,21463,21647,130151,22515,23804,25601,27575,30656,150948,28763,27952,31948,31120,31165,151685,30343,30242,29626,29821,31653,160328,30238,31752,30426,31666,36246,224021,39495,42745,46068,48507,47206,229636,48768,46704,45372,47757,41035,208670,41967,40590,40698,42351,43064,209212,42628,42174,40270,41572,42568,210583,42317,43101,41968,41079,42118,207017,42246,41310,39908,42083,41470,186450,38752,38491,38591,37776,32840,118292,31863,26719,24238,18652,16820,90163,19201,18626,18085,17381,16870,67119,15579,14179,13211,12242,11908,49999,10655,10297,10264,9588,9195,33650,8288,7569,6758,5921,5114,13876,4122,3189,2832,2188,1545,3146,1086,793,606,365,296,746
103年 10月底,男,1293884,72935,14069,15429,16966,14350,12121,57602,12177,11524,11229,11221,11451,68042,11880,12436,13355,14338,16033,78400,15057,14566,16547,16094,16136,78572,15801,15481,15266,15695,16329,78895,15381,15795,15194,15260,17265,105183,18860,20230,21569,22580,21944,106893,22659,21944,21174,22267,18849,96443,19535,19066,18683,19389,19770,96921,19635,19441,18661,19322,19862,98332,19802,19993,19500,19339,19698,96287,19603,19180,18459,19618,19427,86890,18326,18004,17973,17540,15047,54815,14754,12487,11197,8689,7688,39980,8647,8354,8137,7634,7208,28311,6734,5888,5626,5123,4940,23477,4695,4657,4753,4743,4629,16941,4184,3753,3427,3002,2575,6982,2018,1640,1448,1093,783,1583,571,369,299,189,155,400
103年 10月底,女,1403760,68571,13255,14583,15991,13627,11115,52844,11341,10569,10496,10242,10196,62109,10635,11368,12246,13237,14623,72548,13706,13386,15401,15026,15029,73113,14542,14761,14360,14126,15324,81433,14857,15957,15232,16406,18981,118838,20635,22515,24499,25927,25262,122743,26109,24760,24198,25490,22186,112227,22432,21524,22015,22962,23294,112291,22993,22733,21609,22250,22706,112251,22515,23108,22468,21740,22420,110730,22643,22130,21449,22465,22043,99560,20426,20487,20618,20236,17793,63477,17109,14232,13041,9963,9132,50183,10554,10272,9948,9747,9662,38808,8845,8291,7585,7119,6968,26522,5960,5640,5511,4845,4566,16709,4104,3816,3331,2919,2539,6894,2104,1549,1384,1095,762,1563,515,424,307,176,141,346
103年 11月底,總計,2700091,142136,27595,29330,33435,28542,23234,110582,23523,21920,22023,21567,21549,129396,22456,23519,25643,26855,30923,150686,29119,27262,31827,30925,31553,151598,30356,30170,29521,29799,31752,159632,29862,32356,30421,31125,35868,223798,39477,42656,45776,48447,47442,230711,48751,47019,44525,48973,41443,208240,41655,40682,40756,42099,43048,209025,42847,42144,40225,41627,42182,210710,42634,42995,41872,41140,42069,206968,42215,41479,40080,41897,41297,187521,39145,38523,38514,38194,33145,119496,31988,27234,24380,19264,16630,90222,19069,18593,18126,17430,17004,67414,15717,14197,13320,12262,11918,50133,10804,10182,10334,9625,9188,33923,8367,7599,6765,6015,5177,13977,4120,3224,2833,2219,1581,3173,1099,817,599,361,297,750
103年 11月底,男,1294867,73226,14163,15083,17213,14650,12117,57658,12146,11469,11399,11244,11400,67650,11863,12244,13433,13955,16155,78293,15224,14254,16468,16005,16342,78526,15782,15454,15242,15622,16426,78604,15178,16185,15179,14974,17088,105134,18854,20228,21433,22530,22089,107358,22631,22026,20790,22910,19001,96323,19384,19148,18733,19317,19741,96743,19753,19352,18601,19413,19624,98379,19979,19902,19460,19339,19699,96261,19569,19277,18546,19502,19367,87397,18456,18013,17981,17750,15197,55307,14769,12775,11221,8988,7554,40072,8629,8361,8181,7574,7327,28420,6785,5938,5609,5163,4925,23470,4744,4576,4771,4739,4640,17029,4199,3739,3442,3034,2615,7026,2021,1633,1469,1100,803,1587,569,384,289,193,152,404
103年 11月底,女,1405224,68910,13432,14247,16222,13892,11117,52924,11377,10451,10624,10323,10149,61746,10593,11275,12210,12900,14768,72393,13895,13008,15359,14920,15211,73072,14574,14716,14279,14177,15326,81028,14684,16171,15242,16151,18780,118664,20623,22428,24343,25917,25353,123353,26120,24993,23735,26063,22442,111917,22271,21534,22023,22782,23307,112282,23094,22792,21624,22214,22558,112331,22655,23093,22412,21801,22370,110707,22646,22202,21534,22395,21930,100124,20689,20510,20533,20444,17948,64189,17219,14459,13159,10276,9076,50150,10440,10232,9945,9856,9677,38994,8932,8259,7711,7099,6993,26663,6060,5606,5563,4886,4548,16894,4168,3860,3323,2981,2562,6951,2099,1591,1364,1119,778,1586,530,433,310,168,145,346
103年 12月底,總計,2702315,143254,28420,28714,34033,29049,23038,110705,23602,21755,22204,21556,21588,128836,22362,23451,25543,26134,31346,150084,29053,26807,31804,30696,31724,151655,30439,30136,29765,29449,31866,159329,29542,33068,30433,30636,35650,223964,39613,42508,45871,48351,47621,231803,49040,47436,43615,50127,41585,207951,41596,40868,40580,41904,43003,208584,42917,42057,40037,41819,41754,210733,42816,42938,41878,41233,41868,206727,41913,41762,40035,41785,41232,188163,39114,38648,38287,38395,33719,120816,32096,27646,24848,19463,16763,90105,18793,18745,18040,17451,17076,67536,15772,14228,13388,12240,11908,50074,10783,10207,10214,9709,9161,34009,8383,7600,6696,6072,5258,14049,4051,3310,2845,2246,1597,3192,1109,819,599,359,306,746
103年 12月底,男,1295636,73680,14505,14776,17509,14900,11990,57701,12208,11380,11485,11203,11425,67345,11841,12205,13347,13568,16384,77974,15204,14016,16454,15818,16482,78552,15758,15491,15401,15409,16493,78447,15040,16527,15139,14725,17016,105245,18924,20080,21485,22558,22198,107951,22718,22200,20387,23542,19104,96222,19315,19259,18651,19236,19761,96535,19740,19336,18528,19453,19478,98411,20009,19890,19540,19341,19631,96092,19357,19478,18456,19431,19370,87691,18422,18036,17936,17851,15446,55867,14759,12944,11428,9112,7624,40087,8513,8431,8143,7583,7417,28413,6755,5963,5631,5140,4924,23314,4693,4548,4715,4744,4614,17058,4214,3742,3413,3030,2659,7051,1985,1655,1500,1110,801,1597,565,390,293,194,155,403
103年 12月底,女,1406679,69574,13915,13938,16524,14149,11048,53004,11394,10375,10719,10353,10163,61491,10521,11246,12196,12566,14962,72110,13849,12791,15350,14878,15242,73103,14681,14645,14364,14040,15373,80882,14502,16541,15294,15911,18634,118719,20689,22428,24386,25793,25423,123852,26322,25236,23228,26585,22481,111729,22281,21609,21929,22668,23242,112049,23177,22721,21509,22366,22276,112322,22807,23048,22338,21892,22237,110635,22556,22284,21579,22354,21862,100472,20692,20612,20351,20544,18273,64949,17337,14702,13420,10351,9139,50018,10280,10314,9897,9868,9659,39123,9017,8265,7757,7100,6984,26760,6090,5659,5499,4965,4547,16951,4169,3858,3283,3042,2599,6998,2066,1655,1345,1136,796,1595,544,429,306,165,151,343
104年 1月底,總計,2704133,143951,28692,28228,34445,29326,23260,110575,23455,21709,22329,21508,21574,128170,22351,23178,25543,25849,31249,149964,29212,26618,31440,30752,31942,151637,30366,30259,29746,29391,31875,159050,29372,33528,30414,30299,35437,223699,39674,42151,45699,48389,47786,232498,49011,47846,43165,50731,41745,207680,41495,40982,40357,41774,43072,208409,42816,42273,40260,41434,41626,210603,42768,42876,41938,41201,41820,206504,41626,42175,39978,41580,41145,188696,39446,38374,38410,38573,33893,122241,32540,28020,25315,19961,16405,90066,18690,18692,18081,17539,17064,67929,15792,14396,13501,12326,11914,50153,10870,10203,10109,9724,9247,34134,8436,7610,6770,6040,5278,14171,4105,3335,2820,2289,1622,3248,1148,805,617,380,298,755
104年 1月底,男,1296292,74033,14721,14470,17693,15063,12086,57638,12130,11314,11591,11184,11419,66993,11820,12095,13335,13405,16338,77912,15259,13919,16299,15892,16543,78506,15720,15503,15397,15354,16532,78382,15013,16703,15203,14524,16939,105094,18929,19862,21448,22542,22313,108293,22754,22408,20128,23807,19196,96137,19272,19284,18562,19208,19811,96411,19634,19442,18612,19284,19439,98310,19951,19886,19610,19248,19615,95921,19274,19657,18379,19295,19316,88011,18570,17922,18041,17903,15575,56464,14877,13096,11677,9362,7452,40100,8500,8342,8204,7619,7435,28596,6742,6074,5660,5197,4923,23268,4708,4517,4664,4727,4652,17077,4228,3746,3430,3014,2659,7108,2023,1655,1494,1125,811,1629,579,394,306,203,147,409
104年 1月底,女,1407841,69918,13971,13758,16752,14263,11174,52937,11325,10395,10738,10324,10155,61177,10531,11083,12208,12444,14911,72052,13953,12699,15141,14860,15399,73131,14646,14756,14349,14037,15343,80668,14359,16825,15211,15775,18498,118605,20745,22289,24251,25847,25473,124205,26257,25438,23037,26924,22549,111543,22223,21698,21795,22566,23261,111998,23182,22831,21648,22150,22187,112293,22817,22990,22328,21953,22205,110583,22352,22518,21599,22285,21829,100685,20876,20452,20369,20670,18318,65777,17663,14924,13638,10599,8953,49966,10190,10350,9877,9920,9629,39333,9050,8322,7841,7129,6991,26885,6162,5686,5445,4997,4595,17057,4208,3864,3340,3026,2619,7063,2082,1680,1326,1164,811,1619,569,411,311,177,151,346
104年 2月底,總計,2705113,144301,28584,28350,34185,29740,23442,110584,23317,21750,22429,21593,21495,127404,22286,23012,25601,25458,31047,149762,29426,26580,31208,30976,31572,151641,30542,30241,29851,29342,31665,158948,29725,33473,30339,30292,35119,223160,39489,41955,45493,48525,47698,233187,49210,48034,43141,50777,42025,207387,41530,40913,40371,41660,42913,208160,42864,42263,40637,40886,41510,210353,42976,42556,42049,41464,41308,206349,41869,42400,39379,42061,40640,189809,39538,38840,38251,38503,34677,123231,32110,28612,25471,20863,16175,89886,18510,18676,18157,17417,17126,68255,15958,14503,13523,12346,11925,50131,10886,10191,10105,9737,9212,34219,8439,7603,6800,6048,5329,14280,4181,3340,2801,2301,1657,3301,1175,827,602,402,295,765
104年 2月底,男,1296676,74228,14673,14487,17607,15289,12172,57594,12086,11283,11626,11242,11357,66607,11785,12030,13370,13202,16220,77805,15351,13935,16208,15977,16334,78503,15833,15541,15362,15340,16427,78455,15220,16718,15110,14590,16817,104790,18755,19881,21291,22668,22195,108735,22928,22491,20155,23779,19382,96025,19317,19224,18554,19138,19792,96285,19638,19458,18740,19084,19365,98184,20013,19775,19685,19296,19415,95754,19343,19721,18257,19401,19032,88571,18671,18115,17948,17913,15924,56928,14656,13366,11774,9731,7401,39993,8397,8289,8264,7590,7453,28715,6827,6120,5687,5143,4938,23159,4699,4520,4640,4648,4652,17116,4246,3731,3423,3023,2693,7155,2059,1657,1482,1138,819,1655,584,410,308,210,143,419
104年 2月底,女,1408437,70073,13911,13863,16578,14451,11270,52990,11231,10467,10803,10351,10138,60797,10501,10982,12231,12256,14827,71957,14075,12645,15000,14999,15238,73138,14709,14700,14489,14002,15238,80493,14505,16755,15229,15702,18302,118370,20734,22074,24202,25857,25503,124452,26282,25543,22986,26998,22643,111362,22213,21689,21817,22522,23121,111875,23226,22805,21897,21802,22145,112169,22963,22781,22364,22168,21893,110595,22526,22679,21122,22660,21608,101238,20867,20725,20303,20590,18753,66303,17454,15246,13697,11132,8774,49893,10113,10387,9893,9827,9673,39540,9131,8383,7836,7203,6987,26972,6187,5671,5465,5089,4560,17103,4193,3872,3377,3025,2636,7125,2122,1683,1319,1163,838,1646,591,417,294,192,152,346
104年 3月底,總計,2705958,145132,28863,28504,33952,29943,23870,110280,23120,21612,22441,21571,21536,126838,22210,23015,25561,25363,30689,149584,29439,26868,30860,30875,31542,151456,30639,30272,29862,29347,31336,158978,30298,32981,30504,30301,34894,222610,39247,41673,45606,48464,47620,233678,49219,48176,43629,50169,42485,207234,41610,40907,40360,41534,42823,207969,42754,42311,40841,40699,41364,210125,42802,42594,42248,41417,41064,206206,41770,42824,39405,41383,40824,189755,39777,38671,38305,38478,34524,125251,32781,29211,25825,21463,15971,89685,18284,18784,18163,17366,17088,68480,16095,14599,13549,12354,11883,50098,10960,10263,9943,9779,9153,34208,8401,7691,6744,6072,5300,14314,4156,3412,2791,2270,1685,3310,1195,820,597,402,296,767
104年 3月底,男,1297022,74630,14793,14603,17452,15414,12368,57413,12017,11242,11612,11217,11325,66312,11796,12016,13375,13151,15974,77738,15396,14043,16089,15919,16291,78404,15943,15555,15363,15302,16241,78544,15557,16442,15200,14647,16698,104562,18612,19771,21423,22588,22168,109009,22947,22490,20416,23550,19606,95932,19312,19196,18612,19109,19703,96140,19585,19472,18858,19005,19220,98122,20018,19821,19724,19203,19356,95703,19304,19870,18376,19042,19111,88551,18773,18058,17935,17871,15914,57847,14962,13573,11985,9973,7354,39904,8269,8356,8214,7605,7460,28830,6898,6159,5704,5124,4945,23031,4680,4525,4566,4648,4612,17101,4193,3840,3349,3025,2694,7169,2050,1693,1464,1123,839,1659,586,414,309,213,137,421
104年 3月底,女,1408936,70502,14070,13901,16500,14529,11502,52867,11103,10370,10829,10354,10211,60526,10414,10999,12186,12212,14715,71846,14043,12825,14771,14956,15251,73052,14696,14717,14499,14045,15095,80434,14741,16539,15304,15654,18196,118048,20635,21902,24183,25876,25452,124669,26272,25686,23213,26619,22879,111302,22298,21711,21748,22425,23120,111829,23169,22839,21983,21694,22144,112003,22784,22773,22524,22214,21708,110503,22466,22954,21029,22341,21713,101204,21004,20613,20370,20607,18610,67404,17819,15638,13840,11490,8617,49781,10015,10428,9949,9761,9628,39650,9197,8440,7845,7230,6938,27067,6280,5738,5377,5131,4541,17107,4208,3851,3395,3047,2606,7145,2106,1719,1327,1147,846,1651,609,406,288,189,159,346
104年 4月底,總計,2705949,145451,28823,28636,33585,30177,24230,110045,23020,21571,22440,21611,21403,126345,22238,22846,25640,25301,30320,149323,29463,27151,30446,30746,31517,151297,30576,30288,29870,29462,31101,158724,30565,32545,30609,30437,34568,222217,39128,41466,45451,48186,47986,233841,49004,48298,43956,49831,42752,207229,41805,40798,40456,41423,42747,207739,42527,42577,40749,40594,41292,210125,42688,42460,42458,41346,41173,205946,41516,42803,39757,40920,40950,189833,40059,38742,37997,38485,34550,126778,32152,30734,25636,22387,15869,89686,18225,18827,18148,17411,17075,68694,16109,14812,13545,12348,11880,50109,11042,10259,9854,9807,9147,34046,8342,7697,6716,6154,5137,14438,4259,3450,2769,2256,1704,3319,1203,817,602,404,293,764
104年 4月底,男,1296967,74768,14786,14679,17228,15550,12525,57343,12010,11198,11657,11226,11252,66038,11761,11978,13382,13157,15760,77647,15440,14174,15889,15827,16317,78310,15898,15604,15331,15319,16158,78453,15703,16189,15276,14761,16524,104478,18559,19700,21372,22445,22402,109140,22853,22505,20625,23327,19830,95819,19340,19097,18680,19109,19593,96093,19595,19606,18782,18889,19221,98130,19962,19793,19769,19190,19416,95566,19155,19927,18501,18820,19163,88616,18880,18116,17725,17935,15960,58494,14668,14232,11943,10365,7286,39972,8239,8410,8180,7636,7507,28865,6843,6271,5687,5118,4946,22918,4663,4551,4492,4642,4570,17010,4202,3824,3322,3073,2589,7229,2110,1712,1434,1130,843,1658,587,421,299,213,138,420
104年 4月底,女,1408982,70683,14037,13957,16357,14627,11705,52702,11010,10373,10783,10385,10151,60307,10477,10868,12258,12144,14560,71676,14023,12977,14557,14919,15200,72987,14678,14684,14539,14143,14943,80271,14862,16356,15333,15676,18044,117739,20569,21766,24079,25741,25584,124701,26151,25793,23331,26504,22922,111410,22465,21701,21776,22314,23154,111646,22932,22971,21967,21705,22071,111995,22726,22667,22689,22156,21757,110380,22361,22876,21256,22100,21787,101217,21179,20626,20272,20550,18590,68284,17484,16502,13693,12022,8583,49714,9986,10417,9968,9775,9568,39829,9266,8541,7858,7230,6934,27191,6379,5708,5362,5165,4577,17036,4140,3873,3394,3081,2548,7209,2149,1738,1335,1126,861,1661,616,396,303,191,155,344
104年 5月底,總計,2705921,145758,28688,28842,33361,30268,24599,109607,22809,21473,22371,21615,21339,125701,22295,22761,25471,25223,29951,149008,29396,27426,30095,30689,31402,151229,30676,30223,29973,29434,30923,158659,30802,32299,30698,30596,34264,221928,39047,41380,45330,47978,48193,234102,48930,48410,44230,49281,43251,206935,41862,40740,40359,41420,42554,207707,42687,42528,40795,40492,41205,209982,42594,42380,42379,41508,41121,205872,41360,42664,40202,40579,41067,190691,40141,38879,37738,38398,35535,127326,32352,30255,26095,22613,16011,89708,18091,18961,18209,17456,16991,68896,16142,14870,13630,12410,11844,50042,11032,10260,9867,9785,9098,34107,8420,7684,6762,6065,5176,14546,4292,3508,2711,2306,1729,3350,1212,830,599,423,286,767
104年 5月底,男,1296713,74957,14721,14820,17087,15588,12741,57066,11820,11212,11598,11197,11239,65710,11800,11922,13324,13082,15582,77546,15417,14320,15678,15819,16312,78194,15912,15584,15362,15284,16052,78439,15835,16094,15243,14918,16349,104381,18523,19649,21361,22323,22525,109256,22787,22488,20879,22978,20124,95655,19347,19067,18663,19061,19517,95996,19686,19598,18800,18827,19085,98169,20030,19718,19751,19259,19411,95444,19085,19848,18669,18723,19119,89003,18943,18155,17685,17842,16378,58750,14737,14033,12162,10466,7352,40009,8139,8528,8201,7634,7507,28949,6839,6340,5685,5150,4935,22799,4631,4519,4498,4614,4537,17012,4214,3818,3345,3022,2613,7292,2118,1747,1410,1158,859,1668,589,425,300,218,136,418
104年 5月底,女,1409208,70801,13967,14022,16274,14680,11858,52541,10989,10261,10773,10418,10100,59991,10495,10839,12147,12141,14369,71462,13979,13106,14417,14870,15090,73035,14764,14639,14611,14150,14871,80220,14967,16205,15455,15678,17915,117547,20524,21731,23969,25655,25668,124846,26143,25922,23351,26303,23127,111280,22515,21673,21696,22359,23037,111711,23001,22930,21995,21665,22120,111813,22564,22662,22628,22249,21710,110428,22275,22816,21533,21856,21948,101688,21198,20724,20053,20556,19157,68576,17615,16222,13933,12147,8659,49699,9952,10433,10008,9822,9484,39947,9303,8530,7945,7260,6909,27243,6401,5741,5369,5171,4561,17095,4206,3866,3417,3043,2563,7254,2174,1761,1301,1148,870,1682,623,405,299,205,150,349
104年 6月底,總計,2706030,146282,28693,29032,32964,30552,25041,109473,22700,21405,22434,21561,21373,125099,22360,22551,25419,25219,29550,148725,29340,27455,29976,30702,31252,151093,30727,30244,30100,29404,30618,158575,31089,31829,30946,30905,33806,221290,38903,41149,45088,47779,48371,234478,48809,48571,44452,48971,43675,206858,41983,40591,40399,41435,42450,207616,42585,42510,40857,40442,41222,210006,42711,42279,42227,41655,41134,205627,41334,42360,40443,40438,41052,191540,40272,38910,37877,38180,36301,127925,32419,30312,26093,22855,16246,89539,17939,19009,18113,17457,17021,69069,16208,14945,13595,12447,11874,49952,11069,10209,9851,9780,9043,34150,8421,7711,6799,5974,5245,14618,4314,3510,2712,2337,1745,3353,1218,817,615,412,291,762
104年 6月底,男,1296639,75209,14726,14903,16879,15752,12949,57032,11770,11208,11602,11156,11296,65379,11832,11822,13269,13146,15310,77389,15398,14345,15581,15820,16245,78133,15953,15576,15436,15273,15895,78448,15938,15956,15324,15074,16156,104029,18466,19465,21309,22234,22555,109479,22772,22584,20930,22884,20309,95624,19387,18987,18726,19068,19456,95943,19652,19556,18830,18845,19060,98149,20098,19629,19714,19277,19431,95371,19113,19651,18825,18663,19119,89395,18944,18184,17733,17750,16784,58986,14698,14062,12167,10551,7508,39943,8018,8589,8146,7657,7533,29017,6829,6425,5637,5187,4939,22675,4630,4485,4456,4622,4482,17022,4217,3846,3334,2996,2629,7326,2143,1748,1400,1175,860,1679,593,426,301,211,148,411
104年 6月底,女,1409391,71073,13967,14129,16085,14800,12092,52441,10930,10197,10832,10405,10077,59720,10528,10729,12150,12073,14240,71336,13942,13110,14395,14882,15007,72960,14774,14668,14664,14131,14723,80127,15151,15873,15622,15831,17650,117261,20437,21684,23779,25545,25816,124999,26037,25987,23522,26087,23366,111234,22596,21604,21673,22367,22994,111673,22933,22954,22027,21597,22162,111857,22613,22650,22513,22378,21703,110256,22221,22709,21618,21775,21933,102145,21328,20726,20144,20430,19517,68939,17721,16250,13926,12304,8738,49596,9921,10420,9967,9800,9488,40052,9379,8520,7958,7260,6935,27277,6439,5724,5395,5158,4561,17128,4204,3865,3465,2978,2616,7292,2171,1762,1312,1162,885,1674,625,391,314,201,143,351
104年 7月底,總計,2703444,146746,28552,29411,32342,30853,25588,109184,22587,21265,22350,21533,21449,124159,22271,22519,25192,25139,29038,148333,29273,27648,29533,30838,31041,150744,30726,30130,30132,29411,30345,158389,31404,31401,31117,30998,33469,220279,38631,40825,44807,47650,48366,235068,48634,48743,44924,48408,44359,206278,41780,40634,40432,41170,42262,207572,42514,42440,41001,40402,41215,209498,42509,42059,42400,41487,41043,205279,41273,42025,40729,40099,41153,192156,40472,38566,38197,37954,36967,128373,32348,30434,26005,23136,16450,89498,17855,19001,18033,17611,16998,69101,16220,14918,13637,12489,11837,49850,11044,10228,9880,9706,8992,34198,8464,7728,6795,5922,5289,14628,4320,3496,2661,2370,1781,3340,1203,814,634,413,276,771
104年 7月底,男,1295296,75434,14658,15129,16533,15908,13206,56834,11699,11133,11577,11144,11281,64917,11831,11789,13174,13131,14992,77152,15380,14429,15405,15835,16103,77935,15936,15576,15406,15246,15771,78428,16104,15835,15379,15134,15976,103544,18344,19299,21182,22222,22497,109818,22644,22763,21134,22704,20573,95359,19265,19043,18729,18919,19403,95945,19621,19560,18858,18836,19070,97813,19927,19557,19801,19173,19355,95226,19203,19422,18946,18469,19186,89695,19076,17994,17911,17642,17072,59224,14685,14117,12063,10726,7633,39960,8000,8618,8060,7797,7485,29055,6825,6410,5649,5233,4938,22530,4595,4475,4429,4565,4466,17020,4233,3845,3339,2971,2632,7316,2150,1719,1376,1188,883,1679,584,436,300,214,145,412
104年 7月底,女,1408148,71312,13894,14282,15809,14945,12382,52350,10888,10132,10773,10389,10168,59242,10440,10730,12018,12008,14046,71181,13893,13219,14128,15003,14938,72809,14790,14554,14726,14165,14574,79961,15300,15566,15738,15864,17493,116735,20287,21526,23625,25428,25869,125250,25990,25980,23790,25704,23786,110919,22515,21591,21703,22251,22859,111627,22893,22880,22143,21566,22145,111685,22582,22502,22599,22314,21688,110053,22070,22603,21783,21630,21967,102461,21396,20572,20286,20312,19895,69149,17663,16317,13942,12410,8817,49538,9855,10383,9973,9814,9513,40046,9395,8508,7988,7256,6899,27320,6449,5753,5451,5141,4526,17178,4231,3883,3456,2951,2657,7312,2170,1777,1285,1182,898,1661,619,378,334,199,131,359
104年 8月底,總計,2701571,147070,28280,29716,31694,31327,26053,108988,22511,21326,22155,21597,21399,123195,22189,22533,24931,24950,28592,147736,29281,27804,29097,30681,30873,150383,30735,29981,30125,29428,30114,158125,31580,31122,31304,31079,33040,219299,38227,40620,44379,47470,48603,235476,48360,48781,45435,47592,45308,205850,41319,41136,40298,40853,42244,207405,42352,42435,41131,40305,41182,208996,42188,42105,42361,41375,40967,205299,41442,41814,40847,39345,41851,192457,40738,38296,38224,38004,37195,129623,32362,30893,26046,23578,16744,89350,17657,18920,18114,17678,16981,69258,16247,14965,13601,12650,11795,49869,11177,10186,9822,9705,8979,34252,8498,7671,6868,5940,5275,14779,4388,3562,2660,2375,1794,3397,1245,835,607,436,274,764
104年 8月底,男,1294376,75639,14558,15270,16273,16079,13459,56759,11608,11222,11475,11205,11249,64423,11722,11847,13014,13049,14791,76809,15329,14523,15192,15764,16001,77792,15896,15586,15410,15204,15696,78361,16145,15803,15378,15227,15808,103069,18072,19274,20974,22146,22603,110070,22523,22766,21433,22302,21046,95185,18988,19308,18720,18761,19408,95868,19566,19555,18941,18742,19064,97599,19769,19664,19727,19145,19294,95245,19292,19337,18984,18117,19515,89756,19090,17957,17863,17674,17172,59821,14709,14314,12077,10885,7836,39903,7931,8546,8077,7865,7484,29129,6812,6445,5633,5325,4914,22433,4604,4457,4414,4486,4472,17019,4236,3816,3376,2981,2610,7394,2201,1737,1367,1188,901,1695,603,438,295,221,138,407
104年 8月底,女,1407195,71431,13722,14446,15421,15248,12594,52229,10903,10104,10680,10392,10150,58772,10467,10686,11917,11901,13801,70927,13952,13281,13905,14917,14872,72591,14839,14395,14715,14224,14418,79764,15435,15319,15926,15852,17232,116230,20155,21346,23405,25324,26000,125406,25837,26015,24002,25290,24262,110665,22331,21828,21578,22092,22836,111537,22786,22880,22190,21563,22118,111397,22419,22441,22634,22230,21673,110054,22150,22477,21863,21228,22336,102701,21648,20339,20361,20330,20023,69802,17653,16579,13969,12693,8908,49447,9726,10374,10037,9813,9497,40129,9435,8520,7968,7325,6881,27436,6573,5729,5408,5219,4507,17233,4262,3855,3492,2959,2665,7385,2187,1825,1293,1187,893,1702,642,397,312,215,136,357
104年 9月底,總計,2700115,147474,28019,30046,31086,31756,26567,108967,22353,21519,21985,21636,21474,121845,22030,22572,24366,25016,27861,147527,29541,27936,28261,30883,30906,149911,30542,30024,30114,29365,29866,157822,31584,30828,31571,31092,32747,218398,37697,40339,44102,47355,48905,235962,48082,48774,46115,46616,46375,205334,41088,41283,40276,40633,42054,207246,42372,42467,41363,40006,41038,208690,41978,42185,42266,41377,40884,205199,41433,41659,40924,38918,42265,192613,40796,38189,38254,38146,37228,131341,32498,31406,26196,23773,17468,88894,17181,18829,18165,17697,17022,69433,16310,15116,13619,12762,11626,49905,11331,10186,9794,9720,8874,34387,8578,7706,6937,5963,5203,14938,4479,3591,2663,2415,1790,3460,1282,838,610,457,273,769
104年 9月底,男,1293595,75784,14390,15435,15984,16302,13673,56765,11594,11239,11446,11188,11298,63768,11607,11921,12706,13079,14455,76662,15417,14611,14788,15863,15983,77549,15777,15616,15427,15118,15611,78286,16198,15605,15549,15265,15669,102561,17808,19072,20850,22100,22731,110345,22447,22723,21780,21833,21562,95012,18928,19297,18850,18645,19292,95849,19598,19548,19069,18601,19033,97461,19626,19713,19632,19176,19314,95139,19239,19265,18997,17925,19713,89802,19073,17971,17863,17659,17236,60606,14824,14520,12199,10930,8133,39722,7763,8465,8142,7876,7476,29237,6862,6540,5611,5414,4810,22354,4667,4454,4368,4459,4406,17102,4282,3830,3416,2978,2596,7453,2226,1754,1371,1198,904,1734,632,438,293,228,143,404
104年 9月底,女,1406520,71690,13629,14611,15102,15454,12894,52202,10759,10280,10539,10448,10176,58077,10423,10651,11660,11937,13406,70865,14124,13325,13473,15020,14923,72362,14765,14408,14687,14247,14255,79536,15386,15223,16022,15827,17078,115837,19889,21267,23252,25255,26174,125617,25635,26051,24335,24783,24813,110322,22160,21986,21426,21988,22762,111397,22774,22919,22294,21405,22005,111229,22352,22472,22634,22201,21570,110060,22194,22394,21927,20993,22552,102811,21723,20218,20391,20487,19992,70735,17674,16886,13997,12843,9335,49172,9418,10364,10023,9821,9546,40196,9448,8576,8008,7348,6816,27551,6664,5732,5426,5261,4468,17285,4296,3876,3521,2985,2607,7485,2253,1837,1292,1217,886,1726,650,400,317,229,130,365
104年 10月底,總計,2701514,148215,27798,30572,30129,32517,27199,108928,21983,21845,21837,21711,21552,120780,21769,22760,23914,25180,27157,147229,29894,28078,27466,31199,30592,149983,30684,30009,30092,29471,29727,157604,31662,30373,32117,30989,32463,217638,37185,40486,43724,47030,49213,236639,47711,49000,46875,45361,47692,205172,40873,41691,40275,40326,42007,207136,42567,42133,41684,39762,40990,208515,42045,41825,42583,41430,40632,205237,41654,41682,40837,39463,41601,193373,41097,38352,38063,38213,37648,133121,32778,31607,26404,23940,18392,88377,16547,18824,18341,17670,16995,69833,16474,15134,13708,12729,11788,49972,11374,10164,9749,9670,9015,34437,8550,7671,6951,6012,5253,15064,4492,3612,2716,2398,1846,3506,1276,865,624,467,274,755
104年 10月底,男,1294125,76210,14384,15631,15477,16738,13980,56688,11483,11310,11399,11228,11268,63285,11516,12028,12473,13136,14132,76467,15569,14699,14310,16093,15796,77604,15881,15616,15388,15158,15561,78217,16232,15383,15867,15272,15463,102256,17537,19201,20645,21946,22927,110699,22212,22859,22121,21218,22289,94960,18803,19430,18932,18540,19255,95769,19597,19439,19217,18458,19058,97247,19613,19566,19707,19220,19141,95141,19413,19296,18908,18183,19341,90152,19205,18086,17735,17725,17401,61422,14971,14607,12294,11002,8548,39532,7551,8439,8214,7899,7429,29431,6985,6501,5655,5398,4892,22268,4653,4423,4360,4414,4418,17124,4270,3824,3421,2988,2621,7514,2241,1751,1378,1211,933,1746,621,456,298,231,140,393
104年 10月底,女,1407389,72005,13414,14941,14652,15779,13219,52240,10500,10535,10438,10483,10284,57495,10253,10732,11441,12044,13025,70762,14325,13379,13156,15106,14796,72379,14803,14393,14704,14313,14166,79387,15430,14990,16250,15717,17000,115382,19648,21285,23079,25084,26286,125940,25499,26141,24754,24143,25403,110212,22070,22261,21343,21786,22752,111367,22970,22694,22467,21304,21932,111268,22432,22259,22876,22210,21491,110096,22241,22386,21929,21280,22260,103221,21892,20266,20328,20488,20247,71699,17807,17000,14110,12938,9844,48845,8996,10385,10127,9771,9566,40402,9489,8633,8053,7331,6896,27704,6721,5741,5389,5256,4597,17313,4280,3847,3530,3024,2632,7550,2251,1861,1338,1187,913,1760,655,409,326,236,134,362
104年 11月底,總計,2702809,148680,27722,30790,29445,32939,27784,109041,21939,21879,21529,22038,21656,119731,21716,22747,23550,25309,26409,146877,30188,28380,26784,31128,30397,150291,31075,30038,30037,29444,29697,157436,31800,30010,32780,30965,31881,216746,36814,40464,43585,46700,49183,237399,47925,48995,47122,44474,48883,205066,41237,41390,40326,40393,41720,207238,42527,42343,41599,39705,41064,208221,41613,42095,42498,41369,40646,205220,41618,41634,40971,39622,41375,193797,40890,38753,38091,38082,37981,134743,33088,31695,26902,24063,18995,88034,16306,18721,18277,17709,17021,70175,16589,15275,13706,12807,11798,50075,11387,10272,9646,9713,9057,34614,8525,7752,6976,6032,5329,15141,4521,3611,2742,2400,1867,3540,1285,885,643,455,272,744
104年 11月底,男,1294629,76476,14401,15702,15133,16964,14276,56709,11438,11295,11274,11416,11286,62753,11494,12031,12245,13249,13734,76271,15697,14827,14012,16041,15694,77717,16080,15600,15373,15160,15504,78215,16327,15191,16254,15281,15162,101871,17364,19205,20618,21822,22862,111111,22369,22842,22208,20790,22902,94974,18940,19291,18973,18598,19172,95741,19535,19560,19102,18388,19156,97010,19346,19732,19617,19206,19109,95148,19431,19252,19000,18262,19203,90403,19138,18219,17736,17719,17591,62164,15118,14608,12574,11023,8841,39334,7387,8445,8201,7938,7363,29634,7095,6544,5703,5363,4929,22224,4647,4456,4295,4414,4412,17186,4258,3858,3411,3010,2649,7540,2263,1741,1374,1229,933,1767,637,457,309,221,143,381
104年 11月底,女,1408180,72204,13321,15088,14312,15975,13508,52332,10501,10584,10255,10622,10370,56978,10222,10716,11305,12060,12675,70606,14491,13553,12772,15087,14703,72574,14995,14438,14664,14284,14193,79221,15473,14819,16526,15684,16719,114875,19450,21259,22967,24878,26321,126288,25556,26153,24914,23684,25981,110092,22297,22099,21353,21795,22548,111497,22992,22783,22497,21317,21908,111211,22267,22363,22881,22163,21537,110072,22187,22382,21971,21360,22172,103394,21752,20534,20355,20363,20390,72579,17970,17087,14328,13040,10154,48700,8919,10276,10076,9771,9658,40541,9494,8731,8003,7444,6869,27851,6740,5816,5351,5299,4645,17428,4267,3894,3565,3022,2680,7601,2258,1870,1368,1171,934,1773,648,428,334,234,129,363
104年 12月底,總計,2704810,149643,27783,31224,28814,33507,28315,108917,21701,22046,21307,22203,21660,118868,21775,22670,23435,25249,25739,146766,30672,28358,26384,31187,30165,150573,31297,30147,30004,29730,29395,157350,31905,29662,33487,30922,31374,215939,36518,40528,43378,46538,48977,238221,47998,49188,47551,43503,49981,205010,41404,41340,40473,40253,41540,207390,42479,42432,41583,39590,41306,208151,41161,42366,42461,41409,40754,204969,41468,41350,41280,39572,41299,193831,40816,38744,38275,37850,38146,136418,33620,31764,27295,24523,19216,88017,16454,18444,18428,17642,17049,70435,16678,15353,13742,12879,11783,50039,11385,10248,9668,9608,9130,34697,8540,7792,6978,6005,5382,15251,4573,3557,2820,2405,1896,3579,1313,902,635,459,270,746
104年 12月底,男,1295462,76979,14408,15983,14804,17249,14535,56619,11314,11392,11175,11484,11254,62292,11536,12006,12195,13189,13366,76179,15970,14836,13789,16080,15504,77914,16259,15585,15394,15345,15331,78160,16379,15048,16604,15236,14893,101544,17257,19228,20430,21794,22835,111538,22425,22857,22380,20344,23532,94950,19032,19220,19054,18530,19114,95771,19542,19546,19119,18344,19220,97020,19168,19803,19619,19287,19143,94967,19385,19049,19210,18172,19151,90494,19146,18216,17801,17661,17670,62858,15352,14574,12730,11228,8974,39324,7456,8319,8267,7917,7365,29766,7202,6523,5736,5393,4912,22121,4660,4403,4261,4377,4420,17201,4247,3879,3409,3013,2653,7601,2291,1719,1393,1255,943,1785,650,458,304,225,148,379
104年 12月底,女,1409348,72664,13375,15241,14010,16258,13780,52298,10387,10654,10132,10719,10406,56576,10239,10664,11240,12060,12373,70587,14702,13522,12595,15107,14661,72659,15038,14562,14610,14385,14064,79190,15526,14614,16883,15686,16481,114395,19261,21300,22948,24744,26142,126683,25573,26331,25171,23159,26449,110060,22372,22120,21419,21723,22426,111619,22937,22886,22464,21246,22086,111131,21993,22563,22842,22122,21611,110002,22083,22301,22070,21400,22148,103337,21670,20528,20474,20189,20476,73560,18268,17190,14565,13295,10242,48693,8998,10125,10161,9725,9684,40669,9476,8830,8006,7486,6871,27918,6725,5845,5407,5231,4710,17496,4293,3913,3569,2992,2729,7650,2282,1838,1427,1150,953,1794,663,444,331,234,122,367
105年 1月底,總計,2704974,149936,27641,31459,28277,33964,28595,108902,21766,22018,21169,22328,21621,118321,21750,22659,23204,25232,25476,146269,30583,28486,26185,30838,30177,150696,31547,30031,30123,29663,29332,157080,31891,29433,33958,30862,30936,215020,36237,40564,42988,46296,48935,238735,48205,49115,47846,42999,50570,204716,41523,41215,40556,40002,41420,207319,42562,42318,41763,39786,40890,207865,41075,42253,42368,41474,40695,204752,41449,41046,41683,39504,41070,194006,40736,39053,37962,37968,38287,138285,33757,32188,27671,24965,19704,87676,16102,18341,18390,17706,17137,70776,16682,15332,13922,12994,11846,50011,11416,10295,9662,9509,9129,34827,8633,7813,6955,6074,5352,15364,4598,3593,2857,2394,1922,3672,1351,930,627,470,294,746
105年 1月底,男,1295411,77177,14353,16168,14473,17466,14717,56564,11342,11350,11054,11586,11232,61992,11510,12008,12084,13189,13201,75972,15942,14864,13692,15934,15540,77893,16353,15538,15415,15315,15272,78123,16411,14995,16775,15288,14654,101114,17165,19216,20202,21716,22815,111822,22553,22868,22540,20078,23783,94847,19124,19141,19068,18413,19101,95709,19608,19428,19225,18407,19041,96854,19146,19706,19607,19358,19037,94842,19378,18965,19399,18086,19014,90630,19104,18348,17680,17763,17735,63688,15468,14658,12899,11441,9222,39183,7291,8311,8186,7991,7404,29915,7221,6497,5838,5419,4940,22011,4672,4398,4231,4325,4385,17251,4291,3882,3394,3039,2645,7621,2288,1738,1402,1249,944,1828,668,462,310,230,158,375
105年 1月底,女,1409563,72759,13288,15291,13804,16498,13878,52338,10424,10668,10115,10742,10389,56329,10240,10651,11120,12043,12275,70297,14641,13622,12493,14904,14637,72803,15194,14493,14708,14348,14060,78957,15480,14438,17183,15574,16282,113906,19072,21348,22786,24580,26120,126913,25652,26247,25306,22921,26787,109869,22399,22074,21488,21589,22319,111610,22954,22890,22538,21379,21849,111011,21929,22547,22761,22116,21658,109910,22071,22081,22284,21418,22056,103376,21632,20705,20282,20205,20552,74597,18289,17530,14772,13524,10482,48493,8811,10030,10204,9715,9733,40861,9461,8835,8084,7575,6906,28000,6744,5897,5431,5184,4744,17576,4342,3931,3561,3035,2707,7743,2310,1855,1455,1145,978,1844,683,468,317,240,136,371
105年 2月底,總計,2704410,149997,27397,31547,28364,33657,29032,108977,21819,21872,21113,22473,21700,117651,21654,22556,23075,25259,25107,146082,30342,28710,26123,30634,30273,150487,31236,30184,30065,29632,29370,156999,31669,29743,33812,30831,30944,214104,35872,40281,42831,46091,49029,238768,47986,49434,47981,42918,50449,204887,41870,41179,40550,39884,41404,206986,42408,42340,41619,40246,40373,207984,40982,42333,42143,41555,40971,204449,40839,41379,41881,38898,41452,193817,40293,39118,38420,37721,38265,140259,34522,31769,28202,25179,20587,87207,15862,18130,18401,17792,17022,71055,16703,15504,14022,13021,11805,50044,11461,10302,9646,9478,9157,34770,8584,7801,6924,6102,5359,15394,4643,3609,2863,2384,1895,3745,1387,948,644,461,305,748
105年 2月底,男,1295039,77212,14223,16212,14488,17335,14954,56627,11384,11321,10980,11649,11293,61646,11447,11945,12027,13211,13016,75881,15804,14966,13679,15873,15559,77769,16165,15652,15433,15225,15294,78157,16306,15166,16733,15226,14726,100716,17024,19014,20234,21539,22905,111819,22374,23074,22624,20057,23690,94950,19324,19172,19037,18333,19084,95589,19575,19410,19187,18567,18850,96835,19102,19693,19544,19418,19078,94699,19127,19078,19435,17985,19074,90544,18838,18443,17858,17634,17771,64551,15821,14449,13143,11558,9580,39017,7225,8210,8143,8052,7387,29995,7229,6575,5881,5438,4872,21944,4702,4395,4236,4290,4321,17213,4274,3894,3369,3023,2653,7643,2309,1752,1405,1244,933,1859,680,460,324,233,162,373
105年 2月底,女,1409371,72785,13174,15335,13876,16322,14078,52350,10435,10551,10133,10824,10407,56005,10207,10611,11048,12048,12091,70201,14538,13744,12444,14761,14714,72718,15071,14532,14632,14407,14076,78842,15363,14577,17079,15605,16218,113388,18848,21267,22597,24552,26124,126949,25612,26360,25357,22861,26759,109937,22546,22007,21513,21551,22320,111397,22833,22930,22432,21679,21523,111149,21880,22640,22599,22137,21893,109750,21712,22301,22446,20913,22378,103273,21455,20675,20562,20087,20494,75708,18701,17320,15059,13621,11007,48190,8637,9920,10258,9740,9635,41060,9474,8929,8141,7583,6933,28100,6759,5907,5410,5188,4836,17557,4310,3907,3555,3079,2706,7751,2334,1857,1458,1140,962,1886,707,488,320,228,143,375
105年 3月底,總計,2704495,150277,27608,31488,28547,33446,29188,109039,22140,21730,21066,22419,21684,117490,21695,22617,23127,25049,25002,145522,30076,28588,26378,30259,30221,150469,31162,30274,30080,29685,29268,156894,31309,30369,33365,30931,30920,213378,35671,40090,42408,46231,48978,238911,48022,49364,48081,43457,49987,205123,42247,41236,40552,39962,41126,206793,42325,42196,41788,40270,40214,207810,40848,42256,42073,41751,40882,203997,40708,41219,42249,38942,40879,193949,40390,39338,38220,37880,38121,142244,34359,32411,28848,25462,21164,86801,15673,17950,18436,17782,16960,71242,16687,15564,14128,13035,11828,49988,11394,10377,9715,9337,9165,34725,8494,7762,7042,6031,5396,15362,4622,3586,2926,2352,1876,3743,1391,948,644,459,301,738
105年 3月底,男,1294885,77380,14337,16190,14620,17185,15048,56631,11485,11306,10970,11605,11265,61586,11424,12025,12067,13104,12966,75587,15620,14925,13776,15726,15540,77704,16085,15747,15419,15254,15199,78174,16114,15512,16486,15268,14794,100360,16916,18900,20038,21678,22828,111957,22397,23073,22580,20381,23526,95078,19510,19169,19021,18438,18940,95497,19488,19341,19289,18589,18790,96645,18965,19725,19545,19445,18965,94550,19125,18999,19576,18083,18767,90562,18875,18535,17793,17671,17688,65456,15817,14730,13368,11728,9813,38834,7198,8088,8174,7992,7382,30073,7233,6620,5924,5445,4851,21834,4696,4376,4232,4222,4308,17141,4210,3857,3480,2935,2659,7622,2307,1734,1437,1222,922,1851,687,444,328,234,158,363
105年 3月底,女,1409610,72897,13271,15298,13927,16261,14140,52408,10655,10424,10096,10814,10419,55904,10271,10592,11060,11945,12036,69935,14456,13663,12602,14533,14681,72765,15077,14527,14661,14431,14069,78720,15195,14857,16879,15663,16126,113018,18755,21190,22370,24553,26150,126954,25625,26291,25501,23076,26461,110045,22737,22067,21531,21524,22186,111296,22837,22855,22499,21681,21424,111165,21883,22531,22528,22306,21917,109447,21583,22220,22673,20859,22112,103387,21515,20803,20427,20209,20433,76788,18542,17681,15480,13734,11351,47967,8475,9862,10262,9790,9578,41169,9454,8944,8204,7590,6977,28154,6698,6001,5483,5115,4857,17584,4284,3905,3562,3096,2737,7740,2315,1852,1489,1130,954,1892,704,504,316,225,143,375
105年 4月底,總計,2703829,149990,27455,31449,28723,33037,29326,109233,22464,21539,21063,22428,21739,117156,21537,22647,23133,24927,24912,144947,29763,28555,26656,29843,30130,150618,31136,30223,30097,29756,29406,156740,31084,30652,32898,31074,31032,212268,35349,40005,42124,46128,48662,239047,48352,49140,48164,43813,49578,205412,42511,41419,40394,40068,41020,206658,42307,42038,42025,40200,40088,207618,40797,42121,41926,41945,40829,203728,40782,40978,42260,39281,40427,194075,40495,39611,38307,37566,38096,143761,34350,31752,30337,25267,22055,86678,15571,17876,18487,17772,16972,71419,16663,15563,14326,13040,11827,49960,11367,10453,9716,9215,9209,34732,8497,7687,7056,6015,5477,15305,4494,3681,2934,2327,1869,3755,1394,957,643,456,305,729
105年 4月底,男,1294385,77217,14229,16198,14720,16938,15132,56686,11615,11213,10942,11639,11277,61405,11339,12008,12115,12994,12949,75273,15435,14953,13895,15531,15459,77758,16109,15686,15481,15249,15233,78212,16037,15668,16217,15349,14941,99801,16742,18840,19926,21638,22655,112000,22594,22976,22583,20610,23237,95265,19732,19202,18911,18494,18926,95423,19421,19401,19389,18542,18670,96562,18960,19658,19521,19480,18943,94441,19166,18852,19651,18210,18562,90591,18927,18626,17864,17448,17726,66157,15849,14420,14002,11702,10184,38777,7123,8053,8228,7978,7395,30143,7273,6565,6032,5428,4845,21763,4695,4365,4251,4138,4314,17106,4182,3853,3458,2923,2690,7591,2231,1790,1439,1195,936,1852,683,448,331,230,160,362
105年 4月底,女,1409444,72773,13226,15251,14003,16099,14194,52547,10849,10326,10121,10789,10462,55751,10198,10639,11018,11933,11963,69674,14328,13602,12761,14312,14671,72860,15027,14537,14616,14507,14173,78528,15047,14984,16681,15725,16091,112467,18607,21165,22198,24490,26007,127047,25758,26164,25581,23203,26341,110147,22779,22217,21483,21574,22094,111235,22886,22637,22636,21658,21418,111056,21837,22463,22405,22465,21886,109287,21616,22126,22609,21071,21865,103484,21568,20985,20443,20118,20370,77604,18501,17332,16335,13565,11871,47901,8448,9823,10259,9794,9577,41276,9390,8998,8294,7612,6982,28197,6672,6088,5465,5077,4895,17626,4315,3834,3598,3092,2787,7714,2263,1891,1495,1132,933,1903,711,509,312,226,145,367
105年 5月底,總計,2702930,149840,27654,31282,28917,32701,29286,109247,22763,21286,21103,22355,21740,116884,21487,22688,23242,24632,24835,144365,29443,28479,26901,29492,30050,150685,31033,30314,30039,29908,29391,156730,30882,30912,32601,31213,31122,211344,35022,39909,42012,45949,48452,238942,48523,49096,48257,44094,48972,205724,42956,41522,40288,39940,41018,206523,42108,42210,41980,40268,39957,207507,40735,42038,41821,41929,40984,203451,40720,40826,42118,39710,40077,194067,40597,39725,38407,37314,38024,145009,35267,31945,29861,25674,22262,86772,15698,17733,18566,17784,16991,71467,16549,15597,14339,13111,11871,49841,11310,10443,9701,9228,9159,34667,8447,7744,7040,6043,5393,15358,4527,3678,2981,2266,1906,3784,1406,959,646,455,318,723
105年 5月底,男,1293702,77117,14358,16046,14855,16744,15114,56660,11796,11010,11032,11570,11252,61259,11322,12043,12161,12859,12874,74941,15276,14919,14024,15313,15409,77776,16109,15707,15474,15281,15205,78234,15941,15786,16102,15357,15048,99349,16554,18783,19869,21615,22528,111939,22708,22935,22549,20871,22876,95414,19981,19209,18860,18467,18897,95360,19320,19509,19396,18564,18571,96493,18837,19726,19434,19489,19007,94355,19184,18782,19556,18376,18457,90551,18876,18717,17894,17429,17635,66724,16233,14500,13819,11889,10283,38814,7186,7952,8315,7985,7376,30180,7266,6554,6069,5427,4864,21666,4674,4338,4232,4149,4273,17030,4147,3845,3452,2932,2654,7617,2255,1787,1450,1171,954,1861,690,446,334,230,161,362
105年 5月底,女,1409228,72723,13296,15236,14062,15957,14172,52587,10967,10276,10071,10785,10488,55625,10165,10645,11081,11773,11961,69424,14167,13560,12877,14179,14641,72909,14924,14607,14565,14627,14186,78496,14941,15126,16499,15856,16074,111995,18468,21126,22143,24334,25924,127003,25815,26161,25708,23223,26096,110310,22975,22313,21428,21473,22121,111163,22788,22701,22584,21704,21386,111014,21898,22312,22387,22440,21977,109096,21536,22044,22562,21334,21620,103516,21721,21008,20513,19885,20389,78285,19034,17445,16042,13785,11979,47958,8512,9781,10251,9799,9615,41287,9283,9043,8270,7684,7007,28175,6636,6105,5469,5079,4886,17637,4300,3899,3588,3111,2739,7741,2272,1891,1531,1095,952,1923,716,513,312,225,157,361
105年 6月底,總計,2702925,149955,27622,31307,29090,32338,29598,109504,23234,21052,21109,22432,21677,116681,21514,22677,23179,24502,24809,143874,29042,28476,26918,29412,30026,150680,30895,30367,30049,30016,29353,156729,30559,31186,32124,31453,31407,210116,34566,39702,41776,45789,48283,239146,48685,48977,48451,44378,48655,206267,43355,41676,40129,40042,41065,206317,41987,42090,42008,40318,39914,207477,40711,42132,41735,41801,41098,203199,40734,40810,41785,39946,39924,194068,40606,39861,38412,37449,37740,146050,36022,31988,29888,25689,22463,86825,15937,17592,18615,17701,16980,71685,16574,15687,14411,13085,11928,49825,11296,10511,9648,9223,9147,34533,8355,7744,7047,6055,5332,15474,4589,3686,2970,2291,1938,3789,1421,956,638,473,301,731
105年 6月底,男,1293639,77251,14360,16119,14913,16572,15287,56751,12011,10889,11058,11593,11200,61273,11369,12038,12169,12767,12930,74598,15004,14930,14040,15232,15392,77792,16029,15742,15476,15363,15182,78260,15803,15891,15939,15437,15190,98791,16359,18702,19682,21591,22457,112024,22720,22948,22622,20961,22773,95684,20176,19253,18763,18560,18932,95274,19266,19469,19370,18590,18579,96412,18799,19784,19357,19463,19009,94289,19210,18818,19342,18542,18377,90492,18890,18723,17909,17472,17498,67173,16629,14458,13842,11902,10342,38881,7349,7844,8357,7952,7379,30292,7294,6566,6145,5375,4912,21590,4657,4351,4200,4117,4265,16925,4084,3845,3460,2908,2628,7660,2272,1800,1444,1179,965,1858,691,449,332,236,150,369
105年 6月底,女,1409286,72704,13262,15188,14177,15766,14311,52753,11223,10163,10051,10839,10477,55408,10145,10639,11010,11735,11879,69276,14038,13546,12878,14180,14634,72888,14866,14625,14573,14653,14171,78469,14756,15295,16185,16016,16217,111325,18207,21000,22094,24198,25826,127122,25965,26029,25829,23417,25882,110583,23179,22423,21366,21482,22133,111043,22721,22621,22638,21728,21335,111065,21912,22348,22378,22338,22089,108910,21524,21992,22443,21404,21547,103576,21716,21138,20503,19977,20242,78877,19393,17530,16046,13787,12121,47944,8588,9748,10258,9749,9601,41393,9280,9121,8266,7710,7016,28235,6639,6160,5448,5106,4882,17608,4271,3899,3587,3147,2704,7814,2317,1886,1526,1112,973,1931,730,507,306,237,151,362
105年 7月底,總計,2701645,149709,27364,31204,29457,31790,29894,109696,23749,20701,21189,22382,21675,116433,21584,22583,23172,24353,24741,143202,28419,28511,27154,28915,30203,150376,30666,30368,29943,30000,29399,156639,30315,31498,31696,31612,31518,208915,34303,39436,41505,45475,48196,239176,48730,48822,48631,44822,48171,206642,44040,41449,40237,40044,40872,206106,41820,42032,41952,40421,39881,207234,40736,41964,41561,41982,40991,202873,40639,40834,41475,40282,39643,194302,40739,40068,38136,37820,37539,146964,36633,31946,30019,25610,22756,87133,16170,17538,18627,17639,17159,71788,16541,15731,14409,13130,11977,49777,11261,10505,9677,9268,9066,34577,8326,7764,7084,6089,5314,15555,4628,3706,2981,2279,1961,3826,1442,946,641,483,314,722
105年 7月底,男,1292896,77147,14230,16043,15161,16274,15439,56856,12272,10711,11089,11589,11195,61121,11348,12008,12143,12713,12909,74250,14650,14961,14149,15039,15451,77585,15881,15735,15475,15315,15179,78296,15683,16053,15807,15491,15262,98258,16232,18586,19552,21441,22447,112075,22688,22804,22818,21148,22617,95808,20467,19116,18843,18553,18829,95172,19208,19422,19353,18599,18590,96253,18833,19622,19316,19550,18932,94099,19114,18936,19140,18706,18203,90636,18965,18859,17738,17686,17388,67583,16902,14463,13875,11824,10519,39100,7483,7829,8393,7859,7536,30308,7239,6580,6140,5389,4960,21474,4649,4326,4184,4108,4207,16950,4085,3843,3469,2938,2615,7677,2266,1821,1437,1172,981,1883,706,443,343,232,159,365
105年 7月底,女,1408749,72562,13134,15161,14296,15516,14455,52840,11477,9990,10100,10793,10480,55312,10236,10575,11029,11640,11832,68952,13769,13550,13005,13876,14752,72791,14785,14633,14468,14685,14220,78343,14632,15445,15889,16121,16256,110657,18071,20850,21953,24034,25749,127101,26042,26018,25813,23674,25554,110834,23573,22333,21394,21491,22043,110934,22612,22610,22599,21822,21291,110981,21903,22342,22245,22432,22059,108774,21525,21898,22335,21576,21440,103666,21774,21209,20398,20134,20151,79381,19731,17483,16144,13786,12237,48033,8687,9709,10234,9780,9623,41480,9302,9151,8269,7741,7017,28303,6612,6179,5493,5160,4859,17627,4241,3921,3615,3151,2699,7878,2362,1885,1544,1107,980,1943,736,503,298,251,155,357
105年 8月底,總計,2698591,149651,27226,31126,29725,31212,30362,109876,24219,20464,21293,22168,21732,115871,21562,22462,23151,24139,24557,142241,27860,28601,27290,28357,30133,149984,30414,30394,29815,29974,29387,156446,30094,31676,31379,31738,31559,207169,33856,39030,41306,45036,47941,238746,48918,48532,48705,45262,47329,206920,44899,40945,40701,39917,40458,205985,41838,41843,41954,40547,39803,206776,40718,41640,41618,41917,40883,202117,40521,40988,41317,40396,38895,195077,41453,40299,37863,37879,37583,148059,36815,31979,30438,25654,23173,87345,16485,17337,18547,17728,17248,71899,16522,15710,14468,13074,12125,49707,11228,10598,9627,9225,9029,34549,8308,7778,7022,6158,5283,15595,4608,3751,3021,2259,1956,3855,1433,985,649,463,325,723
105年 8月底,男,1291456,77091,14139,16023,15283,16046,15600,57024,12509,10575,11192,11478,11270,60773,11336,11869,12164,12589,12815,73764,14394,14938,14254,14762,15416,77336,15723,15702,15504,15294,15113,78319,15625,16113,15770,15451,15360,97443,16040,18310,19506,21229,22358,111860,22747,22673,22804,21437,22199,95990,20906,18801,19103,18543,18637,95085,19217,19340,19354,18673,18501,96117,18854,19472,19399,19482,18910,93754,19037,19027,19083,18758,17849,90972,19307,18878,17710,17659,17418,68037,16970,14510,14059,11842,10656,39276,7713,7741,8323,7880,7619,30374,7236,6551,6179,5356,5052,21331,4615,4320,4165,4110,4121,16952,4089,3846,3440,2969,2608,7692,2258,1856,1448,1152,978,1898,705,467,338,225,163,368
105年 8月底,女,1407135,72560,13087,15103,14442,15166,14762,52852,11710,9889,10101,10690,10462,55098,10226,10593,10987,11550,11742,68477,13466,13663,13036,13595,14717,72648,14691,14692,14311,14680,14274,78127,14469,15563,15609,16287,16199,109726,17816,20720,21800,23807,25583,126886,26171,25859,25901,23825,25130,110930,23993,22144,21598,21374,21821,110900,22621,22503,22600,21874,21302,110659,21864,22168,22219,22435,21973,108363,21484,21961,22234,21638,21046,104105,22146,21421,20153,20220,20165,80022,19845,17469,16379,13812,12517,48069,8772,9596,10224,9848,9629,41525,9286,9159,8289,7718,7073,28376,6613,6278,5462,5115,4908,17597,4219,3932,3582,3189,2675,7903,2350,1895,1573,1107,978,1957,728,518,311,238,162,355
105年 9月底,總計,2696316,149465,26969,30984,30039,30629,30844,110162,24622,20441,21339,21994,21766,115280,21629,22301,22954,23825,24571,141264,27159,28870,27382,27489,30364,149813,30467,30197,29865,29958,29326,156227,29847,31688,31113,31965,31614,205625,33571,38461,41049,44742,47802,238367,49184,48246,48671,45923,46343,207583,45932,40708,40834,39874,40235,205792,41634,41829,42015,40784,39530,206405,40555,41431,41701,41827,40891,201489,40415,40992,41191,40442,38449,195565,41859,40357,37770,37870,37709,148990,36799,32107,30945,25797,23342,87536,17195,16860,18452,17780,17249,72208,16506,15775,14606,13095,12226,49664,11060,10750,9617,9200,9037,34590,8220,7843,7030,6229,5268,15672,4554,3838,3049,2232,1999,3891,1431,1014,646,466,334,728
105年 9月底,男,1290311,77024,13979,16001,15447,15754,15843,57137,12686,10615,11146,11441,11249,60454,11361,11760,12114,12406,12813,73305,14061,15044,14323,14324,15553,77177,15700,15591,15534,15324,15028,78321,15549,16174,15598,15592,15408,96692,15901,18038,19351,21095,22307,111677,22854,22565,22765,21753,21740,96419,21392,18738,19108,18653,18528,94959,19089,19349,19353,18817,18351,95915,18804,19320,19449,19403,18939,93470,19039,18988,19018,18765,17660,91169,19506,18867,17738,17652,17406,68506,17006,14619,14244,11955,10682,39373,7995,7585,8247,7936,7610,30528,7198,6616,6263,5324,5127,21207,4517,4383,4149,4069,4089,16955,4028,3877,3455,3000,2595,7724,2252,1876,1467,1136,993,1927,716,483,339,228,161,372
105年 9月底,女,1406005,72441,12990,14983,14592,14875,15001,53025,11936,9826,10193,10553,10517,54826,10268,10541,10840,11419,11758,67959,13098,13826,13059,13165,14811,72636,14767,14606,14331,14634,14298,77906,14298,15514,15515,16373,16206,108933,17670,20423,21698,23647,25495,126690,26330,25681,25906,24170,24603,111164,24540,21970,21726,21221,21707,110833,22545,22480,22662,21967,21179,110490,21751,22111,22252,22424,21952,108019,21376,22004,22173,21677,20789,104396,22353,21490,20032,20218,20303,80484,19793,17488,16701,13842,12660,48163,9200,9275,10205,9844,9639,41680,9308,9159,8343,7771,7099,28457,6543,6367,5468,5131,4948,17635,4192,3966,3575,3229,2673,7948,2302,1962,1582,1096,1006,1964,715,531,307,238,173,356
105年 10月底,總計,2696319,149509,26926,30697,30555,29688,31643,110489,25130,20194,21481,21853,21831,114912,21706,22035,22949,23560,24662,140579,26455,29241,27498,26751,30634,149624,30132,30335,29844,29909,29404,156153,29706,31735,30694,32443,31575,204156,33227,37924,41187,44336,47482,237941,49414,47848,48959,46612,45108,208646,47168,40515,41194,39875,39894,205630,41563,42022,41666,41110,39269,206453,40524,41497,41301,42153,40978,201830,40137,41197,41194,40328,38974,195105,41139,40650,37887,37667,37762,150136,37196,32375,31106,25958,23501,87895,18070,16236,18444,17928,17217,72414,16526,15905,14616,13178,12189,49713,11225,10755,9595,9151,8987,34667,8320,7802,7001,6216,5328,15769,4604,3853,3052,2272,1988,3982,1475,1020,656,481,350,716
105年 10月底,男,1290248,77103,14011,15910,15624,15267,16291,57293,12935,10546,11143,11396,11273,60237,11341,11661,12127,12282,12826,72996,13732,15225,14379,13888,15772,77067,15501,15683,15540,15267,15076,78368,15479,16191,15416,15856,15426,95975,15693,17766,19483,20886,22147,111449,23018,22313,22925,22063,21130,97000,22060,18619,19212,18731,18378,94874,19084,19352,19239,18973,18226,95924,18828,19313,19280,19491,19012,93610,18848,19138,19061,18645,17918,90928,19123,18987,17825,17525,17468,69020,17166,14756,14319,12021,10758,39596,8381,7380,8233,7988,7614,30598,7180,6727,6210,5369,5112,21180,4585,4358,4124,4071,4042,16919,4023,3844,3453,3003,2596,7780,2285,1891,1461,1138,1005,1973,737,486,347,231,172,358
105年 10月底,女,1406071,72406,12915,14787,14931,14421,15352,53196,12195,9648,10338,10457,10558,54675,10365,10374,10822,11278,11836,67583,12723,14016,13119,12863,14862,72557,14631,14652,14304,14642,14328,77785,14227,15544,15278,16587,16149,108181,17534,20158,21704,23450,25335,126492,26396,25535,26034,24549,23978,111646,25108,21896,21982,21144,21516,110756,22479,22670,22427,22137,21043,110529,21696,22184,22021,22662,21966,108220,21289,22059,22133,21683,21056,104177,22016,21663,20062,20142,20294,81116,20030,17619,16787,13937,12743,48299,9689,8856,10211,9940,9603,41816,9346,9178,8406,7809,7077,28533,6640,6397,5471,5080,4945,17748,4297,3958,3548,3213,2732,7989,2319,1962,1591,1134,983,2009,738,534,309,250,178,358
105年 11月底,總計,2695652,149324,26667,30722,30806,29059,32070,110877,25612,20249,21372,21527,22117,114665,21828,21933,22805,23318,24781,139629,25708,29528,27765,26113,30515,149631,29894,30674,29850,29880,29333,156311,29660,31795,30269,33068,31519,202505,32569,37524,41091,44161,47160,237370,49323,48085,48906,46849,44207,209872,48350,40866,40890,39901,39865,205264,41243,41978,41825,41059,39159,206145,40585,41069,41565,42007,40919,201948,40095,41187,41104,40441,39121,194869,40920,40424,38266,37630,37629,151376,37448,32678,31184,26462,23604,88097,18648,15985,18342,17858,17264,72718,16535,16025,14707,13191,12260,49725,11235,10745,9704,9020,9021,34753,8347,7791,7070,6223,5322,15845,4672,3877,3036,2286,1974,4018,1496,1004,676,500,342,710
105年 11月底,男,1289721,76997,13858,15985,15714,14922,16518,57505,13187,10574,11040,11251,11453,60085,11367,11614,12052,12120,12932,72497,13349,15348,14492,13606,15702,77082,15380,15855,15513,15273,15061,78489,15421,16248,15189,16230,15401,95211,15344,17586,19424,20836,22021,111093,22909,22476,22885,22130,20693,97671,22665,18752,19074,18799,18381,94655,18983,19305,19336,18891,18140,95790,18922,19059,19432,19372,19005,93680,18799,19168,18992,18731,17990,90797,18983,18904,17951,17490,17469,69573,17303,14872,14331,12305,10762,39743,8656,7209,8226,7980,7672,30650,7109,6825,6229,5416,5071,21144,4618,4332,4163,3985,4046,16932,4007,3856,3472,2996,2601,7794,2310,1901,1447,1131,1005,1978,732,490,349,244,163,355
105年 11月底,女,1405931,72327,12809,14737,15092,14137,15552,53372,12425,9675,10332,10276,10664,54580,10461,10319,10753,11198,11849,67132,12359,14180,13273,12507,14813,72549,14514,14819,14337,14607,14272,77822,14239,15547,15080,16838,16118,107294,17225,19938,21667,23325,25139,126277,26414,25609,26021,24719,23514,112201,25685,22114,21816,21102,21484,110609,22260,22673,22489,22168,21019,110355,21663,22010,22133,22635,21914,108268,21296,22019,22112,21710,21131,104072,21937,21520,20315,20140,20160,81803,20145,17806,16853,14157,12842,48354,9992,8776,10116,9878,9592,42068,9426,9200,8478,7775,7189,28581,6617,6413,5541,5035,4975,17821,4340,3935,3598,3227,2721,8051,2362,1976,1589,1155,969,2040,764,514,327,256,179,355
105年 12月底,總計,2695704,149615,26809,30508,31212,28440,32646,111067,26001,20080,21427,21301,22258,114446,21824,21969,22681,23220,24752,139035,25087,29936,27758,25730,30524,149903,29705,30812,29935,29848,29603,156428,29357,31917,29909,33803,31442,201232,32010,37185,41089,43956,46992,236650,49071,48089,49054,47181,43255,210866,49391,40947,40811,39995,39722,204890,41049,41911,41889,41012,39029,206063,40795,40631,41789,41890,40958,201803,40171,41012,40867,40707,39046,194576,40854,40319,38270,37726,37407,152844,37538,33187,31253,26815,24051,88216,18856,16127,18057,17980,17196,72967,16526,16110,14783,13238,12310,49602,11212,10735,9663,9047,8945,34799,8401,7791,7095,6243,5269,15934,4708,3920,2962,2362,1982,4058,1511,1037,674,501,335,710
105年 12月底,男,1289510,77149,13885,15838,15996,14621,16809,57588,13377,10471,11070,11151,11519,59933,11339,11645,11990,12081,12878,72205,13029,15570,14498,13397,15711,77232,15213,16009,15491,15287,15232,78503,15235,16307,15048,16575,15338,94574,15076,17451,19443,20620,21984,110724,22872,22491,22878,22242,20241,98197,23256,18790,18965,18873,18313,94508,18928,19296,19322,18877,18085,95783,18982,18912,19477,19332,19080,93537,18805,19107,18820,18934,17871,90706,18941,18900,17958,17482,17425,70151,17353,15093,14302,12445,10958,39854,8782,7270,8105,8027,7670,30756,7069,6926,6215,5460,5086,21016,4594,4339,4102,3951,4030,16923,4002,3832,3482,3013,2594,7820,2304,1925,1425,1148,1018,1994,737,503,345,246,163,357
105年 12月底,女,1406194,72466,12924,14670,15216,13819,15837,53479,12624,9609,10357,10150,10739,54513,10485,10324,10691,11139,11874,66830,12058,14366,13260,12333,14813,72671,14492,14803,14444,14561,14371,77925,14122,15610,14861,17228,16104,106658,16934,19734,21646,23336,25008,125926,26199,25598,26176,24939,23014,112669,26135,22157,21846,21122,21409,110382,22121,22615,22567,22135,20944,110280,21813,21719,22312,22558,21878,108266,21366,21905,22047,21773,21175,103870,21913,21419,20312,20244,19982,82693,20185,18094,16951,14370,13093,48362,10074,8857,9952,9953,9526,42211,9457,9184,8568,7778,7224,28586,6618,6396,5561,5096,4915,17876,4399,3959,3613,3230,2675,8114,2404,1995,1537,1214,964,2064,774,534,329,255,172,353
106年 1月底,總計,2695371,149161,26392,30307,31444,27890,33128,111295,26196,20214,21377,21150,22358,114133,21777,21956,22672,22956,24772,138275,24842,29818,27888,25561,30166,150100,29696,31095,29800,29964,29545,156520,29296,31882,29723,34240,31379,199902,31559,36910,41147,43540,46746,236461,48994,48209,48983,47509,42766,211313,50039,41043,40712,40039,39480,205098,40876,42024,41798,41184,39216,205441,40348,40550,41703,41831,41009,201750,40144,40990,40546,41111,38959,194481,40664,40247,38586,37453,37531,154310,37702,33274,31673,27185,24476,88273,19355,15807,17923,17935,17253,73357,16622,16138,14765,13421,12411,49680,11283,10759,9721,9077,8840,35007,8424,7876,7126,6243,5338,15974,4679,3926,3003,2383,1983,4119,1532,1053,697,486,351,721
106年 1月底,男,1289308,76884,13643,15735,16162,14288,17056,57722,13520,10521,11037,11038,11606,59784,11305,11651,11968,11965,12895,71825,12865,15537,14528,13330,15565,77295,15245,16103,15419,15320,15208,78635,15187,16335,15005,16752,15356,93942,14838,17368,19441,20370,21925,110677,22813,22585,22894,22423,19962,98412,23547,18882,18891,18890,18202,94581,18893,19360,19213,18975,18140,95564,18812,18898,19390,19320,19144,93460,18732,19100,18710,19128,17790,90686,18821,18861,18106,17368,17530,70778,17428,15185,14385,12612,11168,39942,9036,7122,8082,7949,7753,30933,7116,6961,6188,5570,5098,21007,4637,4350,4105,3943,3972,16986,3984,3874,3488,3017,2623,7828,2279,1930,1446,1148,1025,2010,739,506,345,249,171,357
106年 1月底,女,1406063,72277,12749,14572,15282,13602,16072,53573,12676,9693,10340,10112,10752,54349,10472,10305,10704,10991,11877,66450,11977,14281,13360,12231,14601,72805,14451,14992,14381,14644,14337,77885,14109,15547,14718,17488,16023,105960,16721,19542,21706,23170,24821,125784,26181,25624,26089,25086,22804,112901,26492,22161,21821,21149,21278,110517,21983,22664,22585,22209,21076,109877,21536,21652,22313,22511,21865,108290,21412,21890,21836,21983,21169,103795,21843,21386,20480,20085,20001,83532,20274,18089,17288,14573,13308,48331,10319,8685,9841,9986,9500,42424,9506,9177,8577,7851,7313,28673,6646,6409,5616,5134,4868,18021,4440,4002,3638,3226,2715,8146,2400,1996,1557,1235,958,2109,793,547,352,237,180,364
106年 2月底,總計,2694195,148910,26452,30082,31512,27957,32907,111389,26329,20239,21276,21099,22446,114003,21883,21876,22671,22757,24816,137614,24528,29565,28057,25524,29940,149967,29828,30697,29980,29862,29600,156320,29213,31655,30025,34205,31222,198769,31481,36580,40928,43268,46512,236632,49113,48082,49127,47618,42692,211438,50029,41274,40645,40047,39443,205169,40725,41854,41830,41172,39588,204739,39819,40455,41885,41502,41078,201322,40367,40487,40775,41323,38370,194700,41098,39729,38639,37907,37327,155260,37645,34024,31258,27704,24629,88790,20203,15577,17777,17895,17338,73577,16498,16202,14912,13510,12455,49665,11286,10765,9733,9058,8823,35013,8444,7842,7096,6251,5380,16034,4673,3967,3014,2397,1983,4150,1515,1087,710,490,348,734
106年 2月底,男,1288568,76730,13638,15617,16208,14292,16975,57757,13592,10524,11035,10954,11652,59758,11375,11596,11967,11879,12941,71507,12704,15404,14590,13331,15478,77168,15295,15857,15535,15304,15177,78540,15136,16238,15174,16755,15237,93450,14869,17230,19274,20362,21715,110834,22943,22443,23018,22480,19950,98444,23496,19029,18896,18858,18165,94612,18833,19316,19203,18991,18269,95296,18602,18871,19418,19213,19192,93331,18763,18921,18777,19162,17708,90609,18890,18557,18199,17559,17404,71255,17448,15536,14171,12834,11266,40130,9374,7058,8001,7882,7815,31072,7109,6964,6269,5603,5127,20923,4570,4372,4093,3946,3942,16920,3923,3864,3488,3011,2634,7859,2274,1952,1452,1153,1028,2017,728,511,350,249,179,356
106年 2月底,女,1405627,72180,12814,14465,15304,13665,15932,53632,12737,9715,10241,10145,10794,54245,10508,10280,10704,10878,11875,66107,11824,14161,13467,12193,14462,72799,14533,14840,14445,14558,14423,77780,14077,15417,14851,17450,15985,105319,16612,19350,21654,22906,24797,125798,26170,25639,26109,25138,22742,112994,26533,22245,21749,21189,21278,110557,21892,22538,22627,22181,21319,109443,21217,21584,22467,22289,21886,107991,21604,21566,21998,22161,20662,104091,22208,21172,20440,20348,19923,84005,20197,18488,17087,14870,13363,48660,10829,8519,9776,10013,9523,42505,9389,9238,8643,7907,7328,28742,6716,6393,5640,5112,4881,18093,4521,3978,3608,3240,2746,8175,2399,2015,1562,1244,955,2133,787,576,360,241,169,378
106年 3月底,總計,2693313,148828,26598,30098,31398,28114,32620,111466,26395,20414,21202,20992,22463,113948,21836,22025,22799,22686,24602,137011,24468,29224,27979,25786,29554,149903,29730,30668,30067,29840,29598,156179,29218,31286,30595,33686,31394,197934,31515,36300,40711,42882,46526,236943,49054,48032,49083,47640,43134,211238,49414,41727,40702,40015,39380,204934,40554,41787,41679,41244,39670,204460,39645,40313,41725,41529,41248,201395,40340,40246,40724,41670,38415,194336,40413,39901,38842,37736,37444,156521,37574,33810,31886,28266,24985,88968,20748,15391,17530,17985,17314,73723,16450,16149,15021,13625,12478,49627,11286,10743,9797,9118,8683,34957,8484,7767,7064,6320,5322,16051,4713,3970,3000,2413,1955,4155,1506,1098,715,491,345,736
106年 3月底,男,1287959,76679,13756,15573,16159,14402,16789,57797,13638,10588,11024,10908,11639,59722,11325,11623,12080,11849,12845,71203,12669,15183,14591,13450,15310,77147,15260,15819,15613,15278,15177,78440,15091,16062,15479,16481,15327,93167,14949,17097,19121,20200,21800,110939,22867,22432,22993,22419,20228,98367,23243,19216,18885,18834,18189,94486,18743,19264,19138,19036,18305,95142,18537,18742,19390,19264,19209,93405,18679,18863,18762,19288,17813,90364,18537,18629,18259,17519,17420,71844,17389,15514,14443,13023,11475,40173,9587,7029,7856,7935,7766,31184,7121,6946,6326,5658,5133,20837,4557,4384,4069,3929,3898,16841,3917,3813,3447,3093,2571,7838,2285,1961,1432,1154,1006,2027,725,529,344,250,179,357
106年 3月底,女,1405354,72149,12842,14525,15239,13712,15831,53669,12757,9826,10178,10084,10824,54226,10511,10402,10719,10837,11757,65808,11799,14041,13388,12336,14244,72756,14470,14849,14454,14562,14421,77739,14127,15224,15116,17205,16067,104767,16566,19203,21590,22682,24726,126004,26187,25600,26090,25221,22906,112871,26171,22511,21817,21181,21191,110448,21811,22523,22541,22208,21365,109318,21108,21571,22335,22265,22039,107990,21661,21383,21962,22382,20602,103972,21876,21272,20583,20217,20024,84677,20185,18296,17443,15243,13510,48795,11161,8362,9674,10050,9548,42539,9329,9203,8695,7967,7345,28790,6729,6359,5728,5189,4785,18116,4567,3954,3617,3227,2751,8213,2428,2009,1568,1259,949,2128,781,569,371,241,166,379
106年 4月底,總計,2692118,147943,26137,30034,31353,28209,32210,111813,26583,20625,21118,21004,22483,113647,21834,21885,22922,22503,24503,136487,24411,28884,27968,26088,29136,149794,29661,30647,30030,29844,29612,155991,29322,31074,30890,33221,31484,197302,31658,35969,40614,42619,46442,237026,48677,48342,48873,47686,43448,211257,49039,41975,40892,39874,39477,204741,40451,41722,41473,41494,39601,204213,39539,40259,41595,41425,41395,201551,40281,40351,40487,41667,38765,194055,39950,40053,39093,37821,37138,157083,37563,33752,31249,29734,24785,89762,21638,15292,17470,18036,17326,73947,16446,16171,15016,13856,12458,49593,11281,10739,9874,9105,8594,34909,8530,7744,7023,6327,5285,16096,4772,3863,3079,2436,1946,4169,1497,1114,722,495,341,739
106年 4月底,男,1287277,76201,13513,15507,16186,14463,16532,58021,13760,10686,10990,10893,11692,59565,11310,11564,12154,11789,12748,70987,12667,14989,14620,13593,15118,77106,15210,15838,15574,15337,15147,78345,15111,15983,15647,16222,15382,92919,15082,16925,19053,20092,21767,111028,22686,22616,22897,22412,20417,98286,22981,19443,18901,18727,18234,94457,18737,19172,19147,19150,18251,94948,18417,18737,19334,19247,19213,93474,18676,18890,18625,19347,17936,90186,18330,18704,18364,17579,17209,72197,17450,15524,14125,13665,11433,40481,9950,6951,7830,7981,7769,31292,7134,7002,6266,5784,5106,20766,4547,4400,4062,3937,3820,16769,3923,3771,3462,3074,2539,7844,2310,1900,1482,1168,984,2046,736,536,350,254,170,359
106年 4月底,女,1404841,71742,12624,14527,15167,13746,15678,53792,12823,9939,10128,10111,10791,54082,10524,10321,10768,10714,11755,65500,11744,13895,13348,12495,14018,72688,14451,14809,14456,14507,14465,77646,14211,15091,15243,16999,16102,104383,16576,19044,21561,22527,24675,125998,25991,25726,25976,25274,23031,112971,26058,22532,21991,21147,21243,110284,21714,22550,22326,22344,21350,109265,21122,21522,22261,22178,22182,108077,21605,21461,21862,22320,20829,103869,21620,21349,20729,20242,19929,84886,20113,18228,17124,16069,13352,49281,11688,8341,9640,10055,9557,42655,9312,9169,8750,8072,7352,28827,6734,6339,5812,5168,4774,18140,4607,3973,3561,3253,2746,8252,2462,1963,1597,1268,962,2123,761,578,372,241,171,380
106年 5月底,總計,2690813,147230,25946,30131,31162,28322,31669,111961,26726,20827,20939,21084,22385,113460,21836,21808,23098,22482,24236,135933,24342,28551,27908,26333,28799,149745,29583,30568,30084,29768,29742,155949,29311,30866,31188,32938,31646,196667,31735,35713,40514,42462,46243,237129,48486,48360,48818,47790,43675,211025,48450,42427,40951,39805,39392,204712,40411,41517,41646,41473,39665,203763,39430,40180,41486,41342,41325,201765,40444,40291,40340,41514,39176,193769,39602,40139,39189,37931,36908,158041,37481,34678,31429,29263,25190,90127,21863,15423,17369,18114,17358,74056,16506,16080,15056,13859,12555,49574,11314,10687,9860,9092,8621,34897,8478,7691,7088,6320,5320,16047,4702,3902,3090,2478,1875,4219,1530,1133,721,499,336,744
106年 5月底,男,1286421,75823,13354,15613,16033,14590,16233,58086,13806,10833,10831,11000,11616,59477,11302,11507,12269,11765,12634,70673,12602,14836,14587,13731,14917,77082,15169,15841,15572,15319,15181,78313,15086,15870,15804,16140,15413,92721,15178,16764,19014,20028,21737,111071,22560,22649,22835,22379,20648,98129,22631,19700,18896,18673,18229,94454,18674,19084,19250,19172,18274,94692,18312,18600,19401,19178,19201,93538,18729,18912,18537,19265,18095,90110,18231,18624,18427,17629,17199,72571,17352,15904,14201,13486,11628,40654,10040,7025,7748,8062,7779,31328,7129,6990,6275,5818,5116,20709,4561,4378,4028,3912,3830,16720,3897,3723,3481,3071,2548,7835,2283,1923,1484,1187,958,2072,754,547,344,256,171,363
106年 5月底,女,1404392,71407,12592,14518,15129,13732,15436,53875,12920,9994,10108,10084,10769,53983,10534,10301,10829,10717,11602,65260,11740,13715,13321,12602,13882,72663,14414,14727,14512,14449,14561,77636,14225,14996,15384,16798,16233,103946,16557,18949,21500,22434,24506,126058,25926,25711,25983,25411,23027,112896,25819,22727,22055,21132,21163,110258,21737,22433,22396,22301,21391,109071,21118,21580,22085,22164,22124,108227,21715,21379,21803,22249,21081,103659,21371,21515,20762,20302,19709,85470,20129,18774,17228,15777,13562,49473,11823,8398,9621,10052,9579,42728,9377,9090,8781,8041,7439,28865,6753,6309,5832,5180,4791,18177,4581,3968,3607,3249,2772,8212,2419,1979,1606,1291,917,2147,776,586,377,243,165,381
106年 6月底,總計,2689845,146894,25820,30057,31201,28517,31299,112473,27061,21102,20728,21153,22429,113187,21793,21805,23236,22263,24090,135388,24284,28160,27914,26330,28700,149687,29561,30448,30085,29777,29816,155700,29280,30535,31454,32494,31937,195775,31986,35221,40353,42205,46010,237384,48311,48487,48661,47983,43942,211108,48097,42831,41116,39538,39526,204519,40411,41393,41495,41481,39739,203473,39357,40157,41572,41231,41156,201794,40568,40273,40315,41183,39455,193815,39457,40116,39316,37928,36998,158616,37221,35406,31479,29314,25196,90324,22068,15642,17219,18152,17243,74201,16521,16100,15146,13931,12503,49630,11354,10705,9905,9034,8632,34871,8475,7623,7073,6357,5343,16032,4645,3964,3081,2458,1884,4237,1541,1142,726,483,345,737
106年 6月底,男,1285810,75634,13262,15605,16071,14646,16050,58313,13996,10931,10724,11055,11607,59346,11274,11535,12344,11656,12537,70393,12630,14581,14610,13734,14838,77063,15150,15760,15589,15308,15256,78185,15060,15713,15889,16002,15521,92342,15301,16559,18924,19863,21695,111099,22475,22660,22812,22424,20728,98204,22500,19897,18952,18513,18342,94356,18693,19017,19186,19137,18323,94609,18318,18549,19483,19091,19168,93550,18733,18920,18566,19061,18270,90079,18156,18636,18431,17638,17218,72860,17245,16286,14174,13515,11640,40750,10109,7170,7642,8103,7726,31388,7144,7019,6278,5893,5054,20681,4604,4360,4035,3873,3809,16675,3910,3671,3464,3099,2531,7840,2259,1953,1491,1180,957,2079,757,546,354,251,171,364
106年 6月底,女,1404035,71260,12558,14452,15130,13871,15249,54160,13065,10171,10004,10098,10822,53841,10519,10270,10892,10607,11553,64995,11654,13579,13304,12596,13862,72624,14411,14688,14496,14469,14560,77515,14220,14822,15565,16492,16416,103433,16685,18662,21429,22342,24315,126285,25836,25827,25849,25559,23214,112904,25597,22934,22164,21025,21184,110163,21718,22376,22309,22344,21416,108864,21039,21608,22089,22140,21988,108244,21835,21353,21749,22122,21185,103736,21301,21480,20885,20290,19780,85756,19976,19120,17305,15799,13556,49574,11959,8472,9577,10049,9517,42813,9377,9081,8868,8038,7449,28949,6750,6345,5870,5161,4823,18196,4565,3952,3609,3258,2812,8192,2386,2011,1590,1278,927,2158,784,596,372,232,174,373
106年 7月底,總計,2687629,146248,25462,29936,31154,28896,30800,112690,27353,21219,20597,21185,22336,112820,21758,21806,23082,22233,23941,134532,24162,27661,27961,26526,28222,149573,29724,30263,30094,29681,29811,155467,29313,30268,31737,32082,32067,194669,32104,34890,40088,41950,45637,237723,48260,48529,48414,48168,44352,211131,47596,43469,40876,39649,39541,204096,40180,41207,41431,41404,39874,203386,39352,40164,41424,41093,41353,201658,40475,40200,40319,40893,39771,193952,39162,40239,39534,37636,37381,159016,36992,35999,31443,29454,25128,90712,22345,15843,17152,18204,17168,74424,16681,16062,15188,13936,12557,49717,11424,10696,9856,9058,8683,34787,8417,7572,7049,6377,5372,16031,4633,3975,3113,2431,1879,4266,1548,1163,716,484,355,731
106年 7月底,男,1284637,75265,13089,15502,16005,14896,15773,58456,14164,10992,10655,11063,11582,59179,11256,11497,12305,11626,12495,69978,12569,14294,14654,13814,14647,76929,15205,15614,15585,15314,15211,78123,15046,15583,16038,15877,15579,91828,15369,16371,18818,19758,21512,111315,22523,22649,22631,22622,20890,98211,22307,20180,18800,18593,18331,94136,18553,18964,19160,19118,18341,94538,18315,18579,19327,19077,19240,93484,18673,18836,18674,18865,18436,90163,17987,18701,18576,17477,17422,72972,17124,16554,14168,13569,11557,40980,10281,7296,7614,8170,7619,31514,7288,6965,6301,5890,5070,20671,4663,4349,3990,3871,3798,16631,3879,3663,3434,3101,2554,7808,2245,1946,1516,1149,952,2090,761,558,340,263,168,366
106年 7月底,女,1402992,70983,12373,14434,15149,14000,15027,54234,13189,10227,9942,10122,10754,53641,10502,10309,10777,10607,11446,64554,11593,13367,13307,12712,13575,72644,14519,14649,14509,14367,14600,77344,14267,14685,15699,16205,16488,102841,16735,18519,21270,22192,24125,126408,25737,25880,25783,25546,23462,112920,25289,23289,22076,21056,21210,109960,21627,22243,22271,22286,21533,108848,21037,21585,22097,22016,22113,108174,21802,21364,21645,22028,21335,103789,21175,21538,20958,20159,19959,86044,19868,19445,17275,15885,13571,49732,12064,8547,9538,10034,9549,42910,9393,9097,8887,8046,7487,29046,6761,6347,5866,5187,4885,18156,4538,3909,3615,3276,2818,8223,2388,2029,1597,1282,927,2176,787,605,376,221,187,365
106年 8月底,總計,2685202,145462,25156,29792,31072,29178,30264,113276,27914,21475,20424,21295,22168,112472,21821,21752,22903,22264,23732,133526,23920,27215,28072,26510,27809,149315,29661,30103,30114,29618,29819,155284,29292,30039,31901,31773,32279,193390,32204,34451,39744,41771,45220,237998,48082,48717,48166,48219,44814,211024,46727,44340,40449,40124,39384,203650,39798,41167,41295,41413,39977,203064,39320,40179,41148,41094,41323,201628,40404,40112,40466,40776,39870,193990,38445,40943,39787,37374,37441,159724,37038,36191,31496,29855,25144,91192,22739,16135,16970,18108,17240,74477,16785,16018,15156,13983,12535,49813,11550,10660,9955,9015,8633,34809,8404,7587,7046,6316,5456,16048,4614,3946,3164,2476,1848,4310,1555,1168,750,497,340,750
106年 8月底,男,1283373,74900,12886,15447,15987,15028,15552,58718,14388,11151,10525,11166,11488,58952,11327,11447,12121,11694,12363,69485,12447,14104,14669,13817,14448,76807,15181,15514,15542,15355,15215,77999,14983,15514,16108,15830,15564,91312,15484,16175,18612,19702,21339,111513,22462,22724,22526,22617,21184,98155,21881,20611,18526,18844,18293,93947,18355,18966,19112,19133,18381,94352,18240,18590,19226,19106,19190,93511,18668,18783,18754,18813,18493,90130,17652,19033,18581,17455,17409,73297,17137,16636,14214,13745,11565,41157,10407,7499,7545,8086,7620,31595,7385,6953,6265,5919,5073,20675,4739,4311,3988,3848,3789,16572,3805,3677,3442,3070,2578,7804,2239,1927,1541,1161,936,2116,767,563,355,269,162,376
106年 8月底,女,1401829,70562,12270,14345,15085,14150,14712,54558,13526,10324,9899,10129,10680,53520,10494,10305,10782,10570,11369,64041,11473,13111,13403,12693,13361,72508,14480,14589,14572,14263,14604,77285,14309,14525,15793,15943,16715,102078,16720,18276,21132,22069,23881,126485,25620,25993,25640,25602,23630,112869,24846,23729,21923,21280,21091,109703,21443,22201,22183,22280,21596,108712,21080,21589,21922,21988,22133,108117,21736,21329,21712,21963,21377,103860,20793,21910,21206,19919,20032,86427,19901,19555,17282,16110,13579,50035,12332,8636,9425,10022,9620,42882,9400,9065,8891,8064,7462,29138,6811,6349,5967,5167,4844,18237,4599,3910,3604,3246,2878,8244,2375,2019,1623,1315,912,2194,788,605,395,228,178,374
106年 9月底,總計,2682893,144802,24790,29796,30992,29514,29710,113846,28314,21962,20233,21333,22004,111925,21897,21856,22469,22302,23401,132324,23932,26500,28322,26567,27003,149416,29874,30147,29899,29666,29830,154935,29233,29805,31907,31459,32531,192046,32225,34183,39190,41508,44940,238491,47917,49035,47890,48222,45427,210925,45799,45326,40191,40245,39364,203441,39551,40935,41296,41444,40215,202376,39001,40004,40957,41153,41261,201478,40416,40006,40471,40610,39975,193956,37982,41362,39841,37346,37425,160649,37169,36197,31641,30363,25279,91609,22943,16838,16488,18051,17289,74703,16790,16023,15237,14089,12564,49875,11663,10500,10090,9030,8592,34860,8410,7511,7118,6332,5489,16104,4629,3911,3242,2511,1811,4377,1605,1157,778,496,341,755
106年 9月底,男,1282133,74589,12700,15413,15992,15192,15292,58985,14556,11391,10476,11113,11449,58642,11335,11497,11860,11782,12168,68878,12459,13759,14771,13841,14048,76853,15299,15512,15429,15386,15227,77892,14913,15443,16188,15611,15737,90652,15520,16047,18341,19535,21209,111760,22394,22850,22469,22580,21467,98214,21440,21078,18441,18835,18420,93789,18215,18839,19110,19110,18515,93977,18073,18544,19075,19161,19124,93468,18690,18814,18710,18717,18537,90134,17445,19226,18569,17516,17378,73708,17110,16676,14320,13938,11664,41320,10454,7770,7382,8040,7674,31675,7372,6941,6334,5966,5062,20689,4822,4211,4058,3848,3750,16560,3779,3625,3488,3070,2598,7828,2240,1919,1565,1186,918,2146,784,561,366,270,165,374
106年 9月底,女,1400760,70213,12090,14383,15000,14322,14418,54861,13758,10571,9757,10220,10555,53283,10562,10359,10609,10520,11233,63446,11473,12741,13551,12726,12955,72563,14575,14635,14470,14280,14603,77043,14320,14362,15719,15848,16794,101394,16705,18136,20849,21973,23731,126731,25523,26185,25421,25642,23960,112711,24359,24248,21750,21410,20944,109652,21336,22096,22186,22334,21700,108399,20928,21460,21882,21992,22137,108010,21726,21192,21761,21893,21438,103822,20537,22136,21272,19830,20047,86941,20059,19521,17321,16425,13615,50289,12489,9068,9106,10011,9615,43028,9418,9082,8903,8123,7502,29186,6841,6289,6032,5182,4842,18300,4631,3886,3630,3262,2891,8276,2389,1992,1677,1325,893,2231,821,596,412,226,176,381
106年 10月底,總計,2683202,143693,24411,29677,30682,30078,28845,114855,29082,22567,19851,21470,21885,111624,21938,21987,22099,22463,23137,131595,24072,25844,28688,26727,26264,149389,30174,29776,30050,29643,29746,154981,29357,29678,31955,31013,32978,190780,32145,33865,38624,41663,44483,238956,47647,49220,47491,48438,46160,211150,44589,46611,40001,40595,39354,203286,39255,40915,41441,41153,40522,202159,38782,39995,41019,40786,41577,201374,40507,39715,40707,40575,39870,194008,38522,40624,40141,37486,37235,161808,37283,36575,31914,30587,25449,92217,23124,17714,15884,18059,17436,74932,16771,16017,15369,14111,12664,49982,11660,10659,10108,9014,8541,34911,8378,7635,7085,6308,5505,16311,4692,3965,3258,2538,1858,4425,1600,1173,790,509,353,766
106年 10月底,男,1282133,73987,12486,15368,15892,15398,14843,59540,14983,11694,10343,11121,11399,58439,11342,11496,11721,11846,12034,68467,12518,13458,14953,13926,13612,76863,15537,15284,15508,15388,15146,77996,15007,15373,16223,15416,15977,90095,15551,15860,18011,19688,20985,111983,22255,22994,22219,22710,21805,98350,20841,21763,18339,18913,18494,93693,18089,18827,19093,19009,18675,93813,17959,18580,19065,19007,19202,93419,18773,18617,18871,18729,18429,90127,17711,18847,18674,17646,17249,74252,17179,16830,14479,14024,11740,41645,10534,8166,7186,8027,7732,31786,7387,6919,6437,5927,5116,20717,4818,4283,4043,3819,3754,16500,3739,3635,3451,3058,2617,7899,2254,1948,1586,1187,924,2181,797,563,372,282,167,381
106年 10月底,女,1401069,69706,11925,14309,14790,14680,14002,55315,14099,10873,9508,10349,10486,53185,10596,10491,10378,10617,11103,63128,11554,12386,13735,12801,12652,72526,14637,14492,14542,14255,14600,76985,14350,14305,15732,15597,17001,100685,16594,18005,20613,21975,23498,126973,25392,26226,25272,25728,24355,112800,23748,24848,21662,21682,20860,109593,21166,22088,22348,22144,21847,108346,20823,21415,21954,21779,22375,107955,21734,21098,21836,21846,21441,103881,20811,21777,21467,19840,19986,87556,20104,19745,17435,16563,13709,50572,12590,9548,8698,10032,9704,43146,9384,9098,8932,8184,7548,29265,6842,6376,6065,5195,4787,18411,4639,4000,3634,3250,2888,8412,2438,2017,1672,1351,934,2244,803,610,418,227,186,385
106年 11月底,總計,2683321,143067,24423,29352,30752,30318,28222,115325,29434,23202,19748,21399,21542,111603,22235,22137,21925,22418,22888,130937,24201,25137,28960,27050,25589,149409,30065,29586,30396,29654,29708,155213,29294,29665,32011,30594,33649,189529,32085,33239,38237,41599,44369,238910,47271,49148,47765,48390,46336,211508,43712,47781,40336,40287,39392,203079,39289,40608,41384,41329,40469,201919,38703,40038,40656,41044,41478,201300,40424,39695,40668,40545,39968,194146,38680,40451,39951,37871,37193,162881,37184,36837,32218,30701,25941,92531,23235,18286,15656,17974,17380,75213,16800,16040,15486,14204,12683,50119,11731,10688,10135,9134,8431,35023,8381,7679,7080,6355,5528,16399,4711,4014,3272,2542,1860,4442,1590,1194,778,518,362,768
106年 11月底,男,1282030,73644,12520,15164,15975,15472,14513,59788,15198,12023,10278,11037,11252,58404,11527,11544,11635,11829,11869,68165,12634,13087,15078,14050,13316,76847,15461,15202,15680,15370,15134,78175,14978,15329,16288,15185,16395,89483,15524,15532,17858,19634,20935,111952,22111,22908,22394,22671,21868,98571,20417,22355,18480,18753,18566,93584,18126,18716,19039,19115,18588,93650,17890,18660,18841,19165,19094,93401,18738,18594,18883,18672,18514,90149,17793,18745,18623,17761,17227,74814,17182,16972,14588,14073,11999,41769,10536,8443,7034,8020,7736,31935,7431,6853,6535,5947,5169,20672,4772,4322,4044,3857,3677,16508,3735,3634,3474,3049,2616,7951,2282,1973,1594,1186,916,2188,798,571,369,272,178,380
106年 11月底,女,1401291,69423,11903,14188,14777,14846,13709,55537,14236,11179,9470,10362,10290,53199,10708,10593,10290,10589,11019,62772,11567,12050,13882,13000,12273,72562,14604,14384,14716,14284,14574,77038,14316,14336,15723,15409,17254,100046,16561,17707,20379,21965,23434,126958,25160,26240,25371,25719,24468,112937,23295,25426,21856,21534,20826,109495,21163,21892,22345,22214,21881,108269,20813,21378,21815,21879,22384,107899,21686,21101,21785,21873,21454,103997,20887,21706,21328,20110,19966,88067,20002,19865,17630,16628,13942,50762,12699,9843,8622,9954,9644,43278,9369,9187,8951,8257,7514,29447,6959,6366,6091,5277,4754,18515,4646,4045,3606,3306,2912,8448,2429,2041,1678,1356,944,2254,792,623,409,246,184,388
106年 12月底,總計,2683257,142334,24117,29281,30555,30737,27644,115890,29910,23725,19460,21485,21310,111648,22415,22159,21920,22325,22829,130363,24193,24548,29347,27077,25198,149409,30075,29385,30525,29729,29695,155571,29560,29403,32081,30161,34366,188340,32074,32675,37895,41556,44140,239048,47138,48917,47781,48538,46674,211733,42764,48817,40426,40239,39487,202735,39189,40400,41305,41409,40432,201664,38558,40239,40210,41267,41390,201288,40462,39781,40511,40312,40222,194058,38606,40389,39839,37856,37368,163695,36942,36935,32744,30780,26294,93187,23644,18545,15785,17686,17527,75392,16736,16076,15568,14291,12721,50172,11783,10671,10171,9108,8439,35046,8286,7738,7079,6403,5540,16454,4674,4050,3330,2485,1915,4465,1601,1200,795,510,359,765
106年 12月底,男,1281917,73288,12377,15116,15839,15742,14214,60065,15422,12292,10140,11070,11141,58421,11613,11539,11643,11784,11842,67866,12611,12778,15296,14075,13106,76821,15458,15038,15820,15361,15144,78398,15158,15184,16319,15019,16718,88852,15483,15260,17741,19640,20728,112036,22105,22864,22401,22673,21993,98779,19978,22959,18543,18673,18626,93412,18071,18643,19028,19098,18572,93512,17847,18693,18692,19222,19058,93459,18810,18608,18835,18519,18687,90040,17664,18741,18604,17747,17284,75160,17136,17020,14823,14051,12130,42102,10711,8595,7086,7905,7805,32045,7425,6832,6644,5934,5210,20600,4794,4293,4073,3808,3632,16509,3714,3643,3438,3074,2640,7968,2270,1971,1628,1182,917,2205,817,576,371,265,176,379
106年 12月底,女,1401340,69046,11740,14165,14716,14995,13430,55825,14488,11433,9320,10415,10169,53227,10802,10620,10277,10541,10987,62497,11582,11770,14051,13002,12092,72588,14617,14347,14705,14368,14551,77173,14402,14219,15762,15142,17648,99488,16591,17415,20154,21916,23412,127012,25033,26053,25380,25865,24681,112954,22786,25858,21883,21566,20861,109323,21118,21757,22277,22311,21860,108152,20711,21546,21518,22045,22332,107829,21652,21173,21676,21793,21535,104018,20942,21648,21235,20109,20084,88535,19806,19915,17921,16729,14164,51085,12933,9950,8699,9781,9722,43347,9311,9244,8924,8357,7511,29572,6989,6378,6098,5300,4807,18537,4572,4095,3641,3329,2900,8486,2404,2079,1702,1303,998,2260,784,624,424,245,183,386
107年 1月底,總計,2682721,141648,23996,29161,30340,30966,27185,116267,30217,23947,19519,21416,21168,111532,22525,22137,21940,22355,22575,129956,24199,24300,29209,27247,25001,149306,29714,29383,30790,29629,29790,155794,29546,29362,32082,30016,34788,187140,31983,32205,37623,41618,43711,239064,46871,48862,47931,48418,46982,211919,42246,49445,40534,40121,39573,202528,38966,40228,41398,41303,40633,201167,38726,39808,40108,41154,41371,201421,40485,39735,40520,40008,40673,193719,38494,40212,39772,38175,37066,164882,37079,37095,32827,31183,26698,93556,24058,19012,15459,17559,17468,75705,16776,16168,15594,14282,12885,50372,11872,10712,10157,9143,8488,34956,8151,7751,7106,6407,5541,16514,4707,4053,3320,2502,1932,4500,1593,1216,816,525,350,775
107年 1月底,男,1281596,72901,12326,15028,15719,15898,13930,60235,15578,12432,10170,11025,11030,58409,11706,11517,11643,11797,11746,67623,12616,12602,15245,14131,13029,76764,15301,15070,15911,15312,15170,78548,15144,15145,16349,15014,16896,88319,15501,15022,17672,19641,20483,112142,22042,22812,22482,22634,22172,98817,19708,23224,18639,18583,18663,93337,17968,18611,19094,18977,18687,93295,17925,18491,18681,19114,19084,93531,18869,18511,18840,18429,18882,89824,17574,18618,18586,17868,17178,75664,17222,17105,14902,14113,12322,42289,10918,8823,6940,7885,7723,32268,7492,6885,6666,5915,5310,20622,4792,4335,4048,3810,3637,16424,3634,3617,3447,3077,2649,7980,2270,1962,1642,1192,914,2221,821,578,380,262,180,383
107年 1月底,女,1401125,68747,11670,14133,14621,15068,13255,56032,14639,11515,9349,10391,10138,53123,10819,10620,10297,10558,10829,62333,11583,11698,13964,13116,11972,72542,14413,14313,14879,14317,14620,77246,14402,14217,15733,15002,17892,98821,16482,17183,19951,21977,23228,126922,24829,26050,25449,25784,24810,113102,22538,26221,21895,21538,20910,109191,20998,21617,22304,22326,21946,107872,20801,21317,21427,22040,22287,107890,21616,21224,21680,21579,21791,103895,20920,21594,21186,20307,19888,89218,19857,19990,17925,17070,14376,51267,13140,10189,8519,9674,9745,43437,9284,9283,8928,8367,7575,29750,7080,6377,6109,5333,4851,18532,4517,4134,3659,3330,2892,8534,2437,2091,1678,1310,1018,2279,772,638,436,263,170,392
107年 2月底,總計,2681375,141246,23701,29182,30078,31004,27281,116084,29863,24196,19551,21310,21164,111404,22594,22247,21875,22272,22416,129594,24260,23967,28998,27453,24916,148964,29505,29515,30442,29800,29702,155867,29618,29332,31870,30319,34728,186067,31814,32104,37245,41445,43459,239025,46619,48958,47767,48601,47080,212017,42175,49444,40768,40078,39552,202229,38939,40114,41197,41340,40639,200800,39067,39300,40030,41322,41081,201672,40542,39985,39991,40290,40864,193592,37905,40662,39264,38230,37531,165491,36893,37041,33540,30791,27226,94141,24212,19836,15237,17422,17434,75907,16812,16050,15661,14411,12973,50442,11909,10717,10185,9164,8467,34890,8130,7774,7074,6351,5561,16630,4756,4051,3368,2523,1932,4538,1603,1200,845,537,353,775
107年 2月底,男,1280882,72674,12190,14999,15607,15931,13947,60172,15442,12536,10188,11028,10978,58353,11736,11593,11594,11746,11684,67454,12661,12424,15140,14216,13013,76629,15219,15116,15723,15401,15170,78569,15113,15126,16251,15184,16895,87908,15392,15044,17510,19490,20472,112085,21821,22950,22339,22751,22224,98884,19698,23168,18801,18594,18623,93205,17929,18566,19026,18972,18712,93143,18038,18309,18660,19137,18999,93547,18909,18561,18640,18528,18909,89797,17486,18687,18296,17940,17388,75934,17117,17112,15251,13903,12551,42526,11017,9154,6879,7812,7664,32405,7527,6867,6680,5994,5337,20643,4837,4281,4078,3807,3640,16314,3582,3578,3435,3076,2643,8020,2285,1956,1664,1203,912,2237,825,578,388,267,179,383
107年 2月底,女,1400493,68572,11511,14183,14471,15073,13334,55912,14421,11660,9363,10282,10186,53051,10858,10654,10281,10526,10732,62140,11599,11543,13858,13237,11903,72335,14286,14399,14719,14399,14532,77298,14505,14206,15619,15135,17833,98159,16422,17060,19735,21955,22987,126940,24798,26008,25428,25850,24856,113133,22477,26276,21967,21484,20929,109024,21010,21548,22171,22368,21927,107657,21029,20991,21370,22185,22082,108125,21633,21424,21351,21762,21955,103795,20419,21975,20968,20290,20143,89557,19776,19929,18289,16888,14675,51615,13195,10682,8358,9610,9770,43502,9285,9183,8981,8417,7636,29799,7072,6436,6107,5357,4827,18576,4548,4196,3639,3275,2918,8610,2471,2095,1704,1320,1020,2301,778,622,457,270,174,392
107年 3月底,總計,2680218,141063,23779,28896,30100,30902,27386,115644,29378,24194,19818,21191,21063,111543,22577,22259,22150,22209,22348,129190,24124,23845,28665,27404,25152,148639,29162,29449,30449,29884,29695,155617,29601,29330,31517,30938,34231,185371,31956,32136,36985,41185,43109,238877,46559,48966,47652,48530,47170,212335,42626,48848,41168,40171,39522,201891,38895,39954,41112,41189,40741,200479,39178,39145,39905,41159,41092,201814,40681,39944,39765,40227,41197,193267,37977,39970,39469,38440,37411,166573,36989,37024,33310,31435,27815,94751,24597,20396,15040,17193,17525,76036,16796,15999,15631,14494,13116,50534,11898,10748,10149,9211,8528,34724,7976,7826,7006,6290,5626,16568,4681,4069,3372,2495,1951,4528,1580,1201,849,542,356,774
107年 3月底,男,1280179,72619,12214,14885,15568,15901,14051,60000,15178,12564,10323,10997,10938,58400,11706,11579,11699,11759,11657,67235,12597,12370,14922,14234,13112,76518,15078,15101,15683,15496,15160,78428,15124,15072,16080,15509,16643,87593,15455,15118,17360,19318,20342,112007,21855,22922,22266,22773,22191,99051,19970,22905,18987,18607,18582,93080,17974,18490,18953,18893,18770,93042,18083,18241,18546,19103,19069,93478,18902,18471,18579,18504,19022,89647,17575,18310,18397,18008,17357,76376,17135,17079,15211,14176,12775,42840,11233,9370,6849,7675,7713,32468,7475,6868,6678,6050,5397,20608,4838,4274,4083,3789,3624,16238,3534,3589,3387,3021,2707,7949,2232,1947,1677,1180,913,2221,803,574,398,260,186,381
107年 3月底,女,1400039,68444,11565,14011,14532,15001,13335,55644,14200,11630,9495,10194,10125,53143,10871,10680,10451,10450,10691,61955,11527,11475,13743,13170,12040,72121,14084,14348,14766,14388,14535,77189,14477,14258,15437,15429,17588,97778,16501,17018,19625,21867,22767,126870,24704,26044,25386,25757,24979,113284,22656,25943,22181,21564,20940,108811,20921,21464,22159,22296,21971,107437,21095,20904,21359,22056,22023,108336,21779,21473,21186,21723,22175,103620,20402,21660,21072,20432,20054,90197,19854,19945,18099,17259,15040,51911,13364,11026,8191,9518,9812,43568,9321,9131,8953,8444,7719,29926,7060,6474,6066,5422,4904,18486,4442,4237,3619,3269,2919,8619,2449,2122,1695,1315,1038,2307,777,627,451,282,170,393
107年 4月底,總計,2678695,140470,23577,28605,29969,30857,27462,115631,29019,24340,20090,21099,21083,111422,22575,22248,22218,22174,22207,128930,24023,23762,28328,27420,25397,148105,28760,29369,30426,29839,29711,155337,29605,29444,31317,31231,33740,184816,32065,32280,36578,41105,42788,238590,46437,48639,47933,48380,47201,212606,42977,48451,41438,40365,39375,201825,38981,39838,41048,40965,40993,199950,39106,38999,39827,41065,40953,201765,40855,39870,39870,39978,41192,193619,38344,39497,39581,38717,37480,167053,36722,37033,33243,30800,29255,95252,24371,21249,14942,17098,17592,76231,16816,15977,15650,14467,13321,50580,11890,10746,10136,9299,8509,34632,7898,7856,6983,6253,5642,16572,4649,4131,3263,2555,1974,4533,1568,1193,865,546,361,776
107年 4月底,男,1279308,72325,12125,14757,15447,15917,14079,59931,14952,12651,10439,10964,10925,58361,11742,11547,11730,11734,11608,67073,12480,12355,14729,14307,13202,76323,14900,15040,15711,15444,15228,78269,15091,15093,16014,15691,16380,87383,15531,15253,17145,19276,20178,111881,21815,22737,22434,22685,22210,99153,20164,22655,19214,18624,18496,93165,17998,18495,18860,18913,18899,92755,18011,18117,18527,19063,19037,93423,18931,18446,18614,18352,19080,89782,17699,18095,18446,18120,17422,76587,16962,17126,15227,13883,13389,43073,11195,9710,6767,7630,7771,32570,7480,6869,6734,5979,5508,20598,4809,4278,4094,3778,3639,16133,3458,3598,3348,3038,2691,7931,2208,1980,1607,1215,921,2214,779,581,402,259,193,378
107年 4月底,女,1399387,68145,11452,13848,14522,14940,13383,55700,14067,11689,9651,10135,10158,53061,10833,10701,10488,10440,10599,61857,11543,11407,13599,13113,12195,71782,13860,14329,14715,14395,14483,77068,14514,14351,15303,15540,17360,97433,16534,17027,19433,21829,22610,126709,24622,25902,25499,25695,24991,113453,22813,25796,22224,21741,20879,108660,20983,21343,22188,22052,22094,107195,21095,20882,21300,22002,21916,108342,21924,21424,21256,21626,22112,103837,20645,21402,21135,20597,20058,90466,19760,19907,18016,16917,15866,52179,13176,11539,8175,9468,9821,43661,9336,9108,8916,8488,7813,29982,7081,6468,6042,5521,4870,18499,4440,4258,3635,3215,2951,8641,2441,2151,1656,1340,1053,2319,789,612,463,287,168,398
107年 5月底,總計,2676767,139826,23590,28275,30036,30582,27343,115631,28727,24399,20427,20885,21193,111357,22486,22208,22289,22203,22171,128464,23738,23661,28022,27378,25665,147654,28450,29318,30354,29891,29641,155216,29714,29418,31127,31509,33448,184473,32215,32385,36278,40970,42625,238230,46238,48390,48028,48309,47265,212624,43175,47870,41870,40426,39283,201671,38933,39835,40857,41116,40930,199592,39162,38891,39726,40973,40840,201518,40778,40034,39783,39845,41078,193983,38752,39140,39701,38836,37554,167263,36471,36931,34126,30937,28798,95888,24768,21460,15061,16952,17647,76250,16846,16009,15565,14513,13317,50640,11987,10794,10093,9258,8508,34606,7948,7809,6925,6292,5632,16597,4656,4078,3293,2547,2023,4508,1502,1218,885,531,372,776
107年 5月底,男,1278241,72087,12192,14534,15551,15716,14094,59901,14760,12681,10641,10775,11044,58285,11682,11488,11760,11778,11577,66852,12361,12264,14584,14298,13345,76083,14706,15020,15716,15445,15196,78234,15143,15061,15922,15832,16276,87197,15558,15360,16966,19210,20103,111706,21782,22609,22521,22635,22159,99205,20395,22303,19443,18632,18432,93118,18026,18434,18794,18971,18893,92539,18040,18030,18378,19134,18957,93326,18911,18500,18632,18275,19008,89876,17858,17974,18408,18193,17443,76714,16933,17031,15588,13944,13218,43386,11384,9810,6825,7530,7837,32601,7495,6855,6722,5994,5535,20543,4821,4307,4071,3727,3617,16078,3479,3579,3303,3030,2687,7951,2199,1963,1629,1217,943,2185,740,586,414,250,195,374
107年 5月底,女,1398526,67739,11398,13741,14485,14866,13249,55730,13967,11718,9786,10110,10149,53072,10804,10720,10529,10425,10594,61612,11377,11397,13438,13080,12320,71571,13744,14298,14638,14446,14445,76982,14571,14357,15205,15677,17172,97276,16657,17025,19312,21760,22522,126524,24456,25781,25507,25674,25106,113419,22780,25567,22427,21794,20851,108553,20907,21401,22063,22145,22037,107053,21122,20861,21348,21839,21883,108192,21867,21534,21151,21570,22070,104107,20894,21166,21293,20643,20111,90549,19538,19900,18538,16993,15580,52502,13384,11650,8236,9422,9810,43649,9351,9154,8843,8519,7782,30097,7166,6487,6022,5531,4891,18528,4469,4230,3622,3262,2945,8646,2457,2115,1664,1330,1080,2323,762,632,471,281,177,402
107年 6月底,總計,2675713,139332,23180,27999,30009,30620,27524,115749,28569,24537,20731,20682,21230,111271,22548,22094,22444,22225,21960,127969,23620,23630,27659,27362,25698,147511,28374,29329,30261,29879,29668,154683,29739,29365,30804,31776,32999,184083,32472,32644,35769,40837,42361,237999,45980,48192,48206,48156,47465,212893,43401,47587,42258,40589,39058,201496,38988,39883,40732,40966,40927,199577,39207,38849,39733,41045,40743,201138,40613,40160,39800,39826,40739,194275,39065,38981,39702,38948,37579,168004,36592,36678,34876,31011,28847,96263,24784,21662,15307,16823,17687,76322,16745,16010,15596,14587,13384,50628,11967,10816,10094,9288,8463,34581,7963,7797,6879,6270,5672,16626,4670,4045,3364,2530,2017,4542,1502,1235,894,538,373,771
107年 6月底,男,1277544,71815,11978,14356,15561,15770,14150,59988,14695,12757,10782,10676,11078,58215,11681,11431,11826,11798,11479,66573,12275,12310,14332,14304,13352,75998,14645,15017,15654,15476,15206,78047,15177,15023,15775,15952,16120,86973,15647,15478,16770,19135,19943,111643,21722,22525,22560,22608,22228,99243,20464,22195,19622,18682,18280,93047,18105,18461,18709,18919,18853,92562,18068,18063,18353,19204,18874,93111,18868,18503,18651,18299,18790,90045,18066,17881,18432,18182,17484,77034,16969,16902,15999,13913,13251,43561,11392,9890,6969,7428,7882,32680,7443,6871,6754,5997,5615,20486,4787,4328,4051,3737,3583,16021,3461,3576,3262,3007,2715,7947,2172,1962,1667,1207,939,2185,730,584,420,252,199,370
107年 6月底,女,1398169,67517,11202,13643,14448,14850,13374,55761,13874,11780,9949,10006,10152,53056,10867,10663,10618,10427,10481,61396,11345,11320,13327,13058,12346,71513,13729,14312,14607,14403,14462,76636,14562,14342,15029,15824,16879,97110,16825,17166,18999,21702,22418,126356,24258,25667,25646,25548,25237,113650,22937,25392,22636,21907,20778,108449,20883,21422,22023,22047,22074,107015,21139,20786,21380,21841,21869,108027,21745,21657,21149,21527,21949,104230,20999,21100,21270,20766,20095,90970,19623,19776,18877,17098,15596,52702,13392,11772,8338,9395,9805,43642,9302,9139,8842,8590,7769,30142,7180,6488,6043,5551,4880,18560,4502,4221,3617,3263,2957,8679,2498,2083,1697,1323,1078,2357,772,651,474,286,174,401
107年 7月底,總計,2674063,139182,23017,27732,29923,30712,27798,115569,28226,24454,21093,20513,21283,111072,22485,22070,22438,22164,21915,127477,23408,23565,27181,27412,25911,146893,27896,29486,30070,29856,29585,154330,29717,29396,30509,32111,32597,183665,32671,32802,35476,40561,42155,237628,45659,48117,48253,47953,47646,213350,43799,47088,42928,40341,39194,201082,39015,39699,40582,40931,40855,199434,39369,38874,39735,40874,40582,200829,40835,40033,39679,39848,40434,194361,39408,38714,39814,39154,37271,168885,36991,36471,35476,30963,28984,96695,24721,21950,15528,16767,17729,76410,16676,16175,15546,14634,13379,50689,12002,10862,10086,9264,8475,34517,8030,7719,6825,6281,5662,16669,4697,4041,3369,2567,1995,4565,1496,1256,897,542,374,761
107年 7月底,男,1276592,71801,11906,14266,15488,15816,14325,59860,14499,12723,10950,10586,11102,58089,11666,11407,11776,11807,11433,66319,12179,12288,14059,14348,13445,75695,14460,15066,15492,15452,15225,77864,15128,14998,15618,16153,15967,86754,15739,15563,16607,19007,19838,111549,21574,22567,22545,22433,22430,99462,20626,22037,19898,18535,18366,92872,18103,18335,18684,18899,18851,92446,18082,18088,18372,19059,18845,92943,18949,18421,18567,18419,18587,90071,18225,17723,18484,18333,17306,77436,17182,16779,16275,13890,13310,43820,11313,10061,7105,7412,7929,32670,7349,7006,6690,6021,5604,20495,4806,4360,4052,3696,3581,15939,3456,3526,3247,3001,2709,7952,2199,1945,1660,1232,916,2200,726,598,422,247,207,355
107年 7月底,女,1397471,67381,11111,13466,14435,14896,13473,55709,13727,11731,10143,9927,10181,52983,10819,10663,10662,10357,10482,61158,11229,11277,13122,13064,12466,71198,13436,14420,14578,14404,14360,76466,14589,14398,14891,15958,16630,96911,16932,17239,18869,21554,22317,126079,24085,25550,25708,25520,25216,113888,23173,25051,23030,21806,20828,108210,20912,21364,21898,22032,22004,106988,21287,20786,21363,21815,21737,107886,21886,21612,21112,21429,21847,104290,21183,20991,21330,20821,19965,91449,19809,19692,19201,17073,15674,52875,13408,11889,8423,9355,9800,43740,9327,9169,8856,8613,7775,30194,7196,6502,6034,5568,4894,18578,4574,4193,3578,3280,2953,8717,2498,2096,1709,1335,1079,2365,770,658,475,295,167,406
107年 8月底,總計,2672092,138655,22714,27510,29803,30657,27971,115806,27874,24762,21426,20356,21388,110781,22305,22129,22330,22073,21944,126791,23160,23383,26791,27432,26025,146259,27479,29420,29898,29921,29541,154038,29755,29364,30312,32322,32285,183022,32901,32900,35008,40217,41996,237035,45259,47889,48464,47713,47710,213874,44244,46229,43819,39943,39639,200482,38887,39349,40605,40785,40856,199324,39513,38830,39756,40641,40584,200721,40824,39960,39621,39999,40317,194497,39518,38003,40546,39392,37038,169698,37065,36516,35684,31053,29380,97167,24774,22339,15826,16578,17650,76603,16736,16269,15536,14602,13460,50805,11966,10967,10056,9377,8439,34419,7990,7680,6841,6290,5618,16792,4784,4023,3360,2594,2031,4564,1467,1268,893,560,376,759
107年 8月底,男,1275635,71547,11786,14107,15443,15797,14414,60004,14381,12804,11128,10483,11208,57923,11557,11465,11703,11699,11499,65961,12043,12205,13881,14316,13516,75394,14266,15047,15382,15430,15269,77806,15145,14944,15538,16249,15930,86393,15731,15699,16379,18807,19777,111253,21388,22468,22618,22341,22438,99730,20907,21622,20326,18287,18588,92651,18090,18153,18698,18841,18869,92417,18144,18030,18390,18973,18880,92906,18907,18417,18531,18509,18542,90153,18270,17399,18828,18356,17300,77770,17160,16802,16354,13966,13488,44028,11338,10184,7317,7340,7849,32771,7350,7093,6692,5988,5648,20513,4799,4437,4007,3709,3561,15843,3447,3447,3248,3019,2682,8016,2236,1953,1642,1257,928,2201,703,610,421,260,207,355
107年 8月底,女,1396457,67108,10928,13403,14360,14860,13557,55802,13493,11958,10298,9873,10180,52858,10748,10664,10627,10374,10445,60830,11117,11178,12910,13116,12509,70865,13213,14373,14516,14491,14272,76232,14610,14420,14774,16073,16355,96629,17170,17201,18629,21410,22219,125782,23871,25421,25846,25372,25272,114144,23337,24607,23493,21656,21051,107831,20797,21196,21907,21944,21987,106907,21369,20800,21366,21668,21704,107815,21917,21543,21090,21490,21775,104344,21248,20604,21718,21036,19738,91928,19905,19714,19330,17087,15892,53139,13436,12155,8509,9238,9801,43832,9386,9176,8844,8614,7812,30292,7167,6530,6049,5668,4878,18576,4543,4233,3593,3271,2936,8776,2548,2070,1718,1337,1103,2363,764,658,472,300,169,404
107年 9月底,總計,2669639,137980,22336,27070,29742,30586,28246,115985,27264,25363,21749,20188,21421,110481,22148,22226,22182,21958,21967,126245,22882,23416,26106,27682,26159,145656,26673,29646,29967,29739,29631,153441,29730,29298,30096,32309,32008,182038,33088,32889,34703,39644,41714,236467,44995,47664,48736,47409,47663,214452,44795,45340,44794,39724,39799,200097,38902,39085,40407,40787,40916,199043,39764,38569,39609,40450,40651,200472,40770,39973,39564,40045,40120,194523,39621,37564,40905,39462,36971,170498,37064,36670,35691,31182,29891,97699,24901,22582,16508,16095,17613,76876,16806,16292,15521,14693,13564,50961,12010,11089,9899,9500,8463,34457,7954,7717,6777,6378,5631,16899,4835,4010,3328,2668,2058,4603,1454,1298,893,587,371,766
107年 9月底,男,1274341,71194,11561,13900,15385,15806,14542,60072,14082,13093,11286,10442,11169,57805,11523,11490,11616,11608,11568,65664,11887,12216,13548,14407,13606,75112,13881,15170,15403,15338,15320,77563,15151,14872,15480,16321,15739,85936,15865,15706,16221,18519,19625,110995,21262,22363,22730,22276,22364,99979,21179,21214,20799,18196,18591,92548,18228,17993,18606,18859,18862,92256,18272,17892,18349,18815,18928,92784,18841,18440,18557,18491,18455,90161,18312,17196,19002,18348,17303,78113,17175,16788,16391,14065,13694,44243,11424,10255,7579,7179,7806,32947,7424,7085,6667,6073,5698,20546,4794,4515,3910,3771,3556,15798,3406,3435,3212,3064,2681,8041,2270,1937,1623,1271,940,2223,702,617,426,269,209,361
107年 9月底,女,1395298,66786,10775,13170,14357,14780,13704,55913,13182,12270,10463,9746,10252,52676,10625,10736,10566,10350,10399,60581,10995,11200,12558,13275,12553,70544,12792,14476,14564,14401,14311,75878,14579,14426,14616,15988,16269,96102,17223,17183,18482,21125,22089,125472,23733,25301,26006,25133,25299,114473,23616,24126,23995,21528,21208,107549,20674,21092,21801,21928,22054,106787,21492,20677,21260,21635,21723,107688,21929,21533,21007,21554,21665,104362,21309,20368,21903,21114,19668,92385,19889,19882,19300,17117,16197,53456,13477,12327,8929,8916,9807,43929,9382,9207,8854,8620,7866,30415,7216,6574,5989,5729,4907,18659,4548,4282,3565,3314,2950,8858,2565,2073,1705,1397,1118,2380,752,681,467,318,162,405
107年 10月底,總計,2669874,137728,22082,26869,29586,30346,28845,116196,26415,26219,22191,19829,21542,110317,22049,22280,22162,21742,22084,126061,22663,23586,25433,28055,26324,144997,25926,29904,29640,29893,29634,152906,29670,29424,29946,32331,31535,181641,33556,32759,34371,39045,41910,235653,44445,47442,48889,47077,47800,215414,45530,44129,46050,39529,40176,199654,38889,38824,40416,40915,40610,198845,40059,38341,39623,40520,40302,200849,41077,40046,39290,40301,40135,194675,39515,38096,40218,39755,37091,171288,36880,36820,36046,31454,30088,98350,25097,22744,17382,15484,17643,77173,16966,16270,15526,14825,13586,51204,12108,11090,10060,9522,8424,34454,7931,7652,6920,6349,5602,17031,4857,4048,3379,2675,2072,4662,1493,1282,913,599,375,776
107年 10月底,男,1274295,71026,11454,13754,15331,15742,14745,60201,13634,13538,11525,10332,11172,57747,11486,11527,11545,11552,11637,65575,11773,12284,13235,14602,13681,74795,13439,15376,15198,15434,15348,77316,15074,14961,15402,16344,15535,85807,16129,15693,16032,18177,19776,110597,20993,22245,22848,22060,22451,100381,21507,20612,21451,18118,18693,92363,18293,17888,18603,18835,18744,92164,18428,17748,18386,18813,18789,92953,18927,18500,18371,18680,18475,90166,18204,17453,18635,18455,17419,78460,17055,16878,16532,14224,13771,44585,11518,10314,7963,6982,7808,33046,7474,7100,6647,6165,5660,20626,4848,4518,3981,3763,3516,15755,3427,3369,3250,3039,2670,8106,2309,1931,1645,1281,940,2256,714,623,429,275,215,370
107年 10月底,女,1395579,66702,10628,13115,14255,14604,14100,55995,12781,12681,10666,9497,10370,52570,10563,10753,10617,10190,10447,60486,10890,11302,12198,13453,12643,70202,12487,14528,14442,14459,14286,75590,14596,14463,14544,15987,16000,95834,17427,17066,18339,20868,22134,125056,23452,25197,26041,25017,25349,115033,24023,23517,24599,21411,21483,107291,20596,20936,21813,22080,21866,106681,21631,20593,21237,21707,21513,107896,22150,21546,20919,21621,21660,104509,21311,20643,21583,21300,19672,92828,19825,19942,19514,17230,16317,53765,13579,12430,9419,8502,9835,44127,9492,9170,8879,8660,7926,30578,7260,6572,6079,5759,4908,18699,4504,4283,3670,3310,2932,8925,2548,2117,1734,1394,1132,2406,779,659,484,324,160,406
107年 11月底,總計,2669634,137371,21848,26643,29256,30421,29203,116340,25819,26725,22644,19721,21431,110252,21729,22637,22236,21637,22013,125858,22443,23703,24731,28338,26643,144400,25274,29814,29461,30221,29630,152408,29683,29328,29919,32402,31076,181087,34195,32688,33675,38675,41854,235295,44262,47104,48850,47318,47761,215988,45728,43244,47242,39870,39904,199572,38902,38880,40136,40857,40797,198674,40047,38289,39637,40202,40499,200673,41006,40018,39293,40234,40122,194903,39585,38251,40056,39542,37469,171729,36821,36730,36283,31727,30168,99195,25577,22877,17938,15266,17537,77365,16897,16294,15559,14958,13657,51419,12127,11152,10086,9538,8516,34471,7864,7670,6967,6334,5636,17154,4907,4060,3427,2684,2076,4695,1501,1276,928,603,387,785
107年 11月底,男,1274089,70818,11308,13681,15140,15802,14887,60244,13319,13812,11775,10263,11075,57745,11336,11746,11568,11485,11610,65421,11632,12378,12866,14729,13816,74501,13172,15296,15118,15599,15316,77082,15085,14928,15350,16427,15292,85631,16540,15669,15655,18039,19728,110452,20918,22108,22770,22233,22423,100658,21593,20196,22066,18250,18553,92416,18350,17921,18510,18792,18843,92024,18373,17691,18441,18625,18894,92839,18859,18482,18346,18693,18459,90224,18276,17510,18517,18396,17525,78696,17038,16875,16665,14332,13786,44980,11786,10346,8221,6838,7789,33160,7469,7147,6578,6276,5690,20697,4900,4480,4011,3754,3552,15706,3369,3367,3271,3037,2662,8161,2320,1940,1668,1289,944,2256,708,617,436,280,215,378
107年 11月底,女,1395545,66553,10540,12962,14116,14619,14316,56096,12500,12913,10869,9458,10356,52507,10393,10891,10668,10152,10403,60437,10811,11325,11865,13609,12827,69899,12102,14518,14343,14622,14314,75326,14598,14400,14569,15975,15784,95456,17655,17019,18020,20636,22126,124843,23344,24996,26080,25085,25338,115330,24135,23048,25176,21620,21351,107156,20552,20959,21626,22065,21954,106650,21674,20598,21196,21577,21605,107834,22147,21536,20947,21541,21663,104679,21309,20741,21539,21146,19944,93033,19783,19855,19618,17395,16382,54215,13791,12531,9717,8428,9748,44205,9428,9147,8981,8682,7967,30722,7227,6672,6075,5784,4964,18765,4495,4303,3696,3297,2974,8993,2587,2120,1759,1395,1132,2439,793,659,492,323,172,407
107年 12月底,總計,2668572,137028,21561,26364,29136,30254,29713,116507,25196,27264,23062,19451,21534,110122,21518,22862,22223,21612,21907,125483,22339,23695,24100,28708,26641,143954,24862,29802,29243,30369,29678,152022,29641,29581,29717,32437,30646,180768,34947,32592,33073,38307,41849,234849,44067,46931,48681,47246,47924,216371,46078,42307,48240,39912,39834,199301,39008,38767,39894,40740,40892,198421,39975,38145,39841,39762,40698,200265,40862,40070,39331,40113,39889,194846,39840,38230,39967,39413,37396,172292,36976,36503,36320,32247,30246,99973,25903,23253,18179,15379,17259,77592,17043,16236,15545,15061,13707,51509,12178,11186,10083,9585,8477,34511,7861,7624,7014,6337,5675,17189,4911,4039,3468,2729,2042,4767,1541,1276,953,612,385,802
107年 12月底,男,1273375,70586,11079,13557,15074,15670,15206,60340,12996,14086,11996,10130,11132,57655,11241,11865,11522,11463,11564,65202,11574,12353,12521,14915,13839,74229,12949,15314,14938,15730,15298,76970,15073,15113,15204,16446,15134,85513,16905,15600,15366,17896,19746,110165,20714,22075,22753,22210,22413,100864,21709,19754,22657,18283,18461,92317,18408,17878,18406,18767,18858,91871,18355,17647,18471,18466,18932,92669,18810,18563,18345,18642,18309,90190,18451,17405,18468,18377,17489,78925,17087,16852,16668,14564,13754,45330,11905,10504,8365,6878,7678,33280,7544,7140,6537,6390,5669,20710,4942,4498,3999,3779,3492,15681,3329,3373,3283,3012,2684,8206,2331,1938,1671,1318,948,2283,714,627,450,283,209,389
107年 12月底,女,1395197,66442,10482,12807,14062,14584,14507,56167,12200,13178,11066,9321,10402,52467,10277,10997,10701,10149,10343,60281,10765,11342,11579,13793,12802,69725,11913,14488,14305,14639,14380,75052,14568,14468,14513,15991,15512,95255,18042,16992,17707,20411,22103,124684,23353,24856,25928,25036,25511,115507,24369,22553,25583,21629,21373,106984,20600,20889,21488,21973,22034,106550,21620,20498,21370,21296,21766,107596,22052,21507,20986,21471,21580,104656,21389,20825,21499,21036,19907,93367,19889,19651,19652,17683,16492,54643,13998,12749,9814,8501,9581,44312,9499,9096,9008,8671,8038,30799,7236,6688,6084,5806,4985,18830,4532,4251,3731,3325,2991,8983,2580,2101,1797,1411,1094,2484,827,649,503,329,176,413
108年 1月底,總計,2666908,136767,21623,26080,28995,30092,29977,116550,24681,27610,23203,19547,21509,110158,21371,23022,22269,21579,21917,124939,22109,23648,23846,28546,26790,143525,24654,29426,29257,30619,29569,151664,29700,29537,29618,32383,30426,180264,35391,32480,32546,37950,41897,234110,43698,46666,48536,47369,47841,216665,46354,41736,48892,39990,39693,198929,39069,38539,39709,40831,40781,198145,40144,38320,39405,39665,40611,199829,40791,40056,39279,40146,39557,195125,40265,38111,39767,39332,37650,172646,36658,36601,36429,32342,30616,100746,26248,23682,18648,15063,17105,77639,17008,16263,15619,15067,13682,51852,12340,11278,10151,9562,8521,34522,7913,7506,7035,6373,5695,17224,4901,4066,3463,2732,2062,4800,1565,1251,956,633,395,809
108年 1月底,男,1272385,70479,11140,13396,14978,15595,15370,60327,12717,14230,12094,10184,11102,57652,11140,11957,11555,11443,11557,64891,11481,12322,12338,14862,13888,74056,12870,15146,14994,15808,15238,76808,15079,15072,15148,16438,15071,85295,17082,15621,15089,17783,19720,109829,20475,22013,22657,22280,22404,100964,21875,19437,22922,18355,18375,92122,18407,17783,18366,18846,18720,91718,18450,17715,18271,18442,18840,92506,18800,18616,18242,18647,18201,90218,18640,17312,18328,18360,17578,79091,16970,16941,16722,14647,13811,45748,12059,10720,8601,6731,7637,33306,7478,7209,6587,6397,5635,20854,5049,4512,4051,3750,3492,15630,3341,3309,3269,3018,2693,8212,2330,1945,1661,1319,957,2277,718,616,450,289,204,402
108年 1月底,女,1394523,66288,10483,12684,14017,14497,14607,56223,11964,13380,11109,9363,10407,52506,10231,11065,10714,10136,10360,60048,10628,11326,11508,13684,12902,69469,11784,14280,14263,14811,14331,74856,14621,14465,14470,15945,15355,94969,18309,16859,17457,20167,22177,124281,23223,24653,25879,25089,25437,115701,24479,22299,25970,21635,21318,106807,20662,20756,21343,21985,22061,106427,21694,20605,21134,21223,21771,107323,21991,21440,21037,21499,21356,104907,21625,20799,21439,20972,20072,93555,19688,19660,19707,17695,16805,54998,14189,12962,10047,8332,9468,44333,9530,9054,9032,8670,8047,30998,7291,6766,6100,5812,5029,18892,4572,4197,3766,3355,3002,9012,2571,2121,1802,1413,1105,2523,847,635,506,344,191,407
108年 2月底,總計,2664983,136066,21381,25734,29028,29828,30095,116400,24599,27309,23502,19582,21408,110261,21373,23137,22435,21462,21854,124444,21942,23689,23486,28378,26949,143093,24554,29162,29384,30275,29718,151677,29613,29626,29532,32187,30719,179343,35334,32296,32449,37569,41695,233644,43423,46376,48634,47217,47994,216775,46431,41629,48899,40196,39620,198585,39057,38496,39627,40617,40788,198052,40144,38643,38892,39605,40768,199600,40505,40111,39537,39608,39839,194705,40426,37553,40206,38815,37705,173190,37096,36438,36372,33025,30259,101873,26751,23843,19468,14851,16960,77775,17019,16301,15516,15134,13805,52025,12424,11310,10147,9588,8556,34439,7885,7508,7040,6361,5645,17380,4920,4120,3461,2795,2084,4835,1573,1252,950,651,409,821
108年 2月底,男,1271327,70113,11013,13217,14975,15462,15446,60280,12631,14120,12230,10191,11108,57633,11090,12001,11660,11358,11524,64653,11410,12348,12152,14787,13956,73838,12833,15053,15028,15607,15317,76836,15089,15065,15096,16331,15255,84852,17071,15495,15109,17608,19569,109649,20451,21770,22792,22122,22514,101066,21908,19434,22862,18501,18361,91910,18359,17733,18339,18794,18685,91672,18481,17811,18090,18423,18867,92411,18717,18670,18282,18441,18301,90016,18652,17258,18397,18063,17646,79313,17153,16857,16711,14973,13619,46284,12287,10820,8940,6672,7565,33387,7437,7243,6582,6425,5700,20890,5074,4540,3994,3791,3491,15549,3337,3274,3227,3023,2688,8276,2328,1963,1662,1350,973,2289,718,621,446,297,207,410
108年 2月底,女,1393656,65953,10368,12517,14053,14366,14649,56120,11968,13189,11272,9391,10300,52628,10283,11136,10775,10104,10330,59791,10532,11341,11334,13591,12993,69255,11721,14109,14356,14668,14401,74841,14524,14561,14436,15856,15464,94491,18263,16801,17340,19961,22126,123995,22972,24606,25842,25095,25480,115709,24523,22195,26037,21695,21259,106675,20698,20763,21288,21823,22103,106380,21663,20832,20802,21182,21901,107189,21788,21441,21255,21167,21538,104689,21774,20295,21809,20752,20059,93877,19943,19581,19661,18052,16640,55589,14464,13023,10528,8179,9395,44388,9582,9058,8934,8709,8105,31135,7350,6770,6153,5797,5065,18890,4548,4234,3813,3338,2957,9104,2592,2157,1799,1445,1111,2546,855,631,504,354,202,411
108年 3月底,總計,2663425,135237,21206,25422,28754,29813,30042,116465,24693,26927,23676,19862,21307,110362,21306,23194,22585,21516,21761,123724,21932,23481,23358,28075,26878,142970,24807,28843,29271,30266,29783,151906,29608,29631,29565,31793,31309,178320,34801,32416,32482,37227,41394,232975,43037,46310,48593,47137,47898,217199,46485,42096,48256,40639,39723,198181,39029,38470,39475,40554,40653,197758,40203,38739,38726,39467,40623,199477,40507,40267,39503,39413,39787,194821,40753,37631,39492,39011,37934,173492,36959,36505,36345,32807,30876,102961,27292,24229,19987,14687,16766,77900,17100,16323,15476,15096,13905,52232,12569,11325,10168,9572,8598,34336,7953,7369,7128,6283,5603,17416,4986,4071,3502,2791,2066,4864,1594,1235,962,650,423,829
108年 3月底,男,1270279,69654,10865,13081,14844,15414,15450,60312,12725,13847,12336,10327,11077,57655,11081,12029,11688,11353,11504,64300,11410,12246,12090,14596,13958,73802,12916,14923,15001,15556,15406,76899,15076,15063,15065,16110,15585,84366,16791,15569,15171,17432,19403,109400,20265,21805,22772,22050,22508,101212,21852,19712,22561,18709,18378,91724,18323,17775,18248,18757,18621,91548,18507,17870,18011,18293,18867,92303,18768,18656,18211,18391,18277,90054,18775,17379,18028,18128,17744,79468,17109,16866,16672,14946,13875,46755,12480,11025,9141,6657,7452,33476,7490,7214,6596,6417,5759,20926,5136,4543,3980,3812,3455,15413,3331,3210,3257,2964,2651,8311,2389,1928,1668,1361,965,2283,717,604,449,306,207,418
108年 3月底,女,1393146,65583,10341,12341,13910,14399,14592,56153,11968,13080,11340,9535,10230,52707,10225,11165,10897,10163,10257,59424,10522,11235,11268,13479,12920,69168,11891,13920,14270,14710,14377,75007,14532,14568,14500,15683,15724,93954,18010,16847,17311,19795,21991,123575,22772,24505,25821,25087,25390,115987,24633,22384,25695,21930,21345,106457,20706,20695,21227,21797,22032,106210,21696,20869,20715,21174,21756,107174,21739,21611,21292,21022,21510,104767,21978,20252,21464,20883,20190,94024,19850,19639,19673,17861,17001,56206,14812,13204,10846,8030,9314,44424,9610,9109,8880,8679,8146,31306,7433,6782,6188,5760,5143,18923,4622,4159,3871,3319,2952,9105,2597,2143,1834,1430,1101,2581,877,631,513,344,216,411
108年 4月底,總計,2661317,134394,21141,25241,28432,29632,29948,116611,24853,26446,23918,20159,21235,110405,21320,23186,22738,21432,21729,123094,21833,23369,23285,27762,26845,142653,25055,28426,29172,30253,29747,152111,29648,29617,29657,31603,31586,177477,34259,32500,32613,36844,41261,232240,42675,46197,48188,47450,47730,217575,46480,42443,47839,40923,39890,197798,38890,38559,39372,40505,40472,197566,40407,38678,38555,39414,40512,199306,40415,40412,39428,39481,39570,195090,40749,37944,39035,39120,38242,172554,36999,36206,36362,32703,30284,104793,28719,23978,20826,14591,16679,77926,17134,16329,15450,15130,13883,52439,12751,11334,10140,9546,8668,34199,7932,7284,7166,6252,5565,17414,4999,4037,3564,2705,2109,4845,1600,1214,955,650,426,827
108年 4月底,男,1269117,69263,10839,13001,14666,15306,15451,60356,12795,13589,12467,10447,11058,57664,11057,12074,11752,11291,11490,64029,11393,12146,12075,14416,13999,73592,13001,14716,14938,15578,15359,77037,15147,15017,15082,16031,15760,83997,16489,15630,15310,17223,19345,109048,20088,21782,22557,22230,22391,101335,21848,19897,22294,18922,18374,91597,18211,17814,18255,18661,18656,91401,18612,17803,17891,18291,18804,92168,18755,18671,18192,18415,18135,90229,18848,17506,17817,18175,17883,79078,17148,16671,16727,14935,13597,47526,13074,10973,9482,6586,7411,33524,7539,7222,6595,6469,5699,20994,5247,4536,3965,3804,3442,15329,3343,3142,3259,2931,2654,8269,2370,1902,1694,1311,992,2262,719,579,456,302,206,419
108年 4月底,女,1392200,65131,10302,12240,13766,14326,14497,56255,12058,12857,11451,9712,10177,52741,10263,11112,10986,10141,10239,59065,10440,11223,11210,13346,12846,69061,12054,13710,14234,14675,14388,75074,14501,14600,14575,15572,15826,93480,17770,16870,17303,19621,21916,123192,22587,24415,25631,25220,25339,116240,24632,22546,25545,22001,21516,106201,20679,20745,21117,21844,21816,106165,21795,20875,20664,21123,21708,107138,21660,21741,21236,21066,21435,104861,21901,20438,21218,20945,20359,93476,19851,19535,19635,17768,16687,57267,15645,13005,11344,8005,9268,44402,9595,9107,8855,8661,8184,31445,7504,6798,6175,5742,5226,18870,4589,4142,3907,3321,2911,9145,2629,2135,1870,1394,1117,2583,881,635,499,348,220,408
108年 5月底,總計,2658615,133215,21084,24989,28000,29533,29609,116685,24875,26140,24117,20481,21072,110535,21409,23067,22863,21389,21807,122268,21791,23115,23178,27393,26791,142517,25296,28105,29113,30213,29790,152134,29588,29682,29633,31363,31868,176736,33963,32572,32661,36490,41050,231407,42460,45968,47836,47502,47641,217735,46540,42600,47279,41378,39938,197559,38821,38448,39376,40309,40605,197364,40351,38763,38475,39339,40436,199139,40344,40346,39619,39361,39469,195239,40622,38326,38745,39232,38314,173286,37046,35956,36315,33516,30453,104995,28289,24375,21060,14720,16551,78027,17180,16369,15485,15044,13949,52513,12751,11407,10186,9531,8638,34188,7915,7334,7107,6217,5615,17385,4974,4064,3518,2725,2104,4850,1623,1168,971,666,422,838
108年 5月底,男,1267542,68629,10849,12890,14384,15291,15215,60343,12856,13383,12553,10651,10900,57780,11167,12010,11784,11271,11548,63596,11342,12049,11979,14237,13989,73508,13129,14517,14933,15588,15341,77038,15134,15037,15057,15907,15903,83675,16386,15632,15393,17022,19242,108667,20008,21702,22361,22278,22318,101366,21790,20067,21967,19170,18372,91471,18156,17800,18212,18584,18719,91338,18614,17858,17820,18174,18872,92076,18690,18651,18250,18417,18068,90219,18770,17651,17751,18117,17930,79407,17164,16663,16660,15252,13668,47620,12908,11153,9599,6641,7319,33606,7601,7239,6589,6454,5723,21003,5275,4536,3990,3798,3404,15266,3319,3167,3222,2895,2663,8251,2350,1901,1680,1318,1002,2262,724,558,464,309,207,421
108年 5月底,女,1391073,64586,10235,12099,13616,14242,14394,56342,12019,12757,11564,9830,10172,52755,10242,11057,11079,10118,10259,58672,10449,11066,11199,13156,12802,69009,12167,13588,14180,14625,14449,75096,14454,14645,14576,15456,15965,93061,17577,16940,17268,19468,21808,122740,22452,24266,25475,25224,25323,116369,24750,22533,25312,22208,21566,106088,20665,20648,21164,21725,21886,106026,21737,20905,20655,21165,21564,107063,21654,21695,21369,20944,21401,105020,21852,20675,20994,21115,20384,93879,19882,19293,19655,18264,16785,57375,15381,13222,11461,8079,9232,44421,9579,9130,8896,8590,8226,31510,7476,6871,6196,5733,5234,18922,4596,4167,3885,3322,2952,9134,2624,2163,1838,1407,1102,2588,899,610,507,357,215,417
108年 6月底,總計,2657652,132470,20785,24709,27793,29528,29655,117005,25122,25929,24289,20796,20869,110749,21485,23074,22950,21400,21840,121590,21608,22975,23153,27060,26794,142296,25328,28005,29127,30074,29762,152158,29591,29778,29576,31073,32140,176082,33469,32819,32929,35955,40910,230670,42221,45700,47629,47671,47449,218383,46689,42820,47011,41750,40113,197254,38606,38509,39424,40205,40510,197477,40324,38835,38428,39369,40521,198963,40220,40162,39770,39394,39417,195250,40337,38654,38598,39233,38428,173964,37031,36098,36087,34233,30515,105329,28299,24379,21251,14988,16412,78119,17226,16260,15511,15096,14026,52637,12818,11398,10215,9525,8681,34094,7860,7350,7089,6203,5592,17435,5010,4071,3467,2793,2094,4893,1618,1183,985,681,426,834
108年 6月底,男,1266944,68301,10683,12783,14224,15337,15274,60438,12931,13278,12635,10800,10794,57905,11243,11961,11826,11306,11569,63248,11261,11954,12026,14013,13994,73397,13159,14425,14947,15517,15349,77023,15138,15088,15012,15762,16023,83444,16227,15719,15538,16796,19164,108337,19844,21652,22288,22306,22247,101612,21858,20130,21872,19330,18422,91377,18042,17883,18241,18509,18702,91392,18562,17899,17828,18155,18948,91963,18563,18627,18270,18432,18071,90152,18576,17845,17667,18142,17922,79698,17190,16697,16563,15624,13624,47773,12936,11154,9662,6805,7216,33675,7651,7186,6619,6490,5729,21080,5351,4504,4024,3774,3427,15175,3280,3149,3210,2882,2654,8253,2367,1879,1660,1349,998,2283,732,556,467,321,207,418
108年 6月底,女,1390708,64169,10102,11926,13569,14191,14381,56567,12191,12651,11654,9996,10075,52844,10242,11113,11124,10094,10271,58342,10347,11021,11127,13047,12800,68899,12169,13580,14180,14557,14413,75135,14453,14690,14564,15311,16117,92638,17242,17100,17391,19159,21746,122333,22377,24048,25341,25365,25202,116771,24831,22690,25139,22420,21691,105877,20564,20626,21183,21696,21808,106085,21762,20936,20600,21214,21573,107000,21657,21535,21500,20962,21346,105098,21761,20809,20931,21091,20506,94266,19841,19401,19524,18609,16891,57556,15363,13225,11589,8183,9196,44444,9575,9074,8892,8606,8297,31557,7467,6894,6191,5751,5254,18919,4580,4201,3879,3321,2938,9182,2643,2192,1807,1444,1096,2610,886,627,518,360,219,416
108年 7月底,總計,2654008,131637,20692,24459,27446,29363,29677,117030,25402,25284,24424,21165,20755,110502,21541,22979,22743,21455,21784,120767,21474,22833,23096,26519,26845,141910,25487,27534,29278,29884,29727,152041,29521,29733,29590,30784,32413,175190,33023,32942,33078,35594,40553,229517,41939,45295,47514,47583,47186,218730,46788,43159,46465,42417,39901,196897,38676,38510,39228,40049,40434,197395,40237,38957,38425,39388,40388,198839,40085,40380,39672,39245,39457,195314,40061,38982,38326,39312,38633,174321,36719,36476,35877,34809,30440,105818,28411,24284,21564,15203,16356,78234,17270,16171,15676,15050,14067,52667,12809,11434,10262,9529,8633,34067,7891,7396,7022,6170,5588,17422,4983,4087,3462,2786,2104,4873,1603,1176,987,682,425,837
108年 7月底,男,1265088,67828,10636,12631,14085,15207,15269,60458,13113,12939,12696,10991,10719,57804,11275,11940,11736,11276,11577,62847,11191,11892,12019,13704,14041,73155,13218,14248,15002,15376,15311,76972,15165,15030,14993,15606,16178,83090,16053,15800,15612,16625,19000,107754,19720,21446,22293,22216,22079,101831,21996,20260,21691,19587,18297,91226,18104,17880,18112,18448,18682,91314,18558,17917,17836,18190,18813,91985,18546,18708,18204,18327,18200,90147,18376,17997,17509,18193,18072,79841,17018,16888,16459,15876,13600,47998,12978,11056,9835,6928,7201,33716,7689,7087,6759,6431,5750,21092,5334,4534,4067,3775,3382,15108,3290,3138,3157,2875,2648,8225,2347,1889,1646,1334,1009,2274,719,551,476,326,202,423
108年 7月底,女,1388920,63809,10056,11828,13361,14156,14408,56572,12289,12345,11728,10174,10036,52698,10266,11039,11007,10179,10207,57920,10283,10941,11077,12815,12804,68755,12269,13286,14276,14508,14416,75069,14356,14703,14597,15178,16235,92100,16970,17142,17466,18969,21553,121763,22219,23849,25221,25367,25107,116899,24792,22899,24774,22830,21604,105671,20572,20630,21116,21601,21752,106081,21679,21040,20589,21198,21575,106854,21539,21672,21468,20918,21257,105167,21685,20985,20817,21119,20561,94480,19701,19588,19418,18933,16840,57820,15433,13228,11729,8275,9155,44518,9581,9084,8917,8619,8317,31575,7475,6900,6195,5754,5251,18959,4601,4258,3865,3295,2940,9197,2636,2198,1816,1452,1095,2599,884,625,511,356,223,414
108年 8月底,總計,2650154,130176,20408,24114,27053,29072,29529,117349,25726,24812,24760,21498,20553,110269,21682,22804,22724,21386,21673,120083,21445,22651,22954,26101,26932,141467,25618,27138,29216,29742,29753,151844,29486,29748,29518,30555,32537,174027,32650,33083,33099,35053,40142,228243,41702,44769,47190,47721,46861,218663,46819,43531,45573,43312,39428,196742,39113,38385,38862,40051,40331,197279,40250,39095,38396,39385,40153,198855,40107,40370,39569,39234,39575,195567,39940,39111,37611,40055,38850,174455,36495,36538,35881,35025,30516,106697,28781,24324,21937,15487,16168,78305,17215,16236,15775,15023,14056,52924,12874,11409,10412,9472,8757,33989,7853,7362,6995,6202,5577,17470,4947,4149,3437,2803,2134,4907,1641,1156,989,689,432,843
108年 8月底,男,1263106,67085,10479,12489,13846,15085,15186,60575,13276,12748,12791,11170,10590,57664,11388,11843,11767,11217,11449,62529,11237,11794,11956,13505,14037,72906,13314,14070,14964,15282,15276,76943,15204,15052,14920,15508,16259,82569,15979,15751,15691,16362,18786,107195,19623,21211,22165,22262,21934,101747,21964,20488,21282,19997,18016,91174,18302,17872,17931,18441,18628,91226,18578,17974,17775,18176,18723,92036,18602,18675,18189,18300,18270,90179,18340,18035,17176,18539,18089,79953,16993,16871,16435,15980,13674,48432,13147,11073,9958,7126,7128,33704,7613,7101,6831,6427,5732,21196,5368,4536,4156,3726,3410,15041,3257,3140,3095,2887,2662,8240,2316,1920,1640,1340,1024,2284,732,539,481,329,203,428
108年 8月底,女,1387048,63091,9929,11625,13207,13987,14343,56774,12450,12064,11969,10328,9963,52605,10294,10961,10957,10169,10224,57554,10208,10857,10998,12596,12895,68561,12304,13068,14252,14460,14477,74901,14282,14696,14598,15047,16278,91458,16671,17332,17408,18691,21356,121048,22079,23558,25025,25459,24927,116916,24855,23043,24291,23315,21412,105568,20811,20513,20931,21610,21703,106053,21672,21121,20621,21209,21430,106819,21505,21695,21380,20934,21305,105388,21600,21076,20435,21516,20761,94502,19502,19667,19446,19045,16842,58265,15634,13251,11979,8361,9040,44601,9602,9135,8944,8596,8324,31728,7506,6873,6256,5746,5347,18948,4596,4222,3900,3315,2915,9230,2631,2229,1797,1463,1110,2623,909,617,508,360,229,415
108年 9月底,總計,2647164,128918,20166,23864,26586,28946,29356,117789,26021,24469,25116,21838,20345,109949,21745,22665,22542,21480,21517,119364,21478,22344,22987,25365,27190,140958,25739,26323,29433,29861,29602,151737,29624,29757,29480,30344,32532,172974,32369,33311,33053,34712,39529,227259,41425,44472,46906,47877,46579,218875,46740,44046,44631,44246,39212,196413,39249,38375,38633,39849,40307,197025,40309,39344,38131,39258,39983,198876,40160,40336,39552,39177,39651,195629,39778,39246,37212,40458,38935,174655,36423,36520,36040,35027,30645,107767,29301,24464,22158,16158,15686,78425,17192,16298,15795,15010,14130,53161,12980,11449,10514,9328,8890,34012,7885,7334,7030,6144,5619,17558,4936,4210,3434,2779,2199,4967,1671,1156,1009,684,447,853
108年 9月底,男,1261548,66446,10341,12342,13636,14996,15131,60855,13409,12611,12961,11345,10529,57409,11361,11828,11638,11253,11329,62176,11316,11603,11973,13145,14139,72651,13386,13677,15064,15323,15201,76953,15270,15060,14867,15443,16313,82099,15793,15921,15694,16202,18489,106770,19469,21058,22034,22332,21877,101831,21872,20753,20849,20418,17939,91072,18301,17993,17796,18354,18628,91006,18565,18098,17638,18133,18572,92054,18649,18618,18209,18315,18263,90157,18259,18095,16973,18752,18078,80114,17005,16880,16454,16012,13763,48900,13356,11176,10016,7381,6971,33743,7566,7157,6822,6406,5792,21297,5427,4528,4232,3635,3475,14983,3266,3096,3081,2867,2673,8266,2307,1961,1627,1322,1049,2331,759,548,486,332,206,435
108年 9月底,女,1385616,62472,9825,11522,12950,13950,14225,56934,12612,11858,12155,10493,9816,52540,10384,10837,10904,10227,10188,57188,10162,10741,11014,12220,13051,68307,12353,12646,14369,14538,14401,74784,14354,14697,14613,14901,16219,90875,16576,17390,17359,18510,21040,120489,21956,23414,24872,25545,24702,117044,24868,23293,23782,23828,21273,105341,20948,20382,20837,21495,21679,106019,21744,21246,20493,21125,21411,106822,21511,21718,21343,20862,21388,105472,21519,21151,20239,21706,20857,94541,19418,19640,19586,19015,16882,58867,15945,13288,12142,8777,8715,44682,9626,9141,8973,8604,8338,31864,7553,6921,6282,5693,5415,19029,4619,4238,3949,3277,2946,9292,2629,2249,1807,1457,1150,2636,912,608,523,352,241,418
108年 10月底,總計,2646204,127960,20225,23469,26396,28726,29144,118363,26542,23861,25711,22263,19986,109812,21884,22606,22413,21647,21262,119082,21608,22125,23134,24713,27502,140379,25877,25570,29694,29465,29773,151599,29612,29674,29577,30175,32561,171824,31881,33807,32880,34380,38876,226310,41593,43861,46672,47970,46214,219503,46898,44731,43409,45454,39011,196558,39569,38357,38360,39834,40438,196826,40019,39610,37912,39229,40056,198845,39803,40647,39605,38904,39886,195635,39760,39111,37762,39767,39235,175321,36547,36299,36174,35410,30891,108575,29528,24641,22305,16989,15112,78741,17218,16460,15772,15026,14265,53396,12979,11547,10494,9483,8893,34035,7888,7309,6991,6248,5599,17571,4888,4236,3448,2820,2179,5000,1686,1175,998,700,441,869
108年 10月底,男,1260951,65983,10353,12171,13490,14911,15058,61155,13585,12323,13250,11570,10427,57266,11365,11806,11570,11276,11249,62048,11366,11509,12030,12846,14297,72340,13445,13227,15262,15096,15310,76901,15288,14976,14935,15363,16339,81587,15592,16197,15687,16001,18110,106377,19637,20738,21917,22448,21637,102208,22007,21034,20253,21067,17847,91080,18376,18047,17694,18331,18632,90926,18439,18251,17510,18160,18566,92012,18501,18698,18250,18115,18448,90060,18268,17982,17247,18363,18200,80452,17093,16748,16530,16169,13912,49303,13457,11247,10073,7752,6774,33920,7568,7219,6854,6390,5889,21340,5375,4584,4229,3689,3463,14930,3250,3107,3024,2903,2646,8281,2296,1978,1625,1338,1044,2340,758,556,489,334,203,442
108年 10月底,女,1385253,61977,9872,11298,12906,13815,14086,57208,12957,11538,12461,10693,9559,52546,10519,10800,10843,10371,10013,57034,10242,10616,11104,11867,13205,68039,12432,12343,14432,14369,14463,74698,14324,14698,14642,14812,16222,90237,16289,17610,17193,18379,20766,119933,21956,23123,24755,25522,24577,117295,24891,23697,23156,24387,21164,105478,21193,20310,20666,21503,21806,105900,21580,21359,20402,21069,21490,106833,21302,21949,21355,20789,21438,105575,21492,21129,20515,21404,21035,94869,19454,19551,19644,19241,16979,59272,16071,13394,12232,9237,8338,44821,9650,9241,8918,8636,8376,32056,7604,6963,6265,5794,5430,19105,4638,4202,3967,3345,2953,9290,2592,2258,1823,1482,1135,2660,928,619,509,366,238,427
108年 11月底,總計,2645293,126918,19983,23251,26116,28383,29185,118850,26844,23455,25985,22704,19862,109757,21818,22268,22692,21799,21180,118487,21544,21877,23257,24051,27758,140094,26207,24936,29554,29295,30102,151485,29616,29657,29478,30153,32581,170727,31341,34460,32813,33655,38458,225700,41516,43608,46310,47878,46388,220187,46848,44859,42538,46598,39344,195959,39305,38339,38411,39521,40383,196732,40245,39582,37887,39209,39809,198893,40033,40580,39558,38883,39839,195564,39764,39191,37929,39606,39074,176152,36951,36242,36093,35657,31209,109629,29606,25140,22425,17555,14903,78808,17111,16426,15805,15056,14410,53639,13068,11592,10553,9517,8909,34108,7948,7261,7016,6303,5580,17692,4929,4250,3481,2851,2181,5028,1695,1184,996,720,433,884
108年 11月底,男,1260292,65556,10301,11998,13406,14688,15163,61346,13684,12117,13387,11804,10354,57221,11300,11646,11764,11326,11185,61731,11341,11341,12147,12490,14412,72203,13586,12979,15156,15011,15471,76854,15258,14985,14900,15313,16398,81103,15321,16578,15677,15615,17912,106074,19582,20621,21778,22340,21753,102481,21973,21063,19824,21665,17956,90879,18244,18080,17736,18221,18598,90819,18562,18169,17479,18205,18404,92015,18600,18642,18229,18067,18477,90022,18255,18045,17317,18256,18149,80825,17219,16723,16556,16288,14039,49734,13473,11516,10101,8009,6635,34001,7547,7231,6898,6322,6003,21415,5406,4636,4198,3718,3457,14907,3278,3053,3028,2920,2628,8311,2307,1964,1643,1355,1042,2350,763,556,486,341,204,445
108年 11月底,女,1385001,61362,9682,11253,12710,13695,14022,57504,13160,11338,12598,10900,9508,52536,10518,10622,10928,10473,9995,56756,10203,10536,11110,11561,13346,67891,12621,11957,14398,14284,14631,74631,14358,14672,14578,14840,16183,89624,16020,17882,17136,18040,20546,119626,21934,22987,24532,25538,24635,117706,24875,23796,22714,24933,21388,105080,21061,20259,20675,21300,21785,105913,21683,21413,20408,21004,21405,106878,21433,21938,21329,20816,21362,105542,21509,21146,20612,21350,20925,95327,19732,19519,19537,19369,17170,59895,16133,13624,12324,9546,8268,44807,9564,9195,8907,8734,8407,32224,7662,6956,6355,5799,5452,19201,4670,4208,3988,3383,2952,9381,2622,2286,1838,1496,1139,2678,932,628,510,379,229,439
108年 12月底,總計,2645041,126241,20160,23023,25786,28231,29041,119402,27231,23080,26401,23116,19574,109857,21898,22054,22902,21831,21172,118216,21474,21810,23285,23518,28129,139691,26233,24529,29551,29065,30313,151496,29665,29654,29688,29865,32624,169830,30901,35173,32693,33058,38005,224971,41440,43387,46097,47687,46360,220766,46979,45189,41655,47535,39408,195734,39272,38480,38334,39313,40335,196501,40352,39529,37776,39457,39387,199019,40262,40465,39616,38951,39725,195373,39521,39462,37904,39514,38972,176807,36968,36426,35901,35750,31762,110846,29708,25471,22816,17807,15044,78730,16859,16574,15760,15026,14511,53824,13144,11622,10593,9510,8955,34072,7923,7252,6975,6351,5571,17739,4945,4251,3447,2888,2208,5036,1648,1228,993,728,439,890
108年 12月底,男,1260049,65139,10410,11824,13232,14618,15055,61662,13921,11930,13593,12017,10201,57262,11331,11546,11880,11306,11199,61561,11315,11313,12134,12193,14606,72017,13628,12753,15167,14828,15641,76883,15233,14994,15077,15152,16427,80739,15147,16950,15599,15306,17737,105777,19550,20394,21741,22325,21767,102752,21945,21205,19395,22229,17978,90779,18198,18135,17708,18136,18602,90706,18579,18144,17446,18263,18274,92070,18643,18604,18318,18059,18446,89890,18098,18230,17218,18205,18139,81166,17226,16784,16531,16336,14289,50200,13446,11641,10265,8162,6686,34018,7442,7294,6904,6273,6105,21467,5389,4679,4221,3691,3487,14815,3237,3020,3028,2934,2596,8342,2318,1979,1632,1355,1058,2358,755,566,492,340,205,446
108年 12月底,女,1384992,61102,9750,11199,12554,13613,13986,57740,13310,11150,12808,11099,9373,52595,10567,10508,11022,10525,9973,56655,10159,10497,11151,11325,13523,67674,12605,11776,14384,14237,14672,74613,14432,14660,14611,14713,16197,89091,15754,18223,17094,17752,20268,119194,21890,22993,24356,25362,24593,118014,25034,23984,22260,25306,21430,104955,21074,20345,20626,21177,21733,105795,21773,21385,20330,21194,21113,106949,21619,21861,21298,20892,21279,105483,21423,21232,20686,21309,20833,95641,19742,19642,19370,19414,17473,60646,16262,13830,12551,9645,8358,44712,9417,9280,8856,8753,8406,32357,7755,6943,6372,5819,5468,19257,4686,4232,3947,3417,2975,9397,2627,2272,1815,1533,1150,2678,893,662,501,388,234,444
109年 1月底,總計,2642877,125002,19799,22853,25442,28056,28852,119815,27445,22725,26741,23264,19640,109755,21806,21933,23038,21812,21166,117571,21512,21572,23237,23270,27980,139519,26369,24335,29155,29091,30569,151267,29545,29697,29688,29763,32574,168973,30668,35555,32563,32496,37691,224128,41364,42974,45812,47503,46475,221059,46896,45472,41070,48120,39501,195328,39153,38490,38118,39163,40404,196196,40256,39704,37937,38990,39309,198841,40181,40420,39606,38929,39705,195184,39214,39889,37816,39371,38894,177184,37266,36139,36040,35881,31858,112232,30144,25804,23248,18298,14738,78706,16725,16550,15774,15110,14547,54153,13129,11806,10671,9597,8950,34149,7983,7282,6892,6375,5617,17809,4970,4240,3483,2898,2218,5094,1652,1257,981,742,462,912
109年 1月底,男,1258801,64466,10233,11748,13041,14486,14958,61899,14049,11743,13759,12107,10241,57198,11278,11454,11974,11293,11199,61198,11311,11227,12095,12021,14544,71939,13668,12671,14985,14880,15735,76752,15157,14991,15066,15128,16410,80427,15098,17097,15612,14999,17621,105356,19489,20142,21672,22238,21815,102895,21921,21367,19098,22451,18058,90605,18113,18103,17607,18113,18669,90523,18468,18226,17506,18059,18264,91925,18569,18576,18377,17986,18417,89769,17980,18438,17142,18093,18116,81430,17337,16681,16634,16418,14360,50762,13542,11791,10476,8412,6541,34050,7413,7238,6949,6329,6121,21617,5370,4794,4244,3741,3468,14794,3241,3025,2992,2918,2618,8357,2329,1971,1645,1352,1060,2382,764,577,487,342,212,457
109年 1月底,女,1384076,60536,9566,11105,12401,13570,13894,57916,13396,10982,12982,11157,9399,52557,10528,10479,11064,10519,9967,56373,10201,10345,11142,11249,13436,67580,12701,11664,14170,14211,14834,74515,14388,14706,14622,14635,16164,88546,15570,18458,16951,17497,20070,118772,21875,22832,24140,25265,24660,118164,24975,24105,21972,25669,21443,104723,21040,20387,20511,21050,21735,105673,21788,21478,20431,20931,21045,106916,21612,21844,21229,20943,21288,105415,21234,21451,20674,21278,20778,95754,19929,19458,19406,19463,17498,61470,16602,14013,12772,9886,8197,44656,9312,9312,8825,8781,8426,32536,7759,7012,6427,5856,5482,19355,4742,4257,3900,3457,2999,9452,2641,2269,1838,1546,1158,2712,888,680,494,400,250,455
109年 2月底,總計,2639084,124023,19898,22576,24994,27964,28591,119812,27372,22704,26468,23588,19680,109805,21674,21893,23291,21861,21086,116633,21371,21419,23241,22921,27681,139182,26613,24222,28905,29158,30284,151051,29688,29628,29672,29745,32318,168338,30924,35378,32416,32349,37271,222920,41035,42771,45456,47547,46111,221356,47116,45482,40954,48013,39791,194798,39037,38466,37905,39183,40207,195821,40284,39557,38333,38450,39197,198347,40245,40202,39663,39145,39092,195080,39567,40053,37248,39718,38494,177993,37283,36514,35799,35860,32537,113047,29771,26221,23461,19064,14530,78481,16519,16579,15821,14995,14567,54460,13290,11894,10714,9554,9008,34105,7963,7259,6862,6424,5597,17806,4893,4237,3507,2904,2265,5104,1658,1256,976,732,482,922
109年 2月底,男,1256806,63989,10302,11616,12823,14414,14834,61885,14015,11702,13657,12254,10257,57216,11247,11390,12111,11330,11138,60726,11229,11164,12095,11833,14405,71746,13774,12622,14892,14878,15580,76625,15232,15018,15000,15104,16271,80233,15291,17025,15514,14981,17422,104713,19284,20130,21395,22331,21573,103103,22062,21363,19085,22363,18230,90352,18078,18059,17464,18129,18622,90367,18455,18198,17631,17874,18209,91689,18576,18511,18408,18027,18167,89605,18096,18457,17060,18109,17883,81844,17369,16858,16517,16425,14675,51139,13351,11981,10613,8703,6491,33945,7316,7198,6983,6320,6128,21733,5450,4818,4274,3685,3506,14713,3224,3030,2938,2905,2616,8337,2298,1961,1639,1363,1076,2391,771,572,488,340,220,455
109年 2月底,女,1382278,60034,9596,10960,12171,13550,13757,57927,13357,11002,12811,11334,9423,52589,10427,10503,11180,10531,9948,55907,10142,10255,11146,11088,13276,67436,12839,11600,14013,14280,14704,74426,14456,14610,14672,14641,16047,88105,15633,18353,16902,17368,19849,118207,21751,22641,24061,25216,24538,118253,25054,24119,21869,25650,21561,104446,20959,20407,20441,21054,21585,105454,21829,21359,20702,20576,20988,106658,21669,21691,21255,21118,20925,105475,21471,21596,20188,21609,20611,96149,19914,19656,19282,19435,17862,61908,16420,14240,12848,10361,8039,44536,9203,9381,8838,8675,8439,32727,7840,7076,6440,5869,5502,19392,4739,4229,3924,3519,2981,9469,2595,2276,1868,1541,1189,2713,887,684,488,392,262,467
109年 3月底,總計,2635286,122829,19715,22439,24568,27622,28485,119926,27259,22754,26275,23726,19912,109793,21603,21821,23421,21808,21140,115976,21342,21335,23046,22834,27419,138788,26489,24460,28565,29072,30202,150616,29759,29614,29718,29630,31895,167878,31495,34858,32328,32336,36861,221817,40794,42219,45390,47377,46037,221337,46916,45503,41363,47482,40073,194493,39108,38409,37970,38923,40083,195443,40175,39660,38273,38314,39021,198097,40169,40093,39801,39072,38962,194770,39392,40364,37283,39128,38603,177812,37489,36362,35924,35777,32260,114817,30378,26795,23738,19555,14351,78270,16352,16612,15816,14930,14560,54655,13323,12020,10729,9604,8979,34060,7993,7317,6739,6472,5539,17871,4874,4317,3480,2934,2266,5106,1651,1262,969,742,482,932
109年 3月底,男,1254826,63373,10194,11562,12631,14252,14734,62002,13999,11769,13512,12347,10375,57141,11224,11360,12143,11279,11135,60394,11243,11126,12008,11810,14207,71567,13743,12714,14752,14867,15491,76378,15316,15009,15029,14977,16047,80106,15611,16741,15489,15044,17221,104175,19140,19886,21415,22219,21515,103098,21998,21270,19334,22140,18356,90222,18083,18022,17572,18006,18539,90150,18401,18255,17601,17820,18073,91598,18604,18509,18402,17948,18135,89462,18026,18545,17162,17802,17927,81766,17465,16795,16536,16365,14605,51915,13604,12195,10761,8899,6456,33831,7218,7220,6946,6313,6134,21847,5484,4880,4275,3690,3518,14597,3195,3014,2904,2905,2579,8366,2273,2025,1607,1382,1079,2384,765,564,483,344,228,454
109年 3月底,女,1380460,59456,9521,10877,11937,13370,13751,57924,13260,10985,12763,11379,9537,52652,10379,10461,11278,10529,10005,55582,10099,10209,11038,11024,13212,67221,12746,11746,13813,14205,14711,74238,14443,14605,14689,14653,15848,87772,15884,18117,16839,17292,19640,117642,21654,22333,23975,25158,24522,118239,24918,24233,22029,25342,21717,104271,21025,20387,20398,20917,21544,105293,21774,21405,20672,20494,20948,106499,21565,21584,21399,21124,20827,105308,21366,21819,20121,21326,20676,96046,20024,19567,19388,19412,17655,62902,16774,14600,12977,10656,7895,44439,9134,9392,8870,8617,8426,32808,7839,7140,6454,5914,5461,19463,4798,4303,3835,3567,2960,9505,2601,2292,1873,1552,1187,2722,886,698,486,398,254,478
109年 4月底,總計,2631083,121407,19496,22244,24320,27142,28205,120116,27250,22832,25919,23947,20168,109709,21523,21810,23517,21821,21038,115346,21352,21196,22932,22787,27079,138474,26493,24684,28187,28959,30151,150409,29722,29634,29717,29686,31650,167221,31714,34315,32375,32392,36425,220846,40545,41880,45182,46946,46293,221099,46635,45461,41665,46993,40345,194371,39264,38274,38016,38811,40006,195147,39975,39834,38250,38107,38981,197964,40015,39989,39914,39020,39026,194362,39142,40342,37568,38659,38651,177728,37796,36382,35647,35739,32164,116022,29726,28201,23476,20381,14238,78199,16276,16662,15799,14903,14559,54772,13311,12192,10735,9571,8963,34059,8055,7298,6658,6504,5544,17775,4819,4309,3460,2991,2196,5116,1688,1266,956,729,477,941
109年 4月底,男,1252726,62638,10118,11418,12530,14019,14553,62099,14042,11794,13316,12469,10478,57075,11197,11334,12202,11277,11065,60051,11250,11074,11925,11794,14008,71471,13803,12795,14560,14810,15503,76237,15268,15076,14986,14975,15932,79901,15782,16436,15530,15148,17005,103775,19023,19716,21336,21993,21707,102976,21807,21238,19509,21861,18561,90030,18078,17925,17589,18007,18431,90061,18429,18329,17564,17670,18069,91555,18553,18498,18408,17945,18151,89248,17873,18602,17264,17583,17926,81775,17612,16815,16356,16392,14600,52400,13298,12787,10698,9233,6384,33860,7187,7276,6930,6301,6166,21874,5432,4980,4254,3694,3514,14514,3172,3030,2845,2901,2566,8326,2272,2002,1602,1408,1042,2396,789,564,470,355,218,464
109年 4月底,女,1378357,58769,9378,10826,11790,13123,13652,58017,13208,11038,12603,11478,9690,52634,10326,10476,11315,10544,9973,55295,10102,10122,11007,10993,13071,67003,12690,11889,13627,14149,14648,74172,14454,14558,14731,14711,15718,87320,15932,17879,16845,17244,19420,117071,21522,22164,23846,24953,24586,118123,24828,24223,22156,25132,21784,104341,21186,20349,20427,20804,21575,105086,21546,21505,20686,20437,20912,106409,21462,21491,21506,21075,20875,105114,21269,21740,20304,21076,20725,95953,20184,19567,19291,19347,17564,63622,16428,15414,12778,11148,7854,44339,9089,9386,8869,8602,8393,32898,7879,7212,6481,5877,5449,19545,4883,4268,3813,3603,2978,9449,2547,2307,1858,1583,1154,2720,899,702,486,374,259,477
109年 5月底,總計,2626385,119745,19058,22030,23993,26616,28048,120413,27217,22838,25717,24134,20507,109588,21294,21902,23625,21784,20983,114695,21458,21121,22663,22708,26745,138116,26409,24942,27848,28837,30080,150040,29696,29558,29792,29638,31356,166732,31932,33939,32434,32389,36038,219604,40258,41622,44833,46635,46256,221077,46523,45516,41792,46459,40787,194007,39311,38192,37934,38780,39790,195125,40149,39748,38320,37994,38914,197699,39901,39901,39863,39183,38851,194072,39014,40123,37938,38303,38694,178279,37884,36409,35396,35653,32937,116377,29868,27745,23833,20577,14354,78064,16140,16697,15822,14961,14444,54906,13367,12183,10822,9612,8922,33995,8019,7306,6694,6438,5538,17764,4842,4299,3474,2947,2202,5142,1683,1297,925,742,495,945
109年 5月底,男,1250381,61829,9903,11339,12386,13676,14525,62286,13989,11839,13190,12567,10701,56948,10991,11448,12241,11220,11048,59715,11321,11006,11821,11739,13828,71334,13772,12951,14364,14760,15487,76008,15236,15051,15016,14925,15780,79738,15885,16294,15529,15238,16792,103205,18873,19593,21197,21821,21721,102947,21726,21197,19646,21569,18809,89836,18084,17870,17577,17951,18354,89962,18510,18317,17599,17595,17941,91547,18598,18455,18391,18004,18099,89029,17816,18472,17406,17491,17844,82059,17669,16824,16344,16324,14898,52613,13355,12615,10873,9333,6437,33811,7091,7327,6938,6311,6144,21912,5443,4994,4261,3724,3490,14423,3142,3014,2863,2854,2550,8298,2263,2001,1597,1396,1041,2412,793,574,456,362,227,469
109年 5月底,女,1376004,57916,9155,10691,11607,12940,13523,58127,13228,10999,12527,11567,9806,52640,10303,10454,11384,10564,9935,54980,10137,10115,10842,10969,12917,66782,12637,11991,13484,14077,14593,74032,14460,14507,14776,14713,15576,86994,16047,17645,16905,17151,19246,116399,21385,22029,23636,24814,24535,118130,24797,24319,22146,24890,21978,104171,21227,20322,20357,20829,21436,105163,21639,21431,20721,20399,20973,106152,21303,21446,21472,21179,20752,105043,21198,21651,20532,20812,20850,96220,20215,19585,19052,19329,18039,63764,16513,15130,12960,11244,7917,44253,9049,9370,8884,8650,8300,32994,7924,7189,6561,5888,5432,19572,4877,4292,3831,3584,2988,9466,2579,2298,1877,1551,1161,2730,890,723,469,380,268,476
109年 6月底,總計,2624143,119134,19144,21770,23794,26403,28023,120973,27356,22975,25510,24278,20854,109510,21093,21930,23772,21740,20975,113971,21480,20960,22500,22653,26378,137827,26379,24950,27739,28842,29917,149700,29652,29562,29842,29551,31093,166326,32158,33416,32653,32635,35464,218788,40098,41314,44558,46433,46385,221261,46289,45693,41985,46159,41135,193888,39494,37950,37938,38855,39651,194955,40044,39709,38357,37960,38885,197622,40012,39760,39684,39300,38866,193771,38967,39793,38249,38117,38645,178982,38013,36387,35545,35417,33620,116750,29885,27755,23819,20723,14568,77883,16010,16727,15712,14963,14471,55006,13422,12224,10811,9636,8913,33942,8065,7234,6698,6424,5521,17775,4822,4328,3473,2899,2253,5139,1674,1286,936,744,499,940
109年 6月底,男,1249258,61560,9934,11207,12313,13519,14587,62544,14083,11875,13087,12628,10871,56908,10892,11489,12265,11199,11063,59339,11354,10915,11721,11760,13589,71172,13756,12980,14281,14778,15377,75897,15229,15069,15070,14879,15650,79600,15975,16120,15605,15381,16519,102795,18792,19418,21114,21714,21757,103014,21635,21277,19674,21460,18968,89765,18139,17718,17647,17993,18268,89873,18470,18261,17627,17631,17884,91527,18702,18335,18359,18019,18112,88935,17833,18254,17618,17381,17849,82370,17670,16845,16371,16220,15264,52773,13292,12650,10871,9384,6576,33715,6983,7369,6875,6324,6164,21951,5437,5065,4229,3754,3466,14363,3167,2969,2836,2858,2533,8292,2249,2024,1576,1374,1069,2400,788,569,454,360,229,465
109年 6月底,女,1374885,57574,9210,10563,11481,12884,13436,58429,13273,11100,12423,11650,9983,52602,10201,10441,11507,10541,9912,54632,10126,10045,10779,10893,12789,66655,12623,11970,13458,14064,14540,73803,14423,14493,14772,14672,15443,86726,16183,17296,17048,17254,18945,115993,21306,21896,23444,24719,24628,118247,24654,24416,22311,24699,22167,104123,21355,20232,20291,20862,21383,105082,21574,21448,20730,20329,21001,106095,21310,21425,21325,21281,20754,104836,21134,21539,20631,20736,20796,96612,20343,19542,19174,19197,18356,63977,16593,15105,12948,11339,7992,44168,9027,9358,8837,8639,8307,33055,7985,7159,6582,5882,5447,19579,4898,4265,3862,3566,2988,9483,2573,2304,1897,1525,1184,2739,886,717,482,384,270,475
109年 7月底,總計,2620037,118031,18657,21741,23617,26121,27895,121261,27436,22976,25169,24427,21253,109216,20929,21979,23635,21688,20985,113036,21305,20882,22381,22557,25911,137453,26411,25120,27236,29001,29685,149211,29587,29509,29771,29556,30788,165962,32426,32959,32742,32782,35053,217644,39762,41052,44204,46275,46351,221403,46024,45785,42282,45598,41714,193417,39300,38044,37946,38653,39474,194883,39952,39665,38447,37947,38872,197233,39833,39614,39875,39198,38713,193563,38954,39485,38572,37821,38731,179683,38214,36122,35943,35217,34187,117228,29823,27862,23736,21040,14767,77863,15931,16774,15643,15099,14416,55120,13462,12208,10870,9664,8916,33939,8062,7273,6729,6362,5513,17796,4832,4318,3500,2886,2260,5158,1684,1266,950,753,505,937
109年 7月底,男,1247311,60984,9726,11167,12197,13415,14479,62678,14118,11875,12912,12699,11074,56730,10805,11529,12208,11162,11026,58921,11310,10872,11670,11739,13330,71001,13792,13048,14125,14823,15213,75636,15186,15110,14979,14871,15490,79494,16129,15925,15671,15453,16316,102269,18651,19304,20930,21684,21700,103167,21480,21447,19770,21251,19219,89517,18016,17810,17622,17870,18199,89861,18445,18263,17625,17629,17899,91257,18559,18326,18425,17954,17993,88879,17920,18065,17781,17205,17908,82729,17805,16700,16579,16117,15528,53006,13253,12694,10798,9565,6696,33718,6965,7410,6790,6457,6096,22025,5459,5039,4264,3795,3468,14289,3133,2979,2819,2809,2549,8284,2251,2013,1602,1350,1068,2407,795,557,455,369,231,459
109年 7月底,女,1372726,57047,8931,10574,11420,12706,13416,58583,13318,11101,12257,11728,10179,52486,10124,10450,11427,10526,9959,54115,9995,10010,10711,10818,12581,66452,12619,12072,13111,14178,14472,73575,14401,14399,14792,14685,15298,86468,16297,17034,17071,17329,18737,115375,21111,21748,23274,24591,24651,118236,24544,24338,22512,24347,22495,103900,21284,20234,20324,20783,21275,105022,21507,21402,20822,20318,20973,105976,21274,21288,21450,21244,20720,104684,21034,21420,20791,20616,20823,96954,20409,19422,19364,19100,18659,64222,16570,15168,12938,11475,8071,44145,8966,9364,8853,8642,8320,33095,8003,7169,6606,5869,5448,19650,4929,4294,3910,3553,2964,9512,2581,2305,1898,1536,1192,2751,889,709,495,384,274,478
109年 8月底,總計,2615642,116700,18315,21434,23340,25920,27691,121749,27455,23203,24731,24766,21594,108803,20730,22056,23338,21720,20959,112007,21121,20875,22182,22339,25490,137039,26483,25221,26891,28928,29516,148825,29587,29439,29764,29498,30537,165420,32514,32625,32866,32815,34600,216401,39385,40796,43736,46010,46474,221465,45717,45844,42629,44694,42581,192834,38811,38530,37731,38343,39419,194713,39795,39642,38531,37905,38840,196749,39598,39576,39852,39077,38646,193567,39085,39354,38638,37100,39390,179992,38437,35942,35988,35231,34394,118331,29892,28236,23769,21386,15048,77773,15739,16723,15702,15195,14414,55246,13462,12253,10859,9804,8868,34024,8164,7259,6716,6355,5530,17827,4854,4280,3567,2867,2259,5228,1721,1291,934,763,519,949
109年 8月底,男,1245157,60292,9573,10977,12082,13271,14389,62917,14131,11997,12751,12791,11247,56563,10690,11598,12052,11234,10989,58388,11135,10926,11548,11640,13139,70787,13813,13100,13971,14794,15109,75466,15145,15135,14989,14809,15388,79288,16161,15865,15617,15550,16095,101675,18444,19190,20725,21599,21717,103234,21344,21443,19996,20830,19621,89210,17730,18052,17560,17693,18175,89758,18357,18268,17680,17581,17872,91101,18456,18366,18386,17940,17953,88882,17983,18035,17793,16865,18206,82821,17848,16689,16561,16107,15616,53557,13318,12867,10794,9691,6887,33681,6889,7347,6798,6531,6116,22084,5439,5069,4265,3884,3427,14237,3150,2966,2827,2754,2540,8300,2290,1973,1624,1351,1062,2446,819,566,438,383,240,470
109年 8月底,女,1370485,56408,8742,10457,11258,12649,13302,58832,13324,11206,11980,11975,10347,52240,10040,10458,11286,10486,9970,53619,9986,9949,10634,10699,12351,66252,12670,12121,12920,14134,14407,73359,14442,14304,14775,14689,15149,86132,16353,16760,17249,17265,18505,114726,20941,21606,23011,24411,24757,118231,24373,24401,22633,23864,22960,103624,21081,20478,20171,20650,21244,104955,21438,21374,20851,20324,20968,105648,21142,21210,21466,21137,20693,104685,21102,21319,20845,20235,21184,97171,20589,19253,19427,19124,18778,64774,16574,15369,12975,11695,8161,44092,8850,9376,8904,8664,8298,33162,8023,7184,6594,5920,5441,19787,5014,4293,3889,3601,2990,9527,2564,2307,1943,1516,1197,2782,902,725,496,380,279,479
109年 9月底,總計,2610762,115648,18058,21305,23086,25512,27687,122220,27193,23675,24260,25148,21944,108288,20535,22124,22817,21798,21014,110790,20934,20911,21850,22298,24797,136775,26655,25337,26100,29124,29559,148288,29423,29516,29697,29433,30219,164765,32491,32246,33133,32705,34190,215109,38768,40502,43429,45799,46611,221506,45412,45734,43113,43711,43536,192076,38540,38593,37717,38037,39189,194512,39747,39721,38720,37638,38686,196404,39416,39633,39787,39020,38548,193442,39109,39144,38750,36659,39780,180072,38485,35869,35922,35413,34383,119856,29989,28720,23868,21593,15686,77323,15268,16692,15755,15213,14395,55409,13542,12343,10885,9920,8719,34090,8271,7257,6692,6381,5489,17925,4899,4285,3596,2885,2260,5305,1777,1312,920,780,516,959
109年 9月底,男,1242747,59771,9473,10918,11934,13070,14376,63146,14013,12220,12528,12965,11420,56299,10649,11564,11840,11240,11006,57798,11012,11004,11361,11604,12817,70630,13869,13171,13578,14896,15116,75203,15038,15174,14981,14730,15280,79072,16193,15660,15769,15534,15916,101039,18137,19041,20570,21527,21764,103282,21264,21336,20254,20373,20055,88935,17645,18022,17690,17518,18060,89691,18374,18272,17800,17421,17824,90913,18300,18431,18304,17933,17945,88743,17950,17919,17832,16650,18392,82848,17827,16688,16541,16135,15657,54204,13388,13068,10869,9748,7131,33494,6735,7302,6841,6522,6094,22173,5505,5123,4246,3959,3340,14222,3207,2970,2783,2733,2529,8328,2300,1970,1647,1348,1063,2482,838,575,437,386,246,474
109年 9月底,女,1368015,55877,8585,10387,11152,12442,13311,59074,13180,11455,11732,12183,10524,51989,9886,10560,10977,10558,10008,52992,9922,9907,10489,10694,11980,66145,12786,12166,12522,14228,14443,73085,14385,14342,14716,14703,14939,85693,16298,16586,17364,17171,18274,114070,20631,21461,22859,24272,24847,118224,24148,24398,22859,23338,23481,103141,20895,20571,20027,20519,21129,104821,21373,21449,20920,20217,20862,105491,21116,21202,21483,21087,20603,104699,21159,21225,20918,20009,21388,97224,20658,19181,19381,19278,18726,65652,16601,15652,12999,11845,8555,43829,8533,9390,8914,8691,8301,33236,8037,7220,6639,5961,5379,19868,5064,4287,3909,3648,2960,9597,2599,2315,1949,1537,1197,2823,939,737,483,394,270,485
109年 10月底,總計,2608332,114422,17645,21251,22700,25376,27450,122808,26953,24247,23503,25750,22355,107976,20146,22292,22528,21877,21133,109919,20680,21044,21604,22460,24131,136318,26940,25493,25317,29386,29182,148193,29523,29485,29632,29523,30030,164241,32465,31768,33563,32570,33875,213905,38101,40702,42862,45577,46663,221890,45087,45860,43771,42474,44698,191853,38345,38928,37654,37774,39152,194292,39854,39447,38966,37393,38632,196090,39477,39216,40080,39049,38268,193328,39300,39143,38587,37166,39132,180619,38746,35968,35679,35497,34729,121390,30216,28900,24020,21736,16518,76839,14668,16695,15892,15195,14389,55760,13664,12355,10971,9890,8880,34158,8276,7254,6684,6332,5612,18026,4905,4274,3610,2930,2307,5328,1763,1325,927,781,532,977
109年 10月底,男,1241493,59168,9247,10893,11789,12957,14282,63406,13920,12421,12163,13264,11638,56102,10519,11583,11712,11282,11006,57403,10932,11056,11245,11659,12511,70364,14006,13249,13105,15101,14903,75198,15110,15188,14907,14802,15191,78912,16184,15476,16002,15525,15725,100525,17771,19203,20280,21397,21874,103450,21032,21439,20538,19757,20684,88856,17552,18114,17726,17423,18041,89579,18358,18146,17944,17266,17865,90655,18273,18273,18394,17961,17754,88699,18114,17924,17710,16914,18037,83091,17931,16790,16399,16177,15794,54913,13519,13141,10939,9807,7507,33332,6527,7298,6897,6545,6065,22319,5598,5078,4294,3938,3411,14177,3190,2943,2799,2675,2570,8372,2280,1977,1667,1363,1085,2491,834,574,443,391,249,481
109年 10月底,女,1366839,55254,8398,10358,10911,12419,13168,59402,13033,11826,11340,12486,10717,51874,9627,10709,10816,10595,10127,52516,9748,9988,10359,10801,11620,65954,12934,12244,12212,14285,14279,72995,14413,14297,14725,14721,14839,85329,16281,16292,17561,17045,18150,113380,20330,21499,22582,24180,24789,118440,24055,24421,23233,22717,24014,102997,20793,20814,19928,20351,21111,104713,21496,21301,21022,20127,20767,105435,21204,20943,21686,21088,20514,104629,21186,21219,20877,20252,21095,97528,20815,19178,19280,19320,18935,66477,16697,15759,13081,11929,9011,43507,8141,9397,8995,8650,8324,33441,8066,7277,6677,5952,5469,19981,5086,4311,3885,3657,3042,9654,2625,2297,1943,1567,1222,2837,929,751,484,390,283,496
109年 11月底,總計,2605369,113298,17525,21045,22532,25103,27093,123451,26980,24629,22984,26029,22829,107905,20055,22245,22125,22215,21265,108988,20604,20970,21361,22581,23472,135914,27193,25808,24653,29239,29021,148251,29810,29454,29608,29383,29996,163461,32485,31191,34197,32436,33152,212590,37711,40543,42588,45175,46573,222175,45254,45764,43853,41591,45713,191577,38672,38600,37644,37812,38849,194164,39743,39651,38871,37325,38574,195761,39169,39396,39991,38973,38232,193109,39198,39115,38587,37299,38910,180759,38518,36320,35603,35411,34907,122733,30505,28930,24464,21806,17028,76501,14475,16568,15821,15241,14396,56019,13789,12423,10978,9944,8885,34258,8283,7323,6638,6363,5651,18108,4892,4304,3625,2966,2321,5367,1757,1339,942,783,546,980
109年 11月底,男,1240053,58590,9150,10858,11649,12882,14051,63764,14004,12538,11918,13414,11890,56075,10472,11519,11535,11488,11061,56919,10885,11015,11083,11778,12158,70135,14108,13387,12831,14984,14825,75216,15271,15158,14898,14749,15140,78623,16234,15190,16388,15469,15342,99907,17608,19121,20159,21244,21775,103609,21132,21361,20575,19325,21216,88754,17668,17945,17762,17461,17918,89495,18290,18257,17841,17212,17895,90455,18111,18348,18346,17917,17733,88627,18127,17903,17712,16980,17905,83226,17868,16888,16378,16197,15895,55518,13639,13139,11179,9812,7749,33155,6395,7265,6887,6603,6005,22440,5684,5099,4320,3909,3428,14170,3184,2979,2738,2696,2573,8384,2269,1986,1656,1377,1096,2509,836,585,440,390,258,482
109年 11月底,女,1365316,54708,8375,10187,10883,12221,13042,59687,12976,12091,11066,12615,10939,51830,9583,10726,10590,10727,10204,52069,9719,9955,10278,10803,11314,65779,13085,12421,11822,14255,14196,73035,14539,14296,14710,14634,14856,84838,16251,16001,17809,16967,17810,112683,20103,21422,22429,23931,24798,118566,24122,24403,23278,22266,24497,102823,21004,20655,19882,20351,20931,104669,21453,21394,21030,20113,20679,105306,21058,21048,21645,21056,20499,104482,21071,21212,20875,20319,21005,97533,20650,19432,19225,19214,19012,67215,16866,15791,13285,11994,9279,43346,8080,9303,8934,8638,8391,33579,8105,7324,6658,6035,5457,20088,5099,4344,3900,3667,3078,9724,2623,2318,1969,1589,1225,2858,921,754,502,393,288,498
109年 12月底,總計,2602418,112764,17829,20893,22269,24795,26978,124028,26730,25058,22512,26473,23255,107733,19735,22358,21869,22451,21320,108240,20586,20855,21283,22596,22920,135537,27500,25809,24210,29216,28802,148225,29931,29456,29552,29591,29695,162892,32482,30768,34842,32243,32557,211285,37257,40459,42326,44905,46338,222541,45213,45901,44127,40691,46609,191380,38742,38520,37814,37641,38663,194064,39631,39745,38778,37155,38755,195422,38704,39582,39865,38982,38289,192668,39020,38852,38796,37214,38786,180387,38370,36275,35671,35194,34877,124001,30961,28960,24703,22137,17240,76290,14539,16303,15937,15150,14361,56192,13850,12499,10990,10002,8851,34250,8319,7275,6647,6311,5698,18141,4890,4316,3640,2933,2362,5388,1780,1312,959,787,550,990
109年 12月底,男,1238618,58269,9343,10754,11466,12711,13995,64076,13859,12804,11674,13620,12119,55959,10306,11569,11424,11611,11049,56500,10892,10964,11030,11751,11863,69915,14270,13415,12580,14996,14654,75291,15400,15107,14890,14924,14970,78413,16258,15012,16731,15340,15072,99322,17415,19071,19905,21204,21727,103808,21143,21321,20687,18910,21747,88645,17679,17875,17844,17394,17853,89435,18280,18273,17800,17146,17936,90317,17964,18340,18320,17972,17721,88376,18075,17726,17879,16857,17839,83184,17856,16869,16384,16182,15893,56034,13851,13084,11267,9944,7888,33067,6423,7158,6938,6590,5958,22537,5777,5077,4362,3941,3380,14090,3202,2922,2719,2677,2570,8370,2252,1997,1666,1363,1092,2525,852,586,432,397,258,485
109年 12月底,女,1363800,54495,8486,10139,10803,12084,12983,59952,12871,12254,10838,12853,11136,51774,9429,10789,10445,10840,10271,51740,9694,9891,10253,10845,11057,65622,13230,12394,11630,14220,14148,72934,14531,14349,14662,14667,14725,84479,16224,15756,18111,16903,17485,111963,19842,21388,22421,23701,24611,118733,24070,24580,23440,21781,24862,102735,21063,20645,19970,20247,20810,104629,21351,21472,20978,20009,20819,105105,20740,21242,21545,21010,20568,104292,20945,21126,20917,20357,20947,97203,20514,19406,19287,19012,18984,67967,17110,15876,13436,12193,9352,43223,8116,9145,8999,8560,8403,33655,8073,7422,6628,6061,5471,20160,5117,4353,3928,3634,3128,9771,2638,2319,1974,1570,1270,2863,928,726,527,390,292,505
110年 1月底,總計,2597635,111229,17086,20735,22095,24503,26810,124010,26472,25282,22051,26783,23422,107709,19804,22246,21817,22534,21308,107729,20601,20869,21020,22575,22664,134872,27358,25933,24017,28782,28782,148165,30175,29294,29558,29559,29579,162156,32357,30561,35183,32106,31949,209966,36956,40382,41839,44651,46138,222696,45277,45796,44381,40116,47126,190952,38853,38378,37811,37391,38519,193829,39669,39608,38962,37317,38273,195054,38596,39508,39765,38973,38212,192277,38974,38542,39145,37050,38566,180342,38292,36523,35275,35273,34979,125454,30968,29341,24985,22484,17676,75885,14216,16142,15908,15180,14439,56476,13877,12461,11161,10050,8927,34195,8283,7321,6679,6208,5704,18240,4949,4322,3623,2953,2393,5390,1773,1313,975,774,555,1009
110年 1月底,男,1236274,57465,8945,10694,11379,12584,13863,64099,13753,12934,11411,13763,12238,55922,10340,11478,11376,11685,11043,56217,10897,10958,10927,11755,11680,69651,14219,13444,12489,14803,14696,75212,15475,14998,14893,14909,14937,78137,16199,14968,16842,15375,14753,98675,17303,19003,19651,21129,21589,103878,21183,21301,20835,18591,21968,88486,17753,17786,17822,17284,17841,89327,18340,18149,17884,17209,17745,90157,17931,18268,18292,18020,17646,88146,18014,17627,18060,16754,17691,83249,17826,16960,16252,16258,15953,56666,13877,13159,11403,10114,8113,32921,6272,7112,6892,6633,6012,22662,5781,5043,4464,3941,3433,13996,3158,2934,2719,2636,2549,8390,2270,1994,1662,1371,1093,2528,851,595,437,386,259,490
110年 1月底,女,1361361,53764,8141,10041,10716,11919,12947,59911,12719,12348,10640,13020,11184,51787,9464,10768,10441,10849,10265,51512,9704,9911,10093,10820,10984,65221,13139,12489,11528,13979,14086,72953,14700,14296,14665,14650,14642,84019,16158,15593,18341,16731,17196,111291,19653,21379,22188,23522,24549,118818,24094,24495,23546,21525,25158,102466,21100,20592,19989,20107,20678,104502,21329,21459,21078,20108,20528,104897,20665,21240,21473,20953,20566,104131,20960,20915,21085,20296,20875,97093,20466,19563,19023,19015,19026,68788,17091,16182,13582,12370,9563,42964,7944,9030,9016,8547,8427,33814,8096,7418,6697,6109,5494,20199,5125,4387,3960,3572,3155,9850,2679,2328,1961,1582,1300,2862,922,718,538,388,296,519
110年 2月底,總計,2592878,110197,16819,20622,21835,24123,26798,123686,26041,25292,22124,26547,23682,107783,19848,22055,21903,22591,21386,107078,20532,20759,20842,22598,22347,134518,27112,26113,23916,28526,28851,147693,29801,29426,29426,29618,29422,161589,32124,30751,35056,31839,31819,208658,36500,40106,41585,44315,46152,222288,44979,45860,44368,39991,47090,190796,38981,38310,37790,37345,38370,193376,39463,39608,38911,37606,37788,195021,38472,39669,39442,39014,38424,191959,38463,38757,39273,36451,39015,179981,37779,36538,35671,35089,34904,127105,31648,28943,25468,22628,18418,75442,14002,15988,15912,15207,14333,56795,13950,12565,11254,10100,8926,34245,8329,7326,6638,6213,5739,18224,4940,4270,3644,2972,2398,5422,1801,1321,982,773,545,1022
110年 2月底,男,1233881,56906,8798,10654,11243,12383,13828,63921,13541,12937,11421,13699,12323,55971,10359,11430,11379,11709,11094,55866,10852,10886,10848,11761,11519,69494,14080,13532,12447,14717,14718,74967,15273,15059,14894,14897,14844,77973,16075,15127,16813,15216,14742,98060,17085,18826,19603,20873,21673,103701,20982,21384,20826,18591,21918,88385,17850,17760,17790,17225,17760,89176,18293,18141,17886,17294,17562,90093,17870,18327,18156,18051,17689,87996,17820,17674,18067,16656,17779,83078,17542,16994,16434,16163,15945,57398,14210,12958,11607,10223,8400,32766,6229,7028,6850,6656,6003,22772,5818,5093,4493,3972,3396,13960,3199,2925,2710,2608,2518,8370,2277,1985,1651,1364,1093,2537,854,606,434,383,260,491
110年 2月底,女,1358997,53291,8021,9968,10592,11740,12970,59765,12500,12355,10703,12848,11359,51812,9489,10625,10524,10882,10292,51212,9680,9873,9994,10837,10828,65024,13032,12581,11469,13809,14133,72726,14528,14367,14532,14721,14578,83616,16049,15624,18243,16623,17077,110598,19415,21280,21982,23442,24479,118587,23997,24476,23542,21400,25172,102411,21131,20550,20000,20120,20610,104200,21170,21467,21025,20312,20226,104928,20602,21342,21286,20963,20735,103963,20643,21083,21206,19795,21236,96903,20237,19544,19237,18926,18959,69707,17438,15985,13861,12405,10018,42676,7773,8960,9062,8551,8330,34023,8132,7472,6761,6128,5530,20285,5130,4401,3928,3605,3221,9854,2663,2285,1993,1608,1305,2885,947,715,548,390,285,531
110年 3月底,總計,2586660,108858,16849,20386,21595,23680,26348,123376,25960,24982,22235,26324,23875,107870,20114,21972,21871,22573,21340,106625,20562,20670,20790,22399,22204,133823,26810,26010,24118,28190,28695,147443,29728,29460,29364,29523,29368,160942,31671,31236,34430,31831,31774,206961,36059,39719,41062,44174,45947,221550,44743,45705,44341,40368,46393,190861,39330,38369,37717,37238,38207,192941,39353,39429,38920,37621,37618,194659,38311,39483,39363,39140,38362,191158,38198,38630,39572,36477,38281,180057,37926,36686,35469,35161,34815,128659,31378,29508,25967,22941,18865,75027,13832,15746,15970,15197,14282,56972,13902,12626,11380,10096,8968,34216,8315,7355,6677,6094,5775,18220,4925,4244,3681,2960,2410,5419,1805,1315,989,754,556,1023
110年 3月底,男,1230878,56216,8777,10517,11150,12184,13588,63781,13461,12838,11501,13553,12428,55983,10500,11406,11377,11670,11030,55688,10849,10870,10837,11665,11467,69153,13874,13515,12529,14567,14668,74849,15198,15143,14872,14849,14787,77770,15845,15411,16497,15214,14803,97269,16854,18609,19381,20877,21548,103353,20868,21332,20728,18827,21598,88412,17995,17752,17743,17245,17677,88958,18212,18054,17902,17302,17488,89874,17728,18312,18178,18040,17616,87710,17733,17639,18162,16771,17405,83058,17595,17054,16374,16149,15886,58091,14160,13176,11784,10398,8573,32594,6212,6889,6874,6620,5999,22863,5815,5129,4555,3961,3403,13887,3202,2891,2697,2571,2526,8349,2262,1952,1700,1334,1101,2527,855,599,428,374,271,493
110年 3月底,女,1355782,52642,8072,9869,10445,11496,12760,59595,12499,12144,10734,12771,11447,51887,9614,10566,10494,10903,10310,50937,9713,9800,9953,10734,10737,64670,12936,12495,11589,13623,14027,72594,14530,14317,14492,14674,14581,83172,15826,15825,17933,16617,16971,109692,19205,21110,21681,23297,24399,118197,23875,24373,23613,21541,24795,102449,21335,20617,19974,19993,20530,103983,21141,21375,21018,20319,20130,104785,20583,21171,21185,21100,20746,103448,20465,20991,21410,19706,20876,96999,20331,19632,19095,19012,18929,70568,17218,16332,14183,12543,10292,42433,7620,8857,9096,8577,8283,34109,8087,7497,6825,6135,5565,20329,5113,4464,3980,3523,3249,9871,2663,2292,1981,1626,1309,2892,950,716,561,380,285,530
110年 4月底,總計,2581006,107508,16661,20157,21333,23370,25987,123103,25836,24799,22448,25959,24061,108121,20373,21892,21976,22519,21361,106198,20482,20646,20681,22281,22108,133289,26517,26013,24348,27823,28588,147269,29671,29338,29354,29465,29441,160419,31386,31459,33848,31887,31839,205283,35624,39497,40744,43883,45535,221289,45011,45383,44303,40646,45946,190947,39532,38478,37538,37291,38108,192497,39256,39208,39066,37544,37423,194290,38254,39292,39252,39201,38291,190564,38186,38360,39530,36732,37756,179900,37938,36972,35421,34837,34732,129659,31243,28834,27265,22677,19640,74788,13713,15663,15997,15173,14242,57087,13885,12603,11545,10100,8954,34150,8271,7433,6644,6021,5781,18214,4928,4208,3681,2934,2463,5401,1748,1349,1001,754,549,1030
110年 4月底,男,1228167,55531,8667,10469,10949,12043,13403,63660,13375,12798,11604,13357,12526,56093,10605,11378,11413,11666,11031,55459,10785,10868,10794,11589,11423,68901,13709,13567,12620,14372,14633,74774,15232,15044,14925,14789,14784,77673,15718,15581,16192,15262,14920,96430,16605,18514,19240,20761,21310,103250,21059,21144,20679,19019,21349,88454,18164,17730,17623,17261,17676,88736,18103,18068,17969,17237,17359,89719,17705,18231,18176,18015,17592,87427,17717,17496,18204,16865,17145,82988,17592,17175,16362,15965,15894,58540,14143,12876,12318,10325,8878,32507,6140,6863,6915,6599,5990,22894,5830,5075,4649,3940,3400,13798,3187,2887,2701,2509,2514,8330,2247,1949,1683,1325,1126,2507,819,616,429,371,272,496
110年 4月底,女,1352839,51977,7994,9688,10384,11327,12584,59443,12461,12001,10844,12602,11535,52028,9768,10514,10563,10853,10330,50739,9697,9778,9887,10692,10685,64388,12808,12446,11728,13451,13955,72495,14439,14294,14429,14676,14657,82746,15668,15878,17656,16625,16919,108853,19019,20983,21504,23122,24225,118039,23952,24239,23624,21627,24597,102493,21368,20748,19915,20030,20432,103761,21153,21140,21097,20307,20064,104571,20549,21061,21076,21186,20699,103137,20469,20864,21326,19867,20611,96912,20346,19797,19059,18872,18838,71119,17100,15958,14947,12352,10762,42281,7573,8800,9082,8574,8252,34193,8055,7528,6896,6160,5554,20352,5084,4546,3943,3512,3267,9884,2681,2259,1998,1609,1337,2894,929,733,572,383,277,534
110年 5月底,總計,2574704,106082,16447,19875,21155,23052,25553,123084,25944,24665,22514,25737,24224,108242,20678,21644,22154,22460,21306,105837,20442,20709,20618,22053,22015,132709,26211,25939,24587,27496,28476,147008,29619,29263,29251,29489,29386,159889,31068,31623,33450,31929,31819,203843,35272,39299,40482,43533,45257,220830,45001,45278,44328,40805,45418,191078,39953,38509,37446,37133,38037,192236,39085,39329,38952,37567,37303,193927,38147,39172,39101,39093,38414,189860,37995,38162,39277,37079,37347,179390,37901,37017,35424,34481,34567,130288,31930,28904,26788,22918,19748,74708,13767,15497,16001,15182,14261,57049,13755,12634,11527,10157,8976,34005,8214,7397,6632,6030,5732,18190,4912,4236,3684,2930,2428,5408,1765,1343,1025,721,554,1041
110年 5月底,男,1225276,54738,8497,10346,10856,11929,13110,63694,13486,12690,11680,13221,12617,56143,10786,11173,11586,11626,10972,55285,10775,10915,10739,11499,11357,68610,13544,13550,12760,14173,14583,74684,15245,14969,14915,14795,14760,77531,15565,15670,16049,15251,14996,95741,16411,18393,19126,20632,21179,103051,21093,21092,20596,19195,21075,88492,18380,17724,17540,17235,17613,88639,18047,18123,17946,17257,17266,89562,17569,18286,18104,17979,17624,87164,17677,17397,18063,17010,17017,82736,17457,17230,16353,15903,15793,58855,14431,12906,12137,10436,8945,32435,6149,6763,6956,6594,5973,22896,5810,5079,4665,3919,3423,13704,3154,2863,2684,2517,2486,8299,2225,1948,1683,1321,1122,2514,828,622,438,352,274,503
110年 5月底,女,1349428,51344,7950,9529,10299,11123,12443,59390,12458,11975,10834,12516,11607,52099,9892,10471,10568,10834,10334,50552,9667,9794,9879,10554,10658,64099,12667,12389,11827,13323,13893,72324,14374,14294,14336,14694,14626,82358,15503,15953,17401,16678,16823,108102,18861,20906,21356,22901,24078,117779,23908,24186,23732,21610,24343,102586,21573,20785,19906,19898,20424,103597,21038,21206,21006,20310,20037,104365,20578,20886,20997,21114,20790,102696,20318,20765,21214,20069,20330,96654,20444,19787,19071,18578,18774,71433,17499,15998,14651,12482,10803,42273,7618,8734,9045,8588,8288,34153,7945,7555,6862,6238,5553,20301,5060,4534,3948,3513,3246,9891,2687,2288,2001,1609,1306,2894,937,721,587,369,280,538
110年 6月底,總計,2570090,105549,16745,19721,20949,22801,25333,123093,26019,24631,22619,25495,24329,108466,21028,21386,22288,22513,21251,105638,20471,20737,20484,21910,22036,132166,25823,25911,24613,27362,28457,146689,29457,29203,29235,29533,29261,159547,30734,31765,32930,32119,31999,202284,34696,39110,40227,43241,45010,220729,45116,45061,44488,40930,45134,191376,40262,38648,37230,37144,38092,191846,38921,39187,38951,37540,37247,193718,38113,39255,38965,38887,38498,189372,37991,38042,38869,37341,37129,178924,37791,37047,35332,34490,34264,130738,32511,28838,26724,22815,19850,74522,13934,15286,16016,15033,14253,57075,13751,12686,11516,10147,8975,33849,8192,7398,6547,6028,5684,18032,4850,4211,3704,2906,2361,5439,1817,1328,1017,718,559,1038
110年 6月底,男,1223053,54422,8651,10230,10761,11842,12938,63745,13594,12685,11711,13100,12655,56218,10968,11034,11648,11620,10948,55239,10818,10941,10660,11406,11414,68276,13294,13539,12783,14076,14584,74540,15143,14962,14912,14831,14692,77407,15407,15718,15863,15314,15105,95020,16168,18276,18969,20537,21070,103034,21127,21011,20691,19206,20999,88622,18517,17763,17382,17305,17655,88466,17963,18066,17916,17257,17264,89435,17486,18393,17986,17943,17627,86956,17656,17390,17816,17213,16881,82543,17445,17182,16345,15896,15675,59050,14758,12785,12138,10383,8986,32388,6264,6627,6977,6531,5989,22906,5809,5071,4687,3899,3440,13573,3131,2861,2635,2491,2455,8191,2179,1930,1697,1291,1094,2517,856,613,436,337,275,505
110年 6月底,女,1347037,51127,8094,9491,10188,10959,12395,59348,12425,11946,10908,12395,11674,52248,10060,10352,10640,10893,10303,50399,9653,9796,9824,10504,10622,63890,12529,12372,11830,13286,13873,72149,14314,14241,14323,14702,14569,82140,15327,16047,17067,16805,16894,107264,18528,20834,21258,22704,23940,117695,23989,24050,23797,21724,24135,102754,21745,20885,19848,19839,20437,103380,20958,21121,21035,20283,19983,104283,20627,20862,20979,20944,20871,102416,20335,20652,21053,20128,20248,96381,20346,19865,18987,18594,18589,71688,17753,16053,14586,12432,10864,42134,7670,8659,9039,8502,8264,34169,7942,7615,6829,6248,5535,20276,5061,4537,3912,3537,3229,9841,2671,2281,2007,1615,1267,2922,961,715,581,381,284,533
110年 7月底,總計,2562738,104343,16433,19326,20958,22610,25016,122629,25974,24363,22809,25044,24439,108498,21377,21163,22333,22411,21214,105230,20452,20662,20402,21774,21940,131494,25372,25921,24783,26871,28547,146048,29176,29143,29105,29410,29214,159042,30422,31957,32413,32212,32038,200634,34242,38783,39939,42830,44840,220087,44957,44802,44552,41214,44562,191461,40763,38482,37258,37110,37848,191511,38703,39096,38881,37594,37237,193370,38098,39078,38778,39053,38363,188694,37797,37968,38533,37605,36791,178708,37760,37183,35024,34747,33994,131256,33006,28714,26748,22712,20076,74590,14065,15168,16048,14933,14376,56987,13657,12694,11487,10162,8987,33783,8187,7373,6542,6072,5609,17929,4816,4190,3649,2903,2371,5414,1821,1323,984,722,564,1030
110年 7月底,男,1219519,53839,8503,10072,10710,11722,12832,63454,13539,12508,11814,12888,12705,56220,11123,10937,11654,11581,10925,55032,10757,10951,10616,11330,11378,67933,13038,13569,12849,13890,14587,74196,14977,14919,14902,14738,14660,77261,15258,15851,15644,15379,15129,94286,15947,18142,18817,20341,21039,102783,21032,20829,20818,19291,20813,88565,18701,17655,17419,17284,17506,88364,17885,18042,17904,17246,17287,89239,17490,18230,17965,18003,17551,86630,17529,17467,17611,17341,16682,82514,17465,17279,16199,16034,15537,59268,14978,12735,12148,10297,9110,32477,6346,6584,7029,6424,6094,22855,5743,5077,4653,3903,3479,13470,3126,2815,2630,2498,2401,8140,2175,1910,1682,1296,1077,2491,855,600,422,337,277,502
110年 7月底,女,1343219,50504,7930,9254,10248,10888,12184,59175,12435,11855,10995,12156,11734,52278,10254,10226,10679,10830,10289,50198,9695,9711,9786,10444,10562,63561,12334,12352,11934,12981,13960,71852,14199,14224,14203,14672,14554,81781,15164,16106,16769,16833,16909,106348,18295,20641,21122,22489,23801,117304,23925,23973,23734,21923,23749,102896,22062,20827,19839,19826,20342,103147,20818,21054,20977,20348,19950,104131,20608,20848,20813,21050,20812,102064,20268,20501,20922,20264,20109,96194,20295,19904,18825,18713,18457,71988,18028,15979,14600,12415,10966,42113,7719,8584,9019,8509,8282,34132,7914,7617,6834,6259,5508,20313,5061,4558,3912,3574,3208,9789,2641,2280,1967,1607,1294,2923,966,723,562,385,287,528
110年 8月底,總計,2553798,102941,16225,18992,20667,22319,24738,122095,25800,24135,23007,24463,24690,108005,21614,20894,22231,22090,21176,104420,20326,20518,20332,21528,21716,130660,24945,25921,24886,26504,28404,145525,28981,29115,28989,29305,29135,158415,30127,31966,32012,32284,32026,198505,33736,38286,39679,42356,44448,219020,45044,44357,44550,41476,43593,191418,41531,37893,37659,36870,37465,191081,38562,38887,38815,37653,37164,192731,38003,38832,38710,39002,38184,187805,37693,38069,38371,37595,36077,179166,38324,37357,34785,34740,33960,132072,33144,28715,27098,22726,20389,74663,14307,14972,15956,14970,14458,57072,13616,12707,11535,10131,9083,33754,8141,7446,6543,6024,5600,17963,4817,4209,3617,2957,2363,5445,1833,1342,1002,709,559,1042
110年 8月底,男,1215490,53055,8365,9906,10546,11580,12658,63189,13458,12406,11910,12637,12778,56043,11249,10804,11639,11403,10948,54595,10673,10806,10645,11193,11278,67558,12839,13545,12910,13743,14521,73931,14844,14881,14896,14708,14602,77055,15144,15867,15548,15297,15199,93366,15726,17889,18686,20135,20930,102385,21050,20676,20812,19474,20373,88560,19073,17315,17635,17236,17301,88200,17847,17959,17886,17288,17220,89007,17450,18106,17994,17966,17491,86202,17460,17505,17571,17310,16356,82650,17721,17296,16155,15987,15491,59672,15049,12796,12322,10286,9219,32550,6513,6522,6942,6418,6155,22925,5752,5073,4680,3889,3531,13384,3093,2822,2624,2484,2361,8147,2160,1940,1643,1316,1088,2504,857,613,429,323,282,512
110年 8月底,女,1338308,49886,7860,9086,10121,10739,12080,58906,12342,11729,11097,11826,11912,51962,10365,10090,10592,10687,10228,49825,9653,9712,9687,10335,10438,63102,12106,12376,11976,12761,13883,71594,14137,14234,14093,14597,14533,81360,14983,16099,16464,16987,16827,105139,18010,20397,20993,22221,23518,116635,23994,23681,23738,22002,23220,102858,22458,20578,20024,19634,20164,102881,20715,20928,20929,20365,19944,103724,20553,20726,20716,21036,20693,101603,20233,20564,20800,20285,19721,96516,20603,20061,18630,18753,18469,72400,18095,15919,14776,12440,11170,42113,7794,8450,9014,8552,8303,34147,7864,7634,6855,6242,5552,20370,5048,4624,3919,3540,3239,9816,2657,2269,1974,1641,1275,2941,976,729,573,386,277,530
110年 9月底,總計,2544720,101699,16197,18616,20568,22034,24284,121834,25673,24137,23142,23942,24940,107229,21833,20568,21872,21846,21110,103527,20269,20262,20310,21030,21656,129517,24205,26115,24947,25691,28559,145111,29004,28888,29012,29228,28979,157685,29784,31899,31625,32493,31884,196443,33322,37613,39344,41953,44211,217771,45036,43962,44339,41885,42549,191442,42360,37565,37637,36781,37099,190520,38274,38801,38817,37786,36842,192141,37798,38610,38695,38912,38126,187115,37585,38050,38156,37657,35667,179537,38652,37381,34704,34634,34166,132770,33065,28807,27546,22804,20548,74802,14915,14515,15889,15014,14469,57316,13576,12781,11615,10184,9160,33733,8011,7539,6591,5979,5613,18002,4796,4224,3635,2974,2373,5491,1822,1373,1016,703,577,1035
110年 9月底,男,1211361,52419,8344,9721,10503,11424,12427,63061,13381,12456,11953,12374,12897,55674,11363,10695,11407,11321,10888,54150,10635,10657,10685,10931,11242,67047,12492,13620,12965,13362,14608,73666,14839,14748,14899,14695,14485,76851,15038,15875,15353,15420,15165,92377,15525,17572,18502,19929,20849,101872,21051,20542,20677,19713,19889,88706,19464,17232,17568,17324,17118,87957,17693,17966,17855,17391,17052,88731,17360,17934,18015,17921,17501,85870,17469,17442,17466,17328,16165,82791,17884,17288,16138,15951,15530,60013,15062,12852,12508,10350,9241,32604,6739,6383,6882,6451,6149,23058,5727,5132,4732,3889,3578,13316,3009,2874,2646,2439,2348,8159,2148,1942,1650,1333,1086,2528,846,628,442,323,289,511
110年 9月底,女,1333359,49280,7853,8895,10065,10610,11857,58773,12292,11681,11189,11568,12043,51555,10470,9873,10465,10525,10222,49377,9634,9605,9625,10099,10414,62470,11713,12495,11982,12329,13951,71445,14165,14140,14113,14533,14494,80834,14746,16024,16272,17073,16719,104066,17797,20041,20842,22024,23362,115899,23985,23420,23662,22172,22660,102736,22896,20333,20069,19457,19981,102563,20581,20835,20962,20395,19790,103410,20438,20676,20680,20991,20625,101245,20116,20608,20690,20329,19502,96746,20768,20093,18566,18683,18636,72757,18003,15955,15038,12454,11307,42198,8176,8132,9007,8563,8320,34258,7849,7649,6883,6295,5582,20417,5002,4665,3945,3540,3265,9843,2648,2282,1985,1641,1287,2963,976,745,574,380,288,524
110年 10月底,總計,2538299,100542,15957,18361,20471,21683,24070,121497,25352,24084,23468,23142,25451,106888,22187,20117,21827,21642,21115,103243,20310,19973,20401,20753,21806,128568,23504,26342,25027,24889,28806,144569,28577,28958,28904,29131,28999,157000,29568,31828,31061,32881,31662,194601,32965,36904,39436,41326,43970,216626,44996,43537,44395,42413,41285,192028,43391,37312,37851,36701,36773,190068,38216,38797,38497,37991,36567,191845,37701,38605,38272,39146,38121,187107,37301,38182,38086,37438,36100,178969,37990,37582,34749,34402,34246,133578,33343,29035,27643,22906,20651,75096,15719,13938,15879,15127,14433,57494,13564,12902,11610,10276,9142,33833,8158,7563,6572,5962,5578,18129,4910,4221,3629,2977,2392,5545,1857,1368,1039,709,572,1073
110年 10月底,男,1208385,51800,8216,9590,10443,11265,12286,62882,13244,12464,12042,11972,13160,55553,11560,10528,11344,11234,10887,53985,10578,10577,10719,10796,11315,66586,12158,13728,13020,12882,14798,73396,14592,14823,14852,14610,14519,76628,14960,15830,15097,15642,15099,91479,15331,17227,18599,19615,20707,101344,21109,20310,20751,19924,19250,89129,20068,17094,17593,17358,17016,87721,17642,17913,17738,17525,16903,88615,17390,17879,17854,17979,17513,85879,17311,17561,17417,17181,16409,82484,17529,17352,16227,15813,15563,60383,15171,12989,12540,10400,9283,32817,7105,6176,6883,6488,6165,23105,5682,5225,4695,3936,3567,13306,3076,2864,2622,2440,2304,8213,2199,1923,1650,1345,1096,2557,863,634,441,328,291,523
110年 10月底,女,1329914,48742,7741,8771,10028,10418,11784,58615,12108,11620,11426,11170,12291,51335,10627,9589,10483,10408,10228,49258,9732,9396,9682,9957,10491,61982,11346,12614,12007,12007,14008,71173,13985,14135,14052,14521,14480,80372,14608,15998,15964,17239,16563,103122,17634,19677,20837,21711,23263,115282,23887,23227,23644,22489,22035,102899,23323,20218,20258,19343,19757,102347,20574,20884,20759,20466,19664,103230,20311,20726,20418,21167,20608,101228,19990,20621,20669,20257,19691,96485,20461,20230,18522,18589,18683,73195,18172,16046,15103,12506,11368,42279,8614,7762,8996,8639,8268,34389,7882,7677,6915,6340,5575,20527,5082,4699,3950,3522,3274,9916,2711,2298,1979,1632,1296,2988,994,734,598,381,281,550
110年 11月底,總計,2531659,99508,15929,18098,20282,21449,23750,121138,24949,24282,23634,22600,25673,106898,22607,19973,21644,21282,21392,103006,20406,19903,20311,20515,21871,127505,22843,26553,25288,24202,28619,144299,28373,29196,28865,29016,28849,156656,29423,31788,30515,33429,31501,192519,32181,36485,39227,41066,43560,215449,44841,43617,44241,42459,40291,192904,44354,37617,37503,36642,36788,189420,37845,38655,38628,37860,36432,191274,37630,38212,38444,38984,38004,186726,37202,37992,37985,37422,36125,178402,37743,37273,35043,34259,34084,134323,33431,29270,27616,23337,20669,75171,16197,13726,15720,15061,14467,57684,13571,12989,11681,10256,9187,33889,8187,7551,6619,5937,5595,18211,4957,4198,3649,2983,2424,5601,1884,1375,1046,715,581,1076
110年 11月底,男,1205310,51329,8203,9427,10433,11083,12183,62649,12969,12628,12067,11698,13287,55594,11781,10454,11223,11082,11054,53855,10612,10536,10669,10638,11400,66040,11812,13822,13136,12598,14672,73284,14487,14941,14815,14573,14468,76573,14864,15864,14824,15986,15035,90540,14961,17029,18513,19490,20547,100767,20986,20399,20686,19944,18752,89574,20571,17208,17410,17342,17043,87368,17499,17845,17802,17398,16824,88381,17431,17674,17913,17911,17452,85750,17249,17542,17354,17176,16429,82264,17398,17263,16283,15760,15560,60695,15208,13079,12511,10626,9271,32892,7328,6032,6838,6493,6201,23130,5610,5297,4727,3967,3529,13314,3109,2857,2642,2401,2305,8208,2212,1896,1664,1329,1107,2572,869,645,446,322,290,531
110年 11月底,女,1326349,48179,7726,8671,9849,10366,11567,58489,11980,11654,11567,10902,12386,51304,10826,9519,10421,10200,10338,49151,9794,9367,9642,9877,10471,61465,11031,12731,12152,11604,13947,71015,13886,14255,14050,14443,14381,80083,14559,15924,15691,17443,16466,101979,17220,19456,20714,21576,23013,114682,23855,23218,23555,22515,21539,103330,23783,20409,20093,19300,19745,102052,20346,20810,20826,20462,19608,102893,20199,20538,20531,21073,20552,100976,19953,20450,20631,20246,19696,96138,20345,20010,18760,18499,18524,73628,18223,16191,15105,12711,11398,42279,8869,7694,8882,8568,8266,34554,7961,7692,6954,6289,5658,20575,5078,4694,3977,3536,3290,10003,2745,2302,1985,1654,1317,3029,1015,730,600,393,291,545
110年 12月底,總計,2524393,98465,15944,17847,20079,21213,23382,121103,24756,24244,23913,22112,26078,106872,22989,19627,21695,21005,21556,102792,20415,19860,20203,20451,21863,126745,22283,26841,25260,23798,28563,144165,28150,29211,28858,28931,29015,156202,29051,31753,30074,33999,31325,190613,31519,35969,39106,40791,43228,214376,44560,43485,44304,42641,39386,193502,45125,37656,37411,36702,36608,188704,37553,38544,38630,37757,36220,190668,37727,37693,38543,38806,37899,186080,37203,37742,37605,37528,36002,177502,37546,37043,34890,34230,33793,134971,33329,29617,27542,23541,20942,75060,16342,13774,15439,15148,14357,57776,13516,13022,11727,10275,9236,33793,8170,7584,6568,5935,5536,18256,5009,4201,3653,2998,2395,5667,1935,1405,1013,727,587,1081
110年 12月底,男,1201966,50754,8202,9337,10303,10926,11986,62650,12881,12598,12229,11466,13476,55627,12004,10259,11249,10975,11140,53707,10563,10531,10627,10610,11376,65652,11522,13963,13138,12372,14657,73261,14320,15013,14762,14532,14634,76353,14672,15855,14632,16299,14895,89662,14669,16827,18454,19248,20464,100251,20926,20386,20623,19979,18337,89917,21052,17194,17341,17355,16975,87070,17376,17831,17783,17360,16720,88168,17447,17527,17870,17877,17447,85434,17234,17464,17121,17308,16307,81953,17283,17186,16211,15765,15508,60881,15160,13254,12405,10701,9361,32908,7434,6042,6726,6538,6168,23181,5561,5357,4701,4002,3560,13210,3073,2866,2605,2388,2278,8201,2228,1879,1657,1340,1097,2596,872,667,440,321,296,530
110年 12月底,女,1322427,47711,7742,8510,9776,10287,11396,58453,11875,11646,11684,10646,12602,51245,10985,9368,10446,10030,10416,49085,9852,9329,9576,9841,10487,61093,10761,12878,12122,11426,13906,70904,13830,14198,14096,14399,14381,79849,14379,15898,15442,17700,16430,100951,16850,19142,20652,21543,22764,114125,23634,23099,23681,22662,21049,103585,24073,20462,20070,19347,19633,101634,20177,20713,20847,20397,19500,102500,20280,20166,20673,20929,20452,100646,19969,20278,20484,20220,19695,95549,20263,19857,18679,18465,18285,74090,18169,16363,15137,12840,11581,42152,8908,7732,8713,8610,8189,34595,7955,7665,7026,6273,5676,20583,5097,4718,3963,3547,3258,10055,2781,2322,1996,1658,1298,3071,1063,738,573,406,291,551
111年 1月底,總計,2514425,97495,15871,17608,19919,21038,23059,120637,24486,24017,24134,21657,26343,106866,23114,19694,21578,20866,21614,102402,20357,19850,20207,20194,21794,125786,22017,26665,25372,23580,28152,143949,28123,29389,28628,28866,28943,155556,28843,31597,29798,34190,31128,188436,30885,35569,38886,40261,42835,213343,44324,43447,44078,42782,38712,193371,45598,37629,37246,36635,36263,188374,37359,38465,38422,37835,36293,189409,37170,37493,38366,38625,37755,185311,37041,37622,37145,37775,35728,176495,37215,36818,35003,33733,33726,135514,33264,29480,27826,23724,21220,74665,16669,13400,15216,15076,14304,57938,13568,13012,11652,10429,9277,33799,8206,7568,6599,5969,5457,18291,4984,4275,3664,2972,2396,5701,1959,1399,1024,749,570,1087
111年 1月底,男,1197417,50326,8213,9183,10229,10848,11853,62353,12683,12504,12342,11209,13615,55655,12096,10296,11178,10881,11204,53524,10525,10526,10626,10498,11349,65136,11334,13884,13175,12286,14457,73158,14361,15078,14636,14485,14598,76180,14576,15796,14550,16364,14894,88651,14340,16677,18342,18967,20325,99766,20770,20419,20540,20064,17973,89827,21274,17209,17229,17293,16822,86897,17334,17823,17605,17384,16751,87669,17215,17456,17738,17815,17445,85047,17106,17384,16962,17428,16167,81569,17101,17108,16276,15562,15522,61141,15149,13221,12457,10794,9520,32733,7605,5850,6644,6473,6161,23279,5597,5359,4647,4111,3565,13205,3097,2837,2604,2399,2268,8173,2186,1902,1647,1333,1105,2603,872,664,451,329,287,525
111年 1月底,女,1317008,47169,7658,8425,9690,10190,11206,58284,11803,11513,11792,10448,12728,51211,11018,9398,10400,9985,10410,48878,9832,9324,9581,9696,10445,60650,10683,12781,12197,11294,13695,70791,13762,14311,13992,14381,14345,79376,14267,15801,15248,17826,16234,99785,16545,18892,20544,21294,22510,113577,23554,23028,23538,22718,20739,103544,24324,20420,20017,19342,19441,101477,20025,20642,20817,20451,19542,101740,19955,20037,20628,20810,20310,100264,19935,20238,20183,20347,19561,94926,20114,19710,18727,18171,18204,74373,18115,16259,15369,12930,11700,41932,9064,7550,8572,8603,8143,34659,7971,7653,7005,6318,5712,20594,5109,4731,3995,3570,3189,10118,2798,2373,2017,1639,1291,3098,1087,735,573,420,283,562
111年 2月底,總計,2504597,96254,15633,17449,19779,20710,22683,119919,24369,23659,24153,21670,26068,107026,23335,19748,21429,20839,21675,102012,20436,19710,20064,20021,21781,124831,21656,26374,25475,23425,27901,143262,28127,28961,28635,28648,28891,154496,28623,31252,29907,33942,30772,186493,30640,35048,38529,39878,42398,212760,44284,43161,44089,42681,38545,192999,45473,37713,37101,36515,36197,187857,37127,38150,38325,37743,36512,188287,36570,37283,38476,38228,37730,184373,37144,37050,37303,37800,35076,176191,37562,36213,34941,34030,33445,135944,33121,30029,27365,24100,21329,74856,17293,13163,15048,15051,14301,58099,13469,13065,11742,10498,9325,33805,8183,7601,6628,5927,5466,18319,5024,4266,3627,2991,2411,5724,1955,1437,1019,749,564,1090
111年 2月底,男,1192907,49721,8075,9089,10189,10690,11678,61982,12588,12323,12366,11196,13509,55708,12186,10316,11162,10821,11223,53368,10585,10466,10535,10433,11349,64687,11138,13725,13232,12224,14368,72877,14362,14853,14661,14471,14530,75741,14458,15623,14679,16286,14695,87786,14278,16438,18118,18880,20072,99573,20831,20209,20563,20025,17945,89635,21214,17265,17189,17209,16758,86675,17234,17722,17546,17368,16805,87193,16981,17366,17754,17652,17440,84661,17090,17156,17011,17381,16023,81300,17163,16787,16264,15713,15373,61378,15093,13499,12226,10962,9598,32784,7843,5793,6545,6414,6189,23376,5575,5386,4689,4129,3597,13170,3049,2871,2603,2399,2248,8157,2158,1918,1639,1335,1107,2607,872,677,451,323,284,528
111年 2月底,女,1311690,46533,7558,8360,9590,10020,11005,57937,11781,11336,11787,10474,12559,51318,11149,9432,10267,10018,10452,48644,9851,9244,9529,9588,10432,60144,10518,12649,12243,11201,13533,70385,13765,14108,13974,14177,14361,78755,14165,15629,15228,17656,16077,98707,16362,18610,20411,20998,22326,113187,23453,22952,23526,22656,20600,103364,24259,20448,19912,19306,19439,101182,19893,20428,20779,20375,19707,101094,19589,19917,20722,20576,20290,99712,20054,19894,20292,20419,19053,94891,20399,19426,18677,18317,18072,74566,18028,16530,15139,13138,11731,42072,9450,7370,8503,8637,8112,34723,7894,7679,7053,6369,5728,20635,5134,4730,4025,3528,3218,10162,2866,2348,1988,1656,1304,3117,1083,760,568,426,280,562
111年 3月底,總計,2490445,95141,15491,17286,19584,20486,22294,118950,23968,23469,24008,21737,25768,107007,23508,19918,21339,20627,21615,101483,20428,19659,19927,19932,21537,124018,21542,26042,25315,23598,27521,142559,27978,28814,28626,28480,28661,153358,28534,30734,30216,33186,30688,184483,30474,34488,38031,39298,42192,211979,44036,42798,43776,42564,38805,192028,44723,37959,37042,36353,35951,186951,36917,37927,38056,37639,36412,187254,36288,37008,38208,38059,37691,183519,36969,36671,37042,37911,34926,174655,36686,36199,34905,33601,33264,135934,32832,29566,27707,24326,21503,74485,17581,12873,14753,15033,14245,57951,13333,12979,11755,10589,9295,33692,8188,7553,6636,5952,5363,18220,5018,4222,3587,3016,2377,5686,1952,1430,1003,750,551,1092
111年 3月底,男,1186053,49190,8061,8948,10082,10567,11532,61431,12398,12159,12335,11232,13307,55710,12282,10387,11127,10735,11179,53082,10536,10416,10498,10398,11234,64268,11105,13508,13173,12278,14204,72586,14319,14756,14686,14391,14434,75255,14376,15356,14899,15957,14667,86946,14246,16184,17856,18634,20026,99133,20688,20011,20458,19860,18116,89231,20887,17387,17149,17114,16694,86177,17089,17586,17412,17343,16747,86700,16872,17143,17712,17613,17360,84304,16961,17023,16908,17348,16064,80515,16713,16775,16239,15539,15249,61368,14967,13348,12358,11008,9687,32600,7963,5715,6398,6393,6131,23287,5522,5348,4693,4171,3553,13075,3039,2869,2565,2375,2227,8071,2143,1892,1603,1376,1057,2596,878,673,445,322,278,528
111年 3月底,女,1304392,45951,7430,8338,9502,9919,10762,57519,11570,11310,11673,10505,12461,51297,11226,9531,10212,9892,10436,48401,9892,9243,9429,9534,10303,59750,10437,12534,12142,11320,13317,69973,13659,14058,13940,14089,14227,78103,14158,15378,15317,17229,16021,97537,16228,18304,20175,20664,22166,112846,23348,22787,23318,22704,20689,102797,23836,20572,19893,19239,19257,100774,19828,20341,20644,20296,19665,100554,19416,19865,20496,20446,20331,99215,20008,19648,20134,20563,18862,94140,19973,19424,18666,18062,18015,74566,17865,16218,15349,13318,11816,41885,9618,7158,8355,8640,8114,34664,7811,7631,7062,6418,5742,20617,5149,4684,4071,3577,3136,10149,2875,2330,1984,1640,1320,3090,1074,757,558,428,273,564
111年 4月底,總計,2478124,93933,15314,17106,19313,20151,22049,117967,23699,23220,23865,21828,25355,106955,23583,20070,21270,20531,21501,100864,20427,19484,19814,19790,21349,123277,21420,25668,25257,23809,27123,141666,27779,28606,28421,28362,28498,152216,28440,30349,30319,32484,30624,182787,30426,33976,37701,38853,41831,211131,43515,42923,43337,42427,38929,191167,44183,38014,37084,36075,35811,186053,36705,37729,37694,37679,36246,186288,36023,36804,37946,37805,37710,182878,36778,36598,36632,37752,35118,173689,36146,36087,35091,33492,32873,135770,32672,29367,27029,25520,21182,74939,18290,12733,14667,15040,14209,57991,13301,12962,11710,10712,9306,33592,8158,7505,6708,5930,5291,18187,5026,4217,3558,3014,2372,5691,1993,1389,1018,749,542,1083
111年 4月底,男,1179782,48567,7919,8855,10017,10333,11443,60913,12276,11995,12315,11273,13054,55712,12314,10441,11123,10684,11150,52729,10531,10290,10458,10338,11112,63913,11052,13305,13179,12379,13998,72210,14220,14719,14533,14395,14343,74713,14292,15184,14995,15607,14635,86142,14290,15895,17698,18389,19870,98706,20413,20128,20189,19758,18218,88697,20578,17479,17080,16952,16608,85717,17009,17409,17332,17337,16630,86197,16706,17037,17631,17504,17319,84000,16866,16997,16702,17306,16129,80040,16442,16724,16309,15519,15046,61362,14910,13322,12054,11491,9585,32741,8222,5610,6377,6424,6108,23293,5511,5359,4623,4252,3548,12986,3022,2848,2568,2374,2174,8033,2129,1886,1598,1364,1056,2585,890,652,458,313,272,526
111年 4月底,女,1298342,45366,7395,8251,9296,9818,10606,57054,11423,11225,11550,10555,12301,51243,11269,9629,10147,9847,10351,48135,9896,9194,9356,9452,10237,59364,10368,12363,12078,11430,13125,69456,13559,13887,13888,13967,14155,77503,14148,15165,15324,16877,15989,96645,16136,18081,20003,20464,21961,112425,23102,22795,23148,22669,20711,102470,23605,20535,20004,19123,19203,100336,19696,20320,20362,20342,19616,100091,19317,19767,20315,20301,20391,98878,19912,19601,19930,20446,18989,93649,19704,19363,18782,17973,17827,74408,17762,16045,14975,14029,11597,42198,10068,7123,8290,8616,8101,34698,7790,7603,7087,6460,5758,20606,5136,4657,4140,3556,3117,10154,2897,2331,1960,1650,1316,3106,1103,737,560,436,270,557
111年 5月底,總計,2470599,92646,14895,17014,19024,19960,21753,117326,23479,23139,23730,21879,25099,107104,23685,20354,21140,20522,21403,100337,20301,19370,19853,19716,21097,122570,21291,25379,25154,23986,26760,141222,27625,28501,28339,28248,28509,151550,28356,30008,30448,32167,30571,181500,30405,33603,37464,38519,41509,210795,43230,42859,43254,42461,38991,190523,43583,38335,37031,35973,35601,185683,36627,37520,37793,37510,36233,185645,35906,36675,37777,37684,37603,182806,36883,36467,36415,37565,35476,173153,35779,36137,35131,33571,32535,136357,32584,30043,27164,25084,21482,75070,18419,12814,14545,15037,14255,57945,13330,12828,11747,10681,9359,33541,8192,7461,6685,5913,5290,18093,4979,4194,3552,3008,2360,5631,1946,1404,1014,753,514,1102
111年 5月底,男,1175883,47899,7697,8777,9864,10239,11322,60541,12122,12005,12206,11329,12879,55816,12368,10622,10979,10754,11093,52455,10439,10233,10478,10284,11021,63518,10964,13140,13155,12473,13786,72036,14171,14690,14475,14368,14332,74352,14235,15031,15064,15433,14589,85632,14367,15709,17584,18219,19753,98564,20269,20136,20131,19675,18353,88340,20261,17646,17052,16859,16522,85533,16949,17309,17376,17265,16634,85853,16614,16873,17647,17435,17284,83921,16889,16945,16604,17215,16268,79816,16298,16646,16339,15552,14981,61547,14811,13600,12102,11323,9711,32801,8296,5648,6283,6456,6118,23255,5507,5319,4641,4258,3530,12943,3053,2816,2554,2345,2175,7968,2105,1870,1580,1366,1047,2552,861,657,462,316,256,541
111年 5月底,女,1294716,44747,7198,8237,9160,9721,10431,56785,11357,11134,11524,10550,12220,51288,11317,9732,10161,9768,10310,47882,9862,9137,9375,9432,10076,59052,10327,12239,11999,11513,12974,69186,13454,13811,13864,13880,14177,77198,14121,14977,15384,16734,15982,95868,16038,17894,19880,20300,21756,112231,22961,22723,23123,22786,20638,102183,23322,20689,19979,19114,19079,100150,19678,20211,20417,20245,19599,99792,19292,19802,20130,20249,20319,98885,19994,19522,19811,20350,19208,93337,19481,19491,18792,18019,17554,74810,17773,16443,15062,13761,11771,42269,10123,7166,8262,8581,8137,34690,7823,7509,7106,6423,5829,20598,5139,4645,4131,3568,3115,10125,2874,2324,1972,1642,1313,3079,1085,747,552,437,258,561
111年 6月底,總計,2464452,91735,14633,16999,18882,19736,21485,116968,23402,23024,23720,21960,24862,107524,23783,20679,21086,20577,21399,99966,20225,19398,19860,19567,20916,122088,21327,24999,25121,24012,26629,140976,27582,28405,28260,28215,28514,150812,28255,29644,30565,31652,30696,180299,30572,33094,37216,38241,41176,210645,42975,42960,43039,42559,39112,190304,43251,38621,37149,35723,35560,185302,36649,37381,37611,37498,36163,185230,35856,36667,37801,37519,37387,182609,36946,36462,36283,37192,35726,172844,35564,36031,35220,33483,32546,136354,32289,30537,27099,25053,21376,74935,18455,12997,14335,15040,14108,57888,13301,12802,11778,10678,9329,33407,8184,7426,6690,5829,5278,17939,4920,4153,3514,3016,2336,5526,1873,1424,986,742,501,1101
111年 6月底,男,1172552,47455,7570,8769,9770,10121,11225,60354,12013,12009,12223,11331,12778,55956,12403,10786,10903,10809,11055,52274,10408,10279,10488,10177,10922,63254,11032,12900,13145,12490,13687,71909,14165,14617,14445,14351,14331,74008,14178,14849,15099,15260,14622,85062,14451,15509,17442,18055,19605,98432,20173,20151,20017,19729,18362,88223,20144,17760,17088,16680,16551,85330,16955,17237,17287,17230,16621,85671,16608,16805,17716,17310,17232,83807,16895,16911,16572,16985,16444,79608,16145,16634,16318,15519,14992,61519,14670,13876,11999,11330,9644,32727,8296,5770,6139,6479,6043,23218,5506,5312,4618,4280,3502,12855,3075,2776,2556,2292,2156,7846,2065,1835,1562,1371,1013,2506,838,667,450,309,242,538
111年 6月底,女,1291900,44280,7063,8230,9112,9615,10260,56614,11389,11015,11497,10629,12084,51568,11380,9893,10183,9768,10344,47692,9817,9119,9372,9390,9994,58834,10295,12099,11976,11522,12942,69067,13417,13788,13815,13864,14183,76804,14077,14795,15466,16392,16074,95237,16121,17585,19774,20186,21571,112213,22802,22809,23022,22830,20750,102081,23107,20861,20061,19043,19009,99972,19694,20144,20324,20268,19542,99559,19248,19862,20085,20209,20155,98802,20051,19551,19711,20207,19282,93236,19419,19397,18902,17964,17554,74835,17619,16661,15100,13723,11732,42208,10159,7227,8196,8561,8065,34670,7795,7490,7160,6398,5827,20552,5109,4650,4134,3537,3122,10093,2855,2318,1952,1645,1323,3020,1035,757,536,433,259,563
111年 7月底,總計,2462482,90963,14423,16829,18589,19764,21358,116544,23222,22822,23748,22245,24507,108049,23960,21085,21013,20641,21350,99794,20225,19463,19784,19520,20802,121433,21271,24547,25225,24165,26225,140727,27659,28243,28230,28185,28410,150611,28286,29434,30809,31220,30862,179157,30657,32693,36960,38012,40835,210951,42979,42921,42903,42656,39492,190553,42817,39182,37038,35921,35595,185197,36500,37316,37602,37482,36297,185269,35889,36714,37687,37391,37588,182479,36899,36302,36303,36946,36029,173002,35305,36111,35447,33236,32903,136755,32108,31111,27093,25102,21341,75169,18688,13108,14261,15091,14021,58031,13444,12738,11805,10663,9381,33387,8187,7427,6633,5852,5288,17809,4866,4114,3508,2975,2346,5502,1882,1410,977,730,503,1100
111年 7月底,男,1171248,47038,7440,8720,9652,10102,11124,60153,11961,11882,12228,11497,12585,56211,12487,10958,10864,10863,11039,52140,10396,10251,10496,10144,10853,62984,11014,12642,13229,12545,13554,71646,14177,14479,14404,14365,14221,73966,14180,14748,15261,15092,14685,84518,14491,15304,17355,17954,19414,98570,20208,20106,19918,19839,18499,88296,19995,17984,16978,16798,16541,85223,16855,17207,17313,17202,16646,85674,16642,16841,17572,17309,17310,83725,16852,16791,16674,16823,16585,79663,15969,16691,16435,15390,15178,61701,14582,14130,12018,11355,9616,32831,8401,5841,6124,6522,5943,23300,5626,5253,4630,4263,3528,12820,3099,2781,2507,2289,2144,7787,2026,1821,1564,1351,1025,2463,823,657,437,308,238,539
111年 7月底,女,1291234,43925,6983,8109,8937,9662,10234,56391,11261,10940,11520,10748,11922,51838,11473,10127,10149,9778,10311,47654,9829,9212,9288,9376,9949,58449,10257,11905,11996,11620,12671,69081,13482,13764,13826,13820,14189,76645,14106,14686,15548,16128,16177,94639,16166,17389,19605,20058,21421,112381,22771,22815,22985,22817,20993,102257,22822,21198,20060,19123,19054,99974,19645,20109,20289,20280,19651,99595,19247,19873,20115,20082,20278,98754,20047,19511,19629,20123,19444,93339,19336,19420,19012,17846,17725,75054,17526,16981,15075,13747,11725,42338,10287,7267,8137,8569,8078,34731,7818,7485,7175,6400,5853,20567,5088,4646,4126,3563,3144,10022,2840,2293,1944,1624,1321,3039,1059,753,540,422,265,561
111年 8月底,總計,2461695,90186,14294,16756,18382,19542,21212,116101,23129,22708,23662,22509,24093,108466,24332,21434,20767,20734,21199,99616,20270,19446,19737,19496,20667,120851,21127,24213,25303,24287,25921,140570,27609,28145,28261,28160,28395,150411,28296,29258,30921,30949,30987,178081,30780,32297,36645,37903,40456,211164,42726,43133,42609,42832,39864,190707,42039,40082,36630,36419,35537,185103,36237,37321,37546,37584,36415,185263,35942,36712,37502,37479,37628,182680,36860,36298,36531,36874,36117,173371,34708,36805,35722,33127,33009,137585,32177,31339,27140,25546,21383,75574,19008,13361,14091,15045,14069,58116,13514,12736,11804,10703,9359,33469,8305,7386,6694,5843,5241,17793,4847,4106,3529,2938,2373,5500,1871,1405,998,733,493,1088
111年 8月底,男,1170539,46591,7363,8635,9573,9993,11027,59934,11881,11829,12192,11609,12423,56372,12626,11135,10745,10906,10960,52069,10474,10216,10421,10173,10785,62694,10948,12472,13241,12602,13431,71555,14154,14401,14369,14412,14219,73799,14158,14667,15300,15014,14660,83989,14613,15080,17208,17869,19219,98729,20157,20135,19809,19932,18696,88389,19631,18411,16730,17054,16563,85142,16696,17216,17277,17245,16708,85639,16614,16836,17476,17400,17313,83815,16845,16786,16770,16832,16582,79777,15687,16981,16518,15401,15190,62113,14585,14237,12098,11577,9616,33003,8517,6011,6069,6450,5956,23359,5680,5269,4615,4280,3515,12819,3161,2753,2500,2289,2116,7747,1993,1807,1601,1305,1041,2468,835,652,453,300,228,536
111年 8月底,女,1291156,43595,6931,8121,8809,9549,10185,56167,11248,10879,11470,10900,11670,52094,11706,10299,10022,9828,10239,47547,9796,9230,9316,9323,9882,58157,10179,11741,12062,11685,12490,69015,13455,13744,13892,13748,14176,76612,14138,14591,15621,15935,16327,94092,16167,17217,19437,20034,21237,112435,22569,22998,22800,22900,21168,102318,22408,21671,19900,19365,18974,99961,19541,20105,20269,20339,19707,99624,19328,19876,20026,20079,20315,98865,20015,19512,19761,20042,19535,93594,19021,19824,19204,17726,17819,75472,17592,17102,15042,13969,11767,42571,10491,7350,8022,8595,8113,34757,7834,7467,7189,6423,5844,20650,5144,4633,4194,3554,3125,10046,2854,2299,1928,1633,1332,3032,1036,753,545,433,265,552
111年 9月底,總計,2460932,89478,14116,16795,18065,19501,21001,115525,22728,22920,23530,22724,23623,108554,24679,21747,20308,20764,21056,99287,20273,19538,19588,19514,20374,119770,21173,23572,25499,24397,25129,140825,27824,28260,28081,28253,28407,150213,28265,29022,30945,30686,31295,176942,30818,32016,36079,37800,40229,211375,42545,43313,42330,42804,40383,190754,41145,41028,36482,36503,35596,185180,36016,37174,37602,37741,36647,185078,35756,36643,37389,37632,37658,182958,36898,36276,36667,36803,36314,173815,34415,37264,35883,33186,33067,138828,32477,31427,27339,26050,21535,76094,19276,13961,13679,15000,14178,58352,13544,12751,11866,10794,9397,33518,8391,7268,6780,5872,5207,17791,4855,4067,3515,2952,2402,5505,1868,1401,1018,733,485,1090
111年 9月底,男,1169771,46214,7263,8643,9433,9977,10898,59667,11688,11920,12165,11708,12186,56405,12786,11287,10537,10863,10932,51864,10455,10247,10323,10228,10611,62183,10971,12175,13292,12682,13063,71614,14245,14442,14281,14425,14221,73689,14092,14583,15333,14871,14810,83379,14644,14911,16916,17800,19108,98859,20069,20223,19734,19872,18961,88485,19211,18869,16700,16977,16728,85166,16582,17123,17336,17274,16851,85403,16490,16804,17347,17478,17284,83923,16882,16818,16796,16786,16641,80002,15568,17210,16576,15428,15220,62717,14673,14318,12213,11802,9711,33215,8601,6245,5940,6407,6022,23454,5676,5268,4664,4327,3519,12819,3217,2669,2556,2304,2073,7716,1972,1775,1596,1316,1057,2456,819,640,460,310,227,541
111年 9月底,女,1291161,43264,6853,8152,8632,9524,10103,55858,11040,11000,11365,11016,11437,52149,11893,10460,9771,9901,10124,47423,9818,9291,9265,9286,9763,57587,10202,11397,12207,11715,12066,69211,13579,13818,13800,13828,14186,76524,14173,14439,15612,15815,16485,93563,16174,17105,19163,20000,21121,112516,22476,23090,22596,22932,21422,102269,21934,22159,19782,19526,18868,100014,19434,20051,20266,20467,19796,99675,19266,19839,20042,20154,20374,99035,20016,19458,19871,20017,19673,93813,18847,20054,19307,17758,17847,76111,17804,17109,15126,14248,11824,42879,10675,7716,7739,8593,8156,34898,7868,7483,7202,6467,5878,20699,5174,4599,4224,3568,3134,10075,2883,2292,1919,1636,1345,3049,1049,761,558,423,258,549
111年 10月底,總計,2465610,88633,13849,16692,17858,19498,20736,114937,22628,22939,23350,23113,22907,109121,25251,22168,19842,20971,20889,99200,20383,19619,19385,19652,20161,118958,21354,22927,25752,24532,24393,141022,28120,27940,28218,28290,28454,150398,28398,28941,30990,30258,31811,175937,30727,31784,35593,38048,39785,212144,42445,43511,42037,43063,41088,191137,40049,42193,36312,36866,35717,185422,35829,37224,37787,37543,37039,185423,35654,36689,37592,37385,38103,183663,37037,36237,37080,36938,36371,174988,35111,36913,36329,33521,33114,140832,32867,31949,27775,26392,21849,77039,19564,14842,13171,15107,14355,58632,13535,12764,12042,10777,9514,33656,8362,7425,6810,5831,5228,17852,4823,4154,3519,2957,2399,5526,1870,1419,999,754,484,1090
111年 10月底,男,1171422,45820,7153,8572,9330,9944,10821,59316,11598,11958,12087,11837,11836,56731,13075,11516,10361,10913,10866,51772,10505,10210,10273,10295,10489,61733,11082,11852,13424,12751,12624,71737,14465,14242,14358,14465,14207,73844,14170,14577,15327,14701,15069,82876,14632,14773,16652,17946,18873,99217,19977,20367,19574,20028,19271,88685,18641,19501,16610,17083,16850,85228,16510,17116,17361,17212,17029,85458,16426,16856,17367,17384,17425,84166,16954,16767,17018,16815,16612,80426,15913,16945,16761,15610,15197,63590,14879,14502,12416,11932,9861,33701,8731,6644,5755,6473,6098,23587,5692,5248,4780,4282,3585,12828,3203,2728,2531,2276,2090,7707,1936,1816,1581,1308,1066,2461,829,638,463,306,225,539
111年 10月底,女,1294188,42813,6696,8120,8528,9554,9915,55621,11030,10981,11263,11276,11071,52390,12176,10652,9481,10058,10023,47428,9878,9409,9112,9357,9672,57225,10272,11075,12328,11781,11769,69285,13655,13698,13860,13825,14247,76554,14228,14364,15663,15557,16742,93061,16095,17011,18941,20102,20912,112927,22468,23144,22463,23035,21817,102452,21408,22692,19702,19783,18867,100194,19319,20108,20426,20331,20010,99965,19228,19833,20225,20001,20678,99497,20083,19470,20062,20123,19759,94562,19198,19968,19568,17911,17917,77242,17988,17447,15359,14460,11988,43338,10833,8198,7416,8634,8257,35045,7843,7516,7262,6495,5929,20828,5159,4697,4279,3555,3138,10145,2887,2338,1938,1649,1333,3065,1041,781,536,448,259,551
111年 11月底,總計,2472547,87997,13565,16748,17681,19397,20606,114455,22425,22841,23450,23351,22388,109335,25522,22639,19677,20931,20566,99326,20689,19746,19339,19615,19937,118406,21461,22353,25992,24814,23786,141323,28020,27815,28582,28385,28521,151041,28451,28971,31171,29871,32577,175192,30755,31226,35366,38078,39767,212494,42166,43597,42317,43097,41317,191744,39255,43287,36703,36640,35859,185753,35969,37024,37840,37824,37096,185882,35724,36815,37440,37707,38196,184615,37176,36436,37205,37150,36648,176579,35518,37051,36397,34203,33410,143038,33107,32468,28273,26711,22479,77903,19869,15454,13122,15074,14384,59101,13661,12852,12177,10870,9541,33829,8430,7464,6825,5862,5248,17896,4833,4183,3491,2983,2406,5546,1884,1426,995,755,486,1092
111年 11月底,男,1173910,45413,6954,8607,9190,9960,10702,59091,11539,11869,12207,11891,11585,56836,13217,11782,10263,10844,10730,51808,10706,10245,10253,10271,10333,61513,11195,11551,13520,12869,12378,71804,14374,14186,14528,14480,14236,74172,14201,14528,15436,14509,15498,82443,14634,14484,16534,17960,18831,99354,19859,20351,19721,20062,19361,88965,18258,20067,16764,16950,16926,85336,16600,17037,17362,17361,16976,85617,16435,16979,17265,17501,17437,84538,16996,16821,17121,16893,16707,81003,16067,16947,16841,15824,15324,64559,15019,14710,12613,12050,10167,34115,8846,6937,5698,6489,6145,23818,5776,5222,4875,4316,3629,12810,3165,2770,2526,2287,2062,7700,1946,1819,1559,1317,1059,2473,836,646,467,306,218,542
111年 11月底,女,1298637,42584,6611,8141,8491,9437,9904,55364,10886,10972,11243,11460,10803,52499,12305,10857,9414,10087,9836,47518,9983,9501,9086,9344,9604,56893,10266,10802,12472,11945,11408,69519,13646,13629,14054,13905,14285,76869,14250,14443,15735,15362,17079,92749,16121,16742,18832,20118,20936,113140,22307,23246,22596,23035,21956,102779,20997,23220,19939,19690,18933,100417,19369,19987,20478,20463,20120,100265,19289,19836,20175,20206,20759,100077,20180,19615,20084,20257,19941,95576,19451,20104,19556,18379,18086,78479,18088,17758,15660,14661,12312,43788,11023,8517,7424,8585,8239,35283,7885,7630,7302,6554,5912,21019,5265,4694,4299,3575,3186,10196,2887,2364,1932,1666,1347,3073,1048,780,528,449,268,550
111年 12月底,總計,2480681,87542,13411,16694,17530,19392,20515,114507,22150,23060,23434,23796,22067,110160,26091,23157,19369,21111,20432,99673,20935,19827,19340,19613,19958,118120,21530,21903,26374,24855,23458,142017,28098,27777,28885,28589,28668,152088,28751,28899,31352,29676,33410,174719,30788,30799,35126,38192,39814,213374,42087,43631,42464,43439,41753,192569,38572,44290,36885,36729,36093,185892,35923,36922,37880,38026,37141,186125,35693,37147,37148,37976,38161,185301,37328,36622,37258,37012,37081,177369,35630,37115,36491,34396,33737,144605,33157,32726,28912,26898,22912,78804,20334,15736,13262,14911,14561,59343,13660,12865,12289,10942,9587,33927,8475,7461,6882,5828,5281,17894,4772,4222,3512,2979,2409,5574,1882,1453,1009,730,500,1078
111年 12月底,男,1177022,45147,6867,8572,9131,9937,10640,59131,11364,11993,12191,12154,11429,57238,13478,12066,10081,10912,10701,51935,10824,10237,10262,10283,10329,61310,11206,11311,13696,12921,12176,72048,14403,14091,14723,14517,14314,74701,14392,14454,15514,14420,15921,81984,14583,14258,16446,17999,18698,99771,19861,20432,19851,20122,19505,89403,17930,20653,16818,16983,17019,85407,16573,16989,17417,17419,17009,85667,16412,17087,17187,17523,17458,84857,17091,16885,17162,16753,16966,81192,16010,16926,16904,15914,15438,65221,15110,14809,12893,12085,10324,34548,9014,7106,5756,6439,6233,23939,5782,5205,4976,4295,3681,12801,3186,2752,2532,2267,2064,7699,1923,1832,1557,1323,1064,2485,843,643,479,303,217,538
111年 12月底,女,1303659,42395,6544,8122,8399,9455,9875,55376,10786,11067,11243,11642,10638,52922,12613,11091,9288,10199,9731,47738,10111,9590,9078,9330,9629,56810,10324,10592,12678,11934,11282,69969,13695,13686,14162,14072,14354,77387,14359,14445,15838,15256,17489,92735,16205,16541,18680,20193,21116,113603,22226,23199,22613,23317,22248,103166,20642,23637,20067,19746,19074,100485,19350,19933,20463,20607,20132,100458,19281,20060,19961,20453,20703,100444,20237,19737,20096,20259,20115,96177,19620,20189,19587,18482,18299,79384,18047,17917,16019,14813,12588,44256,11320,8630,7506,8472,8328,35404,7878,7660,7313,6647,5906,21126,5289,4709,4350,3561,3217,10195,2849,2390,1955,1656,1345,3089,1039,810,530,427,283,540
112年 1月底,總計,2488043,87081,13244,16616,17363,19406,20452,114378,21942,23100,23413,24143,21780,110936,26507,23360,19553,21106,20410,99873,21130,19918,19411,19663,19751,117936,21512,21734,26333,25025,23332,142491,27827,27887,29287,28633,28857,152986,28875,28948,31518,29675,33970,174297,30847,30481,35032,38312,39625,214251,42076,43693,42738,43522,42222,193273,38174,45029,37098,36758,36214,186341,35852,36910,38092,38046,37441,186318,35963,36804,37231,38051,38269,186064,37478,36711,37407,36879,37589,177773,35655,37112,36605,34813,33588,146227,33428,32993,29096,27411,23299,79430,20804,16197,13033,14812,14584,59684,13707,12964,12334,10922,9757,34146,8552,7529,6870,5900,5295,17875,4710,4239,3564,2999,2363,5611,1888,1460,1016,735,512,1072
112年 1月底,男,1180304,44886,6784,8539,9012,9961,10590,59035,11291,11954,12214,12327,11249,57605,13680,12189,10191,10891,10654,52065,10952,10282,10300,10315,10216,61159,11205,11191,13675,12971,12117,72233,14271,14180,14887,14505,14390,75116,14437,14482,15573,14450,16174,81784,14674,14071,16434,18021,18584,100276,19931,20403,20032,20197,19713,89685,17704,21008,16955,16971,17047,85648,16568,17017,17564,17363,17136,85803,16564,16946,17240,17513,17540,85227,17213,16868,17199,16733,17214,81311,15994,16913,16947,16090,15367,65934,15273,14930,12994,12233,10504,34863,9238,7360,5633,6409,6223,24147,5834,5256,5006,4265,3786,12846,3200,2790,2500,2293,2063,7653,1910,1817,1556,1323,1047,2497,851,638,478,319,211,531
112年 1月底,女,1307739,42195,6460,8077,8351,9445,9862,55343,10651,11146,11199,11816,10531,53331,12827,11171,9362,10215,9756,47808,10178,9636,9111,9348,9535,56777,10307,10543,12658,12054,11215,70258,13556,13707,14400,14128,14467,77870,14438,14466,15945,15225,17796,92513,16173,16410,18598,20291,21041,113975,22145,23290,22706,23325,22509,103588,20470,24021,20143,19787,19167,100693,19284,19893,20528,20683,20305,100515,19399,19858,19991,20538,20729,100837,20265,19843,20208,20146,20375,96462,19661,20199,19658,18723,18221,80293,18155,18063,16102,15178,12795,44567,11566,8837,7400,8403,8361,35537,7873,7708,7328,6657,5971,21300,5352,4739,4370,3607,3232,10222,2800,2422,2008,1676,1316,3114,1037,822,538,416,301,541
112年 2月底,總計,2490133,86487,13267,16376,17210,19361,20273,114058,21588,23091,23185,24314,21880,111038,26304,23682,19680,20937,20435,99711,21258,20001,19326,19537,19589,117623,21543,21465,26109,25242,23264,142381,27678,28002,29042,28826,28833,153238,29007,28890,31393,29988,33960,173435,30687,30447,34731,38162,39408,214362,41862,43816,42689,43715,42280,193534,38147,45097,37312,36744,36234,186335,35891,36818,37979,38097,37550,186169,36289,36418,37119,38314,38029,186866,37645,37017,37050,37302,37852,178472,35297,37691,36313,35008,34163,147533,33456,33134,29894,27150,23899,80250,21084,16956,12886,14716,14608,59910,13752,12892,12417,11013,9836,34184,8590,7549,6889,5889,5267,17846,4726,4262,3523,2969,2366,5636,1905,1441,1039,723,528,1065
112年 2月底,男,1180829,44585,6783,8410,8939,9963,10490,58848,11129,11932,12071,12434,11282,57665,13604,12327,10262,10847,10625,51969,10986,10348,10252,10232,10151,60995,11210,11053,13546,13074,12112,72228,14237,14203,14750,14605,14433,75210,14460,14410,15511,14641,16188,81361,14564,14095,16260,17893,18549,100267,19767,20531,19927,20316,19726,89859,17738,21017,17077,16994,17033,85664,16535,16962,17592,17361,17214,85709,16666,16791,17198,17605,17449,85433,17305,16916,17080,16880,17252,81607,15999,17051,16759,16169,15629,66502,15274,15000,13370,12084,10774,35194,9384,7658,5615,6361,6176,24274,5878,5244,5035,4305,3812,12845,3224,2765,2519,2268,2069,7594,1893,1785,1552,1317,1047,2489,857,625,477,322,208,531
112年 2月底,女,1309304,41902,6484,7966,8271,9398,9783,55210,10459,11159,11114,11880,10598,53373,12700,11355,9418,10090,9810,47742,10272,9653,9074,9305,9438,56628,10333,10412,12563,12168,11152,70153,13441,13799,14292,14221,14400,78028,14547,14480,15882,15347,17772,92074,16123,16352,18471,20269,20859,114095,22095,23285,22762,23399,22554,103675,20409,24080,20235,19750,19201,100671,19356,19856,20387,20736,20336,100460,19623,19627,19921,20709,20580,101433,20340,20101,19970,20422,20600,96865,19298,20640,19554,18839,18534,81031,18182,18134,16524,15066,13125,45056,11700,9298,7271,8355,8432,35636,7874,7648,7382,6708,6024,21339,5366,4784,4370,3621,3198,10252,2833,2477,1971,1652,1319,3147,1048,816,562,401,320,534
112年 3月底,總計,2494813,86027,13455,16018,17101,19258,20195,113748,21348,22735,23360,24251,22054,111364,26113,23966,20054,20916,20315,99670,21330,20005,19329,19460,19546,117266,21377,21327,25876,25185,23501,142295,27427,27948,29062,28978,28880,153155,29019,28960,31107,30570,33499,173086,30884,30554,34536,37973,39139,214560,41982,43803,42660,43680,42435,194179,38607,44609,37801,36865,36297,186270,35818,36807,37942,38033,37670,186304,36413,36382,37085,38283,38141,187828,37931,37125,36982,37415,38375,179272,35582,37246,36775,35430,34239,149556,33798,33362,29932,27955,24509,81299,21599,17554,12807,14591,14748,60180,13839,12856,12431,11100,9954,34369,8646,7596,6885,5928,5314,17729,4616,4284,3481,2949,2399,5607,1868,1443,1049,706,541,1049
112年 3月底,男,1182407,44282,6894,8247,8830,9884,10427,58700,11037,11754,12093,12435,11381,57803,13446,12503,10429,10854,10571,51920,11007,10321,10229,10217,10146,60769,11114,11001,13384,13068,12202,72199,14117,14185,14725,14718,14454,75107,14455,14405,15369,14947,15931,81213,14653,14189,16154,17776,18441,100289,19846,20489,19897,20340,19717,90202,17997,20813,17297,17056,17039,85679,16567,16953,17542,17335,17282,85796,16715,16816,17059,17670,17536,85692,17360,16902,17069,16940,17421,81956,16206,16822,16934,16317,15677,67294,15386,15077,13425,12400,11006,35721,9639,7902,5647,6284,6249,24429,5889,5264,5053,4354,3869,12838,3231,2767,2541,2234,2065,7545,1864,1774,1529,1291,1087,2448,816,631,479,311,211,525
112年 3月底,女,1312406,41745,6561,7771,8271,9374,9768,55048,10311,10981,11267,11816,10673,53561,12667,11463,9625,10062,9744,47750,10323,9684,9100,9243,9400,56497,10263,10326,12492,12117,11299,70096,13310,13763,14337,14260,14426,78048,14564,14555,15738,15623,17568,91873,16231,16365,18382,20197,20698,114271,22136,23314,22763,23340,22718,103977,20610,23796,20504,19809,19258,100591,19251,19854,20400,20698,20388,100508,19698,19566,20026,20613,20605,102136,20571,20223,19913,20475,20954,97316,19376,20424,19841,19113,18562,82262,18412,18285,16507,15555,13503,45578,11960,9652,7160,8307,8499,35751,7950,7592,7378,6746,6085,21531,5415,4829,4344,3694,3249,10184,2752,2510,1952,1658,1312,3159,1052,812,570,395,330,524
112年 4月底,總計,2498488,85295,13463,15762,16936,19087,20047,113712,21345,22480,23366,24274,22247,111636,25854,24150,20437,20851,20344,99581,21356,20085,19240,19465,19435,117059,21264,21244,25593,25200,23758,142035,27136,27834,29090,29006,28969,153095,29049,29099,31016,30886,33045,173006,31108,30741,34299,37892,38966,214639,41977,43547,43014,43504,42597,194641,38930,44345,38056,37116,36194,186496,35946,36813,37925,37929,37883,186289,36504,36307,37135,38236,38107,188298,38128,37199,37141,37302,38528,180339,36011,36985,36977,35911,34455,150860,33708,33567,30030,27580,25975,82182,21493,18454,12783,14621,14831,60500,13906,12897,12467,11118,10112,34469,8699,7596,6859,6016,5299,17713,4587,4306,3476,2932,2412,5594,1849,1483,1002,708,552,1049
112年 4月底,男,1183796,43894,6894,8103,8749,9868,10280,58740,11040,11648,12074,12503,11475,57915,13276,12606,10600,10850,10583,51893,11049,10365,10141,10251,10087,60643,11035,10953,13223,13122,12310,72083,13941,14123,14802,14672,14545,75020,14430,14466,15299,15162,15663,81183,14762,14345,15967,17753,18356,100282,19859,20332,20108,20227,19756,90402,18220,20637,17498,17092,16955,85853,16627,16990,17478,17392,17366,85790,16726,16747,17081,17680,17556,85863,17372,16950,17128,16878,17535,82349,16361,16676,17017,16521,15774,67844,15297,15186,13506,12233,11622,36131,9642,8253,5612,6314,6310,24607,5937,5285,5098,4330,3957,12852,3251,2762,2528,2242,2069,7495,1831,1774,1516,1296,1078,2440,813,652,453,314,208,517
112年 4月底,女,1314692,41401,6569,7659,8187,9219,9767,54972,10305,10832,11292,11771,10772,53721,12578,11544,9837,10001,9761,47688,10307,9720,9099,9214,9348,56416,10229,10291,12370,12078,11448,69952,13195,13711,14288,14334,14424,78075,14619,14633,15717,15724,17382,91823,16346,16396,18332,20139,20610,114357,22118,23215,22906,23277,22841,104239,20710,23708,20558,20024,19239,100643,19319,19823,20447,20537,20517,100499,19778,19560,20054,20556,20551,102435,20756,20249,20013,20424,20993,97990,19650,20309,19960,19390,18681,83016,18411,18381,16524,15347,14353,46051,11851,10201,7171,8307,8521,35893,7969,7612,7369,6788,6155,21617,5448,4834,4331,3774,3230,10218,2756,2532,1960,1636,1334,3154,1036,831,549,394,344,532
112年 5月底,總計,2501988,84974,13724,15624,16809,18863,19954,113497,21171,22222,23468,24237,22399,112116,25694,24382,20977,20642,20421,99588,21317,20061,19207,19583,19420,116793,21061,21175,25348,25206,24003,141798,26858,27821,29097,29031,28991,153330,29254,29131,30852,31193,32900,172848,31213,30913,34067,37837,38818,214739,41842,43437,43160,43517,42783,195045,39172,43914,38525,37219,36215,186672,35911,36858,37865,38174,37864,186407,36620,36340,37122,38232,38093,188612,38222,37441,37125,37307,38517,181328,36531,36771,37182,36168,34676,151627,33549,33674,30913,27818,25673,83060,21925,18724,12928,14589,14894,60683,13982,12954,12424,11210,10113,34559,8790,7634,6846,5999,5290,17714,4619,4276,3469,2941,2409,5557,1818,1469,1002,702,566,1041
112年 5月底,男,1185015,43708,7053,8004,8648,9775,10228,58664,10984,11476,12165,12445,11594,58151,13168,12731,10895,10662,10695,51843,11036,10307,10127,10305,10068,60514,10967,10878,13080,13151,12438,71935,13758,14144,14836,14632,14565,75054,14503,14455,15217,15297,15582,81107,14803,14499,15825,17720,18260,100233,19798,20260,20205,20215,19755,90622,18429,20404,17719,17151,16919,85987,16664,16990,17445,17506,17382,85763,16792,16723,16977,17751,17520,86005,17437,17043,17149,16867,17509,82717,16588,16599,17011,16666,15853,68197,15312,15175,13866,12318,11526,36541,9832,8384,5678,6271,6376,24723,5969,5290,5117,4367,3980,12826,3244,2809,2503,2227,2043,7490,1865,1749,1503,1287,1086,2425,792,653,450,315,215,510
112年 5月底,女,1316973,41266,6671,7620,8161,9088,9726,54833,10187,10746,11303,11792,10805,53965,12526,11651,10082,9980,9726,47745,10281,9754,9080,9278,9352,56279,10094,10297,12268,12055,11565,69863,13100,13677,14261,14399,14426,78276,14751,14676,15635,15896,17318,91741,16410,16414,18242,20117,20558,114506,22044,23177,22955,23302,23028,104423,20743,23510,20806,20068,19296,100685,19247,19868,20420,20668,20482,100644,19828,19617,20145,20481,20573,102607,20785,20398,19976,20440,21008,98611,19943,20172,20171,19502,18823,83430,18237,18499,17047,15500,14147,46519,12093,10340,7250,8318,8518,35960,8013,7664,7307,6843,6133,21733,5546,4825,4343,3772,3247,10224,2754,2527,1966,1654,1323,3132,1026,816,552,387,351,531
112年 6月底,總計,2504687,84703,13798,15469,16831,18795,19810,113707,21137,22138,23486,24332,22614,112639,25562,24552,21503,20492,20530,99750,21424,20089,19288,19638,19311,116440,20905,21257,25052,25158,24068,141729,26747,27869,29034,29013,29066,153036,29360,29114,30655,31423,32484,172751,31458,31244,33650,37713,38686,214950,41676,43367,43412,43441,43054,195587,39425,43698,38946,37421,36097,186845,35980,36974,37824,38104,37963,186598,36675,36340,37205,38344,38034,188505,38095,37651,37188,37282,38289,181838,36900,36652,37225,36319,34742,152496,33742,33531,31596,27898,25729,83522,21977,18917,13189,14467,14972,60778,13920,12986,12475,11280,10117,34566,8800,7637,6868,6016,5245,17672,4638,4233,3460,2910,2431,5528,1818,1437,1028,701,544,1047
112年 6月底,男,1185819,43572,7124,7927,8653,9707,10161,58810,11001,11376,12234,12505,11694,58383,13119,12771,11165,10554,10774,51891,11066,10335,10178,10328,9984,60322,10877,10970,12871,13119,12485,71868,13672,14179,14771,14648,14598,74942,14556,14418,15123,15369,15476,80986,14882,14682,15640,17628,18154,100312,19718,20233,20295,20171,19895,90714,18477,20323,17877,17217,16820,86078,16737,17041,17410,17486,17404,85842,16827,16754,16950,17857,17454,85894,17423,17109,17139,16893,17330,82991,16843,16499,17053,16687,15909,68546,15379,15110,14211,12287,11559,36740,9854,8443,5838,6163,6442,24766,5931,5336,5137,4362,4000,12797,3233,2831,2491,2235,2007,7450,1868,1722,1484,1282,1094,2402,781,641,461,315,204,513
112年 6月底,女,1318868,41131,6674,7542,8178,9088,9649,54897,10136,10762,11252,11827,10920,54256,12443,11781,10338,9938,9756,47859,10358,9754,9110,9310,9327,56118,10028,10287,12181,12039,11583,69861,13075,13690,14263,14365,14468,78094,14804,14696,15532,16054,17008,91765,16576,16562,18010,20085,20532,114638,21958,23134,23117,23270,23159,104873,20948,23375,21069,20204,19277,100767,19243,19933,20414,20618,20559,100756,19848,19586,20255,20487,20580,102611,20672,20542,20049,20389,20959,98847,20057,20153,20172,19632,18833,83950,18363,18421,17385,15611,14170,46782,12123,10474,7351,8304,8530,36012,7989,7650,7338,6918,6117,21769,5567,4806,4377,3781,3238,10222,2770,2511,1976,1628,1337,3126,1037,796,567,386,340,534
112年 7月底,總計,2507143,84573,13878,15416,16762,18635,19882,114068,21130,21920,23530,24465,23023,113371,25358,24791,21995,20506,20721,100121,21448,20192,19470,19675,19336,116183,20800,21237,24652,25288,24206,141321,26361,27997,28878,29017,29068,152825,29323,29176,30514,31714,32098,172521,31660,31416,33385,37536,38524,214843,41423,43370,43431,43362,43257,196333,39855,43261,39585,37334,36298,186743,36048,36854,37786,38086,37969,186614,36828,36384,37231,38230,37941,188414,38307,37657,37075,37314,38061,182126,37255,36433,37310,36610,34518,153487,34163,33387,32209,27885,25843,83968,21967,19218,13352,14387,15044,60839,13860,13112,12430,11319,10118,34629,8845,7664,6863,6005,5252,17595,4660,4188,3454,2899,2394,5511,1839,1439,1018,694,521,1058
112年 7月底,男,1186600,43520,7187,7894,8626,9669,10144,58963,10984,11267,12244,12549,11919,58694,13000,12911,11372,10552,10859,52060,11087,10390,10207,10376,10000,60182,10819,10973,12643,13209,12538,71646,13536,14216,14635,14637,14622,74811,14468,14429,15060,15526,15328,80830,14947,14752,15519,17543,18069,100238,19552,20252,20283,20086,20065,91028,18632,20189,18137,17134,16936,86022,16760,16985,17372,17521,17384,85858,16880,16804,16982,17711,17481,85817,17515,17084,17053,17009,17156,83105,17021,16357,17083,16867,15777,68989,15605,15021,14463,12282,11618,36980,9817,8607,5927,6136,6493,24743,5845,5450,5086,4381,3981,12822,3276,2846,2491,2208,2001,7388,1869,1689,1483,1270,1077,2385,797,629,454,309,196,519
112年 7月底,女,1320543,41053,6691,7522,8136,8966,9738,55105,10146,10653,11286,11916,11104,54677,12358,11880,10623,9954,9862,48061,10361,9802,9263,9299,9336,56001,9981,10264,12009,12079,11668,69675,12825,13781,14243,14380,14446,78014,14855,14747,15454,16188,16770,91691,16713,16664,17866,19993,20455,114605,21871,23118,23148,23276,23192,105305,21223,23072,21448,20200,19362,100721,19288,19869,20414,20565,20585,100756,19948,19580,20249,20519,20460,102597,20792,20573,20022,20305,20905,99021,20234,20076,20227,19743,18741,84498,18558,18366,17746,15603,14225,46988,12150,10611,7425,8251,8551,36096,8015,7662,7344,6938,6137,21807,5569,4818,4372,3797,3251,10207,2791,2499,1971,1629,1317,3126,1042,810,564,385,325,539
112年 8月底,總計,2506788,84177,14009,15348,16735,18402,19683,114020,21022,21797,23445,24384,23372,113599,24964,25169,22245,20367,20854,99993,21289,20287,19471,19563,19383,115762,20670,21093,24303,25375,24321,140754,26068,27913,28731,29020,29022,152567,29312,29181,30321,31878,31875,172101,31871,31543,33028,37222,38437,214264,41025,43142,43658,43061,43378,196874,40288,42384,40486,36938,36778,186352,35978,36582,37772,38000,38020,186659,36958,36396,37261,38054,37990,188440,38338,37567,37038,37485,38012,182428,37322,35811,38045,36856,34394,154382,34233,33478,32455,27966,26250,84488,22040,19573,13632,14229,15014,61042,13926,13190,12425,11330,10171,34723,8832,7750,6838,6047,5256,17564,4650,4181,3460,2917,2356,5542,1845,1447,1021,711,518,1057
112年 8月底,男,1186136,43317,7256,7878,8577,9577,10029,58907,10916,11184,12198,12525,12084,58813,12852,13039,11501,10470,10951,51975,11004,10481,10179,10259,10052,59926,10735,10906,12479,13231,12575,71349,13399,14176,14535,14596,14643,74714,14489,14376,14975,15590,15284,80538,14937,14880,15319,17385,18017,99997,19363,20222,20316,19979,20117,91257,18856,19757,18577,16884,17183,85864,16779,16847,17352,17475,17411,85913,16942,16766,17023,17641,17541,85879,17534,17066,17023,17086,17170,83197,17005,16066,17401,16915,15810,69381,15584,15039,14572,12371,11815,37174,9826,8719,6109,6089,6431,24840,5876,5498,5093,4370,4003,12836,3265,2888,2482,2196,2005,7326,1856,1665,1474,1297,1034,2420,802,647,457,323,191,513
112年 8月底,女,1320652,40860,6753,7470,8158,8825,9654,55113,10106,10613,11247,11859,11288,54786,12112,12130,10744,9897,9903,48018,10285,9806,9292,9304,9331,55836,9935,10187,11824,12144,11746,69405,12669,13737,14196,14424,14379,77853,14823,14805,15346,16288,16591,91563,16934,16663,17709,19837,20420,114267,21662,22920,23342,23082,23261,105617,21432,22627,21909,20054,19595,100488,19199,19735,20420,20525,20609,100746,20016,19630,20238,20413,20449,102561,20804,20501,20015,20399,20842,99231,20317,19745,20644,19941,18584,85001,18649,18439,17883,15595,14435,47314,12214,10854,7523,8140,8583,36202,8050,7692,7332,6960,6168,21887,5567,4862,4356,3851,3251,10238,2794,2516,1986,1620,1322,3122,1043,800,564,388,327,544
112年 9月底,總計,2506251,83712,14040,15110,16797,18119,19646,113877,20838,21583,23543,24275,23638,113457,24542,25580,22277,20207,20851,99854,21142,20344,19585,19363,19420,115316,20379,21166,23686,25639,24446,140242,25308,28129,28865,28862,29078,152218,29415,29177,30095,31901,31630,171483,32167,31576,32747,36672,38321,213663,40771,42993,43801,42779,43319,197348,40806,41447,41440,36798,36857,186122,36007,36322,37597,38034,38162,186544,37173,36173,37150,37922,38126,188389,38340,37559,36995,37609,37886,182894,37507,35499,38463,36981,34444,155523,34297,33739,32543,28173,26771,85119,22186,19840,14270,13835,14988,61346,14010,13273,12386,11405,10272,34872,8881,7834,6731,6157,5269,17595,4632,4211,3475,2907,2370,5615,1883,1447,1034,714,537,1062
112年 9月底,男,1185453,43078,7238,7769,8601,9445,10025,58806,10807,11081,12227,12503,12188,58711,12644,13239,11514,10438,10876,51932,10978,10481,10216,10121,10136,59626,10555,10932,12193,13314,12632,71042,13054,14263,14573,14508,14644,74580,14535,14342,14895,15639,15169,80193,15076,14912,15160,17086,17959,99675,19217,20148,20367,19908,20035,91486,19118,19333,19037,16841,17157,85800,16895,16702,17244,17528,17431,85840,17075,16646,16986,17511,17622,85849,17511,17080,17046,17095,17117,83384,17072,15940,17573,16948,15851,69882,15612,15109,14656,12459,12046,37420,9901,8799,6351,5968,6401,25005,5916,5537,5068,4425,4059,12873,3263,2942,2414,2256,1998,7308,1828,1667,1471,1310,1032,2450,819,637,466,316,212,513
112年 9月底,女,1320798,40634,6802,7341,8196,8674,9621,55071,10031,10502,11316,11772,11450,54746,11898,12341,10763,9769,9975,47922,10164,9863,9369,9242,9284,55690,9824,10234,11493,12325,11814,69200,12254,13866,14292,14354,14434,77638,14880,14835,15200,16262,16461,91290,17091,16664,17587,19586,20362,113988,21554,22845,23434,22871,23284,105862,21688,22114,22403,19957,19700,100322,19112,19620,20353,20506,20731,100704,20098,19527,20164,20411,20504,102540,20829,20479,19949,20514,20769,99510,20435,19559,20890,20033,18593,85641,18685,18630,17887,15714,14725,47699,12285,11041,7919,7867,8587,36341,8094,7736,7318,6980,6213,21999,5618,4892,4317,3901,3271,10287,2804,2544,2004,1597,1338,3165,1064,810,568,398,325,549
112年 10月底,總計,2508658,83547,14355,14875,16741,17935,19641,113813,20578,21662,23425,24108,24040,113435,23778,26173,22588,19854,21042,99824,20952,20457,19672,19166,19577,115048,20150,21324,23020,25955,24599,139737,24637,28411,28566,28982,29141,151908,29419,29309,29931,31997,31252,171401,32690,31512,32475,36176,38548,213086,40333,42871,43917,42464,43501,198155,41450,40295,42596,36617,37197,185863,36038,36151,37571,38161,37942,186443,37457,36007,37133,38050,37796,189018,38722,37642,36854,37879,37921,183456,37431,36097,37909,37343,34676,156706,34165,33966,32989,28525,27061,85962,22405,20058,15116,13314,15069,61739,14212,13288,12392,11585,10262,35148,9002,7834,6867,6202,5243,17674,4635,4171,3551,2915,2402,5627,1882,1450,1044,702,549,1068
112年 10月底,男,1186177,42917,7338,7666,8557,9360,9996,58755,10708,11088,12202,12431,12326,58706,12265,13524,11686,10338,10893,51916,10908,10519,10186,10083,10220,59488,10418,11024,11853,13477,12716,70772,12635,14483,14382,14562,14710,74402,14478,14423,14834,15648,15019,80188,15336,14914,15025,16814,18099,99409,18981,20077,20448,19751,20152,91788,19370,18751,19667,16743,17257,85737,16976,16658,17218,17520,17365,85814,17212,16550,17032,17533,17487,86120,17654,17114,16948,17278,17126,83535,16979,16242,17242,17081,15991,70361,15515,15217,14833,12630,12166,37828,9991,8890,6726,5792,6429,25173,6000,5576,5050,4534,4013,12971,3336,2953,2465,2245,1972,7315,1833,1632,1512,1292,1046,2463,829,640,466,320,208,519
112年 10月底,女,1322481,40630,7017,7209,8184,8575,9645,55058,9870,10574,11223,11677,11714,54729,11513,12649,10902,9516,10149,47908,10044,9938,9486,9083,9357,55560,9732,10300,11167,12478,11883,68965,12002,13928,14184,14420,14431,77506,14941,14886,15097,16349,16233,91213,17354,16598,17450,19362,20449,113677,21352,22794,23469,22713,23349,106367,22080,21544,22929,19874,19940,100126,19062,19493,20353,20641,20577,100629,20245,19457,20101,20517,20309,102898,21068,20528,19906,20601,20795,99921,20452,19855,20667,20262,18685,86345,18650,18749,18156,15895,14895,48134,12414,11168,8390,7522,8640,36566,8212,7712,7342,7051,6249,22177,5666,4881,4402,3957,3271,10359,2802,2539,2039,1623,1356,3164,1053,810,578,382,341,549
112年 11月底,總計,2509894,83064,14417,14580,16809,17743,19515,113696,20437,21559,23221,24204,24275,113479,23249,26482,23019,19766,20963,99892,20657,20764,19813,19133,19525,114825,19900,21428,22409,26191,24897,139190,24006,28316,28349,29313,29206,151498,29434,29270,29873,32122,30799,171108,33369,31496,31852,35898,38493,212924,40225,42589,43970,42628,43512,198552,41692,39393,43665,36905,36897,185833,36128,36197,37286,38124,38098,186343,37401,36013,37138,37768,38023,189052,38678,37658,36919,37813,37984,183962,37561,36303,37838,37196,35064,157591,34270,33938,33296,28874,27213,86977,22929,20206,15658,13153,15031,62065,14183,13382,12456,11689,10355,35338,9027,7886,6926,6218,5281,17762,4648,4175,3589,2915,2435,5664,1891,1468,1057,705,543,1079
112年 11月底,男,1186475,42688,7406,7451,8611,9210,10010,58640,10570,11078,12062,12534,12396,58713,12000,13696,11909,10297,10811,51984,10787,10714,10239,10050,10194,59309,10217,11160,11526,13562,12844,70466,12370,14397,14276,14704,14719,74219,14491,14441,14782,15733,14772,80102,15736,14894,14715,16655,18102,99294,18905,19952,20412,19863,20162,91961,19458,18303,20245,16856,17099,85802,17043,16706,17109,17491,17453,85705,17123,16543,17070,17384,17585,86120,17605,17112,16965,17301,17137,83672,17034,16319,17170,17055,16094,70807,15580,15275,14942,12785,12225,38275,10252,8934,6983,5677,6429,25353,6016,5641,5028,4615,4053,13053,3388,2902,2516,2263,1984,7314,1801,1643,1530,1281,1059,2485,823,650,479,320,213,513
112年 11月底,女,1323419,40376,7011,7129,8198,8533,9505,55056,9867,10481,11159,11670,11879,54766,11249,12786,11110,9469,10152,47908,9870,10050,9574,9083,9331,55516,9683,10268,10883,12629,12053,68724,11636,13919,14073,14609,14487,77279,14943,14829,15091,16389,16027,91006,17633,16602,17137,19243,20391,113630,21320,22637,23558,22765,23350,106591,22234,21090,23420,20049,19798,100031,19085,19491,20177,20633,20645,100638,20278,19470,20068,20384,20438,102932,21073,20546,19954,20512,20847,100290,20527,19984,20668,20141,18970,86784,18690,18663,18354,16089,14988,48702,12677,11272,8675,7476,8602,36712,8167,7741,7428,7074,6302,22285,5639,4984,4410,3955,3297,10448,2847,2532,2059,1634,1376,3179,1068,818,578,385,330,566
112年 12月底,總計,2511886,82820,14574,14417,16766,17585,19478,113547,20229,21373,23232,24116,24597,113702,22798,26943,23402,19439,21120,99896,20441,20974,19856,19163,19462,114734,19870,21462,21920,26530,24952,138893,23613,28311,28200,29467,29302,151299,29460,29508,29611,32239,30481,170982,34069,31435,31374,35603,38501,212778,40132,42376,43889,42668,43713,199146,42030,38626,44542,37015,36933,185797,36287,36057,37166,38094,38193,186324,37418,35869,37377,37401,38259,188813,38578,37729,37071,37712,37723,184266,37907,36298,37790,37197,35074,158497,34440,33844,33469,29409,27335,87937,23267,20611,15906,13301,14852,62389,14305,13395,12458,11783,10448,35454,9071,7942,6933,6273,5235,17835,4682,4158,3618,2944,2433,5686,1897,1468,1078,720,523,1091
112年 12月底,男,1187064,42552,7492,7363,8572,9152,9973,58516,10425,10971,12062,12483,12575,58787,11779,13916,12126,10105,10861,51989,10694,10833,10213,10068,10181,59245,10202,11151,11280,13706,12906,70237,12155,14403,14111,14853,14715,74193,14524,14608,14653,15761,14647,80028,16107,14800,14466,16568,18087,99169,18722,19907,20434,19932,20174,92281,19581,17941,20764,16885,17110,85794,17113,16639,17038,17522,17482,85644,17123,16504,17151,17265,17601,86032,17587,17184,17005,17302,16954,83805,17261,16229,17121,17098,16096,71171,15634,15291,15021,13004,12221,38700,10391,9085,7127,5737,6360,25489,6064,5668,5002,4705,4050,13106,3437,2926,2512,2273,1958,7311,1799,1623,1549,1279,1061,2502,827,659,475,329,212,513
112年 12月底,女,1324822,40268,7082,7054,8194,8433,9505,55031,9804,10402,11170,11633,12022,54915,11019,13027,11276,9334,10259,47907,9747,10141,9643,9095,9281,55489,9668,10311,10640,12824,12046,68656,11458,13908,14089,14614,14587,77106,14936,14900,14958,16478,15834,90954,17962,16635,16908,19035,20414,113609,21410,22469,23455,22736,23539,106865,22449,20685,23778,20130,19823,100003,19174,19418,20128,20572,20711,100680,20295,19365,20226,20136,20658,102781,20991,20545,20066,20410,20769,100461,20646,20069,20669,20099,18978,87326,18806,18553,18448,16405,15114,49237,12876,11526,8779,7564,8492,36900,8241,7727,7456,7078,6398,22348,5634,5016,4421,4000,3277,10524,2883,2535,2069,1665,1372,3184,1070,809,603,391,311,578
113年 1月底,總計,2511291,82475,14762,14225,16699,17421,19368,113273,20102,21192,23114,24000,24865,113852,22411,27271,23594,19534,21042,99917,20325,21076,19880,19165,19471,114297,19642,21434,21693,26440,25088,138595,23458,27987,28208,29739,29203,151100,29506,29487,29567,32255,30285,170624,34484,31359,30929,35385,38467,212129,39753,42245,43757,42771,43603,199468,42379,38086,45058,37129,36816,185459,36313,35846,37006,38182,38112,186123,37597,36038,36946,37322,38220,188516,38506,37777,37042,37766,37425,184724,38307,36198,37665,37165,35389,159093,34185,33971,33651,29534,27752,88725,23576,21043,16339,13046,14721,62550,14315,13412,12556,11839,10428,35751,9229,8005,6988,6265,5264,17855,4680,4114,3638,2990,2433,5657,1857,1465,1098,716,521,1108
113年 1月底,男,1186485,42428,7609,7271,8555,9048,9945,58348,10346,10904,11950,12434,12714,58850,11582,14063,12255,10155,10795,52012,10607,10916,10233,10078,10178,58966,10101,11134,11121,13662,12948,70061,12092,14230,14174,14953,14612,74106,14558,14567,14663,15743,14575,79858,16281,14823,14239,16473,18042,98922,18520,19902,20323,20009,20168,92398,19755,17623,21027,16961,17032,85642,17096,16553,17015,17618,17360,85537,17194,16587,16977,17232,17547,85911,17573,17257,16933,17280,16868,83906,17419,16148,17041,17073,16225,71365,15537,15369,15092,13068,12299,39112,10528,9284,7377,5598,6325,25549,6041,5696,5057,4743,4012,13229,3531,2941,2555,2241,1961,7277,1790,1619,1530,1289,1049,2494,806,667,480,323,218,514
113年 1月底,女,1324806,40047,7153,6954,8144,8373,9423,54925,9756,10288,11164,11566,12151,55002,10829,13208,11339,9379,10247,47905,9718,10160,9647,9087,9293,55331,9541,10300,10572,12778,12140,68534,11366,13757,14034,14786,14591,76994,14948,14920,14904,16512,15710,90766,18203,16536,16690,18912,20425,113207,21233,22343,23434,22762,23435,107070,22624,20463,24031,20168,19784,99817,19217,19293,19991,20564,20752,100586,20403,19451,19969,20090,20673,102605,20933,20520,20109,20486,20557,100818,20888,20050,20624,20092,19164,87728,18648,18602,18559,16466,15453,49613,13048,11759,8962,7448,8396,37001,8274,7716,7499,7096,6416,22522,5698,5064,4433,4024,3303,10578,2890,2495,2108,1701,1384,3163,1051,798,618,393,303,594
113年 2月底,總計,2510477,82117,14839,14268,16407,17249,19354,112752,19872,20910,23141,23847,24982,114007,22526,26992,23974,19598,20917,99883,20293,21239,19950,19088,19313,113923,19530,21452,21413,26140,25388,138306,23362,27812,28255,29490,29387,151288,29455,29550,29606,32080,30597,169834,34406,31320,30820,35078,38210,211917,39605,42027,43860,42574,43851,199529,42384,38052,44919,37414,36760,185175,36283,35730,37025,38010,38127,186017,37542,36402,36496,37186,38391,188453,38281,37875,37219,37219,37859,184480,38447,35726,38017,36831,35459,159727,34600,33806,33697,30226,27398,89775,24017,21293,17029,12893,14543,62750,14366,13456,12484,11883,10561,35922,9287,8047,7012,6301,5275,17814,4646,4113,3668,2972,2415,5693,1861,1496,1089,736,511,1115
113年 2月底,男,1185840,42249,7638,7316,8387,8963,9945,58087,10232,10756,11962,12348,12789,58987,11631,13945,12436,10197,10778,51941,10565,10976,10295,10042,10063,58762,10061,11139,10970,13524,13068,69928,12068,14169,14156,14815,14720,74180,14584,14539,14639,15652,14766,79447,16255,14780,14222,16337,17853,98839,18524,19731,20418,19869,20297,92475,19731,17664,20959,17105,17016,85472,17064,16454,17031,17591,17332,85454,17200,16689,16803,17167,17595,85853,17481,17326,16941,17063,17042,83761,17432,16107,17084,16879,16259,71650,15732,15286,15117,13410,12105,39599,10727,9413,7631,5583,6245,25653,6007,5739,5061,4766,4080,13278,3542,2966,2537,2270,1963,7208,1767,1621,1489,1292,1039,2506,815,668,470,327,226,511
113年 2月底,女,1324637,39868,7201,6952,8020,8286,9409,54665,9640,10154,11179,11499,12193,55020,10895,13047,11538,9401,10139,47942,9728,10263,9655,9046,9250,55161,9469,10313,10443,12616,12320,68378,11294,13643,14099,14675,14667,77108,14871,15011,14967,16428,15831,90387,18151,16540,16598,18741,20357,113078,21081,22296,23442,22705,23554,107054,22653,20388,23960,20309,19744,99703,19219,19276,19994,20419,20795,100563,20342,19713,19693,20019,20796,102600,20800,20549,20278,20156,20817,100719,21015,19619,20933,19952,19200,88077,18868,18520,18580,16816,15293,50176,13290,11880,9398,7310,8298,37097,8359,7717,7423,7117,6481,22644,5745,5081,4475,4031,3312,10606,2879,2492,2179,1680,1376,3187,1046,828,619,409,285,604
113年 3月底,總計,2509740,81677,14909,14321,16062,17170,19215,112236,19790,20645,22967,23938,24896,114491,22687,26874,24255,19811,20864,99758,20247,21202,19944,19120,19245,113209,19440,21276,21294,25934,25265,138189,23572,27538,28178,29428,29473,151518,29435,29653,29580,31747,31103,169139,34049,31379,30847,34824,38040,211296,39158,42073,43829,42585,43651,199964,42522,38448,44443,37704,36847,184725,36264,35769,36773,37903,38016,185840,37682,36377,36407,37032,38342,188283,38205,38012,37233,37095,37738,184776,38801,35856,37448,36996,35675,160229,34436,34010,33673,30064,28046,90828,24549,21617,17519,12729,14414,62859,14441,13494,12438,11905,10581,36153,9414,8073,7068,6280,5318,17767,4667,4064,3667,2956,2413,5693,1878,1486,1081,747,501,1110
113年 3月底,男,1185249,42006,7683,7345,8240,8868,9870,57836,10178,10646,11901,12342,12769,59221,11730,13838,12613,10255,10785,51865,10539,10953,10279,10037,10057,58405,10033,11044,10927,13355,13046,69866,12145,14055,14160,14727,14779,74260,14572,14585,14571,15478,15054,79093,16042,14808,14281,16204,17758,98607,18323,19770,20406,19854,20254,92624,19705,17895,20766,17218,17040,85302,17059,16529,16912,17499,17303,85411,17285,16694,16790,16982,17660,85748,17498,17323,16866,17076,16985,83845,17549,16234,16794,16952,16316,71853,15680,15361,15094,13379,12339,40069,10947,9565,7834,5573,6150,25725,6068,5719,5061,4793,4084,13334,3593,2966,2551,2290,1934,7170,1761,1624,1470,1291,1024,2500,839,648,470,330,213,509
113年 3月底,女,1324491,39671,7226,6976,7822,8302,9345,54400,9612,9999,11066,11596,12127,55270,10957,13036,11642,9556,10079,47893,9708,10249,9665,9083,9188,54804,9407,10232,10367,12579,12219,68323,11427,13483,14018,14701,14694,77258,14863,15068,15009,16269,16049,90046,18007,16571,16566,18620,20282,112689,20835,22303,23423,22731,23397,107340,22817,20553,23677,20486,19807,99423,19205,19240,19861,20404,20713,100429,20397,19683,19617,20050,20682,102535,20707,20689,20367,20019,20753,100931,21252,19622,20654,20044,19359,88376,18756,18649,18579,16685,15707,50759,13602,12052,9685,7156,8264,37134,8373,7775,7377,7112,6497,22819,5821,5107,4517,3990,3384,10597,2906,2440,2197,1665,1389,3193,1039,838,611,417,288,601
113年 4月底,總計,2509112,81366,15042,14383,15799,17068,19074,111826,19694,20584,22734,23929,24885,114827,22842,26583,24542,20063,20797,99697,20265,21207,19980,19038,19207,112594,19329,21163,21192,25619,25291,137820,23771,27205,28075,29379,29390,151745,29494,29644,29656,31550,31401,168519,33533,31526,31017,34497,37946,210852,38930,42015,43547,42878,43482,200416,42588,38753,44106,37890,37079,184298,36110,35806,36729,37814,37839,185740,37867,36405,36228,37005,38235,188157,38089,38128,37259,37149,37532,185244,38863,36187,37066,37086,36042,159633,34537,33786,33717,30063,27530,92661,25875,21395,18349,12652,14390,62954,14491,13533,12429,11915,10586,36330,9545,8110,7050,6245,5380,17654,4643,4031,3644,2954,2382,5667,1875,1466,1101,719,506,1112
113年 4月底,男,1184681,41883,7725,7380,8099,8805,9874,57577,10064,10591,11800,12326,12796,59358,11823,13659,12758,10357,10761,51846,10561,10977,10307,9950,10051,58099,9980,10969,10880,13170,13100,69639,12235,13865,14099,14758,14682,74401,14665,14531,14584,15388,15233,78776,15761,14870,14433,16000,17712,98410,18204,19753,20259,20062,20132,92832,19718,18095,20540,17386,17093,85167,16948,16555,16933,17393,17338,85303,17357,16675,16664,16969,17638,85638,17483,17312,16881,17088,16874,84034,17624,16363,16588,16978,16481,71624,15754,15230,15144,13422,12074,40835,11500,9516,8159,5519,6141,25770,6108,5741,5062,4810,4049,13397,3665,2978,2548,2274,1932,7108,1754,1598,1457,1272,1027,2480,827,641,479,312,221,504
113年 4月底,女,1324431,39483,7317,7003,7700,8263,9200,54249,9630,9993,10934,11603,12089,55469,11019,12924,11784,9706,10036,47851,9704,10230,9673,9088,9156,54495,9349,10194,10312,12449,12191,68181,11536,13340,13976,14621,14708,77344,14829,15113,15072,16162,16168,89743,17772,16656,16584,18497,20234,112442,20726,22262,23288,22816,23350,107584,22870,20658,23566,20504,19986,99131,19162,19251,19796,20421,20501,100437,20510,19730,19564,20036,20597,102519,20606,20816,20378,20061,20658,101210,21239,19824,20478,20108,19561,88009,18783,18556,18573,16641,15456,51826,14375,11879,10190,7133,8249,37184,8383,7792,7367,7105,6537,22933,5880,5132,4502,3971,3448,10546,2889,2433,2187,1682,1355,3187,1048,825,622,407,285,608
113年 5月底,總計,2507673,81009,15018,14493,15683,16936,18879,111395,19650,20367,22541,23997,24840,115216,23027,26459,24783,20387,20560,99686,20339,21136,19929,18993,19289,111907,19315,20908,21087,25342,25255,137501,23951,26928,27952,29327,29343,151707,29483,29748,29577,31320,31579,168006,33310,31561,31150,34172,37813,210300,38757,41817,43348,42981,43397,200627,42666,38924,43625,38290,37122,184086,36053,35694,36660,37649,38030,185404,37734,36447,36204,36909,38110,188018,37981,38140,37410,37075,37412,185461,38755,36575,36770,37191,36170,160484,34707,33502,33716,30838,27721,92925,25508,21738,18553,12793,14333,63099,14530,13586,12485,11845,10653,36416,9539,8188,7079,6234,5376,17696,4650,4054,3629,2944,2419,5623,1870,1446,1077,735,495,1107
113年 5月底,男,1183803,41702,7715,7456,8038,8707,9786,57351,10063,10507,11642,12414,12725,59515,11953,13554,12894,10537,10577,51857,10651,10934,10249,9942,10081,57756,9961,10880,10789,13023,13103,69457,12331,13694,14068,14759,14605,74334,14680,14555,14534,15264,15301,78557,15648,14893,14554,15820,17642,98166,18119,19684,20137,20128,20098,92951,19681,18285,20289,17590,17106,85078,16882,16554,16879,17321,17442,85144,17310,16708,16626,16838,17662,85613,17412,17362,16928,17094,16817,84059,17558,16514,16494,16922,16571,71962,15803,15177,15102,13730,12150,40954,11365,9670,8242,5589,6088,25872,6165,5742,5075,4800,4090,13408,3674,2967,2578,2261,1928,7109,1736,1624,1446,1259,1044,2454,822,623,471,319,219,504
113年 5月底,女,1323870,39307,7303,7037,7645,8229,9093,54044,9587,9860,10899,11583,12115,55701,11074,12905,11889,9850,9983,47829,9688,10202,9680,9051,9208,54151,9354,10028,10298,12319,12152,68044,11620,13234,13884,14568,14738,77373,14803,15193,15043,16056,16278,89449,17662,16668,16596,18352,20171,112134,20638,22133,23211,22853,23299,107676,22985,20639,23336,20700,20016,99008,19171,19140,19781,20328,20588,100260,20424,19739,19578,20071,20448,102405,20569,20778,20482,19981,20595,101402,21197,20061,20276,20269,19599,88522,18904,18325,18614,17108,15571,51971,14143,12068,10311,7204,8245,37227,8365,7844,7410,7045,6563,23008,5865,5221,4501,3973,3448,10587,2914,2430,2183,1685,1375,3169,1048,823,606,416,276,603
113年 6月底,總計,2506767,80722,14938,14512,15538,16911,18823,111006,19556,20235,22395,23964,24856,115492,23181,26261,24976,20679,20395,99732,20393,21164,19897,19003,19275,111242,19175,20728,21149,25007,25183,137252,23988,26783,27972,29238,29271,151665,29489,29780,29550,31039,31807,167451,32824,31850,31443,33696,37638,209670,38578,41635,43154,43091,43212,201186,42857,39132,43345,38648,37204,183684,35862,35696,36706,37564,37856,185512,37775,36482,36170,36930,38155,187913,37872,37988,37565,37127,37361,185533,38464,36892,36663,37193,36321,161235,34731,33689,33527,31527,27761,93309,25555,21772,18730,13031,14221,63229,14593,13527,12501,11908,10700,36521,9569,8197,7087,6258,5410,17633,4621,4061,3618,2940,2393,5666,1908,1451,1054,764,489,1114
113年 6月底,男,1183068,41515,7695,7441,7953,8702,9724,57219,10002,10509,11509,12459,12740,59595,11998,13446,12952,10717,10482,51901,10683,10930,10242,9980,10066,57389,9898,10753,10879,12794,13065,69308,12369,13598,14069,14676,14596,74236,14665,14569,14488,15132,15382,78337,15495,14956,14741,15603,17542,97859,18006,19608,20044,20178,20023,93187,19772,18334,20186,17748,17147,84892,16747,16604,16898,17269,17374,85216,17306,16748,16641,16792,17729,85555,17322,17328,16986,17092,16827,84041,17355,16746,16428,16909,16603,72280,15819,15250,15024,14085,12102,41123,11390,9693,8301,5737,6002,25924,6203,5716,5100,4829,4076,13462,3705,2965,2596,2246,1950,7048,1712,1613,1443,1245,1035,2475,844,617,463,332,219,506
113年 6月底,女,1323699,39207,7243,7071,7585,8209,9099,53787,9554,9726,10886,11505,12116,55897,11183,12815,12024,9962,9913,47831,9710,10234,9655,9023,9209,53853,9277,9975,10270,12213,12118,67944,11619,13185,13903,14562,14675,77429,14824,15211,15062,15907,16425,89114,17329,16894,16702,18093,20096,111811,20572,22027,23110,22913,23189,107999,23085,20798,23159,20900,20057,98792,19115,19092,19808,20295,20482,100296,20469,19734,19529,20138,20426,102358,20550,20660,20579,20035,20534,101492,21109,20146,20235,20284,19718,88955,18912,18439,18503,17442,15659,52186,14165,12079,10429,7294,8219,37305,8390,7811,7401,7079,6624,23059,5864,5232,4491,4012,3460,10585,2909,2448,2175,1695,1358,3191,1064,834,591,432,270,608
113年 7月底,總計,2504731,80202,14758,14544,15473,16814,18613,110725,19630,20130,22208,23901,24856,115641,23463,25834,25055,21039,20250,99647,20421,21106,19927,18981,19212,110651,19120,20573,21115,24593,25250,136843,24120,26402,28033,29030,29258,151522,29393,29709,29584,30824,32012,166867,32426,32040,31623,33361,37417,208876,38382,41293,43066,43109,43026,201557,42958,39487,42831,39207,37074,183440,35998,35674,36539,37467,37762,185422,37712,36601,36164,36955,37990,187834,37761,38151,37545,36996,37381,185657,38187,37222,36423,37238,36587,161748,34498,34100,33319,32128,27703,93781,25661,21766,19018,13199,14137,63382,14669,13465,12676,11820,10752,36582,9550,8273,7093,6266,5400,17605,4638,4080,3595,2924,2368,5641,1892,1456,1053,752,488,1108
113年 7月底,男,1181917,41316,7587,7479,7923,8655,9672,57023,9999,10446,11426,12427,12725,59683,12164,13226,12999,10891,10403,51898,10709,10905,10270,9933,10081,57086,9876,10663,10873,12553,13121,69086,12438,13475,14066,14524,14583,74139,14640,14485,14462,15065,15487,78066,15348,15037,14801,15450,17430,97465,17934,19423,20057,20142,19909,93400,19908,18473,19997,17991,17031,84807,16836,16572,16833,17194,17372,85059,17246,16768,16660,16836,17549,85605,17327,17402,16930,16998,16948,84011,17141,16920,16257,16921,16772,72497,15695,15468,14911,14348,12075,41345,11441,9657,8446,5825,5976,25984,6261,5640,5227,4766,4090,13482,3683,3026,2597,2247,1929,7009,1708,1610,1425,1240,1026,2451,830,614,461,327,219,505
113年 7月底,女,1322814,38886,7171,7065,7550,8159,8941,53702,9631,9684,10782,11474,12131,55958,11299,12608,12056,10148,9847,47749,9712,10201,9657,9048,9131,53565,9244,9910,10242,12040,12129,67757,11682,12927,13967,14506,14675,77383,14753,15224,15122,15759,16525,88801,17078,17003,16822,17911,19987,111411,20448,21870,23009,22967,23117,108157,23050,21014,22834,21216,20043,98633,19162,19102,19706,20273,20390,100363,20466,19833,19504,20119,20441,102229,20434,20749,20615,19998,20433,101646,21046,20302,20166,20317,19815,89251,18803,18632,18408,17780,15628,52436,14220,12109,10572,7374,8161,37398,8408,7825,7449,7054,6662,23100,5867,5247,4496,4019,3471,10596,2930,2470,2170,1684,1342,3190,1062,842,592,425,269,603
113年 8月底,總計,2502093,79846,14746,14484,15439,16776,18401,110133,19472,19979,22111,23790,24781,115885,23723,25462,25299,21303,20098,99399,20500,20910,19981,18899,19109,110051,19101,20449,20973,24244,25284,136306,24220,26104,27939,28834,29209,151249,29292,29683,29565,30598,32111,166117,32171,32150,31729,32971,37096,207888,38233,40882,42814,43279,42680,201603,43058,39934,41956,40018,36637,183294,36420,35614,36200,37423,37637,185369,37750,36706,36122,36993,37798,187842,37789,38165,37432,36910,37546,185868,38080,37277,35794,37924,36793,161979,34355,34170,33333,32369,27752,94670,26043,21812,19359,13480,13976,63509,14630,13521,12763,11828,10767,36725,9584,8268,7197,6226,5450,17634,4659,4062,3585,2933,2395,5626,1842,1471,1070,747,496,1100
113年 8月底,男,1180471,41122,7551,7479,7914,8582,9596,56727,9913,10373,11358,12367,12716,59751,12269,13098,13056,11026,10302,51779,10784,10800,10328,9879,9988,56806,9888,10594,10806,12400,13118,68772,12478,13346,14016,14410,14522,74049,14652,14499,14390,14978,15530,77716,15310,15000,14919,15241,17246,97008,17849,19226,20006,20145,19782,93414,19975,18720,19569,18379,16771,84761,17052,16588,16639,17191,17291,84990,17274,16817,16574,16865,17460,85642,17360,17425,16898,16944,17015,84017,17135,16909,15974,17195,16804,72684,15720,15463,14903,14455,12143,41777,11631,9655,8558,6006,5927,25992,6197,5652,5283,4787,4073,13523,3698,3033,2640,2227,1925,7005,1726,1587,1403,1229,1060,2437,788,619,477,330,223,499
113年 8月底,女,1321622,38724,7195,7005,7525,8194,8805,53406,9559,9606,10753,11423,12065,56134,11454,12364,12243,10277,9796,47620,9716,10110,9653,9020,9121,53245,9213,9855,10167,11844,12166,67534,11742,12758,13923,14424,14687,77200,14640,15184,15175,15620,16581,88401,16861,17150,16810,17730,19850,110880,20384,21656,22808,23134,22898,108189,23083,21214,22387,21639,19866,98533,19368,19026,19561,20232,20346,100379,20476,19889,19548,20128,20338,102200,20429,20740,20534,19966,20531,101851,20945,20368,19820,20729,19989,89295,18635,18707,18430,17914,15609,52893,14412,12157,10801,7474,8049,37517,8433,7869,7480,7041,6694,23202,5886,5235,4557,3999,3525,10629,2933,2475,2182,1704,1335,3189,1054,852,593,417,273,601
113年 9月底,總計,2498210,79404,14780,14480,15179,16882,18083,109685,19428,19960,21779,23871,24647,115877,23979,24981,25380,21625,19912,99110,20482,20731,20004,18962,18931,109444,19130,20156,20988,23615,25555,135664,24300,25342,28099,28905,29018,150930,29302,29665,29535,30348,32080,165079,31816,32408,31685,32654,36516,206969,38029,40539,42627,43436,42338,201630,42949,40376,40963,40902,36440,182779,36456,35601,35882,37192,37648,185043,37793,36885,35882,36868,37615,187769,37866,38114,37393,36826,37570,185914,37939,37423,35414,38296,36842,162266,34355,34151,33475,32369,27916,95604,26486,21906,19577,14083,13552,63684,14607,13571,12842,11830,10834,36951,9653,8308,7295,6123,5572,17615,4649,4043,3594,2930,2399,5677,1872,1467,1090,758,490,1116
113年 9月底,男,1178485,40882,7599,7426,7787,8639,9431,56545,9921,10352,11192,12388,12692,59757,12364,12881,13061,11184,10267,51516,10679,10767,10319,9885,9866,56501,9967,10412,10811,12099,13212,68467,12516,12984,14106,14432,14429,73944,14636,14525,14373,14868,15542,77249,15152,15134,14939,15089,16935,96634,17748,19083,19924,20182,19697,93399,19874,18933,19103,18802,16687,84566,17017,16705,16472,17038,17334,84769,17264,16917,16452,16818,17318,85620,17407,17382,16919,16932,16980,84015,17076,16965,15808,17368,16798,72835,15732,15472,14911,14496,12224,42191,11828,9708,8629,6235,5791,26064,6165,5679,5327,4774,4119,13612,3743,3031,2693,2162,1983,6966,1712,1561,1398,1223,1072,2440,792,619,477,336,216,513
113年 9月底,女,1319725,38522,7181,7054,7392,8243,8652,53140,9507,9608,10587,11483,11955,56120,11615,12100,12319,10441,9645,47594,9803,9964,9685,9077,9065,52943,9163,9744,10177,11516,12343,67197,11784,12358,13993,14473,14589,76986,14666,15140,15162,15480,16538,87830,16664,17274,16746,17565,19581,110335,20281,21456,22703,23254,22641,108231,23075,21443,21860,22100,19753,98213,19439,18896,19410,20154,20314,100274,20529,19968,19430,20050,20297,102149,20459,20732,20474,19894,20590,101899,20863,20458,19606,20928,20044,89431,18623,18679,18564,17873,15692,53413,14658,12198,10948,7848,7761,37620,8442,7892,7515,7056,6715,23339,5910,5277,4602,3961,3589,10649,2937,2482,2196,1707,1327,3237,1080,848,613,422,274,603
113年 10月底,總計,2495096,78961,14795,14556,14908,16829,17873,109097,19394,19811,21720,23727,24445,115939,24385,24179,25881,21991,19503,98954,20633,20509,20073,19049,18690,109041,19263,19904,21110,22940,25824,134931,24422,24600,28307,28580,29022,150715,29286,29610,29544,30112,32163,163968,31346,32803,31535,32325,35959,206024,38216,39980,42443,43479,41906,201834,42996,40947,39791,41930,36170,182697,36708,35564,35638,37100,37687,184641,37487,37115,35653,36755,37631,187551,37486,38392,37359,36557,37757,185861,37931,37275,35908,37671,37076,162880,34497,33933,33594,32744,28112,96321,26683,22057,19723,14846,13012,63967,14614,13727,12825,11847,10954,37196,9646,8417,7274,6257,5602,17664,4639,4035,3578,2992,2420,5725,1901,1454,1095,778,497,1129
113年 10月底,男,1176891,40682,7626,7451,7649,8605,9351,56264,9869,10306,11133,12351,12605,59813,12502,12490,13315,11373,10133,51366,10678,10685,10352,9845,9806,56307,10032,10269,10889,11768,13349,68096,12581,12539,14290,14249,14437,73853,14651,14476,14399,14770,15557,76762,14958,15357,14875,14941,16631,96215,17888,18809,19794,20224,19500,93507,19917,19153,18523,19353,16561,84484,17075,16747,16391,16971,17300,84624,17155,17015,16325,16832,17297,85549,17242,17486,16919,16746,17156,83857,17049,16853,16062,17035,16858,73142,15848,15343,14972,14658,12321,42546,11918,9774,8696,6542,5616,26217,6156,5736,5348,4767,4210,13667,3706,3083,2685,2218,1975,6965,1708,1552,1374,1261,1070,2465,801,622,473,340,229,510
113年 10月底,女,1318205,38279,7169,7105,7259,8224,8522,52833,9525,9505,10587,11376,11840,56126,11883,11689,12566,10618,9370,47588,9955,9824,9721,9204,8884,52734,9231,9635,10221,11172,12475,66835,11841,12061,14017,14331,14585,76862,14635,15134,15145,15342,16606,87206,16388,17446,16660,17384,19328,109809,20328,21171,22649,23255,22406,108327,23079,21794,21268,22577,19609,98213,19633,18817,19247,20129,20387,100017,20332,20100,19328,19923,20334,102002,20244,20906,20440,19811,20601,102004,20882,20422,19846,20636,20218,89738,18649,18590,18622,18086,15791,53775,14765,12283,11027,8304,7396,37750,8458,7991,7477,7080,6744,23529,5940,5334,4589,4039,3627,10699,2931,2483,2204,1731,1350,3260,1100,832,622,438,268,619
113年 11月底,總計,2493210,78788,15039,14605,14590,16878,17676,108588,19265,19758,21526,23502,24537,116223,24577,23652,26133,22426,19435,98827,20497,20211,20341,19183,18595,108368,19182,19630,21209,22296,26051,134498,24704,23966,28176,28348,29304,150540,29278,29559,29477,30004,32222,163066,30851,33413,31470,31712,35620,205487,38146,39780,42048,43442,42071,202260,42917,41119,38849,42953,36422,181958,36374,35553,35633,36775,37623,184227,37595,37022,35568,36743,37299,187392,37663,38301,37298,36530,37600,185773,37955,37340,36054,37561,36863,163723,34834,33942,33548,32945,28454,97288,26778,22496,19807,15360,12847,64077,14554,13674,12881,11902,11066,37405,9720,8416,7338,6328,5603,17765,4676,4052,3605,3028,2404,5818,1949,1480,1104,788,497,1139
113年 11月底,男,1175842,40501,7722,7526,7437,8626,9190,56099,9876,10229,11071,12212,12711,59931,12536,12231,13469,11601,10094,51302,10557,10567,10519,9906,9753,55933,9994,10058,11014,11430,13437,67881,12718,12283,14186,14154,14540,73793,14623,14475,14389,14688,15618,76338,14689,15737,14834,14623,16455,95980,17911,18675,19648,20150,19596,93711,19918,19177,18054,19908,16654,84187,16858,16798,16419,16855,17257,84383,17202,16917,16283,16848,17133,85511,17337,17398,16894,16736,17146,83804,17055,16876,16129,16936,16808,73500,15938,15341,15026,14728,12467,42918,11936,9999,8694,6785,5504,26339,6162,5747,5393,4744,4293,13757,3732,3115,2659,2265,1986,6967,1722,1520,1391,1272,1062,2491,817,623,478,349,224,516
113年 11月底,女,1317368,38287,7317,7079,7153,8252,8486,52489,9389,9529,10455,11290,11826,56292,12041,11421,12664,10825,9341,47525,9940,9644,9822,9277,8842,52435,9188,9572,10195,10866,12614,66617,11986,11683,13990,14194,14764,76747,14655,15084,15088,15316,16604,86728,16162,17676,16636,17089,19165,109507,20235,21105,22400,23292,22475,108549,22999,21942,20795,23045,19768,97771,19516,18755,19214,19920,20366,99844,20393,20105,19285,19895,20166,101881,20326,20903,20404,19794,20454,101969,20900,20464,19925,20625,20055,90223,18896,18601,18522,18217,15987,54370,14842,12497,11113,8575,7343,37738,8392,7927,7488,7158,6773,23648,5988,5301,4679,4063,3617,10798,2954,2532,2214,1756,1342,3327,1132,857,626,439,273,623
113年 12月底,總計,2490869,78523,15182,14646,14388,16819,17488,107988,19229,19595,21258,23487,24419,116514,24880,23200,26593,22765,19076,98904,20618,19952,20540,19201,18593,107898,19100,19551,21182,21749,26316,133921,24716,23493,28142,28157,29413,150370,29244,29519,29628,29744,32235,162261,30467,34035,31349,31179,35231,204811,38075,39631,41763,43299,42043,202528,43024,41355,37946,43767,36436,181537,36302,35671,35432,36551,37581,183780,37643,36948,35390,36939,36860,187376,37834,38154,37276,36639,37473,185515,37659,37624,36009,37441,36782,164245,34791,34061,33435,33004,28954,98320,26829,22784,20190,15558,12959,64045,14373,13761,12855,11894,11162,37635,9800,8445,7398,6331,5661,17728,4618,4088,3552,3049,2421,5845,1943,1497,1099,804,502,1125
113年 12月底,男,1174537,40392,7838,7532,7323,8591,9108,55738,9855,10108,10924,12189,12662,60130,12718,12013,13684,11817,9898,51332,10584,10473,10630,9885,9760,55668,9977,10004,10996,11142,13549,67643,12764,12021,14177,14014,14667,73698,14547,14486,14514,14557,15594,76028,14540,16059,14719,14374,16336,95692,17875,18485,19568,20147,19617,93770,19889,19232,17641,20379,16629,84038,16808,16850,16333,16762,17285,84191,17211,16867,16230,16893,16990,85470,17316,17354,16940,16747,17113,83607,16857,17074,16028,16855,16793,73756,15901,15394,15031,14752,12678,43296,11894,10104,8833,6908,5557,26372,6082,5771,5419,4714,4386,13791,3724,3145,2672,2247,2003,6907,1694,1526,1352,1282,1053,2513,818,640,476,346,233,505
113年 12月底,女,1316332,38131,7344,7114,7065,8228,8380,52250,9374,9487,10334,11298,11757,56384,12162,11187,12909,10948,9178,47572,10034,9479,9910,9316,8833,52230,9123,9547,10186,10607,12767,66278,11952,11472,13965,14143,14746,76672,14697,15033,15114,15187,16641,86233,15927,17976,16630,16805,18895,109119,20200,21146,22195,23152,22426,108758,23135,22123,20305,23388,19807,97499,19494,18821,19099,19789,20296,99589,20432,20081,19160,20046,19870,101906,20518,20800,20336,19892,20360,101908,20802,20550,19981,20586,19989,90489,18890,18667,18404,18252,16276,55024,14935,12680,11357,8650,7402,37673,8291,7990,7436,7180,6776,23844,6076,5300,4726,4084,3658,10821,2924,2562,2200,1767,1368,3332,1125,857,623,458,269,620
114年 1月底,總計,2488680,77955,14972,14799,14152,16742,17290,107327,19131,19505,21051,23331,24309,116925,25128,22766,26928,22911,19192,98773,20548,19801,20631,19214,18579,107228,19115,19288,21142,21503,26180,133639,24814,23292,27756,28132,29645,150098,29124,29519,29570,29659,32226,161622,30253,34426,31200,30746,34997,204118,37996,39253,41607,43103,42159,202745,42926,41636,37396,44276,36511,181046,36180,35676,35196,36382,37612,183458,37556,37087,35550,36488,36777,187239,37763,38048,37309,36626,37493,185305,37330,37995,35915,37317,36748,164707,35061,33811,33561,33163,29111,99584,27225,23071,20639,15927,12722,64114,14255,13770,12892,11992,11205,37952,9825,8589,7483,6378,5677,17834,4677,4100,3511,3078,2468,5878,1970,1479,1100,816,513,1133
114年 1月底,男,1173374,40082,7723,7608,7204,8566,8981,55390,9839,10048,10822,12067,12614,60367,12859,11757,13878,11920,9953,51258,10522,10368,10706,9914,9748,55319,9980,9885,10966,10996,13492,67547,12791,11948,14004,14059,14745,73563,14436,14490,14483,14569,15585,75773,14478,16224,14702,14138,16231,95339,17798,18297,19546,19991,19707,93890,19862,19409,17294,20652,16673,83819,16714,16827,16234,16726,17318,84009,17109,16941,16299,16705,16955,85357,17252,17322,17004,16672,17107,83518,16751,17238,15956,16792,16781,74010,16009,15278,15126,14822,12775,43802,11970,10248,9042,7114,5428,26446,6048,5763,5446,4764,4425,13927,3716,3231,2713,2280,1987,6928,1717,1523,1355,1270,1063,2518,825,627,486,347,233,512
114年 1月底,女,1315306,37873,7249,7191,6948,8176,8309,51937,9292,9457,10229,11264,11695,56558,12269,11009,13050,10991,9239,47515,10026,9433,9925,9300,8831,51909,9135,9403,10176,10507,12688,66092,12023,11344,13752,14073,14900,76535,14688,15029,15087,15090,16641,85849,15775,18202,16498,16608,18766,108779,20198,20956,22061,23112,22452,108855,23064,22227,20102,23624,19838,97227,19466,18849,18962,19656,20294,99449,20447,20146,19251,19783,19822,101882,20511,20726,20305,19954,20386,101787,20579,20757,19959,20525,19967,90697,19052,18533,18435,18341,16336,55782,15255,12823,11597,8813,7294,37668,8207,8007,7446,7228,6780,24025,6109,5358,4770,4098,3690,10906,2960,2577,2156,1808,1405,3360,1145,852,614,469,280,621
114年 2月底,總計,2480881,77492,14945,14787,14191,16414,17155,106530,18994,19292,20823,23373,24048,117131,25223,22834,26741,23118,19215,98485,20416,19726,20665,19239,18439,106076,18904,19096,21101,21102,25873,132959,24971,23107,27519,28083,29279,149542,29166,29350,29603,29461,31962,160925,30467,34270,30960,30599,34629,202905,37760,38864,41306,43013,41962,202358,42908,41526,37212,44103,36609,180077,36015,35572,35066,36110,37314,182616,37436,36994,35715,35958,36513,186475,37895,37595,37325,36734,36926,184919,37581,38060,35318,37705,36255,165398,35016,34185,33382,33057,29758,100243,26814,23505,20775,16590,12559,63914,14092,13710,12919,11946,11247,38071,9882,8635,7471,6410,5673,17768,4688,4051,3516,3076,2437,5874,1954,1453,1123,799,545,1123
114年 2月底,男,1169575,39844,7693,7603,7239,8385,8924,54990,9803,9928,10699,12092,12468,60487,12924,11780,13816,12000,9967,51127,10495,10295,10705,9956,9676,54749,9856,9801,10946,10788,13358,67180,12837,11877,13909,14001,14556,73284,14466,14419,14450,14477,15472,75485,14591,16152,14569,14113,16060,94738,17630,18190,19357,20015,19546,93814,19887,19358,17264,20583,16722,83393,16660,16750,16117,16607,17259,83624,17030,16938,16317,16513,16826,84989,17293,17141,17035,16639,16881,83270,16833,17188,15862,16872,16515,74345,15992,15440,15032,14792,13089,44072,11759,10435,9125,7363,5390,26333,5974,5680,5484,4762,4433,13961,3751,3234,2707,2270,1999,6849,1715,1495,1352,1234,1053,2532,820,630,490,343,249,509
114年 2月底,女,1311306,37648,7252,7184,6952,8029,8231,51540,9191,9364,10124,11281,11580,56644,12299,11054,12925,11118,9248,47358,9921,9431,9960,9283,8763,51327,9048,9295,10155,10314,12515,65779,12134,11230,13610,14082,14723,76258,14700,14931,15153,14984,16490,85440,15876,18118,16391,16486,18569,108167,20130,20674,21949,22998,22416,108544,23021,22168,19948,23520,19887,96684,19355,18822,18949,19503,20055,98992,20406,20056,19398,19445,19687,101486,20602,20454,20290,20095,20045,101649,20748,20872,19456,20833,19740,91053,19024,18745,18350,18265,16669,56171,15055,13070,11650,9227,7169,37581,8118,8030,7435,7184,6814,24110,6131,5401,4764,4140,3674,10919,2973,2556,2164,1842,1384,3342,1134,823,633,456,296,614
114年 3月底,總計,2468089,76755,14696,14749,14167,16069,17074,105858,18839,19181,20588,23131,24119,117239,25086,23025,26560,23196,19372,97788,20291,19519,20540,19119,18319,104837,18708,18982,20824,20857,25466,131971,24771,23195,27105,27808,29092,148516,29095,29185,29426,29320,31490,159891,30736,33607,30882,30443,34223,200919,37269,38260,41083,42708,41599,201138,42542,41296,37402,43188,36710,178745,35893,35319,34776,35757,37000,181386,37171,36797,35558,35659,36201,185366,37561,37413,37257,36589,36546,184390,37465,38302,35282,36951,36390,164933,35121,33907,33400,33010,29495,101729,27377,23884,21084,17024,12360,63709,13894,13785,12924,11874,11232,38202,9913,8741,7458,6440,5650,17727,4700,4061,3473,3093,2400,5867,1955,1458,1107,795,552,1123
114年 3月底,男,1163134,39479,7588,7582,7241,8241,8827,54643,9709,9880,10623,11990,12441,60549,12884,11888,13683,12073,10021,50769,10441,10188,10623,9910,9607,54117,9787,9766,10796,10682,13086,66675,12746,11883,13737,13882,14427,72705,14438,14337,14345,14353,15232,74978,14720,15809,14512,14079,15858,93736,17381,17890,19230,19883,19352,93287,19755,19173,17407,20174,16778,82742,16591,16624,16033,16438,17056,83026,16917,16856,16264,16399,16590,84580,17262,17094,16949,16489,16786,83038,16792,17264,15927,16486,16569,74106,15990,15339,15019,14741,13017,44655,11925,10569,9269,7531,5361,26216,5846,5742,5441,4745,4442,14018,3769,3274,2704,2263,2008,6786,1681,1495,1348,1227,1035,2522,816,643,472,341,250,507
114年 3月底,女,1304955,37276,7108,7167,6926,7828,8247,51215,9130,9301,9965,11141,11678,56690,12202,11137,12877,11123,9351,47019,9850,9331,9917,9209,8712,50720,8921,9216,10028,10175,12380,65296,12025,11312,13368,13926,14665,75811,14657,14848,15081,14967,16258,84913,16016,17798,16370,16364,18365,107183,19888,20370,21853,22825,22247,107851,22787,22123,19995,23014,19932,96003,19302,18695,18743,19319,19944,98360,20254,19941,19294,19260,19611,100786,20299,20319,20308,20100,19760,101352,20673,21038,19355,20465,19821,90827,19131,18568,18381,18269,16478,57074,15452,13315,11815,9493,6999,37493,8048,8043,7483,7129,6790,24184,6144,5467,4754,4177,3642,10941,3019,2566,2125,1866,1365,3345,1139,815,635,454,302,616
114年 4月底,總計,2465350,76143,14399,14752,14200,15811,16981,105332,18713,19068,20554,22889,24108,117576,25056,23184,26390,23355,19591,97722,20278,19514,20532,19206,18192,104114,18660,18878,20706,20759,25111,131591,24777,23402,26744,27653,29015,148236,29056,29224,29360,29323,31273,159650,31038,33082,31008,30628,33894,200450,37133,38037,40978,42459,41843,201056,42317,41350,37725,42802,36862,178673,36090,35172,34824,35703,36884,181082,36961,36919,35561,35424,36217,185200,37424,37287,37362,36551,36576,184060,37204,38316,35582,36512,36446,164955,35413,33964,33106,33036,29436,102893,26857,25146,20858,17783,12249,63710,13853,13807,12959,11865,11226,38256,9908,8857,7475,6403,5613,17725,4744,4063,3428,3086,2404,5805,1930,1457,1097,804,517,1121
114年 4月底,男,1161694,39111,7431,7577,7244,8086,8773,54377,9702,9778,10586,11883,12428,60712,12895,11994,13567,12148,10108,50755,10439,10181,10657,9942,9536,53737,9754,9728,10733,10630,12892,66573,12781,11984,13534,13825,14449,72515,14363,14398,14286,14322,15146,74897,14928,15527,14557,14227,15658,93551,17326,17771,19193,19744,19517,93256,19604,19174,17627,19936,16915,82604,16635,16506,16080,16441,16942,82910,16923,16900,16229,16257,16601,84520,17226,17079,16934,16482,16799,82875,16664,17321,16042,16257,16591,74165,16104,15404,14853,14765,13039,45078,11658,11086,9224,7815,5295,26285,5843,5766,5458,4763,4455,14009,3725,3333,2701,2244,2006,6751,1672,1512,1321,1225,1021,2506,814,637,467,349,239,507
114年 4月底,女,1303656,37032,6968,7175,6956,7725,8208,50955,9011,9290,9968,11006,11680,56864,12161,11190,12823,11207,9483,46967,9839,9333,9875,9264,8656,50377,8906,9150,9973,10129,12219,65018,11996,11418,13210,13828,14566,75721,14693,14826,15074,15001,16127,84753,16110,17555,16451,16401,18236,106899,19807,20266,21785,22715,22326,107800,22713,22176,20098,22866,19947,96069,19455,18666,18744,19262,19942,98172,20038,20019,19332,19167,19616,100680,20198,20208,20428,20069,19777,101185,20540,20995,19540,20255,19855,90790,19309,18560,18253,18271,16397,57815,15199,14060,11634,9968,6954,37425,8010,8041,7501,7102,6771,24247,6183,5524,4774,4159,3607,10974,3072,2551,2107,1861,1383,3299,1116,820,630,455,278,614
