diagnosis_year,gender,city,cancer_type,age_standardized_incidence_rate,cancer_cases,average_age,median_age,crude_rate
1979年,男,台北市,口腔、口咽及下咽,4.34,42,51.31,55.0,3.68
1979年,男,台北市,主唾液腺,0.61,5,64.0,65.0,0.44
1979年,男,台北市,鼻咽,11.07,113,46.29,47.0,9.91
1979年,男,台北市,食道,7.58,62,62.11,64.5,5.44
1979年,男,台北市,胃,28.99,257,59.04,60.0,22.54
1979年,男,台北市,小腸,0.55,5,59.2,58.0,0.44
1979年,男,台北市,結直腸,22.59,199,56.5,59.0,17.46
1979年,男,台北市,肝及肝內膽管,20.58,208,53.38,55.0,18.25
1979年,男,台北市,膽囊及肝外膽管,0.86,8,61.5,60.5,0.7
1979年,男,台北市,胰,3.44,30,61.57,62.0,2.63
1979年,男,台北市,後腹膜腔及腹膜,0.42,4,35.0,35.0,0.35
1979年,男,台北市,鼻腔、中耳及副鼻竇,1.78,14,60.36,60.0,1.23
1979年,男,台北市,喉,2.59,24,61.04,61.5,2.11
1979年,男,台北市,肺、支氣管及氣管,31.57,270,59.76,61.0,23.68
1979年,男,台北市,胸腺、心臟與中隔,0.85,9,48.0,51.0,0.79
1979年,男,台北市,骨、關節及關節軟骨,0.92,10,40.1,42.5,0.88
1979年,男,台北市,結締組織、皮下組織及其他軟組織,1.05,11,39.0,36.0,0.96
1979年,男,台北市,皮膚,3.88,31,58.1,60.0,2.72
1979年,男,台北市,男性乳房,0.08,1,56.0,56.0,0.09
1979年,男,台北市,攝護腺,2.39,21,61.71,61.0,1.84
1979年,男,台北市,睪丸,0.5,6,11.5,2.0,0.53
1979年,男,台北市,其他男性生殖器官,0.74,6,57.5,61.5,0.53
1979年,男,台北市,膀胱,6.33,56,58.71,57.0,4.91
1979年,男,台北市,腎,1.44,13,60.38,61.0,1.14
1979年,男,台北市,腎盂及其他泌尿系統,1.12,11,59.36,61.0,0.96
1979年,男,台北市,眼及淚腺,0.2,2,47.0,47.0,0.18
1979年,男,台北市,腦,2.49,27,37.07,41.0,2.37
1979年,男,台北市,其他神經系統,0.07,1,21.0,21.0,0.09
1979年,男,台北市,甲狀腺,0.68,8,34.25,26.0,0.7
1979年,男,台北市,其他內分泌腺,0.18,1,71.0,71.0,0.09
1979年,男,台北市,其他分界不明的部位,0.75,7,44.0,42.0,0.61
1979年,男,台北市,不明原發部位,3.62,35,55.35,57.5,3.07
1979年,男,台北市,何杰金氏淋巴瘤,0.25,3,25.0,18.0,0.26
1979年,男,台北市,白血病,3.82,45,27.49,21.0,3.95
1979年,男,台北市,非何杰金氏淋巴瘤,0.61,5,61.8,57.0,0.44
1979年,男,台北市,漿細胞瘤,0.68,7,60.29,61.0,0.61
1979年,男,台北市,全癌症,175.28,1613,54.65,57.0,141.5
1979年,女,台北市,口腔、口咽及下咽,3.36,23,53.26,56.0,2.18
1979年,女,台北市,主唾液腺,0.59,5,43.4,42.0,0.47
1979年,女,台北市,鼻咽,5.34,44,44.91,43.0,4.17
1979年,女,台北市,食道,2.61,16,60.69,62.0,1.51
1979年,女,台北市,胃,13.1,82,58.94,60.0,7.76
1979年,女,台北市,小腸,0.71,5,52.2,55.0,0.47
1979年,女,台北市,結直腸,19.29,129,55.13,56.5,12.21
1979年,女,台北市,肝及肝內膽管,5.96,38,53.08,57.0,3.6
1979年,女,台北市,膽囊及肝外膽管,1.07,7,57.29,61.0,0.66
1979年,女,台北市,胰,1.45,10,53.6,55.5,0.95
1979年,女,台北市,後腹膜腔及腹膜,0.08,1,19.0,19.0,0.09
1979年,女,台北市,消化器官其他分界不明部位,0.48,2,77.5,77.5,0.19
1979年,女,台北市,鼻腔、中耳及副鼻竇,0.29,2,54.0,54.0,0.19
1979年,女,台北市,喉,0.29,2,57.5,57.5,0.19
1979年,女,台北市,肺、支氣管及氣管,13.44,86,57.86,59.0,8.14
1979年,女,台北市,胸膜,0.12,1,42.0,42.0,0.09
1979年,女,台北市,骨、關節及關節軟骨,0.51,5,30.4,35.0,0.47
1979年,女,台北市,結締組織、皮下組織及其他軟組織,0.81,9,29.11,32.0,0.85
1979年,女,台北市,皮膚,1.71,12,52.42,52.5,1.14
1979年,女,台北市,女性乳房,24.98,177,52.33,52.0,16.76
1979年,女,台北市,子宮,0.61,6,31.67,31.5,0.57
1979年,女,台北市,子宮頸,43.72,311,51.98,52.0,29.44
1979年,女,台北市,子宮體,3.19,23,52.39,54.0,2.18
1979年,女,台北市,卵巢、輸卵管及寬韌帶,6.16,49,46.06,48.0,4.64
1979年,女,台北市,其他女性生殖器官,1.8,13,50.31,51.0,1.23
1979年,女,台北市,膀胱,1.69,11,57.0,63.0,1.04
1979年,女,台北市,腎,0.86,6,39.67,49.5,0.57
1979年,女,台北市,腎盂及其他泌尿系統,0.37,2,66.0,66.0,0.19
1979年,女,台北市,眼及淚腺,0.5,4,31.5,32.0,0.38
1979年,女,台北市,腦,1.69,15,31.8,26.0,1.42
1979年,女,台北市,其他神經系統,0.08,1,14.0,14.0,0.09
1979年,女,台北市,甲狀腺,3.52,28,45.0,44.0,2.65
1979年,女,台北市,其他分界不明的部位,0.76,6,47.83,54.0,0.57
1979年,女,台北市,不明原發部位,3.29,24,51.29,54.0,2.27
1979年,女,台北市,白血病,2.96,29,25.66,23.0,2.75
1979年,女,台北市,非何杰金氏淋巴瘤,0.76,5,57.8,56.0,0.47
1979年,女,台北市,漿細胞瘤,0.17,1,64.0,64.0,0.09
1979年,女,台北市,全癌症,171.48,1218,51.08,53.0,115.31
1980年,男,台北市,口腔、口咽及下咽,5.8,53,54.68,54.0,4.61
1980年,男,台北市,主唾液腺,0.92,8,59.75,63.0,0.7
1980年,男,台北市,鼻咽,11.21,117,47.08,49.0,10.18
1980年,男,台北市,食道,10.28,91,59.29,58.0,7.92
1980年,男,台北市,胃,33.21,288,60.41,62.0,25.05
1980年,男,台北市,小腸,0.46,5,54.6,54.0,0.43
1980年,男,台北市,結直腸,29.3,241,59.23,61.0,20.96
1980年,男,台北市,肝及肝內膽管,24.78,231,53.72,54.0,20.09
1980年,男,台北市,膽囊及肝外膽管,1.41,14,56.93,56.5,1.22
1980年,男,台北市,胰,2.59,22,59.73,58.5,1.91
1980年,男,台北市,後腹膜腔及腹膜,0.17,2,54.0,54.0,0.17
1980年,男,台北市,鼻腔、中耳及副鼻竇,1.25,9,66.89,66.0,0.78
1980年,男,台北市,喉,3.04,28,59.54,58.5,2.44
1980年,男,台北市,肺、支氣管及氣管,35.36,330,60.67,61.0,28.7
1980年,男,台北市,胸腺、心臟與中隔,0.56,6,47.17,57.0,0.52
1980年,男,台北市,骨、關節及關節軟骨,1.1,14,22.5,17.5,1.22
1980年,男,台北市,結締組織、皮下組織及其他軟組織,0.61,7,47.29,54.0,0.61
1980年,男,台北市,皮膚,4.13,36,53.11,55.5,3.13
1980年,男,台北市,攝護腺,5.04,36,66.75,65.0,3.13
1980年,男,台北市,睪丸,0.96,10,41.0,44.0,0.87
1980年,男,台北市,其他男性生殖器官,1.59,14,55.79,58.0,1.22
1980年,男,台北市,膀胱,5.59,46,60.8,59.0,4.0
1980年,男,台北市,腎,1.85,17,54.0,53.0,1.48
1980年,男,台北市,腎盂及其他泌尿系統,1.57,14,59.21,63.0,1.22
1980年,男,台北市,眼及淚腺,0.55,6,28.5,22.0,0.52
1980年,男,台北市,腦,2.36,25,45.6,52.0,2.17
1980年,男,台北市,其他神經系統,0.32,4,27.25,27.0,0.35
1980年,男,台北市,甲狀腺,0.88,8,53.38,60.5,0.7
1980年,男,台北市,其他內分泌腺,0.24,3,19.0,1.0,0.26
1980年,男,台北市,其他分界不明的部位,0.64,7,49.71,51.0,0.61
1980年,男,台北市,不明原發部位,3.59,34,55.29,59.5,2.96
1980年,男,台北市,何杰金氏淋巴瘤,0.82,8,37.0,37.5,0.7
1980年,男,台北市,白血病,3.77,42,37.4,34.5,3.65
1980年,男,台北市,非何杰金氏淋巴瘤,0.48,5,41.0,35.0,0.43
1980年,男,台北市,漿細胞瘤,0.79,8,58.63,60.0,0.7
1980年,男,台北市,全癌症,202.57,1839,56.1,59.0,159.96
1980年,女,台北市,口腔、口咽及下咽,1.87,14,52.43,56.0,1.31
1980年,女,台北市,主唾液腺,0.63,5,49.2,55.0,0.47
1980年,女,台北市,鼻咽,5.0,42,44.71,43.5,3.92
1980年,女,台北市,食道,1.42,8,66.88,66.5,0.75
1980年,女,台北市,胃,13.88,95,56.52,59.0,8.87
1980年,女,台北市,小腸,0.92,6,61.5,66.0,0.56
1980年,女,台北市,結直腸,21.73,153,55.07,57.0,14.29
1980年,女,台北市,肝及肝內膽管,4.44,31,55.13,56.0,2.9
1980年,女,台北市,膽囊及肝外膽管,1.65,9,64.11,61.0,0.84
1980年,女,台北市,胰,1.76,12,57.0,53.0,1.12
1980年,女,台北市,後腹膜腔及腹膜,0.27,2,58.0,58.0,0.19
1980年,女,台北市,消化器官其他分界不明部位,0.16,1,65.0,65.0,0.09
1980年,女,台北市,鼻腔、中耳及副鼻竇,0.51,4,41.25,40.0,0.37
1980年,女,台北市,喉,0.46,3,63.0,66.0,0.28
1980年,女,台北市,肺、支氣管及氣管,15.16,102,57.88,59.0,9.53
1980年,女,台北市,胸膜,0.11,1,44.0,44.0,0.09
1980年,女,台北市,胸腺、心臟與中隔,0.43,3,51.33,47.0,0.28
1980年,女,台北市,骨、關節及關節軟骨,0.72,8,33.63,28.0,0.75
1980年,女,台北市,結締組織、皮下組織及其他軟組織,0.51,5,40.0,29.0,0.47
1980年,女,台北市,皮膚,3.0,21,53.76,57.0,1.96
1980年,女,台北市,女性乳房,30.85,242,49.21,50.0,22.6
1980年,女,台北市,子宮,0.68,5,52.6,53.0,0.47
1980年,女,台北市,子宮頸,48.46,356,52.21,52.0,33.25
1980年,女,台北市,子宮體,3.48,24,56.5,57.0,2.24
1980年,女,台北市,卵巢、輸卵管及寬韌帶,5.44,40,52.55,56.5,3.74
1980年,女,台北市,其他女性生殖器官,0.84,7,47.29,49.0,0.65
1980年,女,台北市,膀胱,3.43,23,59.04,64.0,2.15
1980年,女,台北市,腎,0.9,6,53.17,61.5,0.56
1980年,女,台北市,腎盂及其他泌尿系統,1.68,12,56.17,59.0,1.12
1980年,女,台北市,眼及淚腺,0.37,2,64.0,64.0,0.19
1980年,女,台北市,腦,1.5,17,27.88,31.0,1.59
1980年,女,台北市,其他神經系統,0.19,2,37.0,37.0,0.19
1980年,女,台北市,甲狀腺,5.5,49,42.42,41.0,4.58
1980年,女,台北市,其他分界不明的部位,0.54,4,49.75,48.5,0.37
1980年,女,台北市,不明原發部位,3.31,23,55.74,57.0,2.15
1980年,女,台北市,何杰金氏淋巴瘤,0.29,2,55.5,55.5,0.19
1980年,女,台北市,白血病,2.53,28,23.32,18.5,2.61
1980年,女,台北市,非何杰金氏淋巴瘤,0.69,7,38.71,31.0,0.65
1980年,女,台北市,漿細胞瘤,0.41,3,53.67,59.0,0.28
1980年,女,台北市,全癌症,190.01,1414,51.3,53.0,132.05
1981年,男,台北市,口腔、口咽及下咽,3.34,30,55.03,56.0,2.56
1981年,男,台北市,主唾液腺,0.9,9,51.33,54.0,0.77
1981年,男,台北市,鼻咽,8.31,88,44.66,45.5,7.51
1981年,男,台北市,食道,9.73,84,62.71,63.0,7.17
1981年,男,台北市,胃,29.95,264,60.35,61.0,22.54
1981年,男,台北市,小腸,0.49,5,57.8,62.0,0.43
1981年,男,台北市,結直腸,24.03,209,57.04,58.0,17.84
1981年,男,台北市,肝及肝內膽管,23.13,237,53.72,57.0,20.24
1981年,男,台北市,膽囊及肝外膽管,1.57,13,57.46,57.0,1.11
1981年,男,台北市,胰,2.27,25,56.64,57.0,2.13
1981年,男,台北市,後腹膜腔及腹膜,0.18,2,62.5,62.5,0.17
1981年,男,台北市,消化器官其他分界不明部位,0.09,1,52.0,52.0,0.09
1981年,男,台北市,鼻腔、中耳及副鼻竇,0.85,8,53.38,53.5,0.68
1981年,男,台北市,喉,2.83,29,59.03,62.0,2.48
1981年,男,台北市,肺、支氣管及氣管,30.43,266,61.76,62.0,22.71
1981年,男,台北市,胸腺、心臟與中隔,0.34,1,81.0,81.0,0.09
1981年,男,台北市,骨、關節及關節軟骨,1.44,11,44.91,52.0,0.94
1981年,男,台北市,結締組織、皮下組織及其他軟組織,1.69,14,37.64,38.5,1.2
1981年,男,台北市,皮膚,3.07,27,60.26,62.0,2.31
1981年,男,台北市,男性乳房,0.11,1,65.0,65.0,0.09
1981年,男,台北市,攝護腺,4.21,32,67.09,68.0,2.73
1981年,男,台北市,睪丸,0.07,1,28.0,28.0,0.09
1981年,男,台北市,其他男性生殖器官,0.54,5,58.2,62.0,0.43
1981年,男,台北市,膀胱,7.11,53,64.66,64.0,4.53
1981年,男,台北市,腎,1.36,11,59.18,65.0,0.94
1981年,男,台北市,腎盂及其他泌尿系統,2.3,21,62.0,63.0,1.79
1981年,男,台北市,眼及淚腺,0.37,4,45.25,55.5,0.34
1981年,男,台北市,腦,1.78,20,35.1,39.5,1.71
1981年,男,台北市,其他神經系統,0.15,2,10.5,10.5,0.17
1981年,男,台北市,甲狀腺,0.94,9,53.11,51.0,0.77
1981年,男,台北市,其他分界不明的部位,0.78,9,49.67,57.0,0.77
1981年,男,台北市,不明原發部位,1.71,17,53.76,54.0,1.45
1981年,男,台北市,何杰金氏淋巴瘤,0.2,2,49.0,49.0,0.17
1981年,男,台北市,白血病,3.22,33,28.76,19.0,2.82
1981年,男,台北市,非何杰金氏淋巴瘤,1.32,10,65.1,69.0,0.85
1981年,男,台北市,漿細胞瘤,0.82,8,61.88,63.0,0.68
1981年,男,台北市,全癌症,174.23,1588,56.67,59.0,135.59
1981年,女,台北市,口腔、口咽及下咽,3.46,25,56.56,60.0,2.27
1981年,女,台北市,主唾液腺,0.9,6,56.33,55.0,0.55
1981年,女,台北市,鼻咽,5.32,48,44.56,44.0,4.36
1981年,女,台北市,食道,3.29,21,62.62,65.0,1.91
1981年,女,台北市,胃,15.04,100,60.72,63.0,9.09
1981年,女,台北市,小腸,0.26,3,30.0,28.0,0.27
1981年,女,台北市,結直腸,17.6,123,57.44,57.0,11.18
1981年,女,台北市,肝及肝內膽管,7.02,48,58.85,59.5,4.36
1981年,女,台北市,膽囊及肝外膽管,1.42,9,62.89,64.0,0.82
1981年,女,台北市,胰,2.1,13,60.08,60.0,1.18
1981年,女,台北市,後腹膜腔及腹膜,0.16,1,65.0,65.0,0.09
1981年,女,台北市,消化器官其他分界不明部位,0.13,1,59.0,59.0,0.09
1981年,女,台北市,鼻腔、中耳及副鼻竇,0.53,4,52.25,50.0,0.36
1981年,女,台北市,喉,0.49,4,52.5,54.5,0.36
1981年,女,台北市,肺、支氣管及氣管,14.84,98,60.91,61.0,8.91
1981年,女,台北市,胸膜,0.08,1,19.0,19.0,0.09
1981年,女,台北市,胸腺、心臟與中隔,0.13,1,57.0,57.0,0.09
1981年,女,台北市,骨、關節及關節軟骨,0.66,4,59.75,59.5,0.36
1981年,女,台北市,結締組織、皮下組織及其他軟組織,1.33,12,39.0,34.5,1.09
1981年,女,台北市,皮膚,3.03,20,58.55,69.5,1.82
1981年,女,台北市,女性乳房,25.45,219,47.08,46.0,19.91
1981年,女,台北市,子宮,0.36,3,49.33,59.0,0.27
1981年,女,台北市,子宮頸,35.23,263,53.83,54.0,23.91
1981年,女,台北市,子宮體,4.99,35,57.94,57.0,3.18
1981年,女,台北市,卵巢、輸卵管及寬韌帶,5.16,40,50.68,54.5,3.64
1981年,女,台北市,其他女性生殖器官,1.45,9,62.33,68.0,0.82
1981年,女,台北市,膀胱,3.75,21,68.1,73.0,1.91
1981年,女,台北市,腎,1.01,8,39.25,52.5,0.73
1981年,女,台北市,腎盂及其他泌尿系統,1.42,8,70.88,73.5,0.73
1981年,女,台北市,眼及淚腺,0.3,3,31.67,29.0,0.27
1981年,女,台北市,腦,1.94,15,51.33,50.0,1.36
1981年,女,台北市,其他神經系統,0.21,2,25.0,25.0,0.18
1981年,女,台北市,甲狀腺,3.11,28,42.54,42.0,2.55
1981年,女,台北市,其他內分泌腺,0.15,2,20.5,20.5,0.18
1981年,女,台北市,其他分界不明的部位,1.18,10,39.7,30.0,0.91
1981年,女,台北市,不明原發部位,1.79,13,53.62,51.0,1.18
1981年,女,台北市,何杰金氏淋巴瘤,0.54,5,44.4,38.0,0.45
1981年,女,台北市,白血病,3.69,34,36.65,32.5,3.09
1981年,女,台北市,非何杰金氏淋巴瘤,0.75,6,34.83,28.0,0.55
1981年,女,台北市,漿細胞瘤,0.18,1,72.0,72.0,0.09
1981年,女,台北市,全癌症,173.53,1291,53.26,55.0,117.39
1982年,男,台北市,口腔、口咽及下咽,2.27,20,61.45,60.0,1.67
1982年,男,台北市,主唾液腺,0.62,5,39.8,35.0,0.42
1982年,男,台北市,鼻咽,4.31,39,52.13,53.0,3.26
1982年,男,台北市,食道,2.7,23,62.52,65.0,1.92
1982年,男,台北市,胃,11.29,99,60.77,62.0,8.27
1982年,男,台北市,小腸,0.09,1,53.0,53.0,0.08
1982年,男,台北市,結直腸,8.44,71,60.14,64.0,5.93
1982年,男,台北市,肝及肝內膽管,7.06,71,54.49,56.0,5.93
1982年,男,台北市,膽囊及肝外膽管,0.86,8,65.25,64.5,0.67
1982年,男,台北市,胰,1.34,13,58.31,62.0,1.09
1982年,男,台北市,鼻腔、中耳及副鼻竇,0.08,1,64.0,64.0,0.08
1982年,男,台北市,喉,2.59,24,62.54,61.0,2.0
1982年,男,台北市,肺、支氣管及氣管,13.05,116,64.19,63.0,9.69
1982年,男,台北市,胸膜,0.08,1,63.0,63.0,0.08
1982年,男,台北市,胸腺、心臟與中隔,0.23,3,45.0,59.0,0.25
1982年,男,台北市,骨、關節及關節軟骨,0.46,6,31.0,19.0,0.5
1982年,男,台北市,結締組織、皮下組織及其他軟組織,1.12,3,80.67,86.0,0.25
1982年,男,台北市,皮膚,1.5,13,59.54,58.0,1.09
1982年,男,台北市,男性乳房,0.17,2,64.0,64.0,0.17
1982年,男,台北市,攝護腺,1.52,14,64.36,62.0,1.17
1982年,男,台北市,睪丸,0.24,3,20.0,0.0,0.25
1982年,男,台北市,其他男性生殖器官,0.09,1,54.0,54.0,0.08
1982年,男,台北市,膀胱,4.59,40,62.93,62.0,3.34
1982年,男,台北市,腎,1.32,13,53.15,53.0,1.09
1982年,男,台北市,腎盂及其他泌尿系統,0.49,5,59.6,64.0,0.42
1982年,男,台北市,腦,0.89,10,42.2,40.5,0.84
1982年,男,台北市,其他神經系統,0.22,2,55.5,55.5,0.17
1982年,男,台北市,甲狀腺,0.72,8,39.75,35.5,0.67
1982年,男,台北市,其他內分泌腺,0.25,3,19.33,3.0,0.25
1982年,男,台北市,其他分界不明的部位,0.22,2,50.0,50.0,0.17
1982年,男,台北市,不明原發部位,0.37,3,60.0,54.0,0.25
1982年,男,台北市,何杰金氏淋巴瘤,0.24,3,31.33,31.0,0.25
1982年,男,台北市,白血病,1.74,20,27.85,19.0,1.67
1982年,男,台北市,非何杰金氏淋巴瘤,0.61,4,62.0,66.0,0.33
1982年,男,台北市,漿細胞瘤,0.21,2,67.0,67.0,0.17
1982年,男,台北市,全癌症,73.17,665,57.55,60.0,55.53
1982年,女,台北市,口腔、口咽及下咽,0.13,1,60.0,60.0,0.09
1982年,女,台北市,主唾液腺,0.1,1,39.0,39.0,0.09
1982年,女,台北市,鼻咽,2.07,20,41.0,43.0,1.77
1982年,女,台北市,食道,0.25,2,53.0,53.0,0.18
1982年,女,台北市,胃,3.65,26,58.46,57.5,2.3
1982年,女,台北市,小腸,0.11,1,43.0,43.0,0.09
1982年,女,台北市,結直腸,8.36,61,57.77,58.0,5.4
1982年,女,台北市,肝及肝內膽管,2.27,18,50.33,55.0,1.59
1982年,女,台北市,膽囊及肝外膽管,0.85,6,62.83,65.5,0.53
1982年,女,台北市,胰,0.26,2,56.5,56.5,0.18
1982年,女,台北市,後腹膜腔及腹膜,0.34,3,33.67,50.0,0.27
1982年,女,台北市,消化器官其他分界不明部位,0.07,1,33.0,33.0,0.09
1982年,女,台北市,鼻腔、中耳及副鼻竇,0.31,4,32.0,26.0,0.35
1982年,女,台北市,喉,0.59,4,66.0,68.5,0.35
1982年,女,台北市,肺、支氣管及氣管,5.26,38,60.29,62.0,3.36
1982年,女,台北市,胸腺、心臟與中隔,0.39,3,56.67,59.0,0.27
1982年,女,台北市,骨、關節及關節軟骨,0.26,2,47.5,47.5,0.18
1982年,女,台北市,結締組織、皮下組織及其他軟組織,0.37,4,41.25,36.5,0.35
1982年,女,台北市,皮膚,1.05,8,55.5,57.5,0.71
1982年,女,台北市,女性乳房,13.08,113,47.79,47.0,10.0
1982年,女,台北市,子宮,0.26,3,32.0,30.0,0.27
1982年,女,台北市,子宮頸,21.35,164,54.82,54.5,14.51
1982年,女,台北市,子宮體,1.34,10,59.4,57.0,0.88
1982年,女,台北市,卵巢、輸卵管及寬韌帶,1.99,16,51.81,54.0,1.42
1982年,女,台北市,其他女性生殖器官,0.56,5,47.6,60.0,0.44
1982年,女,台北市,膀胱,1.7,12,61.75,66.5,1.06
1982年,女,台北市,腎,0.71,5,55.8,71.0,0.44
1982年,女,台北市,腎盂及其他泌尿系統,0.45,3,66.33,65.0,0.27
1982年,女,台北市,眼及淚腺,0.22,2,33.0,33.0,0.18
1982年,女,台北市,腦,0.89,9,32.11,26.0,0.8
1982年,女,台北市,甲狀腺,2.04,21,40.52,35.0,1.86
1982年,女,台北市,其他內分泌腺,0.07,1,31.0,31.0,0.09
1982年,女,台北市,其他分界不明的部位,0.08,1,0.0,0.0,0.09
1982年,女,台北市,不明原發部位,0.13,1,62.0,62.0,0.09
1982年,女,台北市,白血病,0.46,4,33.25,29.5,0.35
1982年,女,台北市,非何杰金氏淋巴瘤,0.51,4,53.5,52.5,0.35
1982年,女,台北市,全癌症,73.41,586,52.15,53.0,51.86
1983年,男,台北市,口腔、口咽及下咽,5.21,51,54.47,53.0,4.16
1983年,男,台北市,主唾液腺,0.89,9,59.78,64.0,0.73
1983年,男,台北市,鼻咽,8.58,90,47.83,48.5,7.34
1983年,男,台北市,食道,8.11,70,64.21,64.5,5.71
1983年,男,台北市,胃,72.99,665,61.7,63.0,54.26
1983年,男,台北市,小腸,0.48,5,53.4,58.0,0.41
1983年,男,台北市,結直腸,23.49,216,60.13,62.0,17.62
1983年,男,台北市,肝及肝內膽管,31.72,314,55.76,57.0,25.62
1983年,男,台北市,膽囊及肝外膽管,1.8,13,59.38,56.0,1.06
1983年,男,台北市,胰,4.8,42,62.5,65.0,3.43
1983年,男,台北市,後腹膜腔及腹膜,0.37,4,45.0,48.0,0.33
1983年,男,台北市,消化器官其他分界不明部位,0.46,1,92.0,92.0,0.08
1983年,男,台北市,鼻腔、中耳及副鼻竇,1.3,13,62.38,64.0,1.06
1983年,男,台北市,喉,4.39,42,63.71,62.0,3.43
1983年,男,台北市,肺、支氣管及氣管,34.53,306,63.54,64.0,24.97
1983年,男,台北市,胸膜,0.11,1,68.0,68.0,0.08
1983年,男,台北市,胸腺、心臟與中隔,0.29,2,72.5,72.5,0.16
1983年,男,台北市,骨、關節及關節軟骨,0.77,9,29.89,23.0,0.73
1983年,男,台北市,結締組織、皮下組織及其他軟組織,1.61,18,46.39,52.5,1.47
1983年,男,台北市,皮膚,5.36,52,54.31,54.0,4.24
1983年,男,台北市,男性乳房,0.33,4,55.0,55.5,0.33
1983年,男,台北市,攝護腺,6.6,44,70.36,71.0,3.59
1983年,男,台北市,睪丸,0.81,11,19.91,27.0,0.9
1983年,男,台北市,其他男性生殖器官,0.56,6,50.83,52.0,0.49
1983年,男,台北市,膀胱,7.89,64,64.08,66.0,5.22
1983年,男,台北市,腎,1.4,15,49.73,57.0,1.22
1983年,男,台北市,腎盂及其他泌尿系統,1.49,15,59.13,66.0,1.22
1983年,男,台北市,眼及淚腺,0.08,1,2.0,2.0,0.08
1983年,男,台北市,腦,2.38,29,31.28,33.0,2.37
1983年,男,台北市,其他神經系統,0.17,2,38.0,38.0,0.16
1983年,男,台北市,甲狀腺,0.84,9,50.78,54.0,0.73
1983年,男,台北市,其他分界不明的部位,0.66,7,58.14,58.0,0.57
1983年,男,台北市,不明原發部位,0.71,6,65.33,62.5,0.49
1983年,男,台北市,何杰金氏淋巴瘤,0.73,8,34.38,41.0,0.65
1983年,男,台北市,白血病,3.35,37,35.0,39.0,3.02
1983年,男,台北市,非何杰金氏淋巴瘤,1.04,9,55.44,55.0,0.73
1983年,男,台北市,漿細胞瘤,0.53,6,60.83,60.0,0.49
1983年,男,台北市,全癌症,239.87,2232,58.38,61.0,182.1
1983年,女,台北市,口腔、口咽及下咽,1.87,16,52.31,54.0,1.38
1983年,女,台北市,主唾液腺,0.36,3,55.0,65.0,0.26
1983年,女,台北市,鼻咽,4.41,43,44.56,45.0,3.7
1983年,女,台北市,食道,2.25,14,70.5,75.0,1.2
1983年,女,台北市,胃,38.8,293,57.75,60.0,25.2
1983年,女,台北市,小腸,0.72,5,65.2,68.0,0.43
1983年,女,台北市,結直腸,21.4,162,58.31,60.0,13.93
1983年,女,台北市,肝及肝內膽管,8.08,59,60.32,60.0,5.07
1983年,女,台北市,膽囊及肝外膽管,1.5,12,53.5,56.5,1.03
1983年,女,台北市,胰,2.54,19,56.74,58.0,1.63
1983年,女,台北市,後腹膜腔及腹膜,0.37,4,19.0,6.5,0.34
1983年,女,台北市,消化器官其他分界不明部位,0.69,4,74.75,75.0,0.34
1983年,女,台北市,鼻腔、中耳及副鼻竇,1.02,9,48.0,58.0,0.77
1983年,女,台北市,喉,0.13,1,61.0,61.0,0.09
1983年,女,台北市,肺、支氣管及氣管,16.22,112,62.83,64.5,9.63
1983年,女,台北市,胸膜,0.36,2,74.0,74.0,0.17
1983年,女,台北市,胸腺、心臟與中隔,0.85,7,47.0,60.0,0.6
1983年,女,台北市,骨、關節及關節軟骨,0.63,5,53.2,68.0,0.43
1983年,女,台北市,結締組織、皮下組織及其他軟組織,1.0,9,50.67,55.0,0.77
1983年,女,台北市,皮膚,2.7,22,55.05,55.0,1.89
1983年,女,台北市,女性乳房,28.31,241,50.84,51.0,20.73
1983年,女,台北市,子宮,0.61,4,64.5,63.0,0.34
1983年,女,台北市,子宮頸,33.91,280,53.01,53.0,24.08
1983年,女,台北市,子宮體,3.94,32,53.53,53.0,2.75
1983年,女,台北市,卵巢、輸卵管及寬韌帶,4.01,34,51.21,51.5,2.92
1983年,女,台北市,其他女性生殖器官,1.17,8,61.0,67.5,0.69
1983年,女,台北市,膀胱,3.01,18,72.22,71.5,1.55
1983年,女,台北市,腎,1.27,10,50.4,53.5,0.86
1983年,女,台北市,腎盂及其他泌尿系統,0.68,5,62.0,61.0,0.43
1983年,女,台北市,眼及淚腺,0.41,4,26.75,23.5,0.34
1983年,女,台北市,腦,1.86,16,42.19,50.0,1.38
1983年,女,台北市,其他神經系統,0.46,4,48.25,57.0,0.34
1983年,女,台北市,甲狀腺,3.35,32,42.91,36.5,2.75
1983年,女,台北市,其他內分泌腺,0.1,1,42.0,42.0,0.09
1983年,女,台北市,其他分界不明的部位,0.61,5,54.4,62.0,0.43
1983年,女,台北市,不明原發部位,0.88,7,50.0,50.0,0.6
1983年,女,台北市,白血病,2.17,23,29.7,22.0,1.98
1983年,女,台北市,非何杰金氏淋巴瘤,1.07,9,51.67,51.0,0.77
1983年,女,台北市,漿細胞瘤,0.67,5,61.4,60.0,0.43
1983年,女,台北市,全癌症,198.89,1578,54.35,56.0,135.72
1984年,男,台北市,口腔、口咽及下咽,6.59,67,52.9,54.0,5.34
1984年,男,台北市,主唾液腺,0.39,5,49.4,63.0,0.4
1984年,男,台北市,鼻咽,9.6,102,48.27,49.0,8.14
1984年,男,台北市,食道,6.18,62,63.53,63.0,4.95
1984年,男,台北市,胃,55.11,523,63.06,64.0,41.72
1984年,男,台北市,小腸,0.99,9,63.56,60.0,0.72
1984年,男,台北市,結直腸,23.52,231,61.87,63.0,18.43
1984年,男,台北市,肝及肝內膽管,29.95,311,55.8,56.0,24.81
1984年,男,台北市,膽囊及肝外膽管,1.65,14,61.57,65.5,1.12
1984年,男,台北市,胰,4.66,46,62.83,61.5,3.67
1984年,男,台北市,後腹膜腔及腹膜,0.27,3,37.0,48.0,0.24
1984年,男,台北市,消化器官其他分界不明部位,0.28,3,60.0,64.0,0.24
1984年,男,台北市,鼻腔、中耳及副鼻竇,1.29,12,52.75,49.0,0.96
1984年,男,台北市,喉,2.46,27,61.3,62.0,2.15
1984年,男,台北市,肺、支氣管及氣管,34.07,312,64.85,65.0,24.89
1984年,男,台北市,胸膜,0.08,1,61.0,61.0,0.08
1984年,男,台北市,胸腺、心臟與中隔,0.2,3,22.0,25.0,0.24
1984年,男,台北市,骨、關節及關節軟骨,0.93,12,32.75,20.0,0.96
1984年,男,台北市,結締組織、皮下組織及其他軟組織,1.2,13,46.46,52.0,1.04
1984年,男,台北市,皮膚,3.96,38,61.39,63.0,3.03
1984年,男,台北市,男性乳房,0.19,2,66.0,66.0,0.16
1984年,男,台北市,攝護腺,7.99,61,68.98,70.0,4.87
1984年,男,台北市,睪丸,0.53,7,22.43,20.0,0.56
1984年,男,台北市,其他男性生殖器官,0.51,5,50.2,54.0,0.4
1984年,男,台北市,膀胱,6.66,65,62.37,64.0,5.18
1984年,男,台北市,腎,1.39,14,60.93,64.0,1.12
1984年,男,台北市,腎盂及其他泌尿系統,1.69,18,60.56,60.5,1.44
1984年,男,台北市,眼及淚腺,0.08,1,4.0,4.0,0.08
1984年,男,台北市,腦,1.7,20,48.2,56.5,1.6
1984年,男,台北市,其他神經系統,0.18,2,56.0,56.0,0.16
1984年,男,台北市,甲狀腺,0.82,10,44.9,49.0,0.8
1984年,男,台北市,其他內分泌腺,0.23,3,23.33,10.0,0.24
1984年,男,台北市,其他分界不明的部位,0.46,3,63.33,77.0,0.24
1984年,男,台北市,不明原發部位,0.46,5,62.8,60.0,0.4
1984年,男,台北市,何杰金氏淋巴瘤,0.47,4,61.0,63.0,0.32
1984年,男,台北市,白血病,4.68,55,30.53,30.0,4.39
1984年,男,台北市,非何杰金氏淋巴瘤,1.24,13,56.38,63.0,1.04
1984年,男,台北市,漿細胞瘤,0.1,1,68.0,68.0,0.08
1984年,男,台北市,全癌症,216.21,2118,59.1,62.0,168.95
1984年,女,台北市,口腔、口咽及下咽,1.28,12,51.83,52.5,1.0
1984年,女,台北市,主唾液腺,0.54,6,36.33,30.0,0.5
1984年,女,台北市,鼻咽,3.6,36,44.64,43.0,3.01
1984年,女,台北市,食道,1.49,11,65.82,68.0,0.92
1984年,女,台北市,胃,33.62,263,59.72,62.0,21.99
1984年,女,台北市,小腸,0.7,6,53.83,49.0,0.5
1984年,女,台北市,結直腸,20.96,165,59.73,60.0,13.8
1984年,女,台北市,肝及肝內膽管,8.18,65,57.77,63.0,5.43
1984年,女,台北市,膽囊及肝外膽管,2.44,18,61.39,59.0,1.5
1984年,女,台北市,胰,3.0,21,66.57,66.0,1.76
1984年,女,台北市,後腹膜腔及腹膜,0.5,5,35.8,40.0,0.42
1984年,女,台北市,消化器官其他分界不明部位,0.12,1,55.0,55.0,0.08
1984年,女,台北市,鼻腔、中耳及副鼻竇,0.12,1,58.0,58.0,0.08
1984年,女,台北市,喉,0.12,1,51.0,51.0,0.08
1984年,女,台北市,肺、支氣管及氣管,14.67,112,61.22,63.0,9.36
1984年,女,台北市,胸膜,0.12,1,56.0,56.0,0.08
1984年,女,台北市,胸腺、心臟與中隔,0.23,3,32.33,34.0,0.25
1984年,女,台北市,骨、關節及關節軟骨,0.25,3,32.33,30.0,0.25
1984年,女,台北市,結締組織、皮下組織及其他軟組織,0.96,9,48.89,55.0,0.75
1984年,女,台北市,皮膚,2.55,20,55.1,57.5,1.67
1984年,女,台北市,女性乳房,25.05,234,49.38,47.0,19.56
1984年,女,台北市,子宮,0.4,3,68.0,72.0,0.25
1984年,女,台北市,子宮頸,34.18,299,53.07,53.0,25.0
1984年,女,台北市,子宮體,1.89,14,60.86,56.5,1.17
1984年,女,台北市,卵巢、輸卵管及寬韌帶,4.81,42,53.79,53.5,3.51
1984年,女,台北市,其他女性生殖器官,0.92,8,52.13,51.5,0.67
1984年,女,台北市,膀胱,3.11,23,64.0,66.0,1.92
1984年,女,台北市,腎,0.84,7,51.86,58.0,0.59
1984年,女,台北市,腎盂及其他泌尿系統,1.89,14,62.57,62.5,1.17
1984年,女,台北市,眼及淚腺,0.09,1,0.0,0.0,0.08
1984年,女,台北市,腦,1.59,18,32.61,30.5,1.5
1984年,女,台北市,其他神經系統,0.18,2,44.0,44.0,0.17
1984年,女,台北市,甲狀腺,3.64,37,42.16,40.0,3.09
1984年,女,台北市,其他內分泌腺,0.18,2,21.5,21.5,0.17
1984年,女,台北市,其他分界不明的部位,0.14,1,72.0,72.0,0.08
1984年,女,台北市,不明原發部位,0.74,7,47.71,56.0,0.59
1984年,女,台北市,何杰金氏淋巴瘤,0.31,3,44.67,50.0,0.25
1984年,女,台北市,白血病,2.58,25,35.8,37.0,2.09
1984年,女,台北市,非何杰金氏淋巴瘤,1.1,9,52.67,58.0,0.75
1984年,女,台北市,漿細胞瘤,0.93,8,55.88,59.5,0.67
1984年,女,台北市,全癌症,182.99,1541,54.53,57.0,128.84
1985年,男,台北市,口腔、口咽及下咽,4.39,46,53.13,50.0,3.59
1985年,男,台北市,主唾液腺,0.64,8,59.38,62.0,0.62
1985年,男,台北市,鼻咽,8.25,95,48.46,50.0,7.42
1985年,男,台北市,食道,4.88,53,64.68,64.0,4.14
1985年,男,台北市,胃,56.81,542,64.42,65.0,42.33
1985年,男,台北市,小腸,0.73,7,58.86,63.0,0.55
1985年,男,台北市,結直腸,23.98,240,61.39,62.5,18.74
1985年,男,台北市,肝及肝內膽管,32.09,341,57.41,58.0,26.63
1985年,男,台北市,膽囊及肝外膽管,1.71,18,61.0,61.5,1.41
1985年,男,台北市,胰,4.22,45,64.04,62.0,3.51
1985年,男,台北市,後腹膜腔及腹膜,0.08,1,35.0,35.0,0.08
1985年,男,台北市,鼻腔、中耳及副鼻竇,0.99,12,53.58,60.5,0.94
1985年,男,台北市,喉,3.79,40,60.95,60.5,3.12
1985年,男,台北市,肺、支氣管及氣管,28.09,287,63.9,65.0,22.41
1985年,男,台北市,胸腺、心臟與中隔,0.28,3,31.67,40.0,0.23
1985年,男,台北市,骨、關節及關節軟骨,0.54,7,29.86,23.0,0.55
1985年,男,台北市,結締組織、皮下組織及其他軟組織,1.39,13,48.54,51.0,1.02
1985年,男,台北市,皮膚,4.65,48,58.88,61.5,3.75
1985年,男,台北市,男性乳房,0.09,1,67.0,67.0,0.08
1985年,男,台北市,攝護腺,6.27,53,68.83,70.0,4.14
1985年,男,台北市,睪丸,0.42,6,32.0,33.5,0.47
1985年,男,台北市,其他男性生殖器官,0.47,6,57.33,63.0,0.47
1985年,男,台北市,膀胱,7.68,74,64.24,66.5,5.78
1985年,男,台北市,腎,2.35,25,59.92,62.0,1.95
1985年,男,台北市,腎盂及其他泌尿系統,2.62,26,62.54,64.0,2.03
1985年,男,台北市,眼及淚腺,0.16,2,28.5,28.5,0.16
1985年,男,台北市,腦,2.42,29,34.9,36.0,2.26
1985年,男,台北市,甲狀腺,1.26,15,57.33,59.0,1.17
1985年,男,台北市,其他內分泌腺,0.18,2,65.0,65.0,0.16
1985年,男,台北市,其他分界不明的部位,0.52,3,67.0,62.0,0.23
1985年,男,台北市,不明原發部位,0.78,9,61.56,64.0,0.7
1985年,男,台北市,何杰金氏淋巴瘤,0.35,4,64.0,66.5,0.31
1985年,男,台北市,白血病,4.18,52,33.15,32.5,4.06
1985年,男,台北市,非何杰金氏淋巴瘤,1.9,21,51.19,57.0,1.64
1985年,男,台北市,漿細胞瘤,1.15,12,57.42,57.0,0.94
1985年,男,台北市,全癌症,214.53,2193,59.69,62.0,171.25
1985年,女,台北市,口腔、口咽及下咽,1.64,14,55.43,53.0,1.14
1985年,女,台北市,主唾液腺,0.13,1,68.0,68.0,0.08
1985年,女,台北市,鼻咽,3.59,37,48.47,44.0,3.02
1985年,女,台北市,食道,0.67,5,65.8,64.0,0.41
1985年,女,台北市,胃,31.66,264,59.73,61.0,21.51
1985年,女,台北市,小腸,0.26,2,65.5,65.5,0.16
1985年,女,台北市,結直腸,19.46,163,59.04,61.0,13.28
1985年,女,台北市,肝及肝內膽管,6.28,53,59.53,61.0,4.32
1985年,女,台北市,膽囊及肝外膽管,1.19,10,60.5,61.5,0.81
1985年,女,台北市,胰,2.37,19,65.11,68.0,1.55
1985年,女,台北市,後腹膜腔及腹膜,0.27,3,26.33,22.0,0.24
1985年,女,台北市,鼻腔、中耳及副鼻竇,0.74,6,64.33,71.5,0.49
1985年,女,台北市,喉,0.25,2,61.0,61.0,0.16
1985年,女,台北市,肺、支氣管及氣管,16.09,136,60.61,62.0,11.08
1985年,女,台北市,胸膜,0.23,2,57.5,57.5,0.16
1985年,女,台北市,胸腺、心臟與中隔,0.32,3,55.0,57.0,0.24
1985年,女,台北市,骨、關節及關節軟骨,0.43,5,32.0,25.0,0.41
1985年,女,台北市,結締組織、皮下組織及其他軟組織,0.88,9,49.22,48.0,0.73
1985年,女,台北市,皮膚,3.08,28,52.25,54.0,2.28
1985年,女,台北市,女性乳房,30.33,288,51.62,50.0,23.47
1985年,女,台北市,子宮,0.45,4,58.5,64.0,0.33
1985年,女,台北市,子宮頸,32.2,293,54.07,54.0,23.88
1985年,女,台北市,子宮體,4.65,42,54.88,54.0,3.42
1985年,女,台北市,卵巢、輸卵管及寬韌帶,5.1,48,50.42,52.5,3.91
1985年,女,台北市,其他女性生殖器官,0.58,6,46.33,41.5,0.49
1985年,女,台北市,膀胱,2.21,16,69.06,74.0,1.3
1985年,女,台北市,腎,1.25,10,62.1,64.0,0.81
1985年,女,台北市,腎盂及其他泌尿系統,1.5,11,67.45,70.0,0.9
1985年,女,台北市,眼及淚腺,0.15,2,19.5,19.5,0.16
1985年,女,台北市,腦,2.16,23,43.09,43.0,1.87
1985年,女,台北市,其他神經系統,0.39,4,46.25,44.5,0.33
1985年,女,台北市,甲狀腺,3.9,40,46.6,42.0,3.26
1985年,女,台北市,其他分界不明的部位,0.98,8,56.38,63.0,0.65
1985年,女,台北市,不明原發部位,1.23,10,60.9,62.5,0.81
1985年,女,台北市,何杰金氏淋巴瘤,0.23,2,57.0,57.0,0.16
1985年,女,台北市,白血病,2.39,28,33.64,31.0,2.28
1985年,女,台北市,非何杰金氏淋巴瘤,1.6,16,48.56,50.5,1.3
1985年,女,台北市,漿細胞瘤,0.47,4,60.25,61.0,0.33
1985年,女,台北市,全癌症,183.92,1643,55.08,57.0,133.9
1986年,男,台北市,口腔、口咽及下咽,5.78,59,57.92,60.0,4.5
1986年,男,台北市,主唾液腺,0.59,7,49.71,46.0,0.53
1986年,男,台北市,鼻咽,8.29,98,46.81,46.5,7.47
1986年,男,台北市,食道,7.21,75,62.27,63.0,5.72
1986年,男,台北市,胃,39.61,402,63.25,64.0,30.64
1986年,男,台北市,小腸,0.79,9,62.67,62.0,0.69
1986年,男,台北市,結直腸,24.08,250,61.71,63.0,19.06
1986年,男,台北市,肝及肝內膽管,27.92,309,57.07,59.0,23.55
1986年,男,台北市,膽囊及肝外膽管,2.49,23,64.43,63.0,1.75
1986年,男,台北市,胰,4.18,45,62.71,64.0,3.43
1986年,男,台北市,後腹膜腔及腹膜,0.41,5,22.0,18.0,0.38
1986年,男,台北市,鼻腔、中耳及副鼻竇,0.58,7,55.86,56.0,0.53
1986年,男,台北市,喉,2.87,31,64.52,64.0,2.36
1986年,男,台北市,肺、支氣管及氣管,31.7,334,64.8,65.0,25.46
1986年,男,台北市,胸膜,0.14,1,77.0,77.0,0.08
1986年,男,台北市,胸腺、心臟與中隔,0.51,5,51.6,68.0,0.38
1986年,男,台北市,骨、關節及關節軟骨,0.89,11,36.09,35.0,0.84
1986年,男,台北市,結締組織、皮下組織及其他軟組織,1.58,14,45.36,55.0,1.07
1986年,男,台北市,皮膚,3.53,38,57.29,60.5,2.9
1986年,男,台北市,男性乳房,0.17,2,66.0,66.0,0.15
1986年,男,台北市,攝護腺,6.97,66,68.36,70.0,5.03
1986年,男,台北市,睪丸,0.57,8,14.38,12.5,0.61
1986年,男,台北市,其他男性生殖器官,0.33,4,58.25,61.5,0.3
1986年,男,台北市,膀胱,7.35,74,63.07,64.0,5.64
1986年,男,台北市,腎,1.57,18,54.72,60.5,1.37
1986年,男,台北市,腎盂及其他泌尿系統,1.52,16,67.31,69.0,1.22
1986年,男,台北市,眼及淚腺,0.26,3,25.33,4.0,0.23
1986年,男,台北市,腦,2.41,29,38.76,39.0,2.21
1986年,男,台北市,其他神經系統,0.44,5,22.4,15.0,0.38
1986年,男,台北市,甲狀腺,0.49,6,49.33,49.5,0.46
1986年,男,台北市,其他內分泌腺,0.24,3,28.67,11.0,0.23
1986年,男,台北市,其他分界不明的部位,0.4,5,49.0,59.0,0.38
1986年,男,台北市,不明原發部位,2.58,27,60.3,62.0,2.06
1986年,男,台北市,何杰金氏淋巴瘤,0.51,6,33.0,33.0,0.46
1986年,男,台北市,白血病,4.52,54,39.2,41.0,4.12
1986年,男,台北市,非何杰金氏淋巴瘤,3.25,38,53.45,55.0,2.9
1986年,男,台北市,漿細胞瘤,1.49,16,64.56,66.0,1.22
1986年,男,台北市,全癌症,202.66,2146,59.2,62.0,163.58
1986年,女,台北市,口腔、口咽及下咽,1.19,11,58.64,63.0,0.87
1986年,女,台北市,主唾液腺,0.43,4,52.75,51.0,0.32
1986年,女,台北市,鼻咽,4.09,42,48.9,47.5,3.32
1986年,女,台北市,食道,0.79,7,61.57,66.0,0.55
1986年,女,台北市,胃,20.33,183,58.51,60.0,14.49
1986年,女,台北市,小腸,0.74,7,56.86,57.0,0.55
1986年,女,台北市,結直腸,20.82,186,59.4,60.5,14.72
1986年,女,台北市,肝及肝內膽管,6.34,55,62.44,62.0,4.35
1986年,女,台北市,膽囊及肝外膽管,1.79,14,68.79,68.0,1.11
1986年,女,台北市,胰,2.12,18,63.83,67.0,1.42
1986年,女,台北市,後腹膜腔及腹膜,0.42,5,46.0,38.0,0.4
1986年,女,台北市,消化器官其他分界不明部位,0.41,3,66.67,78.0,0.24
1986年,女,台北市,鼻腔、中耳及副鼻竇,0.76,6,61.17,60.5,0.47
1986年,女,台北市,喉,0.33,3,55.0,52.0,0.24
1986年,女,台北市,肺、支氣管及氣管,15.32,129,63.73,65.0,10.21
1986年,女,台北市,胸膜,0.11,1,64.0,64.0,0.08
1986年,女,台北市,胸腺、心臟與中隔,0.36,3,64.33,65.0,0.24
1986年,女,台北市,骨、關節及關節軟骨,0.34,5,30.6,28.0,0.4
1986年,女,台北市,結締組織、皮下組織及其他軟組織,0.75,9,35.56,34.0,0.71
1986年,女,台北市,皮膚,2.83,26,53.92,58.0,2.06
1986年,女,台北市,女性乳房,28.27,288,50.27,48.0,22.8
1986年,女,台北市,子宮,0.5,5,46.8,45.0,0.4
1986年,女,台北市,子宮頸,31.62,307,52.95,52.0,24.3
1986年,女,台北市,子宮體,3.78,37,52.27,51.0,2.93
1986年,女,台北市,卵巢、輸卵管及寬韌帶,4.87,50,49.74,49.5,3.96
1986年,女,台北市,其他女性生殖器官,0.76,8,50.38,50.0,0.63
1986年,女,台北市,膀胱,2.89,24,64.38,62.0,1.9
1986年,女,台北市,腎,1.23,12,50.0,55.0,0.95
1986年,女,台北市,腎盂及其他泌尿系統,1.19,10,64.8,64.5,0.79
1986年,女,台北市,腦,1.5,17,35.0,30.0,1.35
1986年,女,台北市,其他神經系統,0.08,1,11.0,11.0,0.08
1986年,女,台北市,甲狀腺,4.44,54,41.76,36.5,4.27
1986年,女,台北市,其他分界不明的部位,0.37,4,51.75,53.5,0.32
1986年,女,台北市,不明原發部位,1.68,14,64.79,68.0,1.11
1986年,女,台北市,何杰金氏淋巴瘤,0.18,2,39.0,39.0,0.16
1986年,女,台北市,白血病,4.1,45,35.71,30.0,3.56
1986年,女,台北市,非何杰金氏淋巴瘤,1.62,14,60.07,59.5,1.11
1986年,女,台北市,漿細胞瘤,0.89,8,58.38,60.0,0.63
1986年,女,台北市,全癌症,173.21,1645,54.35,56.0,130.22
1987年,男,台北市,口腔、口咽及下咽,6.1,70,54.67,56.0,5.22
1987年,男,台北市,主唾液腺,0.9,12,46.42,46.0,0.9
1987年,男,台北市,鼻咽,8.8,108,47.09,46.5,8.06
1987年,男,台北市,食道,6.66,73,63.23,64.0,5.45
1987年,男,台北市,胃,27.74,305,63.42,65.0,22.76
1987年,男,台北市,小腸,0.79,10,53.2,54.0,0.75
1987年,男,台北市,結直腸,24.79,277,61.97,64.0,20.67
1987年,男,台北市,肝及肝內膽管,34.39,395,57.19,58.0,29.47
1987年,男,台北市,膽囊及肝外膽管,2.11,25,63.28,64.0,1.87
1987年,男,台北市,胰,4.29,49,62.65,62.0,3.66
1987年,男,台北市,後腹膜腔及腹膜,0.37,4,64.25,63.5,0.3
1987年,男,台北市,消化器官其他分界不明部位,0.33,4,60.5,63.0,0.3
1987年,男,台北市,鼻腔、中耳及副鼻竇,0.53,7,54.57,61.0,0.52
1987年,男,台北市,喉,4.28,50,59.64,59.0,3.73
1987年,男,台北市,肺、支氣管及氣管,29.81,328,64.8,66.0,24.47
1987年,男,台北市,胸膜,0.15,2,34.0,34.0,0.15
1987年,男,台北市,胸腺、心臟與中隔,0.45,6,55.17,60.0,0.45
1987年,男,台北市,骨、關節及關節軟骨,1.06,14,29.14,21.0,1.04
1987年,男,台北市,結締組織、皮下組織及其他軟組織,1.56,20,41.25,39.5,1.49
1987年,男,台北市,皮膚,4.63,52,58.35,60.5,3.88
1987年,男,台北市,男性乳房,0.42,4,68.0,66.5,0.3
1987年,男,台北市,攝護腺,8.17,79,70.4,71.0,5.89
1987年,男,台北市,睪丸,0.43,6,24.17,24.5,0.45
1987年,男,台北市,其他男性生殖器官,0.7,8,63.5,67.5,0.6
1987年,男,台北市,膀胱,8.07,80,66.33,67.5,5.97
1987年,男,台北市,腎,2.71,31,56.45,58.0,2.31
1987年,男,台北市,腎盂及其他泌尿系統,2.66,29,62.75,66.5,2.16
1987年,男,台北市,眼及淚腺,0.41,5,25.4,1.0,0.37
1987年,男,台北市,腦,2.34,31,44.06,46.0,2.31
1987年,男,台北市,其他神經系統,0.13,2,44.0,44.0,0.15
1987年,男,台北市,甲狀腺,1.1,14,53.29,54.5,1.04
1987年,男,台北市,其他內分泌腺,0.06,1,31.0,31.0,0.07
1987年,男,台北市,其他分界不明的部位,1.04,12,57.33,59.0,0.9
1987年,男,台北市,不明原發部位,1.43,14,64.21,64.5,1.04
1987年,男,台北市,何杰金氏淋巴瘤,0.67,8,42.38,42.0,0.6
1987年,男,台北市,白血病,4.77,61,43.02,46.5,4.55
1987年,男,台北市,非何杰金氏淋巴瘤,2.34,26,54.31,56.0,1.94
1987年,男,台北市,漿細胞瘤,0.79,9,58.11,57.0,0.67
1987年,男,台北市,全癌症,201.54,2277,59.04,62.0,169.9
1987年,女,台北市,口腔、口咽及下咽,1.54,18,47.33,48.5,1.39
1987年,女,台北市,主唾液腺,0.26,4,35.25,33.5,0.31
1987年,女,台北市,鼻咽,3.85,45,46.14,45.0,3.47
1987年,女,台北市,食道,0.63,6,62.33,64.5,0.46
1987年,女,台北市,胃,11.91,115,59.14,63.0,8.87
1987年,女,台北市,小腸,1.0,10,56.6,55.0,0.77
1987年,女,台北市,結直腸,22.27,211,60.67,62.0,16.27
1987年,女,台北市,肝及肝內膽管,10.0,96,59.03,61.0,7.4
1987年,女,台北市,膽囊及肝外膽管,1.87,17,64.41,69.0,1.31
1987年,女,台北市,胰,3.15,30,60.33,64.0,2.31
1987年,女,台北市,後腹膜腔及腹膜,0.83,9,38.0,51.0,0.69
1987年,女,台北市,消化器官其他分界不明部位,0.32,3,66.33,64.0,0.23
1987年,女,台北市,鼻腔、中耳及副鼻竇,0.92,10,47.5,50.0,0.77
1987年,女,台北市,喉,0.44,4,58.25,55.0,0.31
1987年,女,台北市,肺、支氣管及氣管,17.92,161,63.37,64.0,12.41
1987年,女,台北市,胸腺、心臟與中隔,0.25,3,46.67,43.0,0.23
1987年,女,台北市,骨、關節及關節軟骨,0.59,7,41.43,31.0,0.54
1987年,女,台北市,結締組織、皮下組織及其他軟組織,0.87,10,43.1,42.5,0.77
1987年,女,台北市,皮膚,2.96,29,55.76,59.0,2.24
1987年,女,台北市,女性乳房,28.86,314,50.4,50.0,24.21
1987年,女,台北市,子宮,0.37,4,52.0,56.0,0.31
1987年,女,台北市,子宮頸,31.74,332,53.65,55.0,25.6
1987年,女,台北市,子宮體,3.5,36,51.81,51.5,2.78
1987年,女,台北市,卵巢、輸卵管及寬韌帶,6.33,69,48.96,49.0,5.32
1987年,女,台北市,其他女性生殖器官,0.93,9,56.44,57.0,0.69
1987年,女,台北市,膀胱,2.58,23,64.96,65.0,1.77
1987年,女,台北市,腎,1.43,14,55.14,58.5,1.08
1987年,女,台北市,腎盂及其他泌尿系統,0.95,9,61.11,62.0,0.69
1987年,女,台北市,眼及淚腺,0.32,4,8.75,1.5,0.31
1987年,女,台北市,腦,2.38,29,36.07,34.0,2.24
1987年,女,台北市,其他神經系統,0.2,3,20.0,28.0,0.23
1987年,女,台北市,甲狀腺,3.63,46,40.09,36.5,3.55
1987年,女,台北市,其他內分泌腺,0.28,3,45.33,55.0,0.23
1987年,女,台北市,其他分界不明的部位,0.37,4,41.75,48.0,0.31
1987年,女,台北市,不明原發部位,1.58,16,55.13,58.0,1.23
1987年,女,台北市,何杰金氏淋巴瘤,0.25,3,37.33,28.0,0.23
1987年,女,台北市,白血病,3.63,41,39.85,40.0,3.16
1987年,女,台北市,非何杰金氏淋巴瘤,2.45,25,51.88,59.0,1.93
1987年,女,台北市,漿細胞瘤,0.21,2,60.0,60.0,0.15
1987年,女,台北市,全癌症,176.35,1803,53.91,56.0,139.03
1988年,男,台北市,口腔、口咽及下咽,9.04,106,55.15,55.5,7.79
1988年,男,台北市,主唾液腺,0.73,9,53.78,57.0,0.66
1988年,男,台北市,鼻咽,6.98,89,48.31,48.0,6.54
1988年,男,台北市,食道,7.03,78,63.78,65.0,5.74
1988年,男,台北市,胃,26.69,295,64.07,65.0,21.69
1988年,男,台北市,小腸,0.47,6,59.67,64.0,0.44
1988年,男,台北市,結直腸,22.37,256,62.39,64.0,18.82
1988年,男,台北市,肝及肝內膽管,33.34,395,56.65,59.0,29.05
1988年,男,台北市,膽囊及肝外膽管,1.97,23,65.17,66.0,1.69
1988年,男,台北市,胰,4.05,48,61.79,65.0,3.53
1988年,男,台北市,後腹膜腔及腹膜,0.35,4,52.75,63.5,0.29
1988年,男,台北市,鼻腔、中耳及副鼻竇,1.35,15,59.73,60.0,1.1
1988年,男,台北市,喉,2.85,35,64.4,65.0,2.57
1988年,男,台北市,肺、支氣管及氣管,29.86,348,64.33,65.0,25.59
1988年,男,台北市,胸膜,0.19,2,61.5,61.5,0.15
1988年,男,台北市,胸腺、心臟與中隔,0.62,8,41.13,41.0,0.59
1988年,男,台北市,骨、關節及關節軟骨,1.25,17,36.76,25.0,1.25
1988年,男,台北市,結締組織、皮下組織及其他軟組織,1.32,16,41.63,32.0,1.18
1988年,男,台北市,皮膚,3.62,43,58.56,63.0,3.16
1988年,男,台北市,男性乳房,0.1,1,51.0,51.0,0.07
1988年,男,台北市,攝護腺,7.74,73,71.16,73.0,5.37
1988年,男,台北市,睪丸,0.69,9,18.33,21.0,0.66
1988年,男,台北市,其他男性生殖器官,0.69,9,45.0,46.0,0.66
1988年,男,台北市,膀胱,7.2,81,66.28,68.0,5.96
1988年,男,台北市,腎,2.15,25,54.72,60.0,1.84
1988年,男,台北市,腎盂及其他泌尿系統,1.65,20,58.5,63.5,1.47
1988年,男,台北市,眼及淚腺,0.24,3,40.0,56.0,0.22
1988年,男,台北市,腦,2.65,35,28.74,23.0,2.57
1988年,男,台北市,其他神經系統,0.07,1,63.0,63.0,0.07
1988年,男,台北市,甲狀腺,1.39,17,47.41,51.0,1.25
1988年,男,台北市,其他內分泌腺,0.29,4,27.25,21.0,0.29
1988年,男,台北市,其他分界不明的部位,0.24,3,44.0,46.0,0.22
1988年,男,台北市,不明原發部位,1.6,18,55.67,56.0,1.32
1988年,男,台北市,何杰金氏淋巴瘤,0.23,3,52.67,63.0,0.22
1988年,男,台北市,白血病,4.67,58,44.6,46.0,4.26
1988年,男,台北市,非何杰金氏淋巴瘤,3.03,34,57.97,62.0,2.5
1988年,男,台北市,漿細胞瘤,1.01,11,62.36,63.0,0.81
1988年,男,台北市,全癌症,193.45,2242,59.08,63.0,164.86
1988年,女,台北市,口腔、口咽及下咽,1.71,17,59.24,60.0,1.29
1988年,女,台北市,主唾液腺,0.45,5,52.4,56.0,0.38
1988年,女,台北市,鼻咽,3.11,36,46.92,48.0,2.72
1988年,女,台北市,食道,0.61,6,61.33,63.0,0.45
1988年,女,台北市,胃,12.25,123,57.48,60.0,9.3
1988年,女,台北市,小腸,0.68,6,67.67,70.5,0.45
1988年,女,台北市,結直腸,21.51,211,59.53,62.0,15.96
1988年,女,台北市,肝及肝內膽管,7.6,73,59.95,63.0,5.52
1988年,女,台北市,膽囊及肝外膽管,2.13,20,64.2,68.0,1.51
1988年,女,台北市,胰,3.7,32,68.34,69.5,2.42
1988年,女,台北市,後腹膜腔及腹膜,0.68,8,32.38,28.0,0.61
1988年,女,台北市,消化器官其他分界不明部位,0.28,3,51.33,43.0,0.23
1988年,女,台北市,鼻腔、中耳及副鼻竇,0.11,1,71.0,71.0,0.08
1988年,女,台北市,喉,0.15,1,83.0,83.0,0.08
1988年,女,台北市,肺、支氣管及氣管,18.38,172,63.45,64.0,13.01
1988年,女,台北市,胸腺、心臟與中隔,0.1,1,63.0,63.0,0.08
1988年,女,台北市,骨、關節及關節軟骨,0.79,9,34.33,19.0,0.68
1988年,女,台北市,結締組織、皮下組織及其他軟組織,0.88,11,38.55,33.0,0.83
1988年,女,台北市,皮膚,2.73,26,61.81,65.0,1.97
1988年,女,台北市,女性乳房,29.6,331,50.07,48.0,25.04
1988年,女,台北市,子宮,0.41,5,46.6,47.0,0.38
1988年,女,台北市,子宮頸,30.99,330,53.6,54.0,24.96
1988年,女,台北市,子宮體,3.84,38,56.11,54.5,2.87
1988年,女,台北市,卵巢、輸卵管及寬韌帶,5.31,61,45.98,48.0,4.61
1988年,女,台北市,其他女性生殖器官,1.49,16,50.81,52.5,1.21
1988年,女,台北市,膀胱,3.1,28,68.29,68.0,2.12
1988年,女,台北市,腎,1.31,16,38.33,48.0,1.21
1988年,女,台北市,腎盂及其他泌尿系統,1.31,12,65.0,64.0,0.91
1988年,女,台北市,眼及淚腺,0.09,1,2.0,2.0,0.08
1988年,女,台北市,腦,1.62,20,37.65,37.0,1.51
1988年,女,台北市,其他神經系統,0.28,3,38.0,50.0,0.23
1988年,女,台北市,甲狀腺,4.1,50,42.96,40.5,3.78
1988年,女,台北市,其他內分泌腺,0.18,2,35.0,35.0,0.15
1988年,女,台北市,其他分界不明的部位,1.33,14,55.38,58.0,1.06
1988年,女,台北市,不明原發部位,1.74,18,55.72,59.5,1.36
1988年,女,台北市,何杰金氏淋巴瘤,0.18,2,37.5,37.5,0.15
1988年,女,台北市,白血病,2.8,31,41.03,43.0,2.35
1988年,女,台北市,非何杰金氏淋巴瘤,1.27,14,49.86,53.5,1.06
1988年,女,台北市,漿細胞瘤,0.45,4,64.5,65.5,0.3
1988年,女,台北市,全癌症,173.01,1794,54.54,56.0,135.71
1989年,男,台北市,口腔、口咽及下咽,7.38,86,56.24,55.0,6.29
1989年,男,台北市,主唾液腺,0.47,6,45.5,51.0,0.44
1989年,男,台北市,鼻咽,9.02,115,49.85,51.0,8.41
1989年,男,台北市,食道,6.76,80,62.35,63.0,5.85
1989年,男,台北市,胃,28.77,321,66.26,68.0,23.47
1989年,男,台北市,小腸,0.61,8,65.0,65.0,0.59
1989年,男,台北市,結直腸,28.57,336,61.09,63.5,24.57
1989年,男,台北市,肝及肝內膽管,32.13,386,57.26,59.0,28.23
1989年,男,台北市,膽囊及肝外膽管,1.93,23,65.96,68.0,1.68
1989年,男,台北市,胰,4.45,48,63.94,63.5,3.51
1989年,男,台北市,後腹膜腔及腹膜,0.37,5,46.2,52.0,0.37
1989年,男,台北市,消化器官其他分界不明部位,0.17,2,72.5,72.5,0.15
1989年,男,台北市,鼻腔、中耳及副鼻竇,0.67,8,58.0,59.5,0.59
1989年,男,台北市,喉,3.81,43,66.53,66.0,3.14
1989年,男,台北市,肺、支氣管及氣管,34.77,397,65.91,67.0,29.03
1989年,男,台北市,胸膜,0.14,2,56.0,56.0,0.15
1989年,男,台北市,胸腺、心臟與中隔,0.39,5,42.0,43.0,0.37
1989年,男,台北市,骨、關節及關節軟骨,1.2,17,30.76,28.0,1.24
1989年,男,台北市,結締組織、皮下組織及其他軟組織,1.42,15,58.0,56.0,1.1
1989年,男,台北市,皮膚,4.44,54,61.19,64.0,3.95
1989年,男,台北市,男性乳房,0.07,1,24.0,24.0,0.07
1989年,男,台北市,攝護腺,9.28,95,71.05,71.0,6.95
1989年,男,台北市,睪丸,0.85,12,32.83,29.5,0.88
1989年,男,台北市,其他男性生殖器官,0.93,10,64.9,66.5,0.73
1989年,男,台北市,膀胱,5.67,64,68.28,69.0,4.68
1989年,男,台北市,腎,2.49,31,51.84,58.0,2.27
1989年,男,台北市,腎盂及其他泌尿系統,1.42,15,64.87,63.0,1.1
1989年,男,台北市,眼及淚腺,0.52,6,36.5,45.5,0.44
1989年,男,台北市,腦,3.69,47,40.72,45.0,3.44
1989年,男,台北市,其他神經系統,0.14,2,36.0,36.0,0.15
1989年,男,台北市,甲狀腺,0.96,13,52.46,49.0,0.95
1989年,男,台北市,其他內分泌腺,0.2,3,21.0,20.0,0.22
1989年,男,台北市,其他分界不明的部位,0.27,3,55.67,47.0,0.22
1989年,男,台北市,不明原發部位,2.31,27,59.74,65.0,1.97
1989年,男,台北市,何杰金氏淋巴瘤,0.22,3,51.0,65.0,0.22
1989年,男,台北市,白血病,3.34,43,37.05,37.0,3.14
1989年,男,台北市,非何杰金氏淋巴瘤,3.1,37,58.46,64.0,2.71
1989年,男,台北市,漿細胞瘤,1.32,15,63.0,66.0,1.1
1989年,男,台北市,全癌症,207.58,2425,60.31,63.0,177.33
1989年,女,台北市,口腔、口咽及下咽,1.73,18,56.06,57.5,1.35
1989年,女,台北市,主唾液腺,0.4,5,50.4,44.0,0.37
1989年,女,台北市,鼻咽,3.29,43,42.7,39.0,3.22
1989年,女,台北市,食道,1.34,12,67.33,67.5,0.9
1989年,女,台北市,胃,12.31,124,60.36,62.0,9.29
1989年,女,台北市,小腸,0.4,4,63.0,67.0,0.3
1989年,女,台北市,結直腸,22.91,230,61.0,63.0,17.23
1989年,女,台北市,肝及肝內膽管,10.27,99,64.63,66.0,7.41
1989年,女,台北市,膽囊及肝外膽管,2.58,24,65.54,66.0,1.8
1989年,女,台北市,胰,3.83,37,63.46,66.0,2.77
1989年,女,台北市,後腹膜腔及腹膜,0.72,7,52.71,58.0,0.52
1989年,女,台北市,消化器官其他分界不明部位,0.33,3,67.67,73.0,0.22
1989年,女,台北市,鼻腔、中耳及副鼻竇,0.3,5,35.6,33.0,0.37
1989年,女,台北市,喉,0.47,5,60.8,63.0,0.37
1989年,女,台北市,肺、支氣管及氣管,18.09,177,63.61,66.0,13.26
1989年,女,台北市,胸膜,0.29,3,50.33,50.0,0.22
1989年,女,台北市,胸腺、心臟與中隔,0.4,4,64.0,64.5,0.3
1989年,女,台北市,骨、關節及關節軟骨,1.16,14,32.57,24.0,1.05
1989年,女,台北市,結締組織、皮下組織及其他軟組織,1.4,15,47.73,57.0,1.12
1989年,女,台北市,皮膚,4.07,41,60.32,65.0,3.07
1989年,女,台北市,女性乳房,30.44,349,50.83,49.0,26.14
1989年,女,台北市,子宮,0.38,4,56.0,56.5,0.3
1989年,女,台北市,子宮頸,26.63,296,53.63,54.0,22.17
1989年,女,台北市,子宮體,3.78,40,55.53,55.5,3.0
1989年,女,台北市,卵巢、輸卵管及寬韌帶,6.89,83,46.44,46.5,6.22
1989年,女,台北市,其他女性生殖器官,1.63,17,56.47,68.0,1.27
1989年,女,台北市,膀胱,3.87,36,65.75,70.5,2.7
1989年,女,台北市,腎,1.77,19,47.74,53.0,1.42
1989年,女,台北市,腎盂及其他泌尿系統,1.97,19,66.58,69.0,1.42
1989年,女,台北市,眼及淚腺,0.21,2,45.5,45.5,0.15
1989年,女,台北市,腦,2.22,29,28.62,28.0,2.17
1989年,女,台北市,其他神經系統,0.31,4,48.0,40.0,0.3
1989年,女,台北市,甲狀腺,3.9,49,43.1,35.0,3.67
1989年,女,台北市,其他內分泌腺,0.16,2,41.5,41.5,0.15
1989年,女,台北市,其他分界不明的部位,0.92,9,57.89,65.0,0.67
1989年,女,台北市,不明原發部位,2.85,29,58.83,60.0,2.17
1989年,女,台北市,何杰金氏淋巴瘤,0.5,6,47.17,44.5,0.45
1989年,女,台北市,白血病,3.13,38,36.05,34.5,2.85
1989年,女,台北市,非何杰金氏淋巴瘤,1.92,20,53.85,52.0,1.5
1989年,女,台北市,漿細胞瘤,1.1,11,55.91,59.0,0.82
1989年,女,台北市,全癌症,183.28,1957,55.2,57.0,146.57
1990年,男,台北市,口腔、口咽及下咽,8.91,107,56.0,57.0,7.8
1990年,男,台北市,主唾液腺,0.67,9,54.33,61.0,0.66
1990年,男,台北市,鼻咽,8.43,110,50.31,50.0,8.02
1990年,男,台北市,食道,5.41,66,62.79,64.5,4.81
1990年,男,台北市,胃,22.42,280,64.32,67.0,20.4
1990年,男,台北市,小腸,0.76,10,64.7,64.0,0.73
1990年,男,台北市,結直腸,25.08,304,63.38,66.0,22.15
1990年,男,台北市,肝及肝內膽管,32.95,404,58.25,60.0,29.44
1990年,男,台北市,膽囊及肝外膽管,1.66,19,65.74,69.0,1.38
1990年,男,台北市,胰,3.53,41,67.0,67.0,2.99
1990年,男,台北市,後腹膜腔及腹膜,0.52,6,61.33,60.0,0.44
1990年,男,台北市,消化器官其他分界不明部位,0.25,3,57.0,74.0,0.22
1990年,男,台北市,鼻腔、中耳及副鼻竇,0.76,10,63.2,64.5,0.73
1990年,男,台北市,喉,3.61,46,63.98,64.0,3.35
1990年,男,台北市,肺、支氣管及氣管,31.55,380,65.95,67.0,27.69
1990年,男,台北市,胸膜,0.07,1,60.0,60.0,0.07
1990年,男,台北市,胸腺、心臟與中隔,0.62,8,50.13,54.0,0.58
1990年,男,台北市,骨、關節及關節軟骨,0.72,10,24.0,14.5,0.73
1990年,男,台北市,結締組織、皮下組織及其他軟組織,1.23,16,50.88,60.0,1.17
1990年,男,台北市,皮膚,3.12,39,57.49,62.0,2.84
1990年,男,台北市,男性乳房,0.36,5,65.8,68.0,0.36
1990年,男,台北市,攝護腺,9.02,97,71.46,72.0,7.07
1990年,男,台北市,睪丸,0.48,6,39.33,42.5,0.44
1990年,男,台北市,其他男性生殖器官,0.62,7,62.29,64.0,0.51
1990年,男,台北市,膀胱,8.06,92,65.65,68.0,6.7
1990年,男,台北市,腎,4.36,53,55.34,60.0,3.86
1990年,男,台北市,腎盂及其他泌尿系統,2.36,30,62.73,67.0,2.19
1990年,男,台北市,眼及淚腺,0.68,8,24.13,11.0,0.58
1990年,男,台北市,腦,2.61,34,35.62,39.0,2.48
1990年,男,台北市,其他神經系統,0.07,1,41.0,41.0,0.07
1990年,男,台北市,甲狀腺,1.33,16,55.25,57.5,1.17
1990年,男,台北市,其他內分泌腺,0.17,3,1.5,1.5,0.22
1990年,男,台北市,其他分界不明的部位,0.57,7,53.86,55.0,0.51
1990年,男,台北市,不明原發部位,3.98,49,60.18,63.0,3.57
1990年,男,台北市,何杰金氏淋巴瘤,0.34,4,58.25,58.5,0.29
1990年,男,台北市,白血病,4.12,48,46.23,50.0,3.5
1990年,男,台北市,非何杰金氏淋巴瘤,3.56,46,55.22,60.5,3.35
1990年,男,台北市,漿細胞瘤,1.14,14,62.21,65.0,1.02
1990年,男,台北市,全癌症,198.56,2420,60.63,64.0,176.35
1990年,女,台北市,口腔、口咽及下咽,2.2,24,55.17,56.5,1.78
1990年,女,台北市,主唾液腺,0.35,4,52.25,53.0,0.3
1990年,女,台北市,鼻咽,4.14,54,45.15,42.5,4.01
1990年,女,台北市,食道,1.26,12,70.83,71.0,0.89
1990年,女,台北市,胃,9.78,101,62.15,64.0,7.5
1990年,女,台北市,小腸,0.26,3,55.0,65.0,0.22
1990年,女,台北市,結直腸,22.98,238,62.17,64.0,17.66
1990年,女,台北市,肝及肝內膽管,9.68,103,59.99,63.0,7.64
1990年,女,台北市,膽囊及肝外膽管,2.0,20,65.35,69.5,1.48
1990年,女,台北市,胰,2.17,22,61.5,65.5,1.63
1990年,女,台北市,後腹膜腔及腹膜,0.32,3,50.67,65.0,0.22
1990年,女,台北市,消化器官其他分界不明部位,0.19,2,52.0,52.0,0.15
1990年,女,台北市,鼻腔、中耳及副鼻竇,0.35,4,40.25,43.5,0.3
1990年,女,台北市,喉,0.11,1,76.0,76.0,0.07
1990年,女,台北市,肺、支氣管及氣管,13.79,143,62.59,65.0,10.61
1990年,女,台北市,胸膜,0.2,2,57.5,57.5,0.15
1990年,女,台北市,胸腺、心臟與中隔,0.73,8,51.13,51.5,0.59
1990年,女,台北市,骨、關節及關節軟骨,0.31,4,33.75,33.5,0.3
1990年,女,台北市,結締組織、皮下組織及其他軟組織,0.66,8,43.88,45.5,0.59
1990年,女,台北市,皮膚,3.93,44,56.86,61.0,3.27
1990年,女,台北市,女性乳房,26.44,332,48.38,47.0,24.64
1990年,女,台北市,子宮,0.54,6,47.0,53.0,0.45
1990年,女,台北市,子宮頸,22.41,259,53.22,54.0,19.22
1990年,女,台北市,子宮體,3.59,41,54.49,54.0,3.04
1990年,女,台北市,卵巢、輸卵管及寬韌帶,7.3,85,49.34,50.0,6.31
1990年,女,台北市,其他女性生殖器官,0.36,5,39.4,34.0,0.37
1990年,女,台北市,膀胱,3.2,30,68.33,70.0,2.23
1990年,女,台北市,腎,1.61,16,54.5,58.0,1.19
1990年,女,台北市,腎盂及其他泌尿系統,1.18,12,66.5,68.0,0.89
1990年,女,台北市,眼及淚腺,0.49,5,29.8,1.0,0.37
1990年,女,台北市,腦,2.44,29,39.1,46.0,2.15
1990年,女,台北市,其他神經系統,0.09,1,53.0,53.0,0.07
1990年,女,台北市,甲狀腺,4.55,60,43.1,42.5,4.45
1990年,女,台北市,其他內分泌腺,0.28,3,2.0,1.0,0.22
1990年,女,台北市,其他分界不明的部位,0.15,2,49.5,49.5,0.15
1990年,女,台北市,不明原發部位,2.62,27,62.63,64.0,2.0
1990年,女,台北市,何杰金氏淋巴瘤,0.26,3,47.67,52.0,0.22
1990年,女,台北市,白血病,3.3,41,39.0,38.0,3.04
1990年,女,台北市,非何杰金氏淋巴瘤,2.7,33,49.97,55.0,2.45
1990年,女,台北市,漿細胞瘤,0.63,6,63.17,59.5,0.45
1990年,女,台北市,全癌症,161.2,1814,54.42,56.0,134.63
1991年,男,台北市,口腔、口咽及下咽,9.03,112,53.91,51.0,8.18
1991年,男,台北市,主唾液腺,0.77,11,44.82,40.0,0.8
1991年,男,台北市,鼻咽,9.43,124,49.94,49.0,9.05
1991年,男,台北市,食道,4.67,59,63.75,65.0,4.31
1991年,男,台北市,胃,23.57,296,65.09,67.0,21.61
1991年,男,台北市,小腸,0.41,6,59.5,61.5,0.44
1991年,男,台北市,結直腸,29.39,365,63.82,66.0,26.65
1991年,男,台北市,肝及肝內膽管,34.32,440,59.43,62.0,32.13
1991年,男,台北市,膽囊及肝外膽管,1.73,21,66.43,68.0,1.53
1991年,男,台北市,胰,3.46,44,63.11,63.5,3.21
1991年,男,台北市,後腹膜腔及腹膜,0.61,8,43.88,51.0,0.58
1991年,男,台北市,消化器官其他分界不明部位,0.16,2,62.0,62.0,0.15
1991年,男,台北市,鼻腔、中耳及副鼻竇,0.56,7,57.14,55.0,0.51
1991年,男,台北市,喉,3.61,42,65.14,65.0,3.07
1991年,男,台北市,肺、支氣管及氣管,33.2,425,65.81,68.0,31.03
1991年,男,台北市,胸腺、心臟與中隔,1.04,14,55.21,65.5,1.02
1991年,男,台北市,骨、關節及關節軟骨,0.81,11,36.91,22.0,0.8
1991年,男,台北市,結締組織、皮下組織及其他軟組織,1.12,14,46.93,50.5,1.02
1991年,男,台北市,皮膚,4.89,63,61.32,66.0,4.6
1991年,男,台北市,男性乳房,0.38,5,61.2,67.0,0.37
1991年,男,台北市,攝護腺,8.12,100,71.27,71.5,7.3
1991年,男,台北市,睪丸,0.88,11,16.64,18.0,0.8
1991年,男,台北市,其他男性生殖器官,0.59,8,66.63,69.0,0.58
1991年,男,台北市,膀胱,7.88,97,65.32,67.0,7.08
1991年,男,台北市,腎,1.9,23,55.87,63.0,1.68
1991年,男,台北市,腎盂及其他泌尿系統,2.62,31,66.94,68.0,2.26
1991年,男,台北市,眼及淚腺,0.51,6,33.0,24.0,0.44
1991年,男,台北市,腦,2.86,39,38.18,41.0,2.85
1991年,男,台北市,甲狀腺,1.45,21,38.24,35.0,1.53
1991年,男,台北市,其他內分泌腺,0.07,1,23.0,23.0,0.07
1991年,男,台北市,其他分界不明的部位,0.4,4,78.5,77.5,0.29
1991年,男,台北市,不明原發部位,2.39,30,64.53,66.5,2.19
1991年,男,台北市,何杰金氏淋巴瘤,0.36,5,44.2,39.0,0.37
1991年,男,台北市,白血病,5.29,72,43.76,46.0,5.26
1991年,男,台北市,非何杰金氏淋巴瘤,4.82,63,57.65,65.0,4.6
1991年,男,台北市,漿細胞瘤,1.34,15,65.73,64.0,1.1
1991年,男,台北市,全癌症,206.77,2623,60.67,64.0,191.52
1991年,女,台北市,口腔、口咽及下咽,2.5,28,56.07,54.5,2.08
1991年,女,台北市,主唾液腺,0.21,3,49.67,41.0,0.22
1991年,女,台北市,鼻咽,2.79,37,46.24,45.0,2.74
1991年,女,台北市,食道,0.68,7,69.86,75.0,0.52
1991年,女,台北市,胃,13.36,148,60.43,62.0,10.98
1991年,女,台北市,小腸,0.65,7,60.71,63.0,0.52
1991年,女,台北市,結直腸,25.32,274,62.62,64.0,20.32
1991年,女,台北市,肝及肝內膽管,11.84,130,60.83,64.0,9.64
1991年,女,台北市,膽囊及肝外膽管,2.14,23,65.39,66.0,1.71
1991年,女,台北市,胰,2.5,26,60.69,60.5,1.93
1991年,女,台北市,後腹膜腔及腹膜,0.37,5,36.6,40.0,0.37
1991年,女,台北市,消化器官其他分界不明部位,0.3,3,70.0,76.0,0.22
1991年,女,台北市,鼻腔、中耳及副鼻竇,0.66,8,53.75,61.0,0.59
1991年,女,台北市,喉,0.44,5,61.8,67.0,0.37
1991年,女,台北市,肺、支氣管及氣管,16.18,172,64.32,67.0,12.76
1991年,女,台北市,胸膜,0.19,2,59.5,59.5,0.15
1991年,女,台北市,胸腺、心臟與中隔,0.36,5,36.0,39.0,0.37
1991年,女,台北市,骨、關節及關節軟骨,0.78,10,32.1,23.5,0.74
1991年,女,台北市,結締組織、皮下組織及其他軟組織,1.04,14,31.43,31.5,1.04
1991年,女,台北市,皮膚,3.98,46,55.54,61.0,3.41
1991年,女,台北市,女性乳房,34.89,433,50.92,49.0,32.11
1991年,女,台北市,子宮,0.2,3,44.33,44.0,0.22
1991年,女,台北市,子宮頸,27.17,316,55.51,56.0,23.43
1991年,女,台北市,子宮體,4.93,60,52.43,52.5,4.45
1991年,女,台北市,卵巢、輸卵管及寬韌帶,5.66,70,49.96,50.0,5.19
1991年,女,台北市,其他女性生殖器官,0.64,8,54.63,54.5,0.59
1991年,女,台北市,膀胱,2.61,27,66.78,67.0,2.0
1991年,女,台北市,腎,1.28,15,61.86,63.5,1.11
1991年,女,台北市,腎盂及其他泌尿系統,1.2,13,64.0,65.0,0.96
1991年,女,台北市,眼及淚腺,0.34,4,24.25,22.0,0.3
1991年,女,台北市,腦,2.08,26,41.88,42.5,1.93
1991年,女,台北市,其他神經系統,0.34,4,57.0,60.0,0.3
1991年,女,台北市,甲狀腺,5.1,71,40.49,36.0,5.27
1991年,女,台北市,其他內分泌腺,0.55,7,44.0,39.0,0.52
1991年,女,台北市,其他分界不明的部位,0.54,6,44.17,47.0,0.44
1991年,女,台北市,不明原發部位,4.41,48,59.75,61.0,3.56
1991年,女,台北市,何杰金氏淋巴瘤,0.26,4,25.25,26.0,0.3
1991年,女,台北市,白血病,3.55,43,33.93,35.0,3.19
1991年,女,台北市,非何杰金氏淋巴瘤,2.05,23,54.57,57.0,1.71
1991年,女,台北市,漿細胞瘤,0.64,7,60.86,71.0,0.52
1991年,女,台北市,全癌症,186.21,2158,55.37,57.0,160.04
1992年,男,台北市,口腔、口咽及下咽,11.3,148,56.57,57.5,10.91
1992年,男,台北市,主唾液腺,0.81,11,55.55,61.0,0.81
1992年,男,台北市,鼻咽,8.45,108,48.05,49.0,7.96
1992年,男,台北市,食道,5.94,79,65.96,68.0,5.82
1992年,男,台北市,胃,24.24,315,64.79,67.0,23.21
1992年,男,台北市,小腸,0.83,11,58.91,67.0,0.81
1992年,男,台北市,結直腸,29.87,381,63.56,65.0,28.08
1992年,男,台北市,肝及肝內膽管,33.33,427,57.75,60.0,31.47
1992年,男,台北市,膽囊及肝外膽管,1.6,22,63.59,65.5,1.62
1992年,男,台北市,胰,4.63,59,61.71,63.0,4.35
1992年,男,台北市,後腹膜腔及腹膜,0.54,7,38.14,40.0,0.52
1992年,男,台北市,消化器官其他分界不明部位,0.1,1,56.0,56.0,0.07
1992年,男,台北市,鼻腔、中耳及副鼻竇,0.62,8,54.63,56.5,0.59
1992年,男,台北市,喉,3.13,41,64.76,66.0,3.02
1992年,男,台北市,肺、支氣管及氣管,34.33,445,67.03,68.0,32.8
1992年,男,台北市,胸膜,0.1,1,54.0,54.0,0.07
1992年,男,台北市,胸腺、心臟與中隔,0.94,13,49.15,45.0,0.96
1992年,男,台北市,骨、關節及關節軟骨,0.91,13,31.31,17.0,0.96
1992年,男,台北市,結締組織、皮下組織及其他軟組織,1.41,19,47.42,55.0,1.4
1992年,男,台北市,皮膚,6.04,78,59.5,63.0,5.75
1992年,男,台北市,男性乳房,0.26,3,68.67,77.0,0.22
1992年,男,台北市,攝護腺,11.55,149,71.5,72.0,10.98
1992年,男,台北市,睪丸,0.72,10,25.9,29.0,0.74
1992年,男,台北市,其他男性生殖器官,0.4,5,60.0,60.0,0.37
1992年,男,台北市,膀胱,7.86,102,64.72,66.5,7.52
1992年,男,台北市,腎,2.85,38,62.32,65.0,2.8
1992年,男,台北市,腎盂及其他泌尿系統,2.7,35,65.57,67.0,2.58
1992年,男,台北市,眼及淚腺,0.19,2,28.0,28.0,0.15
1992年,男,台北市,腦,1.87,26,30.77,29.5,1.92
1992年,男,台北市,其他神經系統,0.09,1,47.0,47.0,0.07
1992年,男,台北市,甲狀腺,2.61,36,45.94,44.0,2.65
1992年,男,台北市,其他內分泌腺,0.72,9,30.67,16.0,0.66
1992年,男,台北市,其他分界不明的部位,0.45,5,72.2,77.0,0.37
1992年,男,台北市,不明原發部位,4.1,53,63.68,65.0,3.91
1992年,男,台北市,何杰金氏淋巴瘤,0.28,4,36.25,30.5,0.29
1992年,男,台北市,白血病,3.82,50,42.38,41.5,3.68
1992年,男,台北市,非何杰金氏淋巴瘤,6.19,82,59.22,65.0,6.04
1992年,男,台北市,漿細胞瘤,0.7,9,66.22,69.0,0.66
1992年,男,台北市,全癌症,218.92,2839,60.9,65.0,209.22
1992年,女,台北市,口腔、口咽及下咽,2.46,29,56.52,58.0,2.17
1992年,女,台北市,主唾液腺,0.33,5,36.0,33.0,0.37
1992年,女,台北市,鼻咽,3.48,45,47.24,49.0,3.36
1992年,女,台北市,食道,1.1,12,65.0,68.0,0.9
1992年,女,台北市,胃,13.43,160,57.99,62.0,11.95
1992年,女,台北市,小腸,0.35,4,61.75,64.5,0.3
1992年,女,台北市,結直腸,28.19,314,61.5,63.0,23.45
1992年,女,台北市,肝及肝內膽管,11.43,129,60.6,64.0,9.63
1992年,女,台北市,膽囊及肝外膽管,1.92,20,68.5,67.5,1.49
1992年,女,台北市,胰,3.07,34,66.09,70.0,2.54
1992年,女,台北市,後腹膜腔及腹膜,0.56,7,31.71,42.0,0.52
1992年,女,台北市,消化器官其他分界不明部位,0.09,1,66.0,66.0,0.07
1992年,女,台北市,鼻腔、中耳及副鼻竇,0.82,10,52.9,51.5,0.75
1992年,女,台北市,喉,0.39,4,66.5,63.5,0.3
1992年,女,台北市,肺、支氣管及氣管,16.88,186,62.99,66.0,13.89
1992年,女,台北市,胸膜,0.09,1,52.0,52.0,0.07
1992年,女,台北市,胸腺、心臟與中隔,0.28,4,36.5,41.0,0.3
1992年,女,台北市,骨、關節及關節軟骨,0.89,12,40.58,33.5,0.9
1992年,女,台北市,結締組織、皮下組織及其他軟組織,0.74,9,48.11,60.0,0.67
1992年,女,台北市,皮膚,4.69,55,57.45,62.0,4.11
1992年,女,台北市,女性乳房,36.48,468,50.96,49.0,34.95
1992年,女,台北市,子宮,0.43,6,47.67,40.5,0.45
1992年,女,台北市,子宮頸,26.39,323,52.65,52.0,24.12
1992年,女,台北市,子宮體,6.79,80,54.25,55.0,5.97
1992年,女,台北市,卵巢、輸卵管及寬韌帶,6.11,77,48.62,48.0,5.75
1992年,女,台北市,其他女性生殖器官,1.2,14,55.29,56.5,1.05
1992年,女,台北市,膀胱,2.67,29,64.62,71.0,2.17
1992年,女,台北市,腎,1.16,14,51.5,53.5,1.05
1992年,女,台北市,腎盂及其他泌尿系統,1.62,17,70.35,70.0,1.27
1992年,女,台北市,眼及淚腺,0.19,2,32.5,32.5,0.15
1992年,女,台北市,腦,1.43,19,35.53,38.0,1.42
1992年,女,台北市,其他神經系統,0.14,2,49.0,49.0,0.15
1992年,女,台北市,甲狀腺,6.77,92,40.67,37.0,6.87
1992年,女,台北市,其他內分泌腺,0.3,4,34.0,32.0,0.3
1992年,女,台北市,其他分界不明的部位,0.45,5,66.4,67.0,0.37
1992年,女,台北市,不明原發部位,3.45,39,60.56,65.0,2.91
1992年,女,台北市,何杰金氏淋巴瘤,0.26,3,48.0,54.0,0.22
1992年,女,台北市,白血病,3.95,47,39.32,43.0,3.51
1992年,女,台北市,非何杰金氏淋巴瘤,3.6,42,57.19,60.5,3.14
1992年,女,台北市,漿細胞瘤,0.75,8,61.88,61.0,0.6
1992年,女,台北市,全癌症,196.81,2349,54.99,57.0,175.41
1993年,男,台北市,口腔、口咽及下咽,12.07,151,54.44,53.0,11.33
1993年,男,台北市,主唾液腺,0.56,8,45.0,41.5,0.6
1993年,男,台北市,鼻咽,8.76,117,48.97,47.0,8.78
1993年,男,台北市,食道,6.85,86,64.19,65.0,6.46
1993年,男,台北市,胃,23.22,300,66.93,70.0,22.52
1993年,男,台北市,小腸,0.69,9,50.78,48.0,0.68
1993年,男,台北市,結直腸,28.55,377,63.59,66.0,28.3
1993年,男,台北市,肝及肝內膽管,32.35,417,59.69,62.0,31.3
1993年,男,台北市,膽囊及肝外膽管,1.98,25,67.8,67.0,1.88
1993年,男,台北市,胰,4.42,56,64.77,65.5,4.2
1993年,男,台北市,後腹膜腔及腹膜,0.24,3,50.0,74.0,0.23
1993年,男,台北市,消化器官其他分界不明部位,0.22,3,73.0,73.0,0.23
1993年,男,台北市,鼻腔、中耳及副鼻竇,0.65,8,60.63,60.0,0.6
1993年,男,台北市,喉,3.47,44,64.84,66.5,3.3
1993年,男,台北市,肺、支氣管及氣管,32.93,437,66.65,68.0,32.8
1993年,男,台北市,胸膜,0.29,4,63.25,65.5,0.3
1993年,男,台北市,胸腺、心臟與中隔,1.04,14,50.29,49.5,1.05
1993年,男,台北市,骨、關節及關節軟骨,0.38,6,33.67,36.0,0.45
1993年,男,台北市,結締組織、皮下組織及其他軟組織,1.68,24,51.17,47.0,1.8
1993年,男,台北市,皮膚,5.38,72,65.85,69.5,5.4
1993年,男,台北市,男性乳房,0.19,2,52.5,52.5,0.15
1993年,男,台北市,攝護腺,11.83,156,71.91,72.0,11.71
1993年,男,台北市,睪丸,0.73,9,34.78,37.0,0.68
1993年,男,台北市,其他男性生殖器官,1.05,14,65.64,72.0,1.05
1993年,男,台北市,膀胱,8.96,119,67.2,69.0,8.93
1993年,男,台北市,腎,4.17,56,63.13,66.5,4.2
1993年,男,台北市,腎盂及其他泌尿系統,2.62,34,64.97,67.0,2.55
1993年,男,台北市,眼及淚腺,0.18,2,24.5,24.5,0.15
1993年,男,台北市,腦,3.08,42,39.07,37.0,3.15
1993年,男,台北市,其他神經系統,0.54,7,47.29,51.0,0.53
1993年,男,台北市,甲狀腺,2.88,38,57.24,62.0,2.85
1993年,男,台北市,其他內分泌腺,0.31,4,36.5,40.5,0.3
1993年,男,台北市,其他分界不明的部位,0.36,5,60.4,68.0,0.38
1993年,男,台北市,不明原發部位,4.44,61,65.66,68.0,4.58
1993年,男,台北市,何杰金氏淋巴瘤,0.06,1,71.0,71.0,0.08
1993年,男,台北市,白血病,5.44,73,43.16,42.0,5.48
1993年,男,台北市,非何杰金氏淋巴瘤,6.07,78,58.49,63.5,5.85
1993年,男,台北市,漿細胞瘤,1.19,17,61.94,68.0,1.28
1993年,男,台北市,全癌症,222.18,2911,61.89,66.0,218.51
1993年,女,台北市,口腔、口咽及下咽,2.17,27,53.74,56.0,2.04
1993年,女,台北市,主唾液腺,0.74,11,43.82,38.0,0.83
1993年,女,台北市,鼻咽,3.47,47,48.02,46.0,3.56
1993年,女,台北市,食道,0.85,9,73.22,72.0,0.68
1993年,女,台北市,胃,11.36,133,60.51,62.0,10.07
1993年,女,台北市,小腸,0.86,9,67.89,65.0,0.68
1993年,女,台北市,結直腸,26.24,297,60.56,63.0,22.48
1993年,女,台北市,肝及肝內膽管,12.1,135,62.93,65.0,10.22
1993年,女,台北市,膽囊及肝外膽管,2.2,24,64.92,67.0,1.82
1993年,女,台北市,胰,2.41,27,67.0,72.0,2.04
1993年,女,台北市,後腹膜腔及腹膜,0.88,10,47.3,57.5,0.76
1993年,女,台北市,消化器官其他分界不明部位,0.18,2,60.5,60.5,0.15
1993年,女,台北市,鼻腔、中耳及副鼻竇,0.75,9,45.56,51.0,0.68
1993年,女,台北市,喉,0.05,1,37.0,37.0,0.08
1993年,女,台北市,肺、支氣管及氣管,18.72,207,64.08,66.0,15.67
1993年,女,台北市,胸膜,0.06,1,34.0,34.0,0.08
1993年,女,台北市,胸腺、心臟與中隔,0.71,8,48.25,54.5,0.61
1993年,女,台北市,骨、關節及關節軟骨,0.92,12,31.92,30.0,0.91
1993年,女,台北市,結締組織、皮下組織及其他軟組織,1.61,20,49.1,51.0,1.51
1993年,女,台北市,皮膚,4.03,49,57.8,58.0,3.71
1993年,女,台北市,女性乳房,38.31,499,50.37,48.0,37.77
1993年,女,台北市,子宮,0.24,3,57.67,63.0,0.23
1993年,女,台北市,子宮頸,28.04,344,54.16,54.0,26.04
1993年,女,台北市,子宮體,6.62,80,53.14,52.0,6.06
1993年,女,台北市,卵巢、輸卵管及寬韌帶,6.35,79,49.63,48.0,5.98
1993年,女,台北市,其他女性生殖器官,1.43,17,59.18,61.0,1.29
1993年,女,台北市,膀胱,3.02,33,66.15,69.0,2.5
1993年,女,台北市,腎,1.83,22,53.41,56.5,1.67
1993年,女,台北市,腎盂及其他泌尿系統,2.2,24,67.38,69.0,1.82
1993年,女,台北市,眼及淚腺,0.41,4,19.5,3.0,0.3
1993年,女,台北市,腦,2.52,32,30.63,26.0,2.42
1993年,女,台北市,其他神經系統,0.05,1,42.0,42.0,0.08
1993年,女,台北市,甲狀腺,7.29,102,43.01,41.0,7.72
1993年,女,台北市,其他內分泌腺,0.23,3,46.33,47.0,0.23
1993年,女,台北市,其他分界不明的部位,0.2,2,66.0,66.0,0.15
1993年,女,台北市,不明原發部位,3.72,43,61.93,65.0,3.26
1993年,女,台北市,何杰金氏淋巴瘤,0.33,4,39.25,39.5,0.3
1993年,女,台北市,白血病,4.05,48,44.67,49.0,3.63
1993年,女,台北市,非何杰金氏淋巴瘤,3.3,39,54.51,59.0,2.95
1993年,女,台北市,漿細胞瘤,0.69,8,66.13,71.5,0.61
1993年,女,台北市,全癌症,202.34,2438,55.18,56.0,184.55
1994年,男,台北市,口腔、口咽及下咽,11.44,151,53.62,54.0,11.36
1994年,男,台北市,主唾液腺,0.46,6,44.17,42.5,0.45
1994年,男,台北市,鼻咽,7.76,108,48.75,45.5,8.12
1994年,男,台北市,食道,5.8,78,65.36,67.5,5.87
1994年,男,台北市,胃,20.09,276,66.49,69.0,20.76
1994年,男,台北市,小腸,0.8,10,60.2,60.5,0.75
1994年,男,台北市,結直腸,31.71,427,64.57,67.0,32.11
1994年,男,台北市,肝及肝內膽管,33.39,427,60.18,62.0,32.11
1994年,男,台北市,膽囊及肝外膽管,1.62,21,66.81,68.0,1.58
1994年,男,台北市,胰,3.9,53,62.96,65.0,3.99
1994年,男,台北市,後腹膜腔及腹膜,0.24,3,40.33,40.0,0.23
1994年,男,台北市,消化器官其他分界不明部位,0.15,2,47.0,47.0,0.15
1994年,男,台北市,鼻腔、中耳及副鼻竇,0.85,11,58.27,59.0,0.83
1994年,男,台北市,喉,3.38,43,64.65,65.0,3.23
1994年,男,台北市,肺、支氣管及氣管,30.55,415,68.27,69.0,31.21
1994年,男,台北市,胸腺、心臟與中隔,1.25,16,43.75,49.0,1.2
1994年,男,台北市,骨、關節及關節軟骨,0.68,9,27.67,14.0,0.68
1994年,男,台北市,結締組織、皮下組織及其他軟組織,1.7,23,48.65,47.0,1.73
1994年,男,台北市,皮膚,4.68,63,59.13,65.0,4.74
1994年,男,台北市,男性乳房,0.27,3,60.67,62.0,0.23
1994年,男,台北市,攝護腺,10.9,153,72.06,72.0,11.51
1994年,男,台北市,睪丸,0.94,12,32.67,33.0,0.9
1994年,男,台北市,其他男性生殖器官,0.52,7,58.29,64.0,0.53
1994年,男,台北市,膀胱,8.18,109,64.77,69.0,8.2
1994年,男,台北市,腎,4.49,58,58.33,59.0,4.36
1994年,男,台北市,腎盂及其他泌尿系統,2.69,36,66.75,70.0,2.71
1994年,男,台北市,眼及淚腺,0.14,2,54.0,54.0,0.15
1994年,男,台北市,腦,3.15,42,49.79,54.5,3.16
1994年,男,台北市,其他神經系統,0.39,6,51.17,56.5,0.45
1994年,男,台北市,甲狀腺,1.86,25,56.84,62.0,1.88
1994年,男,台北市,其他內分泌腺,0.33,5,53.2,60.0,0.38
1994年,男,台北市,其他分界不明的部位,0.42,6,63.0,71.0,0.45
1994年,男,台北市,不明原發部位,5.15,70,65.7,69.0,5.26
1994年,男,台北市,何杰金氏淋巴瘤,0.22,3,50.33,60.0,0.23
1994年,男,台北市,白血病,5.07,66,50.02,55.5,4.96
1994年,男,台北市,非何杰金氏淋巴瘤,5.24,71,58.52,61.0,5.34
1994年,男,台北市,漿細胞瘤,1.77,24,66.0,66.0,1.81
1994年,男,台北市,全癌症,214.74,2876,62.12,66.0,216.3
1994年,女,台北市,口腔、口咽及下咽,1.52,18,55.78,60.0,1.36
1994年,女,台北市,主唾液腺,0.69,8,63.88,64.0,0.6
1994年,女,台北市,鼻咽,4.41,59,48.83,49.0,4.46
1994年,女,台北市,食道,0.63,7,69.71,70.0,0.53
1994年,女,台北市,胃,11.31,135,60.84,63.0,10.2
1994年,女,台北市,小腸,0.46,5,63.6,60.0,0.38
1994年,女,台北市,結直腸,24.18,280,63.56,66.0,21.15
1994年,女,台北市,肝及肝內膽管,11.87,143,58.08,60.0,10.8
1994年,女,台北市,膽囊及肝外膽管,2.3,26,67.54,69.0,1.96
1994年,女,台北市,胰,2.49,28,66.32,69.5,2.11
1994年,女,台北市,後腹膜腔及腹膜,0.62,7,51.57,53.0,0.53
1994年,女,台北市,消化器官其他分界不明部位,0.05,1,42.0,42.0,0.08
1994年,女,台北市,鼻腔、中耳及副鼻竇,0.36,5,41.6,41.0,0.38
1994年,女,台北市,喉,0.09,1,56.0,56.0,0.08
1994年,女,台北市,肺、支氣管及氣管,18.02,210,64.01,66.5,15.86
1994年,女,台北市,胸膜,0.18,2,37.0,37.0,0.15
1994年,女,台北市,胸腺、心臟與中隔,0.43,5,57.4,59.0,0.38
1994年,女,台北市,骨、關節及關節軟骨,0.45,5,31.8,16.0,0.38
1994年,女,台北市,結締組織、皮下組織及其他軟組織,1.37,18,47.0,45.0,1.36
1994年,女,台北市,皮膚,5.13,62,54.23,61.5,4.68
1994年,女,台北市,女性乳房,34.91,473,50.74,47.0,35.73
1994年,女,台北市,子宮,0.35,4,59.5,55.0,0.3
1994年,女,台北市,子宮頸,23.73,307,54.23,54.0,23.19
1994年,女,台北市,子宮體,4.97,63,53.06,54.0,4.76
1994年,女,台北市,卵巢、輸卵管及寬韌帶,6.67,86,47.55,47.5,6.5
1994年,女,台北市,其他女性生殖器官,1.09,13,52.77,58.0,0.98
1994年,女,台北市,膀胱,3.39,37,69.11,72.0,2.79
1994年,女,台北市,腎,2.46,30,56.8,62.0,2.27
1994年,女,台北市,腎盂及其他泌尿系統,2.74,30,68.1,68.0,2.27
1994年,女,台北市,眼及淚腺,0.11,1,1.0,1.0,0.08
1994年,女,台北市,腦,3.09,37,38.03,42.0,2.79
1994年,女,台北市,其他神經系統,0.47,6,38.33,31.5,0.45
1994年,女,台北市,甲狀腺,5.55,79,43.19,39.0,5.97
1994年,女,台北市,其他內分泌腺,0.3,3,16.0,0.0,0.23
1994年,女,台北市,其他分界不明的部位,0.37,4,29.0,19.5,0.3
1994年,女,台北市,不明原發部位,4.84,56,61.05,61.5,4.23
1994年,女,台北市,何杰金氏淋巴瘤,0.3,4,21.5,25.0,0.3
1994年,女,台北市,白血病,2.88,36,40.22,36.0,2.72
1994年,女,台北市,非何杰金氏淋巴瘤,4.14,54,54.19,59.0,4.08
1994年,女,台北市,漿細胞瘤,0.68,8,63.13,65.5,0.6
1994年,女,台北市,全癌症,191.83,2381,55.64,57.0,179.84
1995年,男,台北市,口腔、口咽及下咽,11.92,156,53.71,52.0,11.84
1995年,男,台北市,主唾液腺,0.74,10,50.1,48.0,0.76
1995年,男,台北市,鼻咽,8.87,120,49.69,48.0,9.11
1995年,男,台北市,食道,6.97,96,66.13,67.0,7.29
1995年,男,台北市,胃,25.69,357,66.56,69.0,27.1
1995年,男,台北市,小腸,0.35,5,66.2,68.0,0.38
1995年,男,台北市,結直腸,32.14,442,64.14,66.0,33.55
1995年,男,台北市,肝及肝內膽管,40.35,533,60.35,63.0,40.46
1995年,男,台北市,膽囊及肝外膽管,2.5,33,69.76,70.0,2.5
1995年,男,台北市,胰,4.52,62,64.4,68.0,4.71
1995年,男,台北市,後腹膜腔及腹膜,0.54,6,13.67,2.5,0.46
1995年,男,台北市,消化器官其他分界不明部位,0.39,5,64.4,69.0,0.38
1995年,男,台北市,鼻腔、中耳及副鼻竇,1.04,14,58.29,60.5,1.06
1995年,男,台北市,喉,3.77,52,67.63,68.5,3.95
1995年,男,台北市,肺、支氣管及氣管,32.71,459,68.42,70.0,34.84
1995年,男,台北市,胸膜,0.27,3,70.0,73.0,0.23
1995年,男,台北市,胸腺、心臟與中隔,0.78,10,47.1,53.0,0.76
1995年,男,台北市,骨、關節及關節軟骨,1.25,16,33.0,19.0,1.21
1995年,男,台北市,結締組織、皮下組織及其他軟組織,1.17,16,47.44,48.5,1.21
1995年,男,台北市,皮膚,5.72,78,63.21,66.0,5.92
1995年,男,台北市,男性乳房,0.32,4,61.75,61.0,0.3
1995年,男,台北市,攝護腺,15.85,231,72.83,74.0,17.53
1995年,男,台北市,睪丸,0.93,12,38.75,34.5,0.91
1995年,男,台北市,其他男性生殖器官,0.5,7,58.14,68.0,0.53
1995年,男,台北市,膀胱,8.93,125,65.24,69.0,9.49
1995年,男,台北市,腎,3.91,50,60.48,64.0,3.8
1995年,男,台北市,腎盂及其他泌尿系統,2.73,37,63.92,66.0,2.81
1995年,男,台北市,眼及淚腺,0.43,5,45.0,61.0,0.38
1995年,男,台北市,腦,2.84,41,45.37,42.0,3.11
1995年,男,台北市,其他神經系統,0.1,1,52.0,52.0,0.08
1995年,男,台北市,甲狀腺,2.17,32,46.94,44.0,2.43
1995年,男,台北市,其他內分泌腺,0.38,4,21.25,13.5,0.3
1995年,男,台北市,其他分界不明的部位,0.24,3,63.0,61.0,0.23
1995年,男,台北市,不明原發部位,5.5,76,64.05,68.0,5.77
1995年,男,台北市,何杰金氏淋巴瘤,0.74,10,47.5,47.5,0.76
1995年,男,台北市,白血病,6.03,79,42.44,47.0,6.0
1995年,男,台北市,非何杰金氏淋巴瘤,4.27,57,60.04,63.0,4.33
1995年,男,台北市,漿細胞瘤,1.42,19,66.84,69.0,1.44
1995年,男,台北市,全癌症,241.93,3308,62.42,66.0,251.1
1995年,女,台北市,口腔、口咽及下咽,2.33,31,57.16,58.0,2.36
1995年,女,台北市,主唾液腺,0.42,6,49.33,45.5,0.46
1995年,女,台北市,鼻咽,2.34,34,47.88,43.5,2.58
1995年,女,台北市,食道,1.07,13,66.85,72.0,0.99
1995年,女,台北市,胃,12.81,157,63.06,66.0,11.94
1995年,女,台北市,小腸,0.6,7,71.86,72.0,0.53
1995年,女,台北市,結直腸,25.98,312,63.31,66.0,23.72
1995年,女,台北市,肝及肝內膽管,14.85,176,64.22,66.0,13.38
1995年,女,台北市,膽囊及肝外膽管,2.26,27,66.19,69.0,2.05
1995年,女,台北市,胰,3.48,40,67.5,70.0,3.04
1995年,女,台北市,後腹膜腔及腹膜,0.22,3,64.33,70.0,0.23
1995年,女,台北市,消化器官其他分界不明部位,0.34,4,62.5,65.0,0.3
1995年,女,台北市,鼻腔、中耳及副鼻竇,0.18,2,62.5,62.5,0.15
1995年,女,台北市,喉,0.18,2,81.0,81.0,0.15
1995年,女,台北市,肺、支氣管及氣管,22.41,264,64.49,66.5,20.07
1995年,女,台北市,胸腺、心臟與中隔,0.59,7,56.86,51.0,0.53
1995年,女,台北市,骨、關節及關節軟骨,0.51,7,41.29,31.0,0.53
1995年,女,台北市,結締組織、皮下組織及其他軟組織,1.45,18,40.61,41.5,1.37
1995年,女,台北市,皮膚,4.42,54,59.26,66.5,4.11
1995年,女,台北市,女性乳房,44.59,609,50.67,48.0,46.3
1995年,女,台北市,子宮,0.15,2,46.5,46.5,0.15
1995年,女,台北市,子宮頸,24.86,324,55.81,54.5,24.63
1995年,女,台北市,子宮體,4.89,63,52.79,53.0,4.79
1995年,女,台北市,卵巢、輸卵管及寬韌帶,7.85,105,49.44,48.0,7.98
1995年,女,台北市,其他女性生殖器官,0.98,12,61.42,65.0,0.91
1995年,女,台北市,膀胱,3.38,40,68.18,73.0,3.04
1995年,女,台北市,腎,2.7,33,58.03,60.0,2.51
1995年,女,台北市,腎盂及其他泌尿系統,2.65,30,65.63,65.5,2.28
1995年,女,台北市,眼及淚腺,0.32,4,42.5,44.0,0.3
1995年,女,台北市,腦,2.26,28,49.04,57.0,2.13
1995年,女,台北市,其他神經系統,0.31,4,56.75,59.0,0.3
1995年,女,台北市,甲狀腺,8.19,118,42.53,39.0,8.97
1995年,女,台北市,其他內分泌腺,0.24,3,37.67,34.0,0.23
1995年,女,台北市,其他分界不明的部位,0.24,3,64.0,71.0,0.23
1995年,女,台北市,不明原發部位,4.36,52,64.94,67.5,3.95
1995年,女,台北市,何杰金氏淋巴瘤,0.06,1,30.0,30.0,0.08
1995年,女,台北市,白血病,3.69,45,38.82,36.0,3.42
1995年,女,台北市,非何杰金氏淋巴瘤,2.86,37,51.92,54.0,2.81
1995年,女,台北市,漿細胞瘤,0.79,9,65.44,66.0,0.68
1995年,女,台北市,全癌症,213.76,2709,56.79,58.0,205.94
1996年,男,台北市,口腔、口咽及下咽,14.28,190,55.13,55.0,14.59
1996年,男,台北市,主唾液腺,1.03,14,46.93,44.5,1.08
1996年,男,台北市,鼻咽,8.94,122,51.37,51.0,9.37
1996年,男,台北市,食道,6.46,85,64.86,65.0,6.53
1996年,男,台北市,胃,24.42,343,67.61,70.0,26.34
1996年,男,台北市,小腸,0.83,12,64.5,69.5,0.92
1996年,男,台北市,結直腸,36.64,511,65.42,68.0,39.24
1996年,男,台北市,肝及肝內膽管,43.31,576,60.17,62.0,44.23
1996年,男,台北市,膽囊及肝外膽管,1.79,24,66.54,68.5,1.84
1996年,男,台北市,胰,4.64,66,68.05,70.5,5.07
1996年,男,台北市,後腹膜腔及腹膜,0.55,7,41.57,51.0,0.54
1996年,男,台北市,消化器官其他分界不明部位,0.25,3,61.67,60.0,0.23
1996年,男,台北市,鼻腔、中耳及副鼻竇,0.88,10,50.7,54.0,0.77
1996年,男,台北市,喉,3.54,47,65.53,67.0,3.61
1996年,男,台北市,肺、支氣管及氣管,37.29,532,68.48,71.0,40.85
1996年,男,台北市,胸膜,0.1,1,53.0,53.0,0.08
1996年,男,台北市,胸腺、心臟與中隔,1.27,15,50.27,55.0,1.15
1996年,男,台北市,骨、關節及關節軟骨,1.08,14,30.29,18.0,1.08
1996年,男,台北市,結締組織、皮下組織及其他軟組織,2.26,30,50.1,49.5,2.3
1996年,男,台北市,皮膚,6.77,98,62.76,67.5,7.53
1996年,男,台北市,男性乳房,0.06,1,79.0,79.0,0.08
1996年,男,台北市,攝護腺,18.49,274,72.27,73.0,21.04
1996年,男,台北市,睪丸,0.78,10,28.5,29.0,0.77
1996年,男,台北市,其他男性生殖器官,0.63,8,67.13,66.0,0.61
1996年,男,台北市,膀胱,9.91,145,68.2,71.0,11.13
1996年,男,台北市,腎,5.23,72,63.99,66.0,5.53
1996年,男,台北市,腎盂及其他泌尿系統,2.31,33,64.61,69.0,2.53
1996年,男,台北市,眼及淚腺,0.16,2,38.5,38.5,0.15
1996年,男,台北市,腦,3.13,41,45.1,47.0,3.15
1996年,男,台北市,其他神經系統,0.14,2,38.5,38.5,0.15
1996年,男,台北市,甲狀腺,1.16,15,55.13,55.0,1.15
1996年,男,台北市,其他內分泌腺,0.2,2,1.5,1.5,0.15
1996年,男,台北市,不明原發部位,6.74,92,64.18,67.0,7.06
1996年,男,台北市,何杰金氏淋巴瘤,0.66,9,33.0,32.0,0.69
1996年,男,台北市,白血病,6.04,80,44.0,45.0,6.14
1996年,男,台北市,非何杰金氏淋巴瘤,5.72,79,58.01,61.0,6.07
1996年,男,台北市,漿細胞瘤,1.1,15,66.27,67.0,1.15
1996年,男,台北市,全癌症,261.96,3624,63.04,67.0,278.29
1996年,女,台北市,口腔、口咽及下咽,2.63,36,59.33,61.0,2.76
1996年,女,台北市,主唾液腺,0.63,8,55.25,67.0,0.61
1996年,女,台北市,鼻咽,3.01,45,44.71,42.0,3.45
1996年,女,台北市,食道,1.02,12,68.42,69.5,0.92
1996年,女,台北市,胃,14.68,186,64.06,68.0,14.27
1996年,女,台北市,小腸,0.58,7,60.0,64.0,0.54
1996年,女,台北市,結直腸,30.32,373,63.11,65.0,28.62
1996年,女,台北市,肝及肝內膽管,16.98,206,64.65,65.0,15.81
1996年,女,台北市,膽囊及肝外膽管,2.84,34,66.71,65.5,2.61
1996年,女,台北市,胰,4.22,51,65.49,69.0,3.91
1996年,女,台北市,後腹膜腔及腹膜,0.84,10,52.5,55.0,0.77
1996年,女,台北市,消化器官其他分界不明部位,0.08,1,74.0,74.0,0.08
1996年,女,台北市,鼻腔、中耳及副鼻竇,0.34,4,52.75,59.5,0.31
1996年,女,台北市,喉,0.35,4,68.5,70.5,0.31
1996年,女,台北市,肺、支氣管及氣管,21.02,259,66.14,68.0,19.88
1996年,女,台北市,胸腺、心臟與中隔,0.61,8,50.75,50.0,0.61
1996年,女,台北市,骨、關節及關節軟骨,1.04,12,39.75,40.0,0.92
1996年,女,台北市,結締組織、皮下組織及其他軟組織,2.45,32,48.56,49.5,2.46
1996年,女,台北市,皮膚,6.37,77,63.47,67.0,5.91
1996年,女,台北市,女性乳房,43.26,608,50.48,48.0,46.66
1996年,女,台北市,子宮,0.16,2,74.0,74.0,0.15
1996年,女,台北市,子宮頸,27.85,371,54.77,55.0,28.47
1996年,女,台北市,子宮體,5.33,74,52.81,53.0,5.68
1996年,女,台北市,卵巢、輸卵管及寬韌帶,7.19,97,48.95,48.0,7.44
1996年,女,台北市,其他女性生殖器官,1.2,16,56.13,58.5,1.23
1996年,女,台北市,膀胱,2.81,35,63.11,65.0,2.69
1996年,女,台北市,腎,2.73,32,62.81,65.0,2.46
1996年,女,台北市,腎盂及其他泌尿系統,1.68,21,64.81,68.0,1.61
1996年,女,台北市,眼及淚腺,0.13,2,31.0,31.0,0.15
1996年,女,台北市,腦,2.4,30,46.87,51.5,2.3
1996年,女,台北市,其他神經系統,0.33,4,54.75,50.0,0.31
1996年,女,台北市,甲狀腺,8.3,117,44.71,42.0,8.98
1996年,女,台北市,其他內分泌腺,0.65,8,30.13,34.5,0.61
1996年,女,台北市,其他分界不明的部位,0.1,1,50.0,50.0,0.08
1996年,女,台北市,不明原發部位,5.79,72,67.14,70.5,5.53
1996年,女,台北市,何杰金氏淋巴瘤,0.34,5,32.2,30.0,0.38
1996年,女,台北市,白血病,4.3,55,45.73,45.0,4.22
1996年,女,台北市,非何杰金氏淋巴瘤,4.29,56,56.27,59.0,4.3
1996年,女,台北市,漿細胞瘤,0.84,10,68.1,67.5,0.77
1996年,女,台北市,全癌症,231.61,3005,57.28,59.0,230.6
1997年,男,台北市,口腔、口咽及下咽,13.28,181,53.27,51.0,13.97
1997年,男,台北市,主唾液腺,0.45,7,56.29,60.0,0.54
1997年,男,台北市,鼻咽,9.26,126,50.4,49.5,9.72
1997年,男,台北市,食道,8.32,115,64.66,66.0,8.88
1997年,男,台北市,胃,23.01,338,68.52,71.0,26.09
1997年,男,台北市,小腸,0.59,8,61.5,62.0,0.62
1997年,男,台北市,結直腸,35.95,503,65.21,67.0,38.82
1997年,男,台北市,肝及肝內膽管,44.99,612,60.76,63.0,47.24
1997年,男,台北市,膽囊及肝外膽管,2.96,43,70.51,73.0,3.32
1997年,男,台北市,胰,5.11,73,68.25,69.0,5.63
1997年,男,台北市,後腹膜腔及腹膜,0.49,7,45.14,36.0,0.54
1997年,男,台北市,消化器官其他分界不明部位,0.11,2,73.0,73.0,0.15
1997年,男,台北市,鼻腔、中耳及副鼻竇,0.72,11,52.27,49.0,0.85
1997年,男,台北市,喉,3.22,44,68.02,68.5,3.4
1997年,男,台北市,肺、支氣管及氣管,35.63,517,69.14,71.0,39.9
1997年,男,台北市,胸腺、心臟與中隔,0.85,12,54.58,50.0,0.93
1997年,男,台北市,骨、關節及關節軟骨,1.0,13,47.15,47.0,1.0
1997年,男,台北市,結締組織、皮下組織及其他軟組織,1.3,18,48.44,50.5,1.39
1997年,男,台北市,皮膚,6.98,99,63.55,68.0,7.64
1997年,男,台北市,男性乳房,0.25,4,65.75,73.0,0.31
1997年,男,台北市,攝護腺,20.21,304,72.69,74.0,23.46
1997年,男,台北市,睪丸,0.94,12,26.17,28.0,0.93
1997年,男,台北市,其他男性生殖器官,0.49,8,76.13,75.5,0.62
1997年,男,台北市,膀胱,10.33,147,67.02,69.0,11.35
1997年,男,台北市,腎,5.13,71,61.42,63.0,5.48
1997年,男,台北市,腎盂及其他泌尿系統,3.02,43,63.58,67.0,3.32
1997年,男,台北市,眼及淚腺,0.06,1,45.0,45.0,0.08
1997年,男,台北市,腦,3.49,46,51.65,55.5,3.55
1997年,男,台北市,其他神經系統,0.22,3,45.33,48.0,0.23
1997年,男,台北市,甲狀腺,1.66,23,49.78,49.0,1.78
1997年,男,台北市,其他內分泌腺,0.35,4,11.5,0.0,0.31
1997年,男,台北市,其他分界不明的部位,0.06,1,48.0,48.0,0.08
1997年,男,台北市,不明原發部位,3.71,54,69.54,71.0,4.17
1997年,男,台北市,何杰金氏淋巴瘤,0.48,6,23.33,14.5,0.46
1997年,男,台北市,白血病,5.11,67,43.58,42.0,5.17
1997年,男,台北市,非何杰金氏淋巴瘤,6.54,93,57.58,65.0,7.18
1997年,男,台北市,漿細胞瘤,1.5,20,65.9,67.5,1.54
1997年,男,台北市,全癌症,260.24,3669,63.56,67.0,283.18
1997年,女,台北市,口腔、口咽及下咽,2.72,36,60.19,61.5,2.76
1997年,女,台北市,主唾液腺,0.43,6,51.0,46.5,0.46
1997年,女,台北市,鼻咽,3.41,47,48.94,50.0,3.61
1997年,女,台北市,食道,0.79,10,72.5,75.0,0.77
1997年,女,台北市,胃,13.89,182,62.17,65.0,13.97
1997年,女,台北市,小腸,0.44,6,58.17,59.5,0.46
1997年,女,台北市,結直腸,30.13,386,64.24,66.0,29.63
1997年,女,台北市,肝及肝內膽管,18.99,237,64.19,65.0,18.19
1997年,女,台北市,膽囊及肝外膽管,2.5,31,68.35,68.0,2.38
1997年,女,台北市,胰,3.46,44,66.8,68.5,3.38
1997年,女,台北市,後腹膜腔及腹膜,0.57,8,47.5,45.0,0.61
1997年,女,台北市,鼻腔、中耳及副鼻竇,0.73,9,59.44,63.0,0.69
1997年,女,台北市,喉,0.46,6,66.67,68.0,0.46
1997年,女,台北市,肺、支氣管及氣管,20.84,269,66.28,69.0,20.65
1997年,女,台北市,胸膜,0.08,1,75.0,75.0,0.08
1997年,女,台北市,胸腺、心臟與中隔,0.53,7,44.57,48.0,0.54
1997年,女,台北市,骨、關節及關節軟骨,0.51,6,26.83,22.0,0.46
1997年,女,台北市,結締組織、皮下組織及其他軟組織,1.54,21,45.81,48.0,1.61
1997年,女,台北市,皮膚,6.18,81,57.31,60.0,6.22
1997年,女,台北市,女性乳房,49.7,714,51.66,48.0,54.8
1997年,女,台北市,子宮,0.08,1,79.0,79.0,0.08
1997年,女,台北市,子宮頸,27.35,382,53.93,53.0,29.32
1997年,女,台北市,子宮體,6.67,91,53.96,52.0,6.98
1997年,女,台北市,卵巢、輸卵管及寬韌帶,7.71,108,49.64,48.5,8.29
1997年,女,台北市,其他女性生殖器官,0.92,12,59.5,63.5,0.92
1997年,女,台北市,膀胱,4.66,59,66.56,69.0,4.53
1997年,女,台北市,腎,2.6,34,65.06,67.0,2.61
1997年,女,台北市,腎盂及其他泌尿系統,2.88,37,68.78,71.0,2.84
1997年,女,台北市,眼及淚腺,0.37,4,9.5,0.5,0.31
1997年,女,台北市,腦,2.28,29,42.79,45.0,2.23
1997年,女,台北市,其他神經系統,0.17,2,60.5,60.5,0.15
1997年,女,台北市,甲狀腺,8.75,124,44.82,42.0,9.52
1997年,女,台北市,其他內分泌腺,0.69,7,18.43,2.0,0.54
1997年,女,台北市,不明原發部位,3.53,46,65.67,70.5,3.53
1997年,女,台北市,何杰金氏淋巴瘤,0.38,5,35.0,33.0,0.38
1997年,女,台北市,白血病,3.1,38,43.97,52.0,2.92
1997年,女,台北市,非何杰金氏淋巴瘤,4.16,55,52.98,58.0,4.22
1997年,女,台北市,漿細胞瘤,1.21,15,64.73,63.0,1.15
1997年,女,台北市,全癌症,237.75,3187,57.18,58.0,244.62
1998年,男,台北市,口腔、口咽及下咽,15.67,218,53.58,51.5,16.62
1998年,男,台北市,主唾液腺,0.64,9,52.22,50.0,0.69
1998年,男,台北市,鼻咽,7.23,102,49.02,47.0,7.78
1998年,男,台北市,食道,6.53,96,63.98,66.5,7.32
1998年,男,台北市,胃,21.73,324,67.9,71.0,24.7
1998年,男,台北市,小腸,0.79,11,62.45,69.0,0.84
1998年,男,台北市,結直腸,37.03,537,65.19,68.0,40.94
1998年,男,台北市,肝及肝內膽管,43.25,607,61.67,63.0,46.27
1998年,男,台北市,膽囊及肝外膽管,2.79,41,67.32,69.0,3.13
1998年,男,台北市,胰,6.05,91,68.47,71.0,6.94
1998年,男,台北市,後腹膜腔及腹膜,0.52,6,42.83,45.0,0.46
1998年,男,台北市,消化器官其他分界不明部位,0.06,1,47.0,47.0,0.08
1998年,男,台北市,鼻腔、中耳及副鼻竇,0.35,5,64.8,63.0,0.38
1998年,男,台北市,喉,3.38,48,67.92,69.5,3.66
1998年,男,台北市,肺、支氣管及氣管,38.85,581,69.44,71.0,44.29
1998年,男,台北市,胸膜,0.15,2,83.5,83.5,0.15
1998年,男,台北市,胸腺、心臟與中隔,0.47,8,54.86,62.0,0.61
1998年,男,台北市,骨、關節及關節軟骨,0.68,9,34.11,28.0,0.69
1998年,男,台北市,結締組織、皮下組織及其他軟組織,1.67,25,49.84,46.0,1.91
1998年,男,台北市,皮膚,6.89,99,64.23,67.0,7.55
1998年,男,台北市,男性乳房,0.23,4,71.75,71.0,0.3
1998年,男,台北市,攝護腺,21.91,347,73.89,74.0,26.45
1998年,男,台北市,睪丸,0.98,14,32.64,32.0,1.07
1998年,男,台北市,其他男性生殖器官,0.64,10,72.0,72.0,0.76
1998年,男,台北市,膀胱,11.53,173,69.31,72.0,13.19
1998年,男,台北市,腎,5.58,81,63.04,67.0,6.17
1998年,男,台北市,腎盂及其他泌尿系統,4.0,61,65.95,71.0,4.65
1998年,男,台北市,眼及淚腺,0.13,2,54.0,54.0,0.15
1998年,男,台北市,腦,2.36,31,46.94,50.0,2.36
1998年,男,台北市,其他神經系統,0.47,7,54.57,57.0,0.53
1998年,男,台北市,甲狀腺,2.99,40,51.93,55.0,3.05
1998年,男,台北市,其他內分泌腺,0.39,5,39.0,48.0,0.38
1998年,男,台北市,不明原發部位,6.29,90,65.72,68.0,6.86
1998年,男,台北市,何杰金氏淋巴瘤,0.6,8,50.5,51.5,0.61
1998年,男,台北市,白血病,5.07,70,46.17,49.0,5.34
1998年,男,台北市,非何杰金氏淋巴瘤,3.99,58,60.43,64.5,4.42
1998年,男,台北市,漿細胞瘤,1.0,17,68.24,74.0,1.3
1998年,男,台北市,全癌症,266.95,3894,64.27,68.0,296.85
1998年,女,台北市,口腔、口咽及下咽,2.77,38,56.76,55.0,2.86
1998年,女,台北市,主唾液腺,0.4,6,38.0,38.0,0.45
1998年,女,台北市,鼻咽,3.26,49,51.8,49.0,3.69
1998年,女,台北市,食道,1.09,15,71.13,75.0,1.13
1998年,女,台北市,胃,11.4,156,64.11,66.5,11.75
1998年,女,台北市,小腸,0.87,12,61.25,59.5,0.9
1998年,女,台北市,結直腸,32.43,443,63.36,65.0,33.35
1998年,女,台北市,肝及肝內膽管,16.83,224,64.65,67.0,16.87
1998年,女,台北市,膽囊及肝外膽管,3.48,47,66.79,69.0,3.54
1998年,女,台北市,胰,3.79,51,68.67,70.0,3.84
1998年,女,台北市,後腹膜腔及腹膜,0.97,13,56.54,56.0,0.98
1998年,女,台北市,消化器官其他分界不明部位,0.07,1,75.0,75.0,0.08
1998年,女,台北市,鼻腔、中耳及副鼻竇,0.05,1,47.0,47.0,0.08
1998年,女,台北市,喉,0.23,3,69.0,69.0,0.23
1998年,女,台北市,肺、支氣管及氣管,21.91,293,66.38,68.0,22.06
1998年,女,台北市,胸腺、心臟與中隔,0.78,11,54.82,55.0,0.83
1998年,女,台北市,骨、關節及關節軟骨,0.69,9,35.0,30.0,0.68
1998年,女,台北市,結締組織、皮下組織及其他軟組織,1.32,19,46.68,47.0,1.43
1998年,女,台北市,皮膚,6.36,85,62.28,64.0,6.4
1998年,女,台北市,女性乳房,47.94,720,51.65,48.0,54.21
1998年,女,台北市,子宮,0.16,2,57.5,57.5,0.15
1998年,女,台北市,子宮頸,23.46,336,55.46,55.0,25.3
1998年,女,台北市,子宮體,8.08,115,53.88,54.0,8.66
1998年,女,台北市,卵巢、輸卵管及寬韌帶,9.41,134,51.11,49.5,10.09
1998年,女,台北市,其他女性生殖器官,1.16,15,66.8,67.0,1.13
1998年,女,台北市,膀胱,3.7,49,68.37,70.0,3.69
1998年,女,台北市,腎,2.61,35,62.11,63.0,2.64
1998年,女,台北市,腎盂及其他泌尿系統,2.69,35,69.11,69.0,2.64
1998年,女,台北市,眼及淚腺,0.08,1,81.0,81.0,0.08
1998年,女,台北市,腦,1.97,28,42.14,38.0,2.11
1998年,女,台北市,其他神經系統,0.24,3,48.33,71.0,0.23
1998年,女,台北市,甲狀腺,10.59,159,44.54,43.0,11.97
1998年,女,台北市,其他內分泌腺,0.29,4,37.25,45.5,0.3
1998年,女,台北市,不明原發部位,5.61,76,68.46,70.5,5.72
1998年,女,台北市,何杰金氏淋巴瘤,0.28,4,46.0,46.0,0.3
1998年,女,台北市,白血病,4.4,58,43.6,43.5,4.37
1998年,女,台北市,非何杰金氏淋巴瘤,3.09,43,54.72,57.0,3.24
1998年,女,台北市,漿細胞瘤,0.99,13,67.69,66.0,0.98
1998年,女,台北市,全癌症,237.63,3335,57.86,59.0,251.1
1999年,男,台北市,口腔、口咽及下咽,17.84,251,54.45,53.0,19.17
1999年,男,台北市,主唾液腺,1.08,15,58.07,54.0,1.15
1999年,男,台北市,鼻咽,8.35,121,50.12,48.0,9.24
1999年,男,台北市,食道,8.43,124,63.73,67.0,9.47
1999年,男,台北市,胃,20.28,315,68.4,72.0,24.06
1999年,男,台北市,小腸,0.84,13,67.31,71.0,0.99
1999年,男,台北市,結直腸,40.33,592,65.76,68.0,45.21
1999年,男,台北市,肝及肝內膽管,45.33,657,61.82,64.0,50.17
1999年,男,台北市,膽囊及肝外膽管,2.19,35,70.89,73.0,2.67
1999年,男,台北市,胰,5.71,92,69.8,72.0,7.03
1999年,男,台北市,後腹膜腔及腹膜,0.5,7,35.57,43.0,0.53
1999年,男,台北市,消化器官其他分界不明部位,0.1,2,74.5,74.5,0.15
1999年,男,台北市,鼻腔、中耳及副鼻竇,0.33,5,60.4,57.0,0.38
1999年,男,台北市,喉,4.44,67,67.72,70.0,5.12
1999年,男,台北市,肺、支氣管及氣管,37.79,592,69.77,72.0,45.21
1999年,男,台北市,胸膜,0.15,2,54.5,54.5,0.15
1999年,男,台北市,胸腺、心臟與中隔,0.84,11,51.82,51.0,0.84
1999年,男,台北市,骨、關節及關節軟骨,0.99,13,29.23,26.0,0.99
1999年,男,台北市,結締組織、皮下組織及其他軟組織,1.78,26,54.62,59.0,1.99
1999年,男,台北市,皮膚,7.87,120,65.21,69.0,9.16
1999年,男,台北市,男性乳房,0.11,2,59.5,59.5,0.15
1999年,男,台北市,攝護腺,25.64,412,73.29,74.0,31.46
1999年,男,台北市,睪丸,1.07,13,23.08,25.0,0.99
1999年,男,台北市,其他男性生殖器官,0.75,12,64.08,71.5,0.92
1999年,男,台北市,膀胱,11.75,184,69.24,72.0,14.05
1999年,男,台北市,腎,3.81,57,62.74,66.0,4.35
1999年,男,台北市,腎盂及其他泌尿系統,2.61,38,68.84,68.5,2.9
1999年,男,台北市,眼及淚腺,0.33,4,36.5,43.5,0.31
1999年,男,台北市,腦,3.83,50,40.66,37.0,3.82
1999年,男,台北市,其他神經系統,0.11,2,46.0,46.0,0.15
1999年,男,台北市,甲狀腺,2.55,35,41.8,40.0,2.67
1999年,男,台北市,其他內分泌腺,0.34,4,13.25,5.0,0.31
1999年,男,台北市,其他分界不明的部位,0.06,1,39.0,39.0,0.08
1999年,男,台北市,不明原發部位,6.93,108,65.73,70.0,8.25
1999年,男,台北市,何杰金氏淋巴瘤,0.63,9,46.56,59.0,0.69
1999年,男,台北市,白血病,5.59,77,49.47,57.0,5.88
1999年,男,台北市,非何杰金氏淋巴瘤,5.66,78,57.37,63.0,5.96
1999年,男,台北市,漿細胞瘤,1.36,20,65.85,67.0,1.53
1999年,男,台北市,全癌症,281.47,4211,64.18,68.0,321.59
1999年,女,台北市,口腔、口咽及下咽,2.71,40,60.05,63.0,3.0
1999年,女,台北市,主唾液腺,0.53,8,62.25,64.0,0.6
1999年,女,台北市,鼻咽,2.96,47,48.68,47.0,3.53
1999年,女,台北市,食道,1.25,17,66.06,68.0,1.28
1999年,女,台北市,胃,12.62,180,63.08,65.0,13.51
1999年,女,台北市,小腸,0.96,13,69.0,71.0,0.98
1999年,女,台北市,結直腸,32.35,452,64.93,67.0,33.94
1999年,女,台北市,肝及肝內膽管,19.83,272,65.03,67.0,20.42
1999年,女,台北市,膽囊及肝外膽管,2.31,31,71.29,70.0,2.33
1999年,女,台北市,胰,3.6,51,68.43,73.0,3.83
1999年,女,台北市,後腹膜腔及腹膜,1.15,16,62.75,65.0,1.2
1999年,女,台北市,消化器官其他分界不明部位,0.3,4,69.0,70.0,0.3
1999年,女,台北市,鼻腔、中耳及副鼻竇,0.39,6,47.83,36.5,0.45
1999年,女,台北市,喉,0.39,5,63.0,66.0,0.38
1999年,女,台北市,肺、支氣管及氣管,20.8,291,65.44,68.0,21.85
1999年,女,台北市,胸腺、心臟與中隔,0.52,7,59.14,57.0,0.53
1999年,女,台北市,骨、關節及關節軟骨,0.68,9,46.0,48.0,0.68
1999年,女,台北市,結締組織、皮下組織及其他軟組織,1.73,24,44.88,45.0,1.8
1999年,女,台北市,皮膚,6.7,93,60.35,65.0,6.98
1999年,女,台北市,女性乳房,57.8,875,51.79,50.0,65.7
1999年,女,台北市,子宮,0.07,1,77.0,77.0,0.08
1999年,女,台北市,子宮頸,20.84,312,56.11,56.0,23.43
1999年,女,台北市,子宮體,6.75,99,54.3,52.0,7.43
1999年,女,台北市,卵巢、輸卵管及寬韌帶,9.61,142,50.35,49.5,10.66
1999年,女,台北市,其他女性生殖器官,0.92,14,57.79,66.0,1.05
1999年,女,台北市,膀胱,5.07,71,69.63,72.0,5.33
1999年,女,台北市,腎,2.14,29,60.0,62.0,2.18
1999年,女,台北市,腎盂及其他泌尿系統,3.07,42,65.43,66.5,3.15
1999年,女,台北市,眼及淚腺,0.13,2,37.5,37.5,0.15
1999年,女,台北市,腦,2.2,31,51.48,56.0,2.33
1999年,女,台北市,其他神經系統,0.08,1,68.0,68.0,0.08
1999年,女,台北市,甲狀腺,9.37,142,43.9,42.0,10.66
1999年,女,台北市,其他內分泌腺,0.32,4,21.5,21.0,0.3
1999年,女,台北市,其他分界不明的部位,0.12,2,65.0,65.0,0.15
1999年,女,台北市,不明原發部位,5.21,71,66.96,66.0,5.33
1999年,女,台北市,何杰金氏淋巴瘤,0.22,3,39.33,31.0,0.23
1999年,女,台北市,白血病,3.45,45,47.44,57.0,3.38
1999年,女,台北市,非何杰金氏淋巴瘤,3.28,46,57.59,63.0,3.45
1999年,女,台北市,漿細胞瘤,1.13,15,63.6,62.0,1.13
1999年,女,台北市,全癌症,245.88,3546,58.18,59.0,266.24
2000年,男,台北市,口腔、口咽及下咽,16.02,235,54.52,52.0,17.95
2000年,男,台北市,主唾液腺,1.01,15,61.33,63.0,1.15
2000年,男,台北市,鼻咽,6.63,101,50.55,49.0,7.71
2000年,男,台北市,食道,8.1,120,64.98,66.0,9.17
2000年,男,台北市,胃,20.18,324,69.24,72.0,24.75
2000年,男,台北市,小腸,0.86,15,66.87,71.0,1.15
2000年,男,台北市,結直腸,44.16,665,66.17,68.0,50.79
2000年,男,台北市,肝及肝內膽管,45.55,662,61.45,62.0,50.56
2000年,男,台北市,膽囊及肝外膽管,2.39,39,69.21,73.0,2.98
2000年,男,台北市,胰,5.96,93,70.3,71.0,7.1
2000年,男,台北市,後腹膜腔及腹膜,0.31,4,37.5,38.0,0.31
2000年,男,台北市,消化器官其他分界不明部位,0.05,1,73.0,73.0,0.08
2000年,男,台北市,鼻腔、中耳及副鼻竇,0.78,12,61.08,61.0,0.92
2000年,男,台北市,喉,4.11,66,66.89,70.0,5.04
2000年,男,台北市,肺、支氣管及氣管,41.95,667,70.34,73.0,50.94
2000年,男,台北市,胸膜,0.22,3,50.33,51.0,0.23
2000年,男,台北市,胸腺、心臟與中隔,1.13,16,48.75,50.5,1.22
2000年,男,台北市,骨、關節及關節軟骨,0.4,5,40.0,28.0,0.38
2000年,男,台北市,結締組織、皮下組織及其他軟組織,1.49,22,56.68,61.0,1.68
2000年,男,台北市,皮膚,6.41,104,64.92,71.0,7.94
2000年,男,台北市,男性乳房,0.29,4,63.5,62.0,0.31
2000年,男,台北市,攝護腺,23.8,397,73.78,74.0,30.32
2000年,男,台北市,睪丸,0.63,9,36.11,36.0,0.69
2000年,男,台北市,其他男性生殖器官,0.69,11,68.09,72.0,0.84
2000年,男,台北市,膀胱,9.97,161,69.05,72.0,12.3
2000年,男,台北市,腎,4.48,67,61.81,63.0,5.12
2000年,男,台北市,腎盂及其他泌尿系統,2.98,47,66.36,69.0,3.59
2000年,男,台北市,眼及淚腺,0.37,4,18.0,1.5,0.31
2000年,男,台北市,腦,4.45,63,51.08,53.0,4.81
2000年,男,台北市,其他神經系統,0.33,4,34.25,32.5,0.31
2000年,男,台北市,甲狀腺,2.21,34,50.88,46.5,2.6
2000年,男,台北市,其他內分泌腺,0.5,6,41.83,54.5,0.46
2000年,男,台北市,其他分界不明的部位,0.08,1,69.0,69.0,0.08
2000年,男,台北市,不明原發部位,6.15,98,67.08,71.0,7.48
2000年,男,台北市,何杰金氏淋巴瘤,0.51,6,25.67,20.5,0.46
2000年,男,台北市,白血病,6.69,94,49.63,52.5,7.18
2000年,男,台北市,非何杰金氏淋巴瘤,6.2,90,59.5,61.5,6.87
2000年,男,台北市,漿細胞瘤,1.2,20,68.35,70.0,1.53
2000年,男,台北市,全癌症,281.71,4323,64.86,69.0,330.17
2000年,女,台北市,口腔、口咽及下咽,2.84,41,63.59,63.0,3.07
2000年,女,台北市,主唾液腺,0.7,11,49.45,46.0,0.82
2000年,女,台北市,鼻咽,3.47,55,51.22,48.0,4.11
2000年,女,台北市,食道,1.24,18,74.5,79.0,1.35
2000年,女,台北市,胃,11.74,177,64.04,68.0,13.24
2000年,女,台北市,小腸,0.56,9,62.78,71.0,0.67
2000年,女,台北市,結直腸,33.57,494,63.86,66.5,36.94
2000年,女,台北市,肝及肝內膽管,19.52,278,66.08,68.0,20.79
2000年,女,台北市,膽囊及肝外膽管,2.42,35,69.31,70.0,2.62
2000年,女,台北市,胰,3.98,58,72.16,74.0,4.34
2000年,女,台北市,後腹膜腔及腹膜,0.47,7,44.57,47.0,0.52
2000年,女,台北市,消化器官其他分界不明部位,0.05,1,49.0,49.0,0.07
2000年,女,台北市,鼻腔、中耳及副鼻竇,0.71,11,57.09,51.0,0.82
2000年,女,台北市,喉,0.19,3,67.67,72.0,0.22
2000年,女,台北市,肺、支氣管及氣管,22.44,323,66.83,69.0,24.16
2000年,女,台北市,胸膜,0.08,1,57.0,57.0,0.07
2000年,女,台北市,胸腺、心臟與中隔,1.03,14,53.57,56.0,1.05
2000年,女,台北市,骨、關節及關節軟骨,0.72,10,39.0,37.0,0.75
2000年,女,台北市,結締組織、皮下組織及其他軟組織,1.7,25,49.32,51.0,1.87
2000年,女,台北市,皮膚,6.72,98,60.11,62.5,7.33
2000年,女,台北市,女性乳房,56.86,896,52.12,49.0,67.01
2000年,女,台北市,子宮,0.13,2,79.5,79.5,0.15
2000年,女,台北市,子宮頸,20.52,311,55.9,56.0,23.26
2000年,女,台北市,子宮體,7.63,116,54.63,53.0,8.68
2000年,女,台北市,卵巢、輸卵管及寬韌帶,9.25,137,51.91,51.0,10.25
2000年,女,台北市,其他女性生殖器官,1.02,15,59.47,59.0,1.12
2000年,女,台北市,膀胱,3.44,51,66.8,69.0,3.81
2000年,女,台北市,腎,2.1,31,61.55,61.0,2.32
2000年,女,台北市,腎盂及其他泌尿系統,4.01,59,68.07,71.0,4.41
2000年,女,台北市,眼及淚腺,0.77,10,38.7,40.5,0.75
2000年,女,台北市,腦,2.64,35,48.23,54.0,2.62
2000年,女,台北市,其他神經系統,0.48,7,52.29,51.0,0.52
2000年,女,台北市,甲狀腺,8.63,133,43.5,43.0,9.95
2000年,女,台北市,其他內分泌腺,0.42,5,26.8,25.0,0.37
2000年,女,台北市,不明原發部位,4.49,66,64.44,67.5,4.94
2000年,女,台北市,何杰金氏淋巴瘤,0.19,2,15.5,15.5,0.15
2000年,女,台北市,白血病,4.04,55,40.75,40.0,4.11
2000年,女,台北市,非何杰金氏淋巴瘤,4.33,62,57.61,60.0,4.64
2000年,女,台北市,漿細胞瘤,0.91,13,68.54,68.0,0.97
2000年,女,台北市,全癌症,248.15,3706,58.3,59.0,277.15
2001年,男,台北市,口腔、口咽及下咽,13.8,209,55.27,53.0,16.07
2001年,男,台北市,主唾液腺,0.74,12,56.25,57.5,0.92
2001年,男,台北市,鼻咽,7.85,116,48.83,48.0,8.92
2001年,男,台北市,食道,8.13,125,65.58,67.0,9.61
2001年,男,台北市,胃,22.67,378,70.68,73.0,29.07
2001年,男,台北市,小腸,0.79,13,66.69,72.0,1.0
2001年,男,台北市,結直腸,38.16,591,66.74,69.0,45.46
2001年,男,台北市,肝及肝內膽管,44.75,669,61.9,63.0,51.45
2001年,男,台北市,膽囊及肝外膽管,2.69,44,69.34,72.0,3.38
2001年,男,台北市,胰,6.02,92,68.32,69.0,7.08
2001年,男,台北市,後腹膜腔及腹膜,0.6,9,59.33,56.0,0.69
2001年,男,台北市,消化器官其他分界不明部位,0.12,2,63.5,63.5,0.15
2001年,男,台北市,鼻腔、中耳及副鼻竇,0.83,12,59.58,60.0,0.92
2001年,男,台北市,喉,4.08,63,66.89,69.0,4.85
2001年,男,台北市,肺、支氣管及氣管,37.28,608,69.76,73.0,46.76
2001年,男,台北市,胸腺、心臟與中隔,1.0,14,55.79,60.5,1.08
2001年,男,台北市,骨、關節及關節軟骨,1.33,17,38.41,37.0,1.31
2001年,男,台北市,結締組織、皮下組織及其他軟組織,1.36,21,59.0,62.0,1.62
2001年,男,台北市,皮膚,8.38,129,62.65,67.0,9.92
2001年,男,台北市,攝護腺,23.19,401,74.41,75.0,30.84
2001年,男,台北市,睪丸,1.88,22,22.36,24.5,1.69
2001年,男,台北市,其他男性生殖器官,0.56,8,64.63,67.0,0.62
2001年,男,台北市,膀胱,8.8,145,69.34,72.0,11.15
2001年,男,台北市,腎,4.86,75,61.68,62.0,5.77
2001年,男,台北市,腎盂及其他泌尿系統,3.74,59,66.53,70.0,4.54
2001年,男,台北市,眼及淚腺,0.5,6,39.5,49.0,0.46
2001年,男,台北市,腦,3.73,51,47.06,48.0,3.92
2001年,男,台北市,其他神經系統,0.3,4,39.25,36.5,0.31
2001年,男,台北市,甲狀腺,2.74,38,48.42,44.0,2.92
2001年,男,台北市,其他內分泌腺,0.21,3,37.0,45.0,0.23
2001年,男,台北市,不明原發部位,4.75,76,65.89,70.0,5.85
2001年,男,台北市,何杰金氏淋巴瘤,0.65,8,33.13,23.0,0.62
2001年,男,台北市,白血病,4.49,60,52.12,61.5,4.61
2001年,男,台北市,非何杰金氏淋巴瘤,6.85,108,62.53,66.0,8.31
2001年,男,台北市,漿細胞瘤,2.02,29,66.69,69.0,2.23
2001年,男,台北市,全癌症,272.62,4256,64.9,69.0,327.34
2001年,女,台北市,口腔、口咽及下咽,2.92,45,58.31,57.0,3.37
2001年,女,台北市,主唾液腺,1.05,14,47.93,54.5,1.05
2001年,女,台北市,鼻咽,2.61,42,48.74,48.5,3.15
2001年,女,台北市,食道,0.82,13,62.15,62.0,0.97
2001年,女,台北市,胃,11.59,178,65.12,67.0,13.35
2001年,女,台北市,小腸,0.65,10,61.1,59.5,0.75
2001年,女,台北市,結直腸,32.51,495,64.7,66.0,37.12
2001年,女,台北市,肝及肝內膽管,20.34,305,64.91,68.0,22.87
2001年,女,台北市,膽囊及肝外膽管,3.04,47,71.09,74.0,3.52
2001年,女,台北市,胰,4.59,71,67.83,70.0,5.32
2001年,女,台北市,後腹膜腔及腹膜,0.17,2,38.0,38.0,0.15
2001年,女,台北市,消化器官其他分界不明部位,0.32,5,62.8,66.0,0.37
2001年,女,台北市,鼻腔、中耳及副鼻竇,0.77,12,57.5,65.0,0.9
2001年,女,台北市,喉,0.11,2,62.0,62.0,0.15
2001年,女,台北市,肺、支氣管及氣管,23.21,356,67.66,69.0,26.69
2001年,女,台北市,胸膜,0.06,1,86.0,86.0,0.07
2001年,女,台北市,胸腺、心臟與中隔,0.83,13,55.31,54.0,0.97
2001年,女,台北市,骨、關節及關節軟骨,0.96,13,36.69,36.0,0.97
2001年,女,台北市,結締組織、皮下組織及其他軟組織,1.64,25,54.84,53.0,1.87
2001年,女,台北市,皮膚,5.84,87,62.45,66.0,6.52
2001年,女,台北市,女性乳房,51.66,831,52.89,50.0,62.31
2001年,女,台北市,子宮,0.06,1,38.0,38.0,0.07
2001年,女,台北市,子宮頸,16.72,262,55.53,53.0,19.65
2001年,女,台北市,子宮體,8.55,132,55.36,53.5,9.9
2001年,女,台北市,卵巢、輸卵管及寬韌帶,8.94,142,50.36,48.0,10.65
2001年,女,台北市,其他女性生殖器官,0.94,15,70.13,74.0,1.12
2001年,女,台北市,膀胱,3.68,56,69.09,71.5,4.2
2001年,女,台北市,腎,2.91,42,61.38,65.0,3.15
2001年,女,台北市,腎盂及其他泌尿系統,3.82,57,65.02,64.0,4.27
2001年,女,台北市,眼及淚腺,0.53,7,32.43,41.0,0.52
2001年,女,台北市,腦,2.31,35,52.03,49.0,2.62
2001年,女,台北市,其他神經系統,0.18,2,36.0,36.0,0.15
2001年,女,台北市,甲狀腺,9.66,150,44.11,42.5,11.25
2001年,女,台北市,其他內分泌腺,0.42,4,8.5,2.5,0.3
2001年,女,台北市,其他分界不明的部位,0.07,1,33.0,33.0,0.07
2001年,女,台北市,不明原發部位,3.86,59,68.92,72.0,4.42
2001年,女,台北市,何杰金氏淋巴瘤,0.61,8,26.88,23.0,0.6
2001年,女,台北市,白血病,4.51,61,45.56,49.0,4.57
2001年,女,台北市,非何杰金氏淋巴瘤,5.08,76,59.17,62.0,5.7
2001年,女,台北市,漿細胞瘤,1.21,19,63.32,69.0,1.42
2001年,女,台北市,全癌症,241.77,3728,58.89,60.0,279.54
2002年,男,台北市,口腔、口咽及下咽,18.1,275,55.76,54.0,21.13
2002年,男,台北市,主唾液腺,1.32,20,45.05,44.0,1.54
2002年,男,台北市,鼻咽,8.89,131,49.84,48.0,10.07
2002年,男,台北市,食道,8.5,131,62.62,63.0,10.07
2002年,男,台北市,胃,21.0,360,69.91,73.0,27.66
2002年,男,台北市,小腸,0.96,16,66.88,74.5,1.23
2002年,男,台北市,結直腸,41.81,674,66.7,70.0,51.79
2002年,男,台北市,肝及肝內膽管,43.02,659,61.6,62.0,50.64
2002年,男,台北市,膽囊及肝外膽管,2.69,46,71.93,75.5,3.53
2002年,男,台北市,胰,5.97,100,69.13,72.5,7.68
2002年,男,台北市,後腹膜腔及腹膜,0.57,8,46.5,45.5,0.61
2002年,男,台北市,消化器官其他分界不明部位,0.12,2,60.5,60.5,0.15
2002年,男,台北市,鼻腔、中耳及副鼻竇,1.02,15,56.53,55.0,1.15
2002年,男,台北市,喉,3.76,58,62.29,61.5,4.46
2002年,男,台北市,肺、支氣管及氣管,36.97,615,69.94,72.0,47.25
2002年,男,台北市,胸膜,0.08,1,61.0,61.0,0.08
2002年,男,台北市,胸腺、心臟與中隔,0.43,6,63.0,68.0,0.46
2002年,男,台北市,骨、關節及關節軟骨,1.06,13,25.31,25.0,1.0
2002年,男,台北市,結締組織、皮下組織及其他軟組織,2.3,33,56.12,58.0,2.54
2002年,男,台北市,皮膚,7.57,123,66.98,71.0,9.45
2002年,男,台北市,男性乳房,0.35,6,57.0,52.5,0.46
2002年,男,台北市,攝護腺,26.48,452,73.75,74.0,34.73
2002年,男,台北市,睪丸,1.22,15,26.27,31.0,1.15
2002年,男,台北市,其他男性生殖器官,0.81,14,65.79,71.0,1.08
2002年,男,台北市,膀胱,9.25,158,69.49,72.0,12.14
2002年,男,台北市,腎,4.52,73,66.03,67.0,5.61
2002年,男,台北市,腎盂及其他泌尿系統,2.43,41,71.17,73.0,3.15
2002年,男,台北市,眼及淚腺,0.2,3,61.67,59.0,0.23
2002年,男,台北市,腦,2.41,33,46.61,50.0,2.54
2002年,男,台北市,其他神經系統,0.32,4,47.0,49.5,0.31
2002年,男,台北市,甲狀腺,3.23,48,47.52,47.0,3.69
2002年,男,台北市,其他內分泌腺,0.38,5,51.4,62.0,0.38
2002年,男,台北市,不明原發部位,3.61,62,71.84,74.0,4.76
2002年,男,台北市,何杰金氏淋巴瘤,0.71,10,50.3,50.5,0.77
2002年,男,台北市,白血病,8.42,119,50.39,60.0,9.14
2002年,男,台北市,非何杰金氏淋巴瘤,7.54,124,60.73,68.0,9.53
2002年,男,台北市,漿細胞瘤,1.38,23,68.17,71.0,1.77
2002年,男,台北市,全癌症,280.66,4499,64.81,68.0,345.69
2002年,女,台北市,口腔、口咽及下咽,2.28,38,58.21,58.0,2.83
2002年,女,台北市,主唾液腺,1.0,14,34.43,33.0,1.04
2002年,女,台北市,鼻咽,2.88,47,46.98,45.0,3.51
2002年,女,台北市,食道,1.6,26,69.58,72.5,1.94
2002年,女,台北市,胃,11.85,193,66.18,68.0,14.4
2002年,女,台北市,小腸,0.23,4,54.0,49.5,0.3
2002年,女,台北市,結直腸,31.32,500,66.17,69.0,37.3
2002年,女,台北市,肝及肝內膽管,16.49,259,65.93,68.0,19.32
2002年,女,台北市,膽囊及肝外膽管,3.18,51,72.04,72.0,3.8
2002年,女,台北市,胰,4.21,68,70.94,74.0,5.07
2002年,女,台北市,後腹膜腔及腹膜,0.81,11,48.27,54.0,0.82
2002年,女,台北市,消化器官其他分界不明部位,0.12,2,76.5,76.5,0.15
2002年,女,台北市,鼻腔、中耳及副鼻竇,0.41,6,68.83,68.5,0.45
2002年,女,台北市,喉,0.26,4,64.0,66.5,0.3
2002年,女,台北市,肺、支氣管及氣管,24.14,386,67.44,70.0,28.8
2002年,女,台北市,胸腺、心臟與中隔,1.06,14,45.07,51.0,1.04
2002年,女,台北市,骨、關節及關節軟骨,0.53,8,49.88,51.0,0.6
2002年,女,台北市,結締組織、皮下組織及其他軟組織,1.06,17,53.71,48.0,1.27
2002年,女,台北市,皮膚,6.16,101,63.41,64.0,7.54
2002年,女,台北市,女性乳房,56.76,938,52.83,51.0,69.98
2002年,女,台北市,子宮頸,15.26,254,57.07,53.5,18.95
2002年,女,台北市,子宮體,8.15,133,54.8,53.0,9.92
2002年,女,台北市,卵巢、輸卵管及寬韌帶,9.21,146,53.7,52.5,10.89
2002年,女,台北市,其他女性生殖器官,0.99,16,65.0,68.0,1.19
2002年,女,台北市,膀胱,3.67,57,66.61,69.0,4.25
2002年,女,台北市,腎,2.1,33,60.27,65.0,2.46
2002年,女,台北市,腎盂及其他泌尿系統,2.92,45,68.64,71.0,3.36
2002年,女,台北市,眼及淚腺,0.19,2,35.5,35.5,0.15
2002年,女,台北市,腦,2.77,39,42.05,44.0,2.91
2002年,女,台北市,其他神經系統,0.08,1,29.0,29.0,0.07
2002年,女,台北市,甲狀腺,10.11,160,46.82,46.0,11.94
2002年,女,台北市,其他內分泌腺,0.48,7,50.43,50.0,0.52
2002年,女,台北市,其他分界不明的部位,0.13,2,78.5,78.5,0.15
2002年,女,台北市,不明原發部位,3.41,55,67.29,72.0,4.1
2002年,女,台北市,何杰金氏淋巴瘤,0.47,6,30.67,27.0,0.45
2002年,女,台北市,白血病,6.14,86,50.02,53.5,6.42
2002年,女,台北市,非何杰金氏淋巴瘤,5.48,86,60.94,66.0,6.42
2002年,女,台北市,漿細胞瘤,1.28,20,69.95,71.0,1.49
2002年,女,台北市,全癌症,240.03,3849,59.42,60.0,287.15
2003年,男,台北市,口腔、口咽及下咽,18.5,287,53.92,52.0,22.22
2003年,男,台北市,主唾液腺,0.56,7,52.0,59.0,0.54
2003年,男,台北市,鼻咽,8.13,125,51.78,50.0,9.68
2003年,男,台北市,食道,6.93,109,64.14,64.0,8.44
2003年,男,台北市,胃,16.75,289,69.94,73.0,22.37
2003年,男,台北市,小腸,1.11,18,63.11,69.5,1.39
2003年,男,台北市,結直腸,35.46,583,67.15,70.0,45.13
2003年,男,台北市,肝及肝內膽管,39.2,609,62.12,63.0,47.15
2003年,男,台北市,膽囊及肝外膽管,2.06,35,69.31,73.0,2.71
2003年,男,台北市,胰,4.36,72,67.29,68.5,5.57
2003年,男,台北市,後腹膜腔及腹膜,0.44,6,50.67,53.5,0.46
2003年,男,台北市,消化器官其他分界不明部位,0.09,2,76.0,76.0,0.15
2003年,男,台北市,鼻腔、中耳及副鼻竇,1.03,15,58.53,64.0,1.16
2003年,男,台北市,喉,3.07,49,63.31,67.0,3.79
2003年,男,台北市,肺、支氣管及氣管,36.14,629,70.71,73.0,48.69
2003年,男,台北市,胸膜,0.27,5,72.6,80.0,0.39
2003年,男,台北市,胸腺、心臟與中隔,1.17,18,53.94,53.5,1.39
2003年,男,台北市,骨、關節及關節軟骨,0.74,10,41.1,31.0,0.77
2003年,男,台北市,結締組織、皮下組織及其他軟組織,1.82,27,57.33,62.0,2.09
2003年,男,台北市,皮膚,5.88,99,65.14,71.0,7.66
2003年,男,台北市,男性乳房,0.27,5,67.2,73.0,0.39
2003年,男,台北市,攝護腺,22.96,410,73.55,75.0,31.74
2003年,男,台北市,睪丸,0.62,8,28.5,25.5,0.62
2003年,男,台北市,其他男性生殖器官,0.61,11,68.36,70.0,0.85
2003年,男,台北市,膀胱,7.63,133,69.23,72.0,10.3
2003年,男,台北市,腎,3.73,61,62.46,63.0,4.72
2003年,男,台北市,腎盂及其他泌尿系統,3.6,61,65.25,70.0,4.72
2003年,男,台北市,眼及淚腺,0.36,5,51.2,53.0,0.39
2003年,男,台北市,腦,3.17,45,43.84,42.0,3.48
2003年,男,台北市,其他神經系統,0.23,3,42.33,51.0,0.23
2003年,男,台北市,甲狀腺,2.79,41,52.39,53.0,3.17
2003年,男,台北市,其他內分泌腺,0.41,5,45.0,56.0,0.39
2003年,男,台北市,其他分界不明的部位,0.04,1,83.0,83.0,0.08
2003年,男,台北市,不明原發部位,3.85,63,67.56,70.0,4.88
2003年,男,台北市,何杰金氏淋巴瘤,0.93,11,36.73,27.0,0.85
2003年,男,台北市,白血病,8.38,126,55.9,70.0,9.75
2003年,男,台北市,非何杰金氏淋巴瘤,8.08,124,59.84,62.0,9.6
2003年,男,台北市,漿細胞瘤,1.83,30,64.8,66.5,2.32
2003年,男,台北市,全癌症,254.21,4151,64.71,68.0,321.35
2003年,女,台北市,口腔、口咽及下咽,2.45,41,56.44,53.0,3.07
2003年,女,台北市,主唾液腺,0.57,9,58.33,57.0,0.67
2003年,女,台北市,鼻咽,2.83,45,50.44,50.0,3.37
2003年,女,台北市,食道,0.89,15,66.4,63.0,1.12
2003年,女,台北市,胃,9.87,166,65.3,66.5,12.43
2003年,女,台北市,小腸,0.79,13,66.46,67.0,0.97
2003年,女,台北市,結直腸,28.41,473,65.55,68.0,35.42
2003年,女,台北市,肝及肝內膽管,15.85,256,67.31,68.0,19.17
2003年,女,台北市,膽囊及肝外膽管,1.86,31,73.03,74.0,2.32
2003年,女,台北市,胰,4.43,76,68.67,71.5,5.69
2003年,女,台北市,後腹膜腔及腹膜,0.8,12,50.58,55.5,0.9
2003年,女,台北市,鼻腔、中耳及副鼻竇,0.52,8,49.63,45.5,0.6
2003年,女,台北市,喉,0.19,3,58.67,70.0,0.22
2003年,女,台北市,肺、支氣管及氣管,19.55,325,66.64,68.0,24.34
2003年,女,台北市,胸腺、心臟與中隔,0.73,12,51.42,52.0,0.9
2003年,女,台北市,骨、關節及關節軟骨,0.33,5,50.0,47.0,0.37
2003年,女,台北市,結締組織、皮下組織及其他軟組織,1.68,28,61.68,63.5,2.1
2003年,女,台北市,皮膚,4.3,71,62.86,64.0,5.32
2003年,女,台北市,女性乳房,52.89,892,53.14,51.0,66.8
2003年,女,台北市,子宮頸,13.43,221,55.76,55.0,16.55
2003年,女,台北市,子宮體,6.62,112,54.62,53.0,8.39
2003年,女,台北市,卵巢、輸卵管及寬韌帶,8.94,149,51.93,51.0,11.16
2003年,女,台北市,其他女性生殖器官,1.37,24,62.46,57.0,1.8
2003年,女,台北市,膀胱,3.77,63,67.89,71.0,4.72
2003年,女,台北市,腎,2.97,49,61.9,63.0,3.67
2003年,女,台北市,腎盂及其他泌尿系統,3.26,54,69.07,71.0,4.04
2003年,女,台北市,腦,2.42,36,44.08,48.0,2.7
2003年,女,台北市,其他神經系統,0.05,1,41.0,41.0,0.07
2003年,女,台北市,甲狀腺,8.26,133,45.66,43.0,9.96
2003年,女,台北市,其他內分泌腺,0.43,6,51.0,56.5,0.45
2003年,女,台北市,不明原發部位,3.37,57,68.42,73.0,4.27
2003年,女,台北市,何杰金氏淋巴瘤,0.61,9,36.11,35.0,0.67
2003年,女,台北市,白血病,5.94,87,51.52,52.0,6.51
2003年,女,台北市,非何杰金氏淋巴瘤,5.98,97,56.8,56.0,7.26
2003年,女,台北市,漿細胞瘤,1.14,19,65.11,61.0,1.42
2003年,女,台北市,全癌症,218.42,3613,59.19,59.0,270.56
2004年,男,台北市,口腔、口咽及下咽,21.11,329,55.29,54.0,25.58
2004年,男,台北市,主唾液腺,1.07,16,57.31,57.5,1.24
2004年,男,台北市,鼻咽,7.02,108,52.89,51.0,8.4
2004年,男,台北市,食道,8.58,134,60.63,60.5,10.42
2004年,男,台北市,胃,17.63,315,70.34,73.0,24.49
2004年,男,台北市,小腸,0.93,15,63.2,64.0,1.17
2004年,男,台北市,結直腸,43.2,717,66.6,68.0,55.74
2004年,男,台北市,肝及肝內膽管,41.48,668,62.49,63.0,51.93
2004年,男,台北市,膽囊及肝外膽管,2.79,48,69.0,72.0,3.73
2004年,男,台北市,胰,5.7,97,66.31,68.0,7.54
2004年,男,台北市,後腹膜腔及腹膜,0.53,8,52.88,52.5,0.62
2004年,男,台北市,消化器官其他分界不明部位,0.16,3,71.67,76.0,0.23
2004年,男,台北市,鼻腔、中耳及副鼻竇,0.87,14,65.57,63.5,1.09
2004年,男,台北市,喉,3.11,53,66.58,68.0,4.12
2004年,男,台北市,肺、支氣管及氣管,40.97,738,71.76,75.0,57.37
2004年,男,台北市,胸膜,0.15,2,50.0,50.0,0.16
2004年,男,台北市,胸腺、心臟與中隔,0.88,14,61.07,59.0,1.09
2004年,男,台北市,骨、關節及關節軟骨,0.65,9,46.0,32.0,0.7
2004年,男,台北市,結締組織、皮下組織及其他軟組織,1.9,29,52.41,52.0,2.25
2004年,男,台北市,皮膚,8.31,147,67.39,71.0,11.43
2004年,男,台北市,男性乳房,0.28,6,73.67,79.5,0.47
2004年,男,台北市,攝護腺,26.62,494,74.11,75.0,38.4
2004年,男,台北市,睪丸,0.69,9,30.44,27.0,0.7
2004年,男,台北市,其他男性生殖器官,0.59,10,65.9,70.5,0.78
2004年,男,台北市,膀胱,8.94,158,68.82,72.0,12.28
2004年,男,台北市,腎,4.3,72,63.32,68.5,5.6
2004年,男,台北市,腎盂及其他泌尿系統,3.03,54,68.56,72.0,4.2
2004年,男,台北市,眼及淚腺,0.1,2,61.5,61.5,0.16
2004年,男,台北市,腦,2.75,39,46.36,48.0,3.03
2004年,男,台北市,其他神經系統,0.13,2,54.5,54.5,0.16
2004年,男,台北市,甲狀腺,3.51,53,50.42,49.0,4.12
2004年,男,台北市,其他內分泌腺,0.36,5,52.4,67.0,0.39
2004年,男,台北市,不明原發部位,4.24,71,65.18,67.0,5.52
2004年,男,台北市,何杰金氏淋巴瘤,0.83,11,36.45,32.0,0.86
2004年,男,台北市,白血病,6.89,106,57.82,68.5,8.24
2004年,男,台北市,非何杰金氏淋巴瘤,9.21,147,61.13,66.0,11.43
2004年,男,台北市,漿細胞瘤,1.57,28,69.89,73.0,2.18
2004年,男,台北市,全癌症,282.66,4755,65.56,69.0,369.66
2004年,女,台北市,口腔、口咽及下咽,2.51,43,60.35,58.0,3.22
2004年,女,台北市,主唾液腺,0.52,9,56.0,54.0,0.67
2004年,女,台北市,鼻咽,2.15,37,51.46,50.0,2.77
2004年,女,台北市,食道,0.84,15,70.4,75.0,1.12
2004年,女,台北市,胃,9.97,177,66.83,71.0,13.25
2004年,女,台北市,小腸,0.83,14,62.0,66.5,1.05
2004年,女,台北市,結直腸,31.69,546,65.9,67.0,40.86
2004年,女,台北市,肝及肝內膽管,14.74,252,67.82,71.0,18.86
2004年,女,台北市,膽囊及肝外膽管,2.41,42,69.52,70.5,3.14
2004年,女,台北市,胰,4.53,76,66.84,68.0,5.69
2004年,女,台北市,後腹膜腔及腹膜,0.6,9,47.33,49.0,0.67
2004年,女,台北市,消化器官其他分界不明部位,0.05,1,79.0,79.0,0.07
2004年,女,台北市,鼻腔、中耳及副鼻竇,0.44,7,49.29,49.0,0.52
2004年,女,台北市,喉,0.23,4,66.5,69.5,0.3
2004年,女,台北市,肺、支氣管及氣管,21.34,365,66.52,68.0,27.32
2004年,女,台北市,胸膜,0.12,2,73.0,73.0,0.15
2004年,女,台北市,胸腺、心臟與中隔,0.55,10,54.0,52.0,0.75
2004年,女,台北市,骨、關節及關節軟骨,1.04,13,32.0,31.0,0.97
2004年,女,台北市,結締組織、皮下組織及其他軟組織,1.87,28,47.75,49.5,2.1
2004年,女,台北市,皮膚,5.55,95,67.05,73.0,7.11
2004年,女,台北市,女性乳房,60.88,1059,52.59,50.0,79.26
2004年,女,台北市,子宮,0.05,1,54.0,54.0,0.07
2004年,女,台北市,子宮頸,13.17,228,56.73,53.0,17.06
2004年,女,台北市,子宮體,8.66,152,56.11,52.5,11.38
2004年,女,台北市,卵巢、輸卵管及寬韌帶,9.16,158,53.42,52.0,11.82
2004年,女,台北市,其他女性生殖器官,0.9,16,60.63,60.5,1.2
2004年,女,台北市,膀胱,3.88,68,65.28,67.0,5.09
2004年,女,台北市,腎,2.83,46,57.96,61.5,3.44
2004年,女,台北市,腎盂及其他泌尿系統,3.23,54,68.94,68.0,4.04
2004年,女,台北市,眼及淚腺,0.19,2,27.0,27.0,0.15
2004年,女,台北市,腦,2.06,30,43.5,47.0,2.25
2004年,女,台北市,其他神經系統,0.33,5,52.8,64.0,0.37
2004年,女,台北市,甲狀腺,11.06,178,45.07,42.5,13.32
2004年,女,台北市,其他內分泌腺,0.3,3,31.0,5.0,0.22
2004年,女,台北市,不明原發部位,2.91,51,68.1,68.0,3.82
2004年,女,台北市,何杰金氏淋巴瘤,0.48,7,32.29,31.0,0.52
2004年,女,台北市,白血病,6.12,87,51.56,56.0,6.51
2004年,女,台北市,非何杰金氏淋巴瘤,6.08,102,60.03,62.0,7.63
2004年,女,台北市,漿細胞瘤,1.18,20,60.25,60.5,1.5
2004年,女,台北市,全癌症,236.1,4022,58.99,58.5,301.01
2005年,男,台北市,口腔、口咽及下咽,18.83,304,53.68,52.0,23.76
2005年,男,台北市,主唾液腺,0.43,8,61.25,53.0,0.63
2005年,男,台北市,鼻咽,6.88,109,51.93,52.0,8.52
2005年,男,台北市,食道,6.63,113,66.65,66.0,8.83
2005年,男,台北市,胃,16.8,308,70.18,73.0,24.07
2005年,男,台北市,小腸,0.82,14,61.57,61.0,1.09
2005年,男,台北市,結直腸,41.82,715,67.08,69.0,55.88
2005年,男,台北市,肝及肝內膽管,39.72,653,62.68,64.0,51.04
2005年,男,台北市,膽囊及肝外膽管,2.8,48,69.9,70.5,3.75
2005年,男,台北市,胰,4.8,87,68.13,72.0,6.8
2005年,男,台北市,後腹膜腔及腹膜,0.75,8,24.63,19.0,0.63
2005年,男,台北市,消化器官其他分界不明部位,0.04,1,76.0,76.0,0.08
2005年,男,台北市,鼻腔、中耳及副鼻竇,0.87,14,56.14,53.0,1.09
2005年,男,台北市,喉,4.16,70,65.1,63.0,5.47
2005年,男,台北市,肺、支氣管及氣管,37.22,673,70.07,74.0,52.6
2005年,男,台北市,胸膜,0.08,1,34.0,34.0,0.08
2005年,男,台北市,胸腺、心臟與中隔,0.9,14,57.93,65.0,1.09
2005年,男,台北市,骨、關節及關節軟骨,0.35,5,44.0,48.0,0.39
2005年,男,台北市,結締組織、皮下組織及其他軟組織,1.96,31,57.74,66.0,2.42
2005年,男,台北市,皮膚,6.39,106,63.1,66.0,8.28
2005年,男,台北市,男性乳房,0.12,2,71.5,71.5,0.16
2005年,男,台北市,攝護腺,26.22,495,74.03,75.0,38.69
2005年,男,台北市,睪丸,1.52,19,35.0,34.0,1.48
2005年,男,台北市,其他男性生殖器官,0.77,13,61.08,58.0,1.02
2005年,男,台北市,膀胱,8.04,145,69.97,72.0,11.33
2005年,男,台北市,腎,4.43,74,61.66,64.0,5.78
2005年,男,台北市,腎盂及其他泌尿系統,2.77,50,68.86,71.0,3.91
2005年,男,台北市,眼及淚腺,0.16,2,28.0,28.0,0.16
2005年,男,台北市,腦,2.77,39,49.1,52.0,3.05
2005年,男,台北市,其他神經系統,0.22,3,43.33,47.0,0.23
2005年,男,台北市,甲狀腺,3.67,58,52.66,51.0,4.53
2005年,男,台北市,其他內分泌腺,0.38,4,23.25,25.5,0.31
2005年,男,台北市,不明原發部位,3.77,68,67.03,70.0,5.31
2005年,男,台北市,何杰金氏淋巴瘤,0.52,7,40.43,28.0,0.55
2005年,男,台北市,白血病,7.71,119,59.31,69.0,9.3
2005年,男,台北市,非何杰金氏淋巴瘤,6.76,111,63.0,66.0,8.68
2005年,男,台北市,漿細胞瘤,1.54,28,73.61,77.0,2.19
2005年,男,台北市,全癌症,264.76,4536,65.38,68.0,354.51
2005年,女,台北市,口腔、口咽及下咽,3.15,56,61.88,61.5,4.19
2005年,女,台北市,主唾液腺,0.55,9,42.67,44.0,0.67
2005年,女,台北市,鼻咽,3.61,61,50.23,50.0,4.56
2005年,女,台北市,食道,0.72,13,72.46,73.0,0.97
2005年,女,台北市,胃,9.16,171,66.61,69.0,12.79
2005年,女,台北市,小腸,0.47,8,61.63,62.5,0.6
2005年,女,台北市,結直腸,31.65,568,65.17,66.0,42.49
2005年,女,台北市,肝及肝內膽管,15.22,262,67.34,69.0,19.6
2005年,女,台北市,膽囊及肝外膽管,2.24,40,69.45,71.5,2.99
2005年,女,台北市,胰,4.44,81,66.94,71.0,6.06
2005年,女,台北市,後腹膜腔及腹膜,0.76,12,51.5,50.0,0.9
2005年,女,台北市,消化器官其他分界不明部位,0.05,1,52.0,52.0,0.07
2005年,女,台北市,鼻腔、中耳及副鼻竇,0.29,5,66.0,75.0,0.37
2005年,女,台北市,喉,0.17,3,72.33,75.0,0.22
2005年,女,台北市,肺、支氣管及氣管,21.91,395,66.92,67.0,29.55
2005年,女,台北市,胸膜,0.07,1,64.0,64.0,0.07
2005年,女,台北市,胸腺、心臟與中隔,0.75,12,57.5,59.0,0.9
2005年,女,台北市,骨、關節及關節軟骨,0.67,8,29.38,22.5,0.6
2005年,女,台北市,結締組織、皮下組織及其他軟組織,1.27,21,56.24,62.0,1.57
2005年,女,台北市,皮膚,7.19,128,65.16,67.0,9.57
2005年,女,台北市,女性乳房,65.73,1167,53.08,51.0,87.29
2005年,女,台北市,子宮,0.05,1,44.0,44.0,0.07
2005年,女,台北市,子宮頸,11.51,208,58.02,54.0,15.56
2005年,女,台北市,子宮體,9.08,162,53.2,52.5,12.12
2005年,女,台北市,卵巢、輸卵管及寬韌帶,8.15,139,53.75,52.0,10.4
2005年,女,台北市,其他女性生殖器官,0.75,13,60.46,64.0,0.97
2005年,女,台北市,膀胱,3.76,67,68.85,71.0,5.01
2005年,女,台北市,腎,1.99,35,62.31,66.0,2.62
2005年,女,台北市,腎盂及其他泌尿系統,3.2,56,67.29,69.5,4.19
2005年,女,台北市,眼及淚腺,0.33,3,21.67,6.0,0.22
2005年,女,台北市,腦,2.29,33,47.24,51.0,2.47
2005年,女,台北市,其他神經系統,0.39,5,46.8,57.0,0.37
2005年,女,台北市,甲狀腺,10.41,175,47.99,47.0,13.09
2005年,女,台北市,其他內分泌腺,0.27,4,46.0,46.5,0.3
2005年,女,台北市,其他分界不明的部位,0.05,1,89.0,89.0,0.07
2005年,女,台北市,不明原發部位,3.03,56,71.02,74.0,4.19
2005年,女,台北市,何杰金氏淋巴瘤,0.54,8,40.63,37.0,0.6
2005年,女,台北市,白血病,5.92,88,55.47,62.5,6.58
2005年,女,台北市,非何杰金氏淋巴瘤,5.75,100,62.29,65.0,7.48
2005年,女,台北市,漿細胞瘤,1.39,26,62.81,60.0,1.94
2005年,女,台北市,全癌症,240.1,4222,59.43,58.0,315.81
2006年,男,台北市,口腔、口咽及下咽,21.01,347,55.11,54.0,27.05
2006年,男,台北市,主唾液腺,0.76,11,52.45,58.0,0.86
2006年,男,台北市,鼻咽,8.11,128,51.44,51.0,9.98
2006年,男,台北市,食道,7.65,135,63.67,63.0,10.52
2006年,男,台北市,胃,19.04,348,70.38,73.0,27.13
2006年,男,台北市,小腸,1.02,19,67.37,69.0,1.48
2006年,男,台北市,結直腸,44.38,781,66.22,68.0,60.89
2006年,男,台北市,肝及肝內膽管,42.62,709,62.6,63.0,55.27
2006年,男,台北市,膽囊及肝外膽管,2.84,55,71.02,76.0,4.29
2006年,男,台北市,胰,6.45,117,69.44,71.0,9.12
2006年,男,台北市,後腹膜腔及腹膜,0.37,6,53.67,54.5,0.47
2006年,男,台北市,消化器官其他分界不明部位,0.13,3,70.33,79.0,0.23
2006年,男,台北市,鼻腔、中耳及副鼻竇,0.86,14,59.29,62.5,1.09
2006年,男,台北市,喉,3.63,65,67.18,71.0,5.07
2006年,男,台北市,肺、支氣管及氣管,37.76,715,72.35,75.0,55.74
2006年,男,台北市,胸膜,0.12,2,71.0,71.0,0.16
2006年,男,台北市,胸腺、心臟與中隔,0.83,12,42.83,47.0,0.94
2006年,男,台北市,骨、關節及關節軟骨,0.92,10,26.9,24.5,0.78
2006年,男,台北市,結締組織、皮下組織及其他軟組織,1.37,24,61.71,61.0,1.87
2006年,男,台北市,皮膚,7.79,144,68.08,72.0,11.23
2006年,男,台北市,男性乳房,0.19,3,48.67,36.0,0.23
2006年,男,台北市,攝護腺,28.83,550,74.09,75.5,42.88
2006年,男,台北市,睪丸,1.9,22,26.64,26.0,1.72
2006年,男,台北市,其他男性生殖器官,0.3,4,50.5,49.5,0.31
2006年,男,台北市,膀胱,8.03,160,71.74,76.0,12.47
2006年,男,台北市,腎,4.92,85,64.24,65.0,6.63
2006年,男,台北市,腎盂及其他泌尿系統,4.02,73,68.21,71.0,5.69
2006年,男,台北市,眼及淚腺,0.2,2,26.0,26.0,0.16
2006年,男,台北市,腦,3.16,40,39.98,42.5,3.12
2006年,男,台北市,其他神經系統,0.14,2,53.0,53.0,0.16
2006年,男,台北市,甲狀腺,4.42,70,52.23,52.5,5.46
2006年,男,台北市,其他內分泌腺,0.15,1,2.0,2.0,0.08
2006年,男,台北市,其他分界不明的部位,0.09,1,23.0,23.0,0.08
2006年,男,台北市,不明原發部位,4.23,76,65.88,69.0,5.93
2006年,男,台北市,何杰金氏淋巴瘤,0.83,11,38.73,35.0,0.86
2006年,男,台北市,白血病,8.14,123,56.11,62.0,9.59
2006年,男,台北市,非何杰金氏淋巴瘤,8.03,133,60.73,65.0,10.37
2006年,男,台北市,漿細胞瘤,2.34,39,65.67,65.0,3.04
2006年,男,台北市,全癌症,288.84,5063,65.58,68.0,394.72
2006年,女,台北市,口腔、口咽及下咽,2.6,48,60.13,59.0,3.56
2006年,女,台北市,主唾液腺,0.66,11,48.0,46.0,0.82
2006年,女,台北市,鼻咽,2.11,37,48.11,49.0,2.74
2006年,女,台北市,食道,0.97,18,62.17,64.5,1.33
2006年,女,台北市,胃,10.46,202,67.22,70.5,14.97
2006年,女,台北市,小腸,1.0,19,65.53,65.0,1.41
2006年,女,台北市,結直腸,34.49,652,65.8,67.0,48.31
2006年,女,台北市,肝及肝內膽管,14.78,269,67.04,69.0,19.93
2006年,女,台北市,膽囊及肝外膽管,2.06,40,69.35,71.5,2.96
2006年,女,台北市,胰,4.6,88,70.02,72.0,6.52
2006年,女,台北市,後腹膜腔及腹膜,0.57,7,43.14,52.0,0.52
2006年,女,台北市,消化器官其他分界不明部位,0.15,2,46.0,46.0,0.15
2006年,女,台北市,鼻腔、中耳及副鼻竇,0.49,9,57.11,52.0,0.67
2006年,女,台北市,喉,0.15,3,54.33,56.0,0.22
2006年,女,台北市,肺、支氣管及氣管,24.71,470,66.98,69.0,34.83
2006年,女,台北市,胸膜,0.09,2,78.5,78.5,0.15
2006年,女,台北市,胸腺、心臟與中隔,0.54,10,44.4,46.0,0.74
2006年,女,台北市,骨、關節及關節軟骨,1.14,14,36.36,33.0,1.04
2006年,女,台北市,結締組織、皮下組織及其他軟組織,1.78,30,52.87,54.0,2.22
2006年,女,台北市,皮膚,6.74,129,67.21,73.0,9.56
2006年,女,台北市,女性乳房,63.22,1168,52.99,51.0,86.55
2006年,女,台北市,子宮,0.05,1,47.0,47.0,0.07
2006年,女,台北市,子宮頸,10.45,197,57.2,54.0,14.6
2006年,女,台北市,子宮體,11.29,207,54.25,54.0,15.34
2006年,女,台北市,卵巢、輸卵管及寬韌帶,7.68,137,53.15,52.0,10.15
2006年,女,台北市,其他女性生殖器官,0.78,15,65.67,73.0,1.11
2006年,女,台北市,膀胱,3.89,78,71.77,75.5,5.78
2006年,女,台北市,腎,2.34,40,60.93,64.5,2.96
2006年,女,台北市,腎盂及其他泌尿系統,3.1,59,71.58,71.0,4.37
2006年,女,台北市,眼及淚腺,0.09,2,81.5,81.5,0.15
2006年,女,台北市,腦,2.65,41,53.17,55.0,3.04
2006年,女,台北市,其他神經系統,0.36,5,37.2,33.0,0.37
2006年,女,台北市,甲狀腺,11.03,192,48.65,47.0,14.23
2006年,女,台北市,其他內分泌腺,0.57,5,28.8,5.0,0.37
2006年,女,台北市,不明原發部位,3.12,62,69.31,73.0,4.59
2006年,女,台北市,何杰金氏淋巴瘤,0.6,9,43.78,35.0,0.67
2006年,女,台北市,白血病,4.74,81,59.04,61.0,6.0
2006年,女,台北市,非何杰金氏淋巴瘤,5.67,100,57.95,60.0,7.41
2006年,女,台北市,漿細胞瘤,1.17,21,70.14,67.0,1.56
2006年,女,台北市,全癌症,243.66,4494,59.98,59.0,333.0
2007年,男,台北市,口腔、口咽及下咽,20.28,337,54.51,53.0,26.38
2007年,男,台北市,主唾液腺,1.1,17,56.12,59.0,1.33
2007年,男,台北市,鼻咽,8.03,132,51.84,51.0,10.33
2007年,男,台北市,食道,8.29,147,64.24,64.0,11.51
2007年,男,台北市,胃,17.26,336,70.89,74.5,26.3
2007年,男,台北市,小腸,1.23,22,63.36,62.5,1.72
2007年,男,台北市,結直腸,44.43,821,67.89,70.0,64.26
2007年,男,台北市,肝及肝內膽管,42.22,726,63.94,65.0,56.83
2007年,男,台北市,膽囊及肝外膽管,3.17,60,70.8,73.0,4.7
2007年,男,台北市,胰,6.65,122,68.57,71.0,9.55
2007年,男,台北市,後腹膜腔及腹膜,0.8,11,47.91,52.0,0.86
2007年,男,台北市,消化器官其他分界不明部位,0.03,1,92.0,92.0,0.08
2007年,男,台北市,鼻腔、中耳及副鼻竇,1.1,18,58.78,59.5,1.41
2007年,男,台北市,喉,3.15,56,66.14,66.0,4.38
2007年,男,台北市,肺、支氣管及氣管,38.05,733,70.69,74.0,57.38
2007年,男,台北市,胸膜,0.36,6,67.5,67.5,0.47
2007年,男,台北市,胸腺、心臟與中隔,1.52,21,46.29,48.0,1.64
2007年,男,台北市,骨、關節及關節軟骨,1.02,14,43.93,47.0,1.1
2007年,男,台北市,結締組織、皮下組織及其他軟組織,2.65,45,60.44,62.0,3.52
2007年,男,台北市,皮膚,7.2,135,69.24,73.0,10.57
2007年,男,台北市,男性乳房,0.37,6,61.5,68.5,0.47
2007年,男,台北市,攝護腺,31.0,587,73.07,75.0,45.95
2007年,男,台北市,睪丸,1.77,23,35.17,29.0,1.8
2007年,男,台北市,其他男性生殖器官,0.61,10,55.7,51.0,0.78
2007年,男,台北市,膀胱,7.7,151,70.32,74.0,11.82
2007年,男,台北市,腎,5.04,83,59.61,60.0,6.5
2007年,男,台北市,腎盂及其他泌尿系統,3.48,64,68.88,70.0,5.01
2007年,男,台北市,眼及淚腺,0.56,5,28.8,2.0,0.39
2007年,男,台北市,腦,2.49,39,57.44,66.0,3.05
2007年,男,台北市,其他神經系統,0.29,4,41.5,45.5,0.31
2007年,男,台北市,甲狀腺,3.75,60,51.47,53.0,4.7
2007年,男,台北市,其他內分泌腺,0.06,1,49.0,49.0,0.08
2007年,男,台北市,不明原發部位,3.02,57,68.54,70.0,4.46
2007年,男,台北市,何杰金氏淋巴瘤,0.53,8,51.25,47.5,0.63
2007年,男,台北市,白血病,9.42,146,59.65,67.0,11.43
2007年,男,台北市,非何杰金氏淋巴瘤,8.01,143,64.52,67.0,11.19
2007年,男,台北市,漿細胞瘤,1.68,28,63.29,64.0,2.19
2007年,男,台北市,全癌症,289.63,5200,65.94,68.0,407.03
2007年,女,台北市,口腔、口咽及下咽,2.95,58,64.91,68.0,4.29
2007年,女,台北市,主唾液腺,0.31,6,60.17,62.5,0.44
2007年,女,台北市,鼻咽,2.21,40,50.7,51.0,2.96
2007年,女,台北市,食道,1.28,25,71.76,72.0,1.85
2007年,女,台北市,胃,9.73,194,66.33,67.0,14.35
2007年,女,台北市,小腸,0.96,17,62.24,64.0,1.26
2007年,女,台北市,結直腸,35.97,697,65.52,67.0,51.56
2007年,女,台北市,肝及肝內膽管,15.67,306,69.18,71.0,22.64
2007年,女,台北市,膽囊及肝外膽管,2.2,45,73.36,78.0,3.33
2007年,女,台北市,胰,3.95,79,70.91,72.0,5.84
2007年,女,台北市,後腹膜腔及腹膜,0.48,7,51.14,49.0,0.52
2007年,女,台北市,消化器官其他分界不明部位,0.12,2,65.5,65.5,0.15
2007年,女,台北市,鼻腔、中耳及副鼻竇,0.45,9,62.56,58.0,0.67
2007年,女,台北市,喉,0.35,7,65.71,67.0,0.52
2007年,女,台北市,肺、支氣管及氣管,24.76,484,67.96,70.0,35.81
2007年,女,台北市,胸膜,0.07,1,63.0,63.0,0.07
2007年,女,台北市,胸腺、心臟與中隔,0.6,11,58.91,57.0,0.81
2007年,女,台北市,骨、關節及關節軟骨,0.42,6,46.67,51.0,0.44
2007年,女,台北市,結締組織、皮下組織及其他軟組織,1.07,17,49.53,55.0,1.26
2007年,女,台北市,皮膚,6.01,119,68.66,72.0,8.8
2007年,女,台北市,女性乳房,70.52,1320,54.26,52.0,97.65
2007年,女,台北市,子宮,0.1,2,56.0,56.0,0.15
2007年,女,台北市,子宮頸,8.99,172,59.1,57.0,12.72
2007年,女,台北市,子宮體,10.59,195,53.81,54.0,14.43
2007年,女,台北市,卵巢、輸卵管及寬韌帶,9.44,166,51.4,51.0,12.28
2007年,女,台北市,其他女性生殖器官,1.06,21,65.43,67.0,1.55
2007年,女,台北市,膀胱,3.54,73,70.26,73.0,5.4
2007年,女,台北市,腎,2.18,40,60.55,61.5,2.96
2007年,女,台北市,腎盂及其他泌尿系統,3.34,63,70.16,70.0,4.66
2007年,女,台北市,眼及淚腺,0.1,2,50.5,50.5,0.15
2007年,女,台北市,腦,2.33,34,45.71,46.0,2.52
2007年,女,台北市,其他神經系統,0.42,7,57.0,62.0,0.52
2007年,女,台北市,甲狀腺,12.62,215,47.82,49.0,15.91
2007年,女,台北市,其他內分泌腺,0.27,3,42.33,50.0,0.22
2007年,女,台北市,其他分界不明的部位,0.07,1,64.0,64.0,0.07
2007年,女,台北市,不明原發部位,2.95,60,68.13,71.0,4.44
2007年,女,台北市,何杰金氏淋巴瘤,0.44,7,48.14,39.0,0.52
2007年,女,台北市,白血病,5.25,82,54.87,61.5,6.07
2007年,女,台北市,非何杰金氏淋巴瘤,6.56,122,62.78,65.0,9.03
2007年,女,台北市,漿細胞瘤,1.61,32,68.56,72.5,2.37
2007年,女,台北市,全癌症,253.2,4770,60.57,60.0,352.89
2008年,男,台北市,口腔、口咽及下咽,22.69,386,55.54,54.0,30.37
2008年,男,台北市,主唾液腺,0.79,12,50.17,47.0,0.94
2008年,男,台北市,鼻咽,7.21,115,49.79,49.0,9.05
2008年,男,台北市,食道,9.43,168,62.71,62.0,13.22
2008年,男,台北市,胃,17.4,348,71.03,75.0,27.38
2008年,男,台北市,小腸,0.91,14,58.36,63.0,1.1
2008年,男,台北市,結直腸,49.54,922,68.11,70.0,72.54
2008年,男,台北市,肝及肝內膽管,40.21,718,63.63,64.0,56.49
2008年,男,台北市,膽囊及肝外膽管,2.61,50,71.8,73.5,3.93
2008年,男,台北市,胰,6.83,127,68.91,70.0,9.99
2008年,男,台北市,後腹膜腔及腹膜,0.74,11,53.64,63.0,0.87
2008年,男,台北市,消化器官其他分界不明部位,0.08,2,79.0,79.0,0.16
2008年,男,台北市,鼻腔、中耳及副鼻竇,0.31,5,59.4,63.0,0.39
2008年,男,台北市,喉,3.15,59,68.54,71.0,4.64
2008年,男,台北市,肺、支氣管及氣管,38.16,744,70.66,72.5,58.54
2008年,男,台北市,胸膜,0.08,1,33.0,33.0,0.08
2008年,男,台北市,胸腺、心臟與中隔,0.76,13,60.23,59.0,1.02
2008年,男,台北市,骨、關節及關節軟骨,1.18,15,39.8,44.0,1.18
2008年,男,台北市,結締組織、皮下組織及其他軟組織,2.44,36,48.89,51.0,2.83
2008年,男,台北市,皮膚,7.58,144,67.51,73.0,11.33
2008年,男,台北市,男性乳房,0.3,6,64.67,59.5,0.47
2008年,男,台北市,攝護腺,35.76,718,74.81,76.0,56.49
2008年,男,台北市,睪丸,2.41,27,27.93,26.0,2.12
2008年,男,台北市,其他男性生殖器官,0.94,17,68.35,70.0,1.34
2008年,男,台北市,膀胱,8.97,168,69.99,72.0,13.22
2008年,男,台北市,腎,5.59,100,60.58,59.0,7.87
2008年,男,台北市,腎盂及其他泌尿系統,3.67,69,68.74,70.0,5.43
2008年,男,台北市,眼及淚腺,0.31,4,42.0,44.0,0.31
2008年,男,台北市,腦,3.89,55,48.38,53.0,4.33
2008年,男,台北市,其他神經系統,0.22,4,60.25,58.5,0.31
2008年,男,台北市,甲狀腺,3.85,61,51.8,51.0,4.8
2008年,男,台北市,其他內分泌腺,0.31,4,44.5,51.5,0.31
2008年,男,台北市,不明原發部位,2.61,52,69.77,72.0,4.09
2008年,男,台北市,何杰金氏淋巴瘤,1.0,13,39.31,30.0,1.02
2008年,男,台北市,白血病,8.03,132,61.3,70.0,10.39
2008年,男,台北市,非何杰金氏淋巴瘤,8.04,147,64.13,66.0,11.57
2008年,男,台北市,漿細胞瘤,1.63,32,72.09,74.5,2.52
2008年,男,台北市,全癌症,300.76,5519,66.21,68.0,434.24
2008年,女,台北市,口腔、口咽及下咽,2.33,48,64.48,61.5,3.55
2008年,女,台北市,主唾液腺,0.74,14,57.14,53.5,1.04
2008年,女,台北市,鼻咽,2.67,47,48.72,46.0,3.48
2008年,女,台北市,食道,0.86,18,70.22,70.5,1.33
2008年,女,台北市,胃,9.42,196,68.04,71.0,14.5
2008年,女,台北市,小腸,0.8,16,67.44,72.5,1.18
2008年,女,台北市,結直腸,34.09,701,66.8,69.0,51.85
2008年,女,台北市,肝及肝內膽管,16.99,339,69.01,70.0,25.07
2008年,女,台北市,膽囊及肝外膽管,2.48,52,73.5,75.0,3.85
2008年,女,台北市,胰,4.37,90,69.51,69.0,6.66
2008年,女,台北市,後腹膜腔及腹膜,0.41,8,62.25,68.0,0.59
2008年,女,台北市,鼻腔、中耳及副鼻竇,0.21,4,67.5,66.5,0.3
2008年,女,台北市,喉,0.26,5,63.6,66.0,0.37
2008年,女,台北市,肺、支氣管及氣管,25.36,512,66.34,67.5,37.87
2008年,女,台北市,胸膜,0.05,1,54.0,54.0,0.07
2008年,女,台北市,胸腺、心臟與中隔,0.87,16,57.63,60.0,1.18
2008年,女,台北市,骨、關節及關節軟骨,0.86,13,48.38,50.0,0.96
2008年,女,台北市,結締組織、皮下組織及其他軟組織,1.35,19,46.32,48.0,1.41
2008年,女,台北市,皮膚,6.51,130,66.41,69.0,9.62
2008年,女,台北市,女性乳房,71.17,1370,54.1,53.0,101.33
2008年,女,台北市,子宮頸,9.07,180,58.26,54.0,13.31
2008年,女,台北市,子宮體,11.67,230,56.73,56.0,17.01
2008年,女,台北市,卵巢、輸卵管及寬韌帶,9.1,169,52.0,52.0,12.5
2008年,女,台北市,其他女性生殖器官,0.57,13,75.62,80.0,0.96
2008年,女,台北市,膀胱,3.64,79,70.65,73.0,5.84
2008年,女,台北市,腎,2.8,51,60.57,61.0,3.77
2008年,女,台北市,腎盂及其他泌尿系統,3.86,80,69.4,71.5,5.92
2008年,女,台北市,眼及淚腺,0.11,2,55.0,55.0,0.15
2008年,女,台北市,腦,2.9,45,53.18,58.0,3.33
2008年,女,台北市,其他神經系統,0.49,8,52.75,60.5,0.59
2008年,女,台北市,甲狀腺,12.31,216,47.74,47.0,15.98
2008年,女,台北市,其他內分泌腺,0.76,8,37.38,43.0,0.59
2008年,女,台北市,不明原發部位,2.75,59,72.36,74.0,4.36
2008年,女,台北市,何杰金氏淋巴瘤,0.5,7,43.86,34.0,0.52
2008年,女,台北市,白血病,4.39,75,56.05,60.0,5.55
2008年,女,台北市,非何杰金氏淋巴瘤,5.76,105,59.35,61.0,7.77
2008年,女,台北市,漿細胞瘤,1.53,30,65.7,68.5,2.22
2008年,女,台北市,全癌症,254.65,4967,60.61,59.0,367.39
2009年,男,台北市,口腔、口咽及下咽,22.82,396,56.19,55.0,31.42
2009年,男,台北市,主唾液腺,1.3,21,55.52,58.0,1.67
2009年,男,台北市,鼻咽,8.14,132,51.23,50.0,10.47
2009年,男,台北市,食道,7.87,143,62.13,61.0,11.35
2009年,男,台北市,胃,15.75,328,72.8,76.0,26.02
2009年,男,台北市,小腸,1.14,19,63.21,66.0,1.51
2009年,男,台北市,結直腸,48.55,931,67.57,69.0,73.86
2009年,男,台北市,肝及肝內膽管,38.12,696,64.49,65.0,55.22
2009年,男,台北市,膽囊及肝外膽管,2.3,47,72.28,75.0,3.73
2009年,男,台北市,胰,6.6,134,70.57,74.0,10.63
2009年,男,台北市,後腹膜腔及腹膜,0.4,5,37.6,34.0,0.4
2009年,男,台北市,鼻腔、中耳及副鼻竇,0.64,12,63.08,62.0,0.95
2009年,男,台北市,喉,3.28,57,65.42,67.0,4.52
2009年,男,台北市,肺、支氣管及氣管,41.74,829,71.05,73.0,65.77
2009年,男,台北市,胸膜,0.06,1,60.0,60.0,0.08
2009年,男,台北市,胸腺、心臟與中隔,1.48,23,54.35,56.0,1.82
2009年,男,台北市,骨、關節及關節軟骨,0.69,9,40.22,32.0,0.71
2009年,男,台北市,結締組織、皮下組織及其他軟組織,2.83,43,54.0,59.0,3.41
2009年,男,台北市,皮膚,8.05,158,68.47,70.0,12.54
2009年,男,台北市,男性乳房,0.35,8,70.75,77.5,0.63
2009年,男,台北市,攝護腺,37.22,745,74.04,76.0,59.11
2009年,男,台北市,睪丸,2.17,25,31.76,27.0,1.98
2009年,男,台北市,其他男性生殖器官,0.85,15,61.67,64.0,1.19
2009年,男,台北市,膀胱,8.74,178,71.44,74.0,14.12
2009年,男,台北市,腎,5.18,91,62.7,66.0,7.22
2009年,男,台北市,腎盂及其他泌尿系統,4.05,78,69.58,73.0,6.19
2009年,男,台北市,眼及淚腺,0.21,2,18.0,18.0,0.16
2009年,男,台北市,腦,3.11,45,53.31,61.0,3.57
2009年,男,台北市,其他神經系統,0.19,4,59.75,52.5,0.32
2009年,男,台北市,甲狀腺,4.88,74,50.05,50.5,5.87
2009年,男,台北市,其他內分泌腺,0.6,6,26.5,26.5,0.48
2009年,男,台北市,不明原發部位,2.46,51,71.57,74.0,4.05
2009年,男,台北市,何杰金氏淋巴瘤,0.65,9,49.0,43.0,0.71
2009年,男,台北市,白血病,8.39,137,60.68,68.0,10.87
2009年,男,台北市,非何杰金氏淋巴瘤,7.62,142,65.96,67.0,11.27
2009年,男,台北市,漿細胞瘤,2.01,39,71.74,74.0,3.09
2009年,男,台北市,全癌症,301.12,5646,66.68,69.0,447.94
2009年,女,台北市,口腔、口咽及下咽,3.4,69,63.06,65.0,5.12
2009年,女,台北市,主唾液腺,1.22,21,51.05,52.0,1.56
2009年,女,台北市,鼻咽,1.64,30,49.73,45.5,2.23
2009年,女,台北市,食道,0.98,21,68.05,69.0,1.56
2009年,女,台北市,胃,9.8,209,67.26,69.0,15.52
2009年,女,台北市,小腸,0.92,19,59.37,54.0,1.41
2009年,女,台北市,結直腸,36.45,755,66.54,68.0,56.05
2009年,女,台北市,肝及肝內膽管,14.29,302,69.17,71.0,22.42
2009年,女,台北市,膽囊及肝外膽管,2.26,49,69.14,71.0,3.64
2009年,女,台北市,胰,5.92,123,68.79,70.0,9.13
2009年,女,台北市,後腹膜腔及腹膜,0.52,10,59.9,60.0,0.74
2009年,女,台北市,消化器官其他分界不明部位,0.37,8,68.88,64.0,0.59
2009年,女,台北市,鼻腔、中耳及副鼻竇,0.76,15,62.07,67.0,1.11
2009年,女,台北市,喉,0.26,5,69.2,69.0,0.37
2009年,女,台北市,肺、支氣管及氣管,29.38,612,66.23,66.0,45.44
2009年,女,台北市,胸膜,0.05,1,72.0,72.0,0.07
2009年,女,台北市,胸腺、心臟與中隔,1.29,24,54.79,53.5,1.78
2009年,女,台北市,骨、關節及關節軟骨,0.62,10,53.4,54.5,0.74
2009年,女,台北市,結締組織、皮下組織及其他軟組織,1.44,22,48.14,50.5,1.63
2009年,女,台北市,皮膚,8.44,180,68.1,71.0,13.36
2009年,女,台北市,女性乳房,77.95,1516,54.91,53.0,112.55
2009年,女,台北市,子宮,0.06,1,65.0,65.0,0.07
2009年,女,台北市,子宮頸,9.82,194,59.39,58.0,14.4
2009年,女,台北市,子宮體,11.42,226,54.84,54.0,16.78
2009年,女,台北市,卵巢、輸卵管及寬韌帶,9.46,175,52.78,53.0,12.99
2009年,女,台北市,其他女性生殖器官,0.67,13,65.62,75.0,0.97
2009年,女,台北市,膀胱,3.49,77,70.36,72.0,5.72
2009年,女,台北市,腎,2.98,59,61.46,62.0,4.38
2009年,女,台北市,腎盂及其他泌尿系統,3.98,83,67.95,69.0,6.16
2009年,女,台北市,眼及淚腺,0.44,7,63.57,73.0,0.52
2009年,女,台北市,腦,1.65,26,51.88,58.5,1.93
2009年,女,台北市,其他神經系統,0.4,8,57.88,53.5,0.59
2009年,女,台北市,甲狀腺,15.97,278,49.07,49.0,20.64
2009年,女,台北市,其他內分泌腺,0.43,6,44.5,51.5,0.45
2009年,女,台北市,其他分界不明的部位,0.09,2,64.5,64.5,0.15
2009年,女,台北市,不明原發部位,2.53,54,69.74,74.0,4.01
2009年,女,台北市,何杰金氏淋巴瘤,1.45,17,32.06,25.0,1.26
2009年,女,台北市,白血病,6.17,111,60.54,64.0,8.24
2009年,女,台北市,非何杰金氏淋巴瘤,7.04,132,60.58,62.0,9.8
2009年,女,台北市,漿細胞瘤,1.56,33,67.52,70.0,2.45
2009年,女,台北市,全癌症,278.26,5518,60.75,60.0,409.66
2010年,男,台北市,口腔、口咽及下咽,20.69,368,57.2,56.0,29.15
2010年,男,台北市,主唾液腺,0.92,13,47.38,51.0,1.03
2010年,男,台北市,鼻咽,7.48,122,51.42,51.0,9.66
2010年,男,台北市,食道,8.62,165,60.59,57.0,13.07
2010年,男,台北市,胃,16.04,346,72.34,76.5,27.4
2010年,男,台北市,小腸,0.92,18,65.17,61.5,1.43
2010年,男,台北市,結直腸,54.67,1044,66.71,66.0,82.69
2010年,男,台北市,肝及肝內膽管,38.82,714,64.39,64.0,56.55
2010年,男,台北市,膽囊及肝外膽管,3.15,60,70.38,72.0,4.75
2010年,男,台北市,胰,6.61,130,68.98,69.0,10.3
2010年,男,台北市,後腹膜腔及腹膜,0.84,11,46.45,52.0,0.87
2010年,男,台北市,消化器官其他分界不明部位,0.05,1,55.0,55.0,0.08
2010年,男,台北市,鼻腔、中耳及副鼻竇,0.51,9,56.11,50.0,0.71
2010年,男,台北市,喉,3.68,74,68.26,69.0,5.86
2010年,男,台北市,肺、支氣管及氣管,40.28,803,70.91,73.0,63.6
2010年,男,台北市,胸膜,0.16,3,60.67,58.0,0.24
2010年,男,台北市,胸腺、心臟與中隔,0.98,15,52.67,52.0,1.19
2010年,男,台北市,骨、關節及關節軟骨,0.77,11,45.36,46.0,0.87
2010年,男,台北市,結締組織、皮下組織及其他軟組織,2.2,40,60.45,56.5,3.17
2010年,男,台北市,皮膚,10.13,193,67.26,69.0,15.29
2010年,男,台北市,男性乳房,0.3,6,58.33,55.0,0.48
2010年,男,台北市,攝護腺,37.09,750,74.27,75.0,59.4
2010年,男,台北市,睪丸,2.09,26,34.31,31.0,2.06
2010年,男,台北市,其他男性生殖器官,0.74,14,65.0,66.5,1.11
2010年,男,台北市,膀胱,8.16,169,71.35,73.0,13.39
2010年,男,台北市,腎,6.64,122,63.01,62.5,9.66
2010年,男,台北市,腎盂及其他泌尿系統,4.31,84,69.21,69.0,6.65
2010年,男,台北市,眼及淚腺,0.87,10,45.9,52.0,0.79
2010年,男,台北市,腦,3.66,61,57.56,59.0,4.83
2010年,男,台北市,甲狀腺,5.44,89,51.17,52.0,7.05
2010年,男,台北市,其他內分泌腺,0.33,4,43.25,50.0,0.32
2010年,男,台北市,其他分界不明的部位,0.03,1,84.0,84.0,0.08
2010年,男,台北市,不明原發部位,2.96,56,66.95,69.0,4.44
2010年,男,台北市,何杰金氏淋巴瘤,0.79,12,51.0,56.0,0.95
2010年,男,台北市,白血病,10.19,179,61.51,66.0,14.18
2010年,男,台北市,非何杰金氏淋巴瘤,9.21,173,65.06,67.0,13.7
2010年,男,台北市,漿細胞瘤,1.81,38,71.21,75.5,3.01
2010年,男,台北市,全癌症,312.99,5947,66.43,68.0,471.03
2010年,女,台北市,口腔、口咽及下咽,2.63,55,61.89,61.0,4.06
2010年,女,台北市,主唾液腺,0.77,15,57.2,60.0,1.11
2010年,女,台北市,鼻咽,2.13,41,51.15,50.0,3.02
2010年,女,台北市,食道,0.86,19,72.68,74.0,1.4
2010年,女,台北市,胃,8.41,188,69.02,70.0,13.86
2010年,女,台北市,小腸,0.79,17,66.94,71.0,1.25
2010年,女,台北市,結直腸,36.2,777,66.66,68.0,57.29
2010年,女,台北市,肝及肝內膽管,14.84,314,71.25,73.0,23.15
2010年,女,台北市,膽囊及肝外膽管,2.72,60,70.25,72.0,4.42
2010年,女,台北市,胰,4.46,99,69.86,71.0,7.3
2010年,女,台北市,後腹膜腔及腹膜,0.53,9,54.44,57.0,0.66
2010年,女,台北市,消化器官其他分界不明部位,0.33,7,64.43,63.0,0.52
2010年,女,台北市,鼻腔、中耳及副鼻竇,0.47,9,52.33,52.0,0.66
2010年,女,台北市,喉,0.32,7,63.71,62.0,0.52
2010年,女,台北市,肺、支氣管及氣管,27.58,602,66.95,68.0,44.39
2010年,女,台北市,胸膜,0.22,4,63.75,66.0,0.29
2010年,女,台北市,胸腺、心臟與中隔,0.59,11,54.82,52.0,0.81
2010年,女,台北市,骨、關節及關節軟骨,0.62,8,34.75,33.5,0.59
2010年,女,台北市,結締組織、皮下組織及其他軟組織,1.88,35,56.97,55.0,2.58
2010年,女,台北市,皮膚,5.99,129,66.71,71.0,9.51
2010年,女,台北市,女性乳房,76.22,1522,55.48,54.0,112.22
2010年,女,台北市,子宮頸,8.95,183,58.7,57.0,13.49
2010年,女,台北市,子宮體,14.05,278,54.57,53.0,20.5
2010年,女,台北市,卵巢、輸卵管及寬韌帶,10.46,197,53.56,52.0,14.53
2010年,女,台北市,其他女性生殖器官,1.11,24,67.83,69.0,1.77
2010年,女,台北市,膀胱,2.96,65,71.71,74.0,4.79
2010年,女,台北市,腎,2.79,59,65.37,67.0,4.35
2010年,女,台北市,腎盂及其他泌尿系統,3.97,87,70.77,71.0,6.41
2010年,女,台北市,眼及淚腺,0.33,5,56.2,56.0,0.37
2010年,女,台北市,腦,2.47,38,44.63,44.0,2.8
2010年,女,台北市,其他神經系統,0.1,2,60.5,60.5,0.15
2010年,女,台北市,甲狀腺,16.86,298,47.91,48.0,21.97
2010年,女,台北市,其他內分泌腺,0.32,2,3.5,3.5,0.15
2010年,女,台北市,其他分界不明的部位,0.05,1,53.0,53.0,0.07
2010年,女,台北市,不明原發部位,3.11,68,68.56,74.0,5.01
2010年,女,台北市,何杰金氏淋巴瘤,0.61,8,39.13,28.0,0.59
2010年,女,台北市,白血病,5.52,101,58.48,59.0,7.45
2010年,女,台北市,非何杰金氏淋巴瘤,7.81,156,61.06,61.5,11.5
2010年,女,台北市,漿細胞瘤,1.31,28,68.54,71.0,2.06
2010年,女,台北市,全癌症,271.59,5533,60.97,60.0,407.97
2011年,男,台北市,口腔、口咽及下咽,22.37,406,57.2,56.0,31.81
2011年,男,台北市,主唾液腺,1.07,18,56.67,58.5,1.41
2011年,男,台北市,鼻咽,7.31,120,50.98,48.0,9.4
2011年,男,台北市,食道,7.47,143,61.06,59.0,11.2
2011年,男,台北市,胃,15.93,331,71.12,72.0,25.93
2011年,男,台北市,小腸,1.31,25,64.48,65.0,1.96
2011年,男,台北市,結直腸,53.77,1043,66.94,68.0,81.72
2011年,男,台北市,肝及肝內膽管,37.39,708,65.23,65.0,55.47
2011年,男,台北市,膽囊及肝外膽管,2.54,58,72.98,79.0,4.54
2011年,男,台北市,胰,7.5,149,67.37,68.0,11.67
2011年,男,台北市,後腹膜腔及腹膜,1.07,16,54.13,59.5,1.25
2011年,男,台北市,鼻腔、中耳及副鼻竇,0.76,13,60.23,63.0,1.02
2011年,男,台北市,喉,3.06,60,66.12,67.0,4.7
2011年,男,台北市,肺、支氣管及氣管,40.69,835,71.09,72.0,65.42
2011年,男,台北市,胸膜,0.08,2,69.0,69.0,0.16
2011年,男,台北市,胸腺、心臟與中隔,1.76,26,51.42,58.5,2.04
2011年,男,台北市,骨、關節及關節軟骨,0.57,8,40.0,46.0,0.63
2011年,男,台北市,結締組織、皮下組織及其他軟組織,2.09,35,56.91,59.0,2.74
2011年,男,台北市,皮膚,7.15,152,69.34,71.0,11.91
2011年,男,台北市,男性乳房,0.74,14,69.86,74.0,1.1
2011年,男,台北市,攝護腺,38.29,773,73.11,74.0,60.56
2011年,男,台北市,睪丸,2.06,24,29.75,28.0,1.88
2011年,男,台北市,其他男性生殖器官,0.7,15,71.0,79.0,1.18
2011年,男,台北市,膀胱,9.35,194,71.31,72.0,15.2
2011年,男,台北市,腎,6.0,107,61.06,60.0,8.38
2011年,男,台北市,腎盂及其他泌尿系統,3.67,73,71.38,75.0,5.72
2011年,男,台北市,眼及淚腺,0.46,5,40.2,53.0,0.39
2011年,男,台北市,腦,2.37,39,56.85,56.0,3.06
2011年,男,台北市,其他神經系統,0.16,3,63.33,63.0,0.24
2011年,男,台北市,甲狀腺,5.79,94,50.22,50.0,7.36
2011年,男,台北市,其他內分泌腺,0.29,2,2.0,2.0,0.16
2011年,男,台北市,其他分界不明的部位,0.03,1,87.0,87.0,0.08
2011年,男,台北市,不明原發部位,2.95,61,71.0,76.0,4.78
2011年,男,台北市,何杰金氏淋巴瘤,1.24,16,38.44,30.5,1.25
2011年,男,台北市,白血病,10.12,168,60.17,68.5,13.16
2011年,男,台北市,非何杰金氏淋巴瘤,9.13,169,64.15,65.0,13.24
2011年,男,台北市,漿細胞瘤,1.74,36,71.36,72.5,2.82
2011年,男,台北市,全癌症,309.79,5957,66.4,68.0,466.72
2011年,女,台北市,口腔、口咽及下咽,3.73,77,59.04,56.0,5.6
2011年,女,台北市,主唾液腺,0.68,10,42.8,37.0,0.73
2011年,女,台北市,鼻咽,2.07,38,50.45,51.0,2.76
2011年,女,台北市,食道,0.75,15,61.93,65.0,1.09
2011年,女,台北市,胃,9.41,211,67.8,70.0,15.35
2011年,女,台北市,小腸,0.88,19,61.79,63.0,1.38
2011年,女,台北市,結直腸,38.64,869,66.78,67.0,63.22
2011年,女,台北市,肝及肝內膽管,15.23,338,69.88,71.0,24.59
2011年,女,台北市,膽囊及肝外膽管,2.32,55,70.0,68.0,4.0
2011年,女,台北市,胰,6.37,140,69.19,70.0,10.18
2011年,女,台北市,後腹膜腔及腹膜,1.04,14,42.93,42.5,1.02
2011年,女,台北市,消化器官其他分界不明部位,0.04,1,60.0,60.0,0.07
2011年,女,台北市,鼻腔、中耳及副鼻竇,0.24,4,42.75,43.5,0.29
2011年,女,台北市,喉,0.24,5,70.8,65.0,0.36
2011年,女,台北市,肺、支氣管及氣管,26.9,591,65.88,67.0,42.99
2011年,女,台北市,胸膜,0.13,2,44.0,44.0,0.15
2011年,女,台北市,胸腺、心臟與中隔,0.82,17,57.71,56.0,1.24
2011年,女,台北市,骨、關節及關節軟骨,0.74,9,36.56,30.0,0.65
2011年,女,台北市,結締組織、皮下組織及其他軟組織,1.6,30,55.53,54.5,2.18
2011年,女,台北市,皮膚,5.5,124,68.41,71.0,9.02
2011年,女,台北市,女性乳房,78.1,1593,55.83,54.0,115.89
2011年,女,台北市,子宮,0.05,1,71.0,71.0,0.07
2011年,女,台北市,子宮頸,9.17,189,58.4,56.0,13.75
2011年,女,台北市,子宮體,12.47,257,56.06,57.0,18.7
2011年,女,台北市,卵巢、輸卵管及寬韌帶,10.56,203,53.8,53.0,14.77
2011年,女,台北市,其他女性生殖器官,0.96,22,66.05,67.0,1.6
2011年,女,台北市,膀胱,3.33,79,72.25,74.0,5.75
2011年,女,台北市,腎,2.42,51,65.12,68.0,3.71
2011年,女,台北市,腎盂及其他泌尿系統,3.72,87,71.59,72.0,6.33
2011年,女,台北市,眼及淚腺,0.22,2,17.0,17.0,0.15
2011年,女,台北市,腦,2.88,48,53.73,58.0,3.49
2011年,女,台北市,其他神經系統,0.49,6,32.33,41.0,0.44
2011年,女,台北市,甲狀腺,17.04,309,49.61,48.0,22.48
2011年,女,台北市,其他內分泌腺,0.44,7,49.43,51.0,0.51
2011年,女,台北市,不明原發部位,1.96,47,72.43,75.0,3.42
2011年,女,台北市,何杰金氏淋巴瘤,0.92,11,30.0,32.0,0.8
2011年,女,台北市,白血病,6.08,101,54.07,60.0,7.35
2011年,女,台北市,非何杰金氏淋巴瘤,7.48,158,64.34,66.0,11.49
2011年,女,台北市,漿細胞瘤,1.82,40,67.58,70.5,2.91
2011年,女,台北市,全癌症,277.75,5788,61.05,60.0,421.06
2012年,男,台北市,口腔、口咽及下咽,21.91,401,56.49,56.0,31.2
2012年,男,台北市,主唾液腺,0.7,13,59.38,55.0,1.01
2012年,男,台北市,鼻咽,7.26,127,52.59,52.0,9.88
2012年,男,台北市,食道,8.16,162,63.07,61.0,12.6
2012年,男,台北市,胃,14.61,319,71.73,74.0,24.82
2012年,男,台北市,小腸,1.17,22,63.45,63.5,1.71
2012年,男,台北市,結直腸,54.75,1105,67.53,68.0,85.97
2012年,男,台北市,肝及肝內膽管,35.42,691,64.34,63.0,53.76
2012年,男,台北市,膽囊及肝外膽管,2.87,62,72.74,72.5,4.82
2012年,男,台北市,胰,6.97,144,68.54,71.0,11.2
2012年,男,台北市,後腹膜腔及腹膜,0.79,13,54.38,61.0,1.01
2012年,男,台北市,消化器官其他分界不明部位,0.11,2,76.5,76.5,0.16
2012年,男,台北市,鼻腔、中耳及副鼻竇,1.18,20,50.75,47.5,1.56
2012年,男,台北市,喉,2.81,55,65.49,64.0,4.28
2012年,男,台北市,肺、支氣管及氣管,38.53,813,71.12,72.0,63.25
2012年,男,台北市,胸膜,0.18,4,70.75,70.5,0.31
2012年,男,台北市,胸腺、心臟與中隔,1.35,20,49.8,58.0,1.56
2012年,男,台北市,骨、關節及關節軟骨,0.68,11,49.82,46.0,0.86
2012年,男,台北市,結締組織、皮下組織及其他軟組織,2.26,40,56.88,57.0,3.11
2012年,男,台北市,皮膚,9.82,204,67.99,68.0,15.87
2012年,男,台北市,男性乳房,0.02,1,94.0,94.0,0.08
2012年,男,台北市,攝護腺,35.73,752,73.58,74.0,58.5
2012年,男,台北市,睪丸,2.24,26,30.31,28.0,2.02
2012年,男,台北市,其他男性生殖器官,0.73,16,65.88,62.0,1.24
2012年,男,台北市,膀胱,8.24,176,72.47,75.0,13.69
2012年,男,台北市,腎,7.3,140,63.07,63.0,10.89
2012年,男,台北市,腎盂及其他泌尿系統,3.41,69,69.99,72.0,5.37
2012年,男,台北市,眼及淚腺,0.24,3,43.33,55.0,0.23
2012年,男,台北市,腦,3.43,51,48.24,51.0,3.97
2012年,男,台北市,其他神經系統,0.2,3,50.0,46.0,0.23
2012年,男,台北市,甲狀腺,7.76,128,52.32,51.0,9.96
2012年,男,台北市,其他內分泌腺,0.52,6,41.67,40.0,0.47
2012年,男,台北市,不明原發部位,2.6,57,72.11,74.0,4.43
2012年,男,台北市,何杰金氏淋巴瘤,1.18,16,45.13,40.0,1.24
2012年,男,台北市,白血病,9.01,159,62.41,69.0,12.37
2012年,男,台北市,非何杰金氏淋巴瘤,9.71,186,63.57,63.5,14.47
2012年,男,台北市,漿細胞瘤,1.84,36,68.31,70.0,2.8
2012年,男,台北市,全癌症,306.72,6070,66.35,67.0,472.24
2012年,女,台北市,口腔、口咽及下咽,3.33,77,65.68,64.0,5.55
2012年,女,台北市,主唾液腺,0.6,13,60.54,62.0,0.94
2012年,女,台北市,鼻咽,1.89,37,51.78,50.0,2.67
2012年,女,台北市,食道,0.81,19,64.68,63.0,1.37
2012年,女,台北市,胃,8.8,213,70.2,73.0,15.35
2012年,女,台北市,小腸,1.05,24,65.83,66.0,1.73
2012年,女,台北市,結直腸,37.27,862,67.17,68.0,62.11
2012年,女,台北市,肝及肝內膽管,12.97,294,68.74,70.0,21.18
2012年,女,台北市,膽囊及肝外膽管,2.38,56,69.88,70.5,4.03
2012年,女,台北市,胰,5.57,130,69.3,71.5,9.37
2012年,女,台北市,後腹膜腔及腹膜,0.6,11,53.0,55.0,0.79
2012年,女,台北市,消化器官其他分界不明部位,0.26,6,76.17,75.0,0.43
2012年,女,台北市,鼻腔、中耳及副鼻竇,0.63,15,66.47,60.0,1.08
2012年,女,台北市,喉,0.33,7,67.29,68.0,0.5
2012年,女,台北市,肺、支氣管及氣管,29.1,666,66.58,67.0,47.99
2012年,女,台北市,胸膜,0.16,3,53.67,53.0,0.22
2012年,女,台北市,胸腺、心臟與中隔,0.61,13,64.85,66.0,0.94
2012年,女,台北市,骨、關節及關節軟骨,0.38,7,50.86,55.0,0.5
2012年,女,台北市,結締組織、皮下組織及其他軟組織,1.08,20,58.25,63.0,1.44
2012年,女,台北市,皮膚,5.14,119,68.69,71.0,8.57
2012年,女,台北市,女性乳房,79.42,1634,55.38,54.0,117.73
2012年,女,台北市,子宮,0.14,2,37.0,37.0,0.14
2012年,女,台北市,子宮頸,8.73,180,57.16,55.5,12.97
2012年,女,台北市,子宮體,13.43,280,55.11,55.0,20.17
2012年,女,台北市,卵巢、輸卵管及寬韌帶,8.82,169,52.79,52.0,12.18
2012年,女,台北市,其他女性生殖器官,1.06,26,68.5,68.0,1.87
2012年,女,台北市,膀胱,2.99,72,73.6,76.0,5.19
2012年,女,台北市,腎,2.57,55,61.98,61.0,3.96
2012年,女,台北市,腎盂及其他泌尿系統,3.21,75,70.61,73.0,5.4
2012年,女,台北市,眼及淚腺,0.63,8,33.63,36.0,0.58
2012年,女,台北市,腦,2.0,37,55.59,58.0,2.67
2012年,女,台北市,其他神經系統,0.15,4,69.5,66.0,0.29
2012年,女,台北市,甲狀腺,19.55,355,49.23,49.0,25.58
2012年,女,台北市,其他內分泌腺,0.58,7,31.71,30.0,0.5
2012年,女,台北市,其他分界不明的部位,0.09,2,58.0,58.0,0.14
2012年,女,台北市,不明原發部位,2.68,61,67.49,71.0,4.4
2012年,女,台北市,何杰金氏淋巴瘤,0.73,10,38.2,34.5,0.72
2012年,女,台北市,白血病,6.32,114,57.19,61.0,8.21
2012年,女,台北市,非何杰金氏淋巴瘤,7.45,164,63.32,63.0,11.82
2012年,女,台北市,漿細胞瘤,0.91,21,69.14,73.0,1.51
2012年,女,台北市,全癌症,274.68,5872,61.07,61.0,423.1
2013年,男,台北市,口腔、口咽及下咽,24.06,455,58.33,57.0,35.27
2013年,男,台北市,主唾液腺,1.25,21,55.38,59.0,1.63
2013年,男,台北市,鼻咽,6.25,108,51.52,52.0,8.37
2013年,男,台北市,食道,7.55,152,62.43,60.0,11.78
2013年,男,台北市,胃,14.23,312,71.63,73.0,24.19
2013年,男,台北市,小腸,1.31,26,68.46,69.5,2.02
2013年,男,台北市,結直腸,49.42,1011,67.8,68.0,78.38
2013年,男,台北市,肝及肝內膽管,34.82,696,65.01,64.0,53.96
2013年,男,台北市,膽囊及肝外膽管,2.65,57,70.32,72.0,4.42
2013年,男,台北市,胰,7.03,151,70.56,71.0,11.71
2013年,男,台北市,後腹膜腔及腹膜,0.48,9,59.89,64.0,0.7
2013年,男,台北市,消化器官其他分界不明部位,0.02,1,92.0,92.0,0.08
2013年,男,台北市,鼻腔、中耳及副鼻竇,1.06,21,64.62,65.0,1.63
2013年,男,台北市,喉,2.93,59,64.2,63.0,4.57
2013年,男,台北市,肺、支氣管及氣管,39.31,836,69.4,70.0,64.81
2013年,男,台北市,胸膜,0.42,7,61.57,69.0,0.54
2013年,男,台北市,胸腺、心臟與中隔,1.61,28,55.79,54.0,2.17
2013年,男,台北市,骨、關節及關節軟骨,0.84,12,45.92,54.5,0.93
2013年,男,台北市,結締組織、皮下組織及其他軟組織,2.32,39,55.87,58.0,3.02
2013年,男,台北市,皮膚,9.72,201,68.52,71.0,15.58
2013年,男,台北市,男性乳房,0.31,7,67.43,62.0,0.54
2013年,男,台北市,攝護腺,35.43,758,72.78,72.5,58.76
2013年,男,台北市,睪丸,1.42,16,28.19,27.5,1.24
2013年,男,台北市,其他男性生殖器官,0.73,16,74.94,77.5,1.24
2013年,男,台北市,膀胱,8.42,186,71.56,72.0,14.42
2013年,男,台北市,腎,6.95,134,61.98,62.0,10.39
2013年,男,台北市,腎盂及其他泌尿系統,3.45,73,68.49,67.0,5.66
2013年,男,台北市,眼及淚腺,0.16,3,59.67,62.0,0.23
2013年,男,台北市,腦,3.1,49,52.8,55.0,3.8
2013年,男,台北市,其他神經系統,0.21,5,75.8,77.0,0.39
2013年,男,台北市,甲狀腺,6.62,111,50.41,51.0,8.61
2013年,男,台北市,其他內分泌腺,0.28,3,38.67,39.0,0.23
2013年,男,台北市,不明原發部位,1.81,40,70.73,71.0,3.1
2013年,男,台北市,何杰金氏淋巴瘤,1.47,19,41.37,32.0,1.47
2013年,男,台北市,白血病,9.21,163,60.3,65.0,12.64
2013年,男,台北市,非何杰金氏淋巴瘤,9.88,191,63.24,64.0,14.81
2013年,男,台北市,漿細胞瘤,1.15,24,66.75,66.0,1.86
2013年,男,台北市,全癌症,298.39,6011,66.26,66.0,465.99
2013年,女,台北市,口腔、口咽及下咽,2.94,69,64.28,62.0,4.94
2013年,女,台北市,主唾液腺,0.85,16,58.13,59.0,1.15
2013年,女,台北市,鼻咽,2.02,41,54.54,53.0,2.94
2013年,女,台北市,食道,0.49,12,63.83,59.5,0.86
2013年,女,台北市,胃,8.28,197,66.31,65.0,14.11
2013年,女,台北市,小腸,0.77,17,59.53,59.0,1.22
2013年,女,台北市,結直腸,34.89,835,67.54,68.0,59.79
2013年,女,台北市,肝及肝內膽管,12.66,311,70.64,71.0,22.27
2013年,女,台北市,膽囊及肝外膽管,1.78,47,73.77,74.0,3.37
2013年,女,台北市,胰,5.32,131,70.92,72.0,9.38
2013年,女,台北市,後腹膜腔及腹膜,1.66,37,61.32,61.0,2.65
2013年,女,台北市,鼻腔、中耳及副鼻竇,0.43,9,57.67,60.0,0.64
2013年,女,台北市,喉,0.09,2,62.0,62.0,0.14
2013年,女,台北市,肺、支氣管及氣管,28.52,676,67.16,67.0,48.4
2013年,女,台北市,胸膜,0.06,1,37.0,37.0,0.07
2013年,女,台北市,胸腺、心臟與中隔,0.92,19,56.58,59.0,1.36
2013年,女,台北市,骨、關節及關節軟骨,0.73,9,34.22,37.0,0.64
2013年,女,台北市,結締組織、皮下組織及其他軟組織,1.67,34,55.71,57.5,2.43
2013年,女,台北市,皮膚,7.24,180,71.4,72.5,12.89
2013年,女,台北市,女性乳房,81.47,1713,56.55,55.0,122.66
2013年,女,台北市,子宮,0.09,2,63.0,63.0,0.14
2013年,女,台北市,子宮頸,6.94,152,59.88,58.0,10.88
2013年,女,台北市,子宮體,13.9,294,55.8,56.0,21.05
2013年,女,台北市,卵巢、輸卵管及寬韌帶,9.42,191,54.24,53.0,13.68
2013年,女,台北市,其他女性生殖器官,0.69,17,69.65,72.0,1.22
2013年,女,台北市,膀胱,2.41,59,70.51,71.0,4.22
2013年,女,台北市,腎,2.98,64,61.92,63.0,4.58
2013年,女,台北市,腎盂及其他泌尿系統,3.52,86,70.8,72.0,6.16
2013年,女,台北市,眼及淚腺,0.23,3,34.33,41.0,0.21
2013年,女,台北市,腦,2.45,38,47.05,46.5,2.72
2013年,女,台北市,其他神經系統,0.39,9,65.11,68.0,0.64
2013年,女,台北市,甲狀腺,20.01,375,50.11,50.0,26.85
2013年,女,台北市,其他內分泌腺,0.25,2,10.0,10.0,0.14
2013年,女,台北市,其他分界不明的部位,0.03,1,80.0,80.0,0.07
2013年,女,台北市,不明原發部位,1.79,47,73.47,75.0,3.37
2013年,女,台北市,何杰金氏淋巴瘤,0.78,10,34.8,31.5,0.72
2013年,女,台北市,白血病,6.56,123,56.15,59.0,8.81
2013年,女,台北市,非何杰金氏淋巴瘤,6.36,143,62.79,62.0,10.24
2013年,女,台北市,漿細胞瘤,1.36,32,67.09,68.5,2.29
2013年,女,台北市,全癌症,273.62,6014,61.53,61.0,430.63
2014年,男,台北市,口腔、口咽及下咽,22.05,420,58.0,57.0,32.42
2014年,男,台北市,主唾液腺,0.84,15,58.33,59.0,1.16
2014年,男,台北市,鼻咽,6.89,121,52.29,52.0,9.34
2014年,男,台北市,食道,9.02,184,63.61,60.0,14.2
2014年,男,台北市,胃,13.38,304,72.41,73.0,23.46
2014年,男,台北市,小腸,1.09,22,65.05,65.5,1.7
2014年,男,台北市,結直腸,52.49,1091,67.02,66.0,84.21
2014年,男,台北市,肝及肝內膽管,31.68,656,65.55,64.0,50.63
2014年,男,台北市,膽囊及肝外膽管,3.43,78,72.45,72.5,6.02
2014年,男,台北市,胰,7.07,149,69.46,70.0,11.5
2014年,男,台北市,後腹膜腔及腹膜,0.45,9,59.0,57.0,0.69
2014年,男,台北市,鼻腔、中耳及副鼻竇,0.92,16,55.63,51.5,1.23
2014年,男,台北市,喉,3.1,63,65.71,65.0,4.86
2014年,男,台北市,肺、支氣管及氣管,38.91,828,69.5,70.5,63.91
2014年,男,台北市,胸膜,0.3,7,71.29,67.0,0.54
2014年,男,台北市,胸腺、心臟與中隔,1.79,28,53.0,61.0,2.16
2014年,男,台北市,骨、關節及關節軟骨,0.59,8,38.0,36.5,0.62
2014年,男,台北市,結締組織、皮下組織及其他軟組織,1.84,35,63.57,66.0,2.7
2014年,男,台北市,皮膚,9.39,202,70.05,73.5,15.59
2014年,男,台北市,男性乳房,0.3,6,69.17,73.0,0.46
2014年,男,台北市,攝護腺,31.99,699,72.43,72.0,53.95
2014年,男,台北市,睪丸,2.28,29,36.21,32.0,2.24
2014年,男,台北市,其他男性生殖器官,0.8,18,72.56,70.5,1.39
2014年,男,台北市,膀胱,8.2,184,71.32,72.0,14.2
2014年,男,台北市,腎,7.86,152,61.46,59.0,11.73
2014年,男,台北市,腎盂及其他泌尿系統,3.24,70,69.5,70.0,5.4
2014年,男,台北市,眼及淚腺,0.07,1,43.0,43.0,0.08
2014年,男,台北市,腦,2.64,43,53.6,58.0,3.32
2014年,男,台北市,其他神經系統,0.6,9,51.33,53.0,0.69
2014年,男,台北市,甲狀腺,6.86,117,51.15,52.0,9.03
2014年,男,台北市,其他內分泌腺,0.88,11,36.18,40.0,0.85
2014年,男,台北市,其他分界不明的部位,0.12,1,0.0,0.0,0.08
2014年,男,台北市,不明原發部位,2.42,52,70.54,71.0,4.01
2014年,男,台北市,何杰金氏淋巴瘤,1.0,13,40.08,31.0,1.0
2014年,男,台北市,白血病,7.92,152,63.01,65.5,11.73
2014年,男,台北市,非何杰金氏淋巴瘤,8.21,168,67.28,70.5,12.97
2014年,男,台北市,漿細胞瘤,1.57,34,68.53,67.5,2.62
2014年,男,台北市,全癌症,292.78,6007,66.37,66.0,463.63
2014年,女,台北市,口腔、口咽及下咽,3.33,78,64.04,62.5,5.54
2014年,女,台北市,主唾液腺,0.89,17,51.24,54.0,1.21
2014年,女,台北市,鼻咽,2.37,47,51.09,47.0,3.34
2014年,女,台北市,食道,0.93,22,66.55,66.0,1.56
2014年,女,台北市,胃,8.87,219,68.47,71.0,15.57
2014年,女,台北市,小腸,0.85,19,58.79,58.0,1.35
2014年,女,台北市,結直腸,35.92,885,66.98,67.0,62.91
2014年,女,台北市,肝及肝內膽管,12.7,317,70.06,72.0,22.54
2014年,女,台北市,膽囊及肝外膽管,1.93,51,72.14,73.0,3.63
2014年,女,台北市,胰,5.15,133,70.86,71.0,9.45
2014年,女,台北市,後腹膜腔及腹膜,1.03,24,64.79,65.0,1.71
2014年,女,台北市,鼻腔、中耳及副鼻竇,0.62,11,59.36,65.0,0.78
2014年,女,台北市,喉,0.32,9,74.11,76.0,0.64
2014年,女,台北市,肺、支氣管及氣管,31.14,751,66.27,67.0,53.39
2014年,女,台北市,胸膜,0.04,1,60.0,60.0,0.07
2014年,女,台北市,胸腺、心臟與中隔,0.91,17,50.29,52.0,1.21
2014年,女,台北市,骨、關節及關節軟骨,0.77,11,44.45,43.0,0.78
2014年,女,台北市,結締組織、皮下組織及其他軟組織,2.3,41,52.02,53.0,2.91
2014年,女,台北市,皮膚,5.95,156,70.89,73.0,11.09
2014年,女,台北市,女性乳房,83.44,1789,56.65,55.0,127.18
2014年,女,台北市,子宮頸,6.87,149,58.47,58.0,10.59
2014年,女,台北市,子宮體,15.91,346,56.54,57.0,24.6
2014年,女,台北市,卵巢、輸卵管及寬韌帶,11.22,222,54.66,54.0,15.78
2014年,女,台北市,其他女性生殖器官,0.74,17,64.0,61.0,1.21
2014年,女,台北市,膀胱,3.13,79,70.82,74.0,5.62
2014年,女,台北市,腎,2.69,59,61.17,63.0,4.19
2014年,女,台北市,腎盂及其他泌尿系統,3.62,94,71.11,74.0,6.68
2014年,女,台北市,眼及淚腺,0.41,6,43.83,47.0,0.43
2014年,女,台北市,腦,1.8,34,54.0,57.5,2.42
2014年,女,台北市,其他神經系統,0.34,5,51.4,56.0,0.36
2014年,女,台北市,甲狀腺,21.41,407,50.34,50.0,28.93
2014年,女,台北市,其他內分泌腺,0.18,4,61.0,60.5,0.28
2014年,女,台北市,其他分界不明的部位,0.04,1,59.0,59.0,0.07
2014年,女,台北市,不明原發部位,1.44,38,70.82,69.5,2.7
2014年,女,台北市,何杰金氏淋巴瘤,0.79,12,43.25,40.0,0.85
2014年,女,台北市,白血病,7.25,140,58.8,61.5,9.95
2014年,女,台北市,非何杰金氏淋巴瘤,7.18,160,63.46,65.0,11.37
2014年,女,台北市,漿細胞瘤,1.28,33,71.73,72.0,2.35
2014年,女,台北市,全癌症,286.03,6411,61.46,61.0,455.75
2015年,男,台北市,口腔、口咽及下咽,22.87,444,59.01,59.0,34.27
2015年,男,台北市,主唾液腺,0.73,12,50.5,54.5,0.93
2015年,男,台北市,鼻咽,5.65,99,51.2,50.0,7.64
2015年,男,台北市,食道,7.23,151,64.29,62.0,11.66
2015年,男,台北市,胃,13.21,308,72.29,74.5,23.78
2015年,男,台北市,小腸,1.05,24,68.33,66.0,1.85
2015年,男,台北市,結直腸,50.36,1071,67.05,66.0,82.67
2015年,男,台北市,肝及肝內膽管,28.79,590,65.22,65.0,45.54
2015年,男,台北市,膽囊及肝外膽管,2.74,63,72.41,74.0,4.86
2015年,男,台北市,胰,8.73,187,67.79,68.0,14.44
2015年,男,台北市,後腹膜腔及腹膜,0.84,14,54.14,55.0,1.08
2015年,男,台北市,消化器官其他分界不明部位,0.05,1,55.0,55.0,0.08
2015年,男,台北市,鼻腔、中耳及副鼻竇,0.8,14,53.64,59.0,1.08
2015年,男,台北市,喉,2.53,56,69.16,69.0,4.32
2015年,男,台北市,肺、支氣管及氣管,41.77,913,69.22,69.0,70.48
2015年,男,台北市,胸膜,0.33,7,65.86,65.0,0.54
2015年,男,台北市,胸腺、心臟與中隔,1.61,28,54.93,54.5,2.16
2015年,男,台北市,骨、關節及關節軟骨,0.78,10,38.7,37.0,0.77
2015年,男,台北市,結締組織、皮下組織及其他軟組織,2.66,47,58.91,63.0,3.63
2015年,男,台北市,皮膚,8.17,181,70.45,73.0,13.97
2015年,男,台北市,男性乳房,0.23,5,78.8,79.0,0.39
2015年,男,台北市,攝護腺,34.1,759,72.31,72.0,58.59
2015年,男,台北市,睪丸,2.17,26,34.08,30.0,2.01
2015年,男,台北市,其他男性生殖器官,0.87,19,66.47,65.0,1.47
2015年,男,台北市,膀胱,7.87,178,70.61,71.0,13.74
2015年,男,台北市,腎,7.36,145,63.39,64.0,11.19
2015年,男,台北市,腎盂及其他泌尿系統,2.71,61,71.21,70.0,4.71
2015年,男,台北市,眼及淚腺,0.52,5,25.6,7.0,0.39
2015年,男,台北市,腦,3.21,54,55.19,60.0,4.17
2015年,男,台北市,其他神經系統,0.27,3,41.0,20.0,0.23
2015年,男,台北市,甲狀腺,9.39,158,50.7,50.0,12.2
2015年,男,台北市,其他內分泌腺,0.82,9,33.33,38.0,0.69
2015年,男,台北市,其他分界不明的部位,0.05,1,67.0,67.0,0.08
2015年,男,台北市,不明原發部位,1.82,41,71.07,74.0,3.16
2015年,男,台北市,何杰金氏淋巴瘤,1.19,18,46.44,44.5,1.39
2015年,男,台北市,白血病,8.0,149,62.06,65.0,11.5
2015年,男,台北市,非何杰金氏淋巴瘤,9.77,197,64.72,66.0,15.21
2015年,男,台北市,漿細胞瘤,1.65,36,69.25,68.0,2.78
2015年,男,台北市,全癌症,293.33,6092,66.22,67.0,470.26
2015年,女,台北市,口腔、口咽及下咽,3.18,78,65.24,65.5,5.53
2015年,女,台北市,主唾液腺,0.84,18,56.06,57.5,1.28
2015年,女,台北市,鼻咽,1.38,29,55.9,56.0,2.06
2015年,女,台北市,食道,0.95,23,63.35,59.0,1.63
2015年,女,台北市,胃,8.34,207,67.25,70.0,14.69
2015年,女,台北市,小腸,0.85,21,65.24,66.0,1.49
2015年,女,台北市,結直腸,35.1,887,67.43,68.0,62.94
2015年,女,台北市,肝及肝內膽管,12.33,322,70.34,72.0,22.85
2015年,女,台北市,膽囊及肝外膽管,2.52,68,72.59,73.0,4.82
2015年,女,台北市,胰,5.56,153,71.88,73.0,10.86
2015年,女,台北市,後腹膜腔及腹膜,1.26,30,67.83,69.5,2.13
2015年,女,台北市,消化器官其他分界不明部位,0.09,2,64.0,64.0,0.14
2015年,女,台北市,鼻腔、中耳及副鼻竇,0.28,9,75.33,82.0,0.64
2015年,女,台北市,肺、支氣管及氣管,32.57,814,65.74,64.0,57.76
2015年,女,台北市,胸膜,0.12,3,61.0,62.0,0.21
2015年,女,台北市,胸腺、心臟與中隔,1.88,34,51.82,53.0,2.41
2015年,女,台北市,骨、關節及關節軟骨,0.51,5,25.6,18.0,0.35
2015年,女,台北市,結締組織、皮下組織及其他軟組織,1.88,35,53.91,60.0,2.48
2015年,女,台北市,皮膚,7.49,196,70.08,73.0,13.91
2015年,女,台北市,女性乳房,89.37,1943,57.01,56.0,137.87
2015年,女,台北市,子宮頸,7.79,169,57.99,57.0,11.99
2015年,女,台北市,子宮體,15.0,334,57.55,58.0,23.7
2015年,女,台北市,卵巢、輸卵管及寬韌帶,10.16,212,54.99,55.0,15.04
2015年,女,台北市,其他女性生殖器官,1.2,31,69.97,74.0,2.2
2015年,女,台北市,膀胱,2.62,73,73.11,76.0,5.18
2015年,女,台北市,腎,4.16,95,63.65,65.0,6.74
2015年,女,台北市,腎盂及其他泌尿系統,3.27,91,74.31,76.0,6.46
2015年,女,台北市,眼及淚腺,0.41,5,23.6,36.0,0.35
2015年,女,台北市,腦,2.5,45,52.18,56.0,3.19
2015年,女,台北市,其他神經系統,0.34,5,37.0,42.0,0.35
2015年,女,台北市,甲狀腺,22.55,433,50.79,51.0,30.72
2015年,女,台北市,其他內分泌腺,0.35,6,49.0,57.0,0.43
2015年,女,台北市,其他分界不明的部位,0.08,2,77.0,77.0,0.14
2015年,女,台北市,不明原發部位,1.46,40,74.63,75.5,2.84
2015年,女,台北市,何杰金氏淋巴瘤,1.38,20,39.8,34.5,1.42
2015年,女,台北市,白血病,5.39,113,61.73,66.0,8.02
2015年,女,台北市,非何杰金氏淋巴瘤,8.12,185,63.17,65.0,13.13
2015年,女,台北市,漿細胞瘤,1.4,33,65.76,69.0,2.34
2015年,女,台北市,全癌症,295.31,6782,61.81,62.0,481.22
2016年,男,台北市,口腔、口咽及下咽,20.68,405,59.47,58.0,31.41
2016年,男,台北市,主唾液腺,1.26,24,59.46,56.5,1.86
2016年,男,台北市,鼻咽,5.05,90,53.24,53.0,6.98
2016年,男,台北市,食道,7.37,151,61.28,59.0,11.71
2016年,男,台北市,胃,12.16,294,72.25,72.5,22.8
2016年,男,台北市,小腸,1.34,29,65.1,66.0,2.25
2016年,男,台北市,結直腸,47.83,1039,67.44,67.0,80.57
2016年,男,台北市,肝及肝內膽管,28.48,597,65.01,65.0,46.3
2016年,男,台北市,膽囊及肝外膽管,3.5,80,71.26,72.0,6.2
2016年,男,台北市,胰,6.9,147,66.82,66.0,11.4
2016年,男,台北市,後腹膜腔及腹膜,0.52,9,53.67,56.0,0.7
2016年,男,台北市,鼻腔、中耳及副鼻竇,1.1,21,57.76,56.0,1.63
2016年,男,台北市,喉,3.18,66,64.65,63.0,5.12
2016年,男,台北市,肺、支氣管及氣管,41.5,912,69.66,70.0,70.72
2016年,男,台北市,胸膜,0.21,5,69.2,67.0,0.39
2016年,男,台北市,胸腺、心臟與中隔,1.91,34,59.79,61.5,2.64
2016年,男,台北市,骨、關節及關節軟骨,0.75,8,28.5,22.5,0.62
2016年,男,台北市,結締組織、皮下組織及其他軟組織,2.61,46,56.59,61.5,3.57
2016年,男,台北市,皮膚,10.61,234,68.91,70.0,18.15
2016年,男,台北市,男性乳房,0.67,12,58.92,65.0,0.93
2016年,男,台北市,攝護腺,34.08,779,72.97,73.0,60.41
2016年,男,台北市,睪丸,2.22,26,31.65,31.0,2.02
2016年,男,台北市,其他男性生殖器官,1.03,21,67.33,71.0,1.63
2016年,男,台北市,膀胱,8.16,194,72.1,73.0,15.04
2016年,男,台北市,腎,6.15,129,62.81,63.0,10.0
2016年,男,台北市,腎盂及其他泌尿系統,3.47,79,72.49,73.0,6.13
2016年,男,台北市,腦,2.59,45,56.16,60.0,3.49
2016年,男,台北市,其他神經系統,0.35,7,63.14,65.0,0.54
2016年,男,台北市,甲狀腺,9.26,162,51.55,51.5,12.56
2016年,男,台北市,其他內分泌腺,0.09,2,60.5,60.5,0.16
2016年,男,台北市,不明原發部位,2.85,62,65.81,64.0,4.81
2016年,男,台北市,何杰金氏淋巴瘤,1.11,16,50.13,52.5,1.24
2016年,男,台北市,白血病,8.72,163,60.83,63.0,12.64
2016年,男,台北市,非何杰金氏淋巴瘤,9.7,201,65.09,66.0,15.59
2016年,男,台北市,漿細胞瘤,2.19,49,72.51,75.0,3.8
2016年,男,台北市,全癌症,289.84,6145,66.55,67.0,476.54
2016年,女,台北市,口腔、口咽及下咽,3.11,70,60.76,61.5,4.98
2016年,女,台北市,主唾液腺,0.93,19,59.26,57.0,1.35
2016年,女,台北市,鼻咽,1.0,21,54.38,53.0,1.49
2016年,女,台北市,食道,0.68,19,71.05,69.0,1.35
2016年,女,台北市,胃,5.9,156,69.65,73.0,11.09
2016年,女,台北市,小腸,0.85,21,62.86,63.0,1.49
2016年,女,台北市,結直腸,34.66,891,67.78,69.0,63.36
2016年,女,台北市,肝及肝內膽管,11.81,319,71.5,74.0,22.69
2016年,女,台北市,膽囊及肝外膽管,2.18,63,71.56,70.0,4.48
2016年,女,台北市,胰,5.48,145,69.24,69.0,10.31
2016年,女,台北市,後腹膜腔及腹膜,1.0,25,64.44,63.0,1.78
2016年,女,台北市,鼻腔、中耳及副鼻竇,0.87,19,58.84,63.0,1.35
2016年,女,台北市,喉,0.27,8,70.13,66.0,0.57
2016年,女,台北市,肺、支氣管及氣管,34.34,864,65.86,66.0,61.44
2016年,女,台北市,胸膜,0.07,1,31.0,31.0,0.07
2016年,女,台北市,胸腺、心臟與中隔,1.74,32,51.69,53.0,2.28
2016年,女,台北市,骨、關節及關節軟骨,0.56,4,16.0,16.0,0.28
2016年,女,台北市,結締組織、皮下組織及其他軟組織,2.17,42,53.52,55.5,2.99
2016年,女,台北市,皮膚,6.2,164,69.38,72.0,11.66
2016年,女,台北市,女性乳房,87.01,1898,56.74,56.0,134.97
2016年,女,台北市,子宮,0.09,2,54.5,54.5,0.14
2016年,女,台北市,子宮頸,6.42,143,58.25,58.0,10.17
2016年,女,台北市,子宮體,16.58,373,57.8,57.0,26.53
2016年,女,台北市,卵巢、輸卵管及寬韌帶,10.26,212,55.54,54.0,15.08
2016年,女,台北市,其他女性生殖器官,0.99,26,69.46,71.0,1.85
2016年,女,台北市,膀胱,3.2,91,72.48,75.0,6.47
2016年,女,台北市,腎,2.42,58,64.72,66.5,4.12
2016年,女,台北市,腎盂及其他泌尿系統,4.22,119,73.09,75.0,8.46
2016年,女,台北市,眼及淚腺,0.41,7,48.14,49.0,0.5
2016年,女,台北市,腦,2.72,50,55.74,60.5,3.56
2016年,女,台北市,其他神經系統,0.16,4,60.0,59.5,0.28
2016年,女,台北市,甲狀腺,21.01,391,49.51,51.0,27.81
2016年,女,台北市,其他內分泌腺,0.28,5,57.2,74.0,0.36
2016年,女,台北市,其他分界不明的部位,0.2,2,23.0,23.0,0.14
2016年,女,台北市,不明原發部位,1.2,35,72.23,75.0,2.49
2016年,女,台北市,何杰金氏淋巴瘤,0.46,8,50.25,49.0,0.57
2016年,女,台北市,白血病,7.74,138,55.28,61.0,9.81
2016年,女,台北市,非何杰金氏淋巴瘤,5.74,148,68.25,70.0,10.52
2016年,女,台北市,漿細胞瘤,1.05,30,72.77,72.5,2.13
2016年,女,台北市,全癌症,286.37,6630,61.83,62.0,471.49
2017年,男,台北市,口腔、口咽及下咽,20.9,413,59.47,59.0,32.22
2017年,男,台北市,主唾液腺,1.45,25,55.36,59.0,1.95
2017年,男,台北市,鼻咽,5.52,99,54.03,55.0,7.72
2017年,男,台北市,食道,8.3,175,63.21,63.0,13.65
2017年,男,台北市,胃,11.96,272,69.43,69.0,21.22
2017年,男,台北市,小腸,1.47,31,65.9,67.0,2.42
2017年,男,台北市,結直腸,47.58,1047,67.46,67.0,81.67
2017年,男,台北市,肝及肝內膽管,29.16,646,67.19,67.0,50.39
2017年,男,台北市,膽囊及肝外膽管,2.37,59,73.47,73.0,4.6
2017年,男,台北市,胰,8.31,185,68.93,69.0,14.43
2017年,男,台北市,後腹膜腔及腹膜,0.51,9,62.22,64.0,0.7
2017年,男,台北市,鼻腔、中耳及副鼻竇,1.17,24,62.17,64.0,1.87
2017年,男,台北市,喉,3.35,71,65.51,66.0,5.54
2017年,男,台北市,肺、支氣管及氣管,43.71,976,68.85,69.0,76.14
2017年,男,台北市,胸膜,0.27,5,62.4,69.0,0.39
2017年,男,台北市,胸腺、心臟與中隔,2.04,39,58.56,60.0,3.04
2017年,男,台北市,骨、關節及關節軟骨,0.68,7,31.29,30.0,0.55
2017年,男,台北市,結締組織、皮下組織及其他軟組織,2.37,47,63.49,64.0,3.67
2017年,男,台北市,皮膚,7.85,177,70.44,72.0,13.81
2017年,男,台北市,男性乳房,0.6,14,70.79,74.5,1.09
2017年,男,台北市,攝護腺,38.61,909,72.43,72.0,70.91
2017年,男,台北市,睪丸,2.46,27,30.37,29.0,2.11
2017年,男,台北市,其他男性生殖器官,0.93,19,64.0,65.0,1.48
2017年,男,台北市,膀胱,8.53,210,73.38,74.0,16.38
2017年,男,台北市,腎,8.31,171,63.25,64.0,13.34
2017年,男,台北市,腎盂及其他泌尿系統,3.17,77,72.34,73.0,6.01
2017年,男,台北市,眼及淚腺,0.16,3,59.33,55.0,0.23
2017年,男,台北市,腦,2.24,42,59.64,62.0,3.28
2017年,男,台北市,其他神經系統,0.22,3,48.67,42.0,0.23
2017年,男,台北市,甲狀腺,7.73,129,51.49,51.0,10.06
2017年,男,台北市,其他內分泌腺,0.52,8,48.38,47.5,0.62
2017年,男,台北市,不明原發部位,1.27,32,72.66,78.5,2.5
2017年,男,台北市,何杰金氏淋巴瘤,0.63,9,49.78,49.0,0.7
2017年,男,台北市,白血病,9.94,189,61.57,64.0,14.74
2017年,男,台北市,非何杰金氏淋巴瘤,8.88,189,66.51,68.0,14.74
2017年,男,台北市,漿細胞瘤,2.11,45,68.69,70.0,3.51
2017年,男,台北市,全癌症,296.13,6394,66.87,67.0,498.78
2017年,女,台北市,口腔、口咽及下咽,2.76,73,67.33,67.0,5.21
2017年,女,台北市,主唾液腺,1.44,27,52.67,59.0,1.93
2017年,女,台北市,鼻咽,1.68,34,54.09,58.0,2.43
2017年,女,台北市,食道,0.99,26,67.0,67.0,1.86
2017年,女,台北市,胃,7.67,210,69.82,72.0,14.99
2017年,女,台北市,小腸,1.23,28,58.75,58.0,2.0
2017年,女,台北市,結直腸,32.43,855,67.62,68.0,61.01
2017年,女,台北市,肝及肝內膽管,10.99,311,71.89,74.0,22.19
2017年,女,台北市,膽囊及肝外膽管,1.81,56,75.55,77.5,4.0
2017年,女,台北市,胰,6.46,165,68.39,70.0,11.77
2017年,女,台北市,後腹膜腔及腹膜,0.89,23,67.22,68.0,1.64
2017年,女,台北市,消化器官其他分界不明部位,0.05,2,76.5,76.5,0.14
2017年,女,台北市,鼻腔、中耳及副鼻竇,0.5,9,52.11,53.0,0.64
2017年,女,台北市,喉,0.09,3,83.33,81.0,0.21
2017年,女,台北市,肺、支氣管及氣管,39.52,1032,66.55,66.0,73.64
2017年,女,台北市,胸膜,0.02,1,88.0,88.0,0.07
2017年,女,台北市,胸腺、心臟與中隔,1.19,28,59.36,59.0,2.0
2017年,女,台北市,骨、關節及關節軟骨,0.43,6,43.17,49.5,0.43
2017年,女,台北市,結締組織、皮下組織及其他軟組織,1.79,37,57.38,58.0,2.64
2017年,女,台北市,皮膚,5.97,172,71.98,73.0,12.27
2017年,女,台北市,女性乳房,93.26,2074,57.64,57.0,148.0
2017年,女,台北市,子宮頸,6.46,150,60.96,60.0,10.7
2017年,女,台北市,子宮體,15.47,349,58.33,58.0,24.9
2017年,女,台北市,卵巢、輸卵管及寬韌帶,11.43,226,53.73,54.0,16.13
2017年,女,台北市,其他女性生殖器官,0.85,23,72.74,74.0,1.64
2017年,女,台北市,膀胱,2.68,80,74.31,76.5,5.71
2017年,女,台北市,腎,3.37,84,65.71,67.0,5.99
2017年,女,台北市,腎盂及其他泌尿系統,3.52,105,74.6,74.0,7.49
2017年,女,台北市,眼及淚腺,0.2,3,47.33,64.0,0.21
2017年,女,台北市,腦,2.8,50,51.86,56.5,3.57
2017年,女,台北市,其他神經系統,0.08,2,62.0,62.0,0.14
2017年,女,台北市,甲狀腺,23.89,462,51.73,52.0,32.97
2017年,女,台北市,其他內分泌腺,0.55,9,53.89,64.0,0.64
2017年,女,台北市,不明原發部位,1.09,32,74.22,77.5,2.28
2017年,女,台北市,何杰金氏淋巴瘤,0.64,10,42.8,38.0,0.71
2017年,女,台北市,白血病,6.61,128,57.95,62.5,9.13
2017年,女,台北市,非何杰金氏淋巴瘤,7.7,188,65.1,65.0,13.42
2017年,女,台北市,漿細胞瘤,1.6,40,66.43,69.5,2.85
2017年,女,台北市,全癌症,300.53,7121,62.42,63.0,508.16
2018年,男,台北市,口腔、口咽及下咽,21.53,440,60.64,61.0,34.55
2018年,男,台北市,主唾液腺,1.15,25,63.96,65.0,1.96
2018年,男,台北市,鼻咽,6.3,112,54.92,54.0,8.8
2018年,男,台北市,食道,8.09,178,64.15,63.0,13.98
2018年,男,台北市,胃,13.6,321,70.8,71.0,25.21
2018年,男,台北市,小腸,1.23,23,60.48,59.0,1.81
2018年,男,台北市,結直腸,43.61,974,67.3,67.0,76.49
2018年,男,台北市,肝及肝內膽管,29.3,659,67.04,66.0,51.75
2018年,男,台北市,膽囊及肝外膽管,1.91,47,73.91,73.0,3.69
2018年,男,台北市,胰,7.89,184,69.68,69.0,14.45
2018年,男,台北市,後腹膜腔及腹膜,0.66,12,57.25,63.5,0.94
2018年,男,台北市,消化器官其他分界不明部位,0.02,1,92.0,92.0,0.08
2018年,男,台北市,鼻腔、中耳及副鼻竇,1.27,23,58.35,60.0,1.81
2018年,男,台北市,喉,2.81,64,69.11,70.0,5.03
2018年,男,台北市,肺、支氣管及氣管,40.94,926,68.5,69.0,72.72
2018年,男,台北市,胸膜,0.35,8,67.75,67.5,0.63
2018年,男,台北市,胸腺、心臟與中隔,2.89,52,56.56,54.0,4.08
2018年,男,台北市,骨、關節及關節軟骨,0.59,7,41.0,40.0,0.55
2018年,男,台北市,結締組織、皮下組織及其他軟組織,2.86,50,57.52,63.0,3.93
2018年,男,台北市,皮膚,8.09,192,71.47,74.0,15.08
2018年,男,台北市,男性乳房,0.35,8,73.38,78.0,0.63
2018年,男,台北市,攝護腺,41.87,1008,72.67,72.0,79.16
2018年,男,台北市,睪丸,2.3,25,29.72,32.0,1.96
2018年,男,台北市,其他男性生殖器官,0.6,14,65.43,64.0,1.1
2018年,男,台北市,膀胱,6.45,158,73.3,73.0,12.41
2018年,男,台北市,腎,7.6,157,61.91,62.0,12.33
2018年,男,台北市,腎盂及其他泌尿系統,3.32,75,69.16,69.0,5.89
2018年,男,台北市,眼及淚腺,0.05,1,74.0,74.0,0.08
2018年,男,台北市,腦,3.28,51,54.1,61.0,4.01
2018年,男,台北市,其他神經系統,0.37,6,55.83,58.5,0.47
2018年,男,台北市,甲狀腺,9.41,155,50.92,49.0,12.17
2018年,男,台北市,其他內分泌腺,1.0,13,41.0,50.0,1.02
2018年,男,台北市,其他分界不明的部位,0.15,3,68.33,79.0,0.24
2018年,男,台北市,不明原發部位,1.73,41,69.49,67.0,3.22
2018年,男,台北市,何杰金氏淋巴瘤,1.95,22,35.18,31.0,1.73
2018年,男,台北市,白血病,8.95,167,62.23,67.0,13.11
2018年,男,台北市,非何杰金氏淋巴瘤,9.68,204,64.8,65.5,16.02
2018年,男,台北市,漿細胞瘤,2.45,56,68.96,68.0,4.4
2018年,男,台北市,全癌症,297.32,6473,66.7,67.0,508.33
2018年,女,台北市,口腔、口咽及下咽,3.16,78,63.63,64.5,5.59
2018年,女,台北市,主唾液腺,0.62,14,59.93,60.0,1.0
2018年,女,台北市,鼻咽,1.82,36,51.86,51.0,2.58
2018年,女,台北市,食道,0.99,26,67.92,68.0,1.86
2018年,女,台北市,胃,8.48,241,70.34,70.0,17.27
2018年,女,台北市,小腸,0.74,19,64.26,62.0,1.36
2018年,女,台北市,結直腸,31.11,864,69.02,69.0,61.93
2018年,女,台北市,肝及肝內膽管,10.91,314,72.0,73.0,22.51
2018年,女,台北市,膽囊及肝外膽管,2.4,71,72.15,74.0,5.09
2018年,女,台北市,胰,6.56,185,71.44,72.0,13.26
2018年,女,台北市,後腹膜腔及腹膜,1.59,41,66.1,65.0,2.94
2018年,女,台北市,鼻腔、中耳及副鼻竇,0.29,5,43.6,43.0,0.36
2018年,女,台北市,喉,0.13,3,63.0,58.0,0.22
2018年,女,台北市,肺、支氣管及氣管,38.78,1017,65.5,65.0,72.89
2018年,女,台北市,胸膜,0.08,2,67.0,67.0,0.14
2018年,女,台北市,胸腺、心臟與中隔,2.15,39,52.44,55.0,2.8
2018年,女,台北市,骨、關節及關節軟骨,0.69,10,47.0,47.5,0.72
2018年,女,台北市,結締組織、皮下組織及其他軟組織,1.73,41,60.76,58.0,2.94
2018年,女,台北市,皮膚,5.47,162,72.56,74.0,11.61
2018年,女,台北市,女性乳房,97.19,2179,57.67,57.0,156.18
2018年,女,台北市,子宮頸,6.94,159,58.96,57.0,11.4
2018年,女,台北市,子宮體,17.94,403,57.17,56.0,28.88
2018年,女,台北市,卵巢、輸卵管及寬韌帶,9.17,197,56.93,56.0,14.12
2018年,女,台北市,其他女性生殖器官,0.92,23,63.3,61.0,1.65
2018年,女,台北市,膀胱,2.43,74,72.93,75.0,5.3
2018年,女,台北市,腎,2.67,61,60.72,65.0,4.37
2018年,女,台北市,腎盂及其他泌尿系統,2.94,91,74.47,76.0,6.52
2018年,女,台北市,眼及淚腺,0.08,2,60.0,60.0,0.14
2018年,女,台北市,腦,1.54,29,56.86,64.0,2.08
2018年,女,台北市,其他神經系統,0.25,3,38.67,46.0,0.22
2018年,女,台北市,甲狀腺,20.13,374,50.12,51.0,26.81
2018年,女,台北市,其他內分泌腺,0.97,16,46.13,55.5,1.15
2018年,女,台北市,不明原發部位,1.46,45,74.78,79.0,3.23
2018年,女,台北市,何杰金氏淋巴瘤,1.59,20,38.85,32.0,1.43
2018年,女,台北市,白血病,7.14,147,59.15,64.0,10.54
2018年,女,台北市,非何杰金氏淋巴瘤,6.47,165,65.4,66.0,11.83
2018年,女,台北市,漿細胞瘤,1.68,46,68.91,70.0,3.3
2018年,女,台北市,全癌症,299.44,7209,62.44,62.0,516.7
2019年,男,台北市,口腔、口咽及下咽,21.77,441,59.89,59.0,35.0
2019年,男,台北市,主唾液腺,0.55,12,68.08,68.5,0.95
2019年,男,台北市,鼻咽,5.83,105,55.31,55.0,8.33
2019年,男,台北市,食道,7.83,174,64.26,62.0,13.81
2019年,男,台北市,胃,12.01,292,71.16,70.5,23.17
2019年,男,台北市,小腸,0.9,19,61.26,66.0,1.51
2019年,男,台北市,結直腸,46.54,1061,67.47,67.0,84.2
2019年,男,台北市,肝及肝內膽管,26.43,608,67.25,67.0,48.25
2019年,男,台北市,膽囊及肝外膽管,2.83,66,70.21,70.5,5.24
2019年,男,台北市,胰,7.58,179,68.79,68.0,14.21
2019年,男,台北市,後腹膜腔及腹膜,0.57,9,52.11,61.0,0.71
2019年,男,台北市,消化器官其他分界不明部位,0.12,3,74.33,77.0,0.24
2019年,男,台北市,鼻腔、中耳及副鼻竇,0.91,19,63.79,59.0,1.51
2019年,男,台北市,喉,3.54,80,67.2,67.0,6.35
2019年,男,台北市,肺、支氣管及氣管,42.48,990,68.74,68.0,78.57
2019年,男,台北市,胸膜,0.26,7,76.57,80.0,0.56
2019年,男,台北市,胸腺、心臟與中隔,2.77,46,52.3,55.5,3.65
2019年,男,台北市,骨、關節及關節軟骨,0.94,14,52.07,63.0,1.11
2019年,男,台北市,結締組織、皮下組織及其他軟組織,2.07,39,61.23,66.0,3.1
2019年,男,台北市,皮膚,8.97,224,73.19,76.0,17.78
2019年,男,台北市,男性乳房,0.4,9,67.89,67.0,0.71
2019年,男,台北市,攝護腺,41.01,1023,72.63,72.0,81.19
2019年,男,台北市,睪丸,2.33,29,38.1,33.0,2.3
2019年,男,台北市,其他男性生殖器官,0.48,12,70.5,62.5,0.95
2019年,男,台北市,膀胱,7.23,180,72.73,72.0,14.29
2019年,男,台北市,腎,7.81,154,60.16,61.0,12.22
2019年,男,台北市,腎盂及其他泌尿系統,2.85,70,70.8,71.0,5.56
2019年,男,台北市,眼及淚腺,0.46,6,41.0,50.5,0.48
2019年,男,台北市,腦,3.63,54,49.67,57.0,4.29
2019年,男,台北市,其他神經系統,0.24,4,50.0,45.0,0.32
2019年,男,台北市,甲狀腺,7.96,134,50.56,51.0,10.63
2019年,男,台北市,其他內分泌腺,0.45,7,46.71,55.0,0.56
2019年,男,台北市,其他分界不明的部位,0.15,4,74.5,73.0,0.32
2019年,男,台北市,不明原發部位,1.35,33,70.79,70.0,2.62
2019年,男,台北市,何杰金氏淋巴瘤,0.87,11,44.09,35.0,0.87
2019年,男,台北市,白血病,10.21,191,61.08,66.0,15.16
2019年,男,台北市,非何杰金氏淋巴瘤,9.22,194,65.95,67.0,15.4
2019年,男,台北市,漿細胞瘤,1.93,47,70.62,69.0,3.73
2019年,男,台北市,全癌症,294.24,6564,66.96,67.0,520.93
2019年,女,台北市,口腔、口咽及下咽,3.03,79,65.08,65.0,5.7
2019年,女,台北市,主唾液腺,0.45,11,61.0,63.0,0.79
2019年,女,台北市,鼻咽,1.44,33,56.97,57.0,2.38
2019年,女,台北市,食道,0.79,24,71.0,66.5,1.73
2019年,女,台北市,胃,7.78,220,69.06,69.0,15.88
2019年,女,台北市,小腸,1.27,35,67.46,68.0,2.53
2019年,女,台北市,結直腸,31.64,880,68.49,69.0,63.54
2019年,女,台北市,肝及肝內膽管,9.05,275,72.58,73.0,19.86
2019年,女,台北市,膽囊及肝外膽管,1.67,57,76.91,81.0,4.12
2019年,女,台北市,胰,6.13,177,69.77,69.0,12.78
2019年,女,台北市,後腹膜腔及腹膜,1.39,37,66.03,67.0,2.67
2019年,女,台北市,鼻腔、中耳及副鼻竇,0.44,10,58.5,60.0,0.72
2019年,女,台北市,喉,0.25,7,65.86,65.0,0.51
2019年,女,台北市,肺、支氣管及氣管,42.18,1123,65.83,66.0,81.08
2019年,女,台北市,胸膜,0.09,2,54.5,54.5,0.14
2019年,女,台北市,胸腺、心臟與中隔,1.29,28,58.11,58.5,2.02
2019年,女,台北市,骨、關節及關節軟骨,0.67,10,48.1,46.5,0.72
2019年,女,台北市,結締組織、皮下組織及其他軟組織,1.22,27,61.41,65.0,1.95
2019年,女,台北市,皮膚,6.54,208,74.86,76.0,15.02
2019年,女,台北市,女性乳房,93.41,2114,58.18,58.0,152.64
2019年,女,台北市,子宮,0.05,1,53.0,53.0,0.07
2019年,女,台北市,子宮頸,7.1,154,57.69,56.0,11.12
2019年,女,台北市,子宮體,19.1,436,58.01,57.0,31.48
2019年,女,台北市,卵巢、輸卵管及寬韌帶,10.24,211,54.61,55.0,15.23
2019年,女,台北市,其他女性生殖器官,0.92,26,69.42,71.5,1.88
2019年,女,台北市,膀胱,2.84,87,73.34,75.0,6.28
2019年,女,台北市,腎,2.47,68,66.94,65.0,4.91
2019年,女,台北市,腎盂及其他泌尿系統,3.61,113,73.96,75.0,8.16
2019年,女,台北市,眼及淚腺,0.03,1,75.0,75.0,0.07
2019年,女,台北市,腦,2.75,43,48.67,50.0,3.1
2019年,女,台北市,其他神經系統,0.48,6,38.5,42.0,0.43
2019年,女,台北市,甲狀腺,22.71,418,50.0,49.0,30.18
2019年,女,台北市,其他內分泌腺,0.49,8,48.0,48.5,0.58
2019年,女,台北市,其他分界不明的部位,0.03,1,77.0,77.0,0.07
2019年,女,台北市,不明原發部位,1.35,42,74.12,77.5,3.03
2019年,女,台北市,何杰金氏淋巴瘤,0.51,8,44.5,45.5,0.58
2019年,女,台北市,白血病,6.49,144,62.92,66.0,10.4
2019年,女,台北市,非何杰金氏淋巴瘤,7.38,196,67.22,68.0,14.15
2019年,女,台北市,漿細胞瘤,1.21,35,68.43,65.0,2.53
2019年,女,台北市,全癌症,300.77,7364,62.89,63.0,531.7
2020年,男,台北市,口腔、口咽及下咽,21.14,445,61.75,62.0,35.93
2020年,男,台北市,主唾液腺,1.16,20,54.85,58.5,1.61
2020年,男,台北市,鼻咽,5.41,97,53.71,55.0,7.83
2020年,男,台北市,食道,8.2,180,64.23,63.0,14.53
2020年,男,台北市,胃,11.28,272,70.75,71.0,21.96
2020年,男,台北市,小腸,1.25,30,71.07,73.5,2.42
2020年,男,台北市,結直腸,44.06,1032,68.17,68.0,83.32
2020年,男,台北市,肝及肝內膽管,26.54,611,67.35,68.0,49.33
2020年,男,台北市,膽囊及肝外膽管,2.19,52,70.56,70.0,4.2
2020年,男,台北市,胰,9.14,216,68.98,69.0,17.44
2020年,男,台北市,後腹膜腔及腹膜,0.6,11,61.64,69.0,0.89
2020年,男,台北市,消化器官其他分界不明部位,0.06,1,54.0,54.0,0.08
2020年,男,台北市,鼻腔、中耳及副鼻竇,0.58,12,61.83,62.0,0.97
2020年,男,台北市,喉,2.61,56,65.29,65.0,4.52
2020年,男,台北市,肺、支氣管及氣管,39.49,947,69.25,69.0,76.46
2020年,男,台北市,胸膜,0.28,6,65.83,63.0,0.48
2020年,男,台北市,胸腺、心臟與中隔,3.14,56,56.43,58.5,4.52
2020年,男,台北市,骨、關節及關節軟骨,0.87,11,42.36,44.0,0.89
2020年,男,台北市,結締組織、皮下組織及其他軟組織,2.3,42,58.71,60.0,3.39
2020年,男,台北市,皮膚,8.96,220,73.48,76.5,17.76
2020年,男,台北市,男性乳房,0.31,7,67.29,63.0,0.57
2020年,男,台北市,攝護腺,40.82,1039,72.33,71.0,83.88
2020年,男,台北市,睪丸,2.33,26,35.0,31.5,2.1
2020年,男,台北市,其他男性生殖器官,0.62,15,70.2,70.0,1.21
2020年,男,台北市,膀胱,7.55,190,71.71,71.0,15.34
2020年,男,台北市,腎,7.06,147,62.25,63.0,11.87
2020年,男,台北市,腎盂及其他泌尿系統,2.85,76,74.46,73.0,6.14
2020年,男,台北市,眼及淚腺,0.06,1,50.0,50.0,0.08
2020年,男,台北市,腦,2.46,41,57.12,62.0,3.31
2020年,男,台北市,其他神經系統,0.29,4,44.5,43.0,0.32
2020年,男,台北市,甲狀腺,8.8,146,50.9,50.5,11.79
2020年,男,台北市,其他內分泌腺,0.9,13,48.31,49.0,1.05
2020年,男,台北市,其他分界不明的部位,0.2,4,58.75,55.5,0.32
2020年,男,台北市,不明原發部位,1.67,41,74.1,76.0,3.31
2020年,男,台北市,何杰金氏淋巴瘤,0.9,10,43.4,29.0,0.81
2020年,男,台北市,白血病,8.79,167,61.3,65.0,13.48
2020年,男,台北市,非何杰金氏淋巴瘤,12.11,251,64.62,67.0,20.26
2020年,男,台北市,漿細胞瘤,2.7,64,70.78,71.0,5.17
2020年,男,台北市,全癌症,290.41,6572,67.3,68.0,530.59
2020年,女,台北市,口腔、口咽及下咽,3.28,82,63.13,65.0,6.01
2020年,女,台北市,主唾液腺,0.72,16,58.13,61.0,1.17
2020年,女,台北市,鼻咽,1.97,40,55.95,58.0,2.93
2020年,女,台北市,食道,0.86,22,65.91,61.0,1.61
2020年,女,台北市,胃,7.84,234,71.1,72.0,17.16
2020年,女,台北市,小腸,0.75,20,66.45,67.0,1.47
2020年,女,台北市,結直腸,30.81,877,69.26,70.0,64.31
2020年,女,台北市,肝及肝內膽管,8.66,267,71.89,72.0,19.58
2020年,女,台北市,膽囊及肝外膽管,2.08,68,74.6,73.0,4.99
2020年,女,台北市,胰,5.59,164,70.61,71.0,12.03
2020年,女,台北市,後腹膜腔及腹膜,1.31,31,63.26,65.0,2.27
2020年,女,台北市,鼻腔、中耳及副鼻竇,0.62,12,57.5,60.0,0.88
2020年,女,台北市,喉,0.19,6,70.67,72.5,0.44
2020年,女,台北市,肺、支氣管及氣管,41.87,1120,65.83,66.0,82.12
2020年,女,台北市,胸膜,0.06,1,37.0,37.0,0.07
2020年,女,台北市,胸腺、心臟與中隔,1.7,35,57.57,61.0,2.57
2020年,女,台北市,骨、關節及關節軟骨,0.54,5,31.8,28.0,0.37
2020年,女,台北市,結締組織、皮下組織及其他軟組織,2.72,48,56.58,60.5,3.52
2020年,女,台北市,皮膚,5.88,178,72.44,75.0,13.05
2020年,女,台北市,女性乳房,93.55,2102,57.93,57.0,154.13
2020年,女,台北市,子宮,0.03,1,70.0,70.0,0.07
2020年,女,台北市,子宮頸,6.79,144,57.26,56.0,10.56
2020年,女,台北市,子宮體,16.56,378,58.58,59.0,27.72
2020年,女,台北市,卵巢、輸卵管及寬韌帶,11.38,236,55.83,55.0,17.3
2020年,女,台北市,其他女性生殖器官,0.78,20,63.9,66.5,1.47
2020年,女,台北市,膀胱,2.48,83,75.14,78.0,6.09
2020年,女,台北市,腎,2.8,72,64.71,65.5,5.28
2020年,女,台北市,腎盂及其他泌尿系統,3.27,111,74.96,76.0,8.14
2020年,女,台北市,眼及淚腺,0.03,1,65.0,65.0,0.07
2020年,女,台北市,腦,2.56,46,54.67,59.0,3.37
2020年,女,台北市,其他神經系統,0.13,3,55.67,57.0,0.22
2020年,女,台北市,甲狀腺,22.96,398,49.06,50.0,29.18
2020年,女,台北市,其他內分泌腺,0.34,6,51.67,51.0,0.44
2020年,女,台北市,其他分界不明的部位,0.05,2,74.5,74.5,0.15
2020年,女,台北市,不明原發部位,1.03,35,76.43,80.0,2.57
2020年,女,台北市,何杰金氏淋巴瘤,1.28,16,40.25,34.5,1.17
2020年,女,台北市,白血病,6.7,140,60.84,65.0,10.27
2020年,女,台北市,非何杰金氏淋巴瘤,6.86,185,68.04,69.0,13.57
2020年,女,台北市,漿細胞瘤,1.59,44,69.59,72.0,3.23
2020年,女,台北市,全癌症,298.9,7254,62.78,63.0,531.9
2021年,男,台北市,口腔、口咽及下咽,19.89,409,61.09,61.0,34.03
2021年,男,台北市,主唾液腺,0.9,19,63.05,64.0,1.58
2021年,男,台北市,鼻咽,5.52,95,53.35,52.0,7.9
2021年,男,台北市,食道,7.14,161,65.48,66.0,13.39
2021年,男,台北市,胃,11.85,287,70.91,71.0,23.88
2021年,男,台北市,小腸,1.33,29,66.72,69.0,2.41
2021年,男,台北市,結直腸,41.85,968,68.12,68.0,80.53
2021年,男,台北市,肝及肝內膽管,24.29,568,68.01,68.0,47.26
2021年,男,台北市,膽囊及肝外膽管,3.02,71,69.87,72.0,5.91
2021年,男,台北市,胰,8.73,203,68.6,70.0,16.89
2021年,男,台北市,後腹膜腔及腹膜,0.68,15,63.07,66.0,1.25
2021年,男,台北市,消化器官其他分界不明部位,0.05,1,57.0,57.0,0.08
2021年,男,台北市,鼻腔、中耳及副鼻竇,1.12,21,58.24,60.0,1.75
2021年,男,台北市,喉,3.18,74,66.18,66.0,6.16
2021年,男,台北市,肺、支氣管及氣管,39.07,908,68.23,69.0,75.54
2021年,男,台北市,胸膜,0.18,4,63.75,63.5,0.33
2021年,男,台北市,胸腺、心臟與中隔,1.67,33,59.64,62.0,2.75
2021年,男,台北市,骨、關節及關節軟骨,0.77,11,54.55,63.0,0.92
2021年,男,台北市,結締組織、皮下組織及其他軟組織,2.75,52,61.19,62.0,4.33
2021年,男,台北市,皮膚,8.07,195,71.74,73.0,16.22
2021年,男,台北市,男性乳房,0.33,8,69.5,68.5,0.67
2021年,男,台北市,攝護腺,39.8,1023,72.37,72.0,85.11
2021年,男,台北市,睪丸,4.07,42,32.98,31.0,3.49
2021年,男,台北市,其他男性生殖器官,0.8,19,69.74,71.0,1.58
2021年,男,台北市,膀胱,5.84,151,72.98,73.0,12.56
2021年,男,台北市,腎,7.98,161,60.39,61.0,13.39
2021年,男,台北市,腎盂及其他泌尿系統,3.62,87,70.45,70.0,7.24
2021年,男,台北市,眼及淚腺,0.06,1,50.0,50.0,0.08
2021年,男,台北市,腦,3.07,50,53.52,56.5,4.16
2021年,男,台北市,其他神經系統,0.48,9,60.56,59.0,0.75
2021年,男,台北市,甲狀腺,9.02,149,52.73,52.0,12.4
2021年,男,台北市,其他內分泌腺,1.07,14,46.43,44.5,1.16
2021年,男,台北市,其他分界不明的部位,0.13,3,64.33,66.0,0.25
2021年,男,台北市,不明原發部位,1.67,38,71.03,74.0,3.16
2021年,男,台北市,何杰金氏淋巴瘤,1.38,15,37.73,33.0,1.25
2021年,男,台北市,白血病,9.83,176,61.54,67.0,14.64
2021年,男,台北市,非何杰金氏淋巴瘤,10.91,244,68.07,70.0,20.3
2021年,男,台北市,漿細胞瘤,1.76,42,68.98,70.0,3.49
2021年,男,台北市,全癌症,284.29,6366,67.08,68.0,529.63
2021年,女,台北市,口腔、口咽及下咽,3.1,84,66.43,66.0,6.35
2021年,女,台北市,主唾液腺,0.92,18,55.61,57.0,1.36
2021年,女,台北市,鼻咽,1.15,25,57.36,60.0,1.89
2021年,女,台北市,食道,1.02,28,67.43,64.0,2.12
2021年,女,台北市,胃,6.83,194,69.92,71.0,14.67
2021年,女,台北市,小腸,0.89,26,68.88,69.0,1.97
2021年,女,台北市,結直腸,29.98,882,70.27,71.0,66.7
2021年,女,台北市,肝及肝內膽管,9.78,294,72.03,73.0,22.23
2021年,女,台北市,膽囊及肝外膽管,1.93,61,72.08,73.0,4.61
2021年,女,台北市,胰,7.14,219,72.0,72.0,16.56
2021年,女,台北市,後腹膜腔及腹膜,0.72,16,58.31,57.0,1.21
2021年,女,台北市,消化器官其他分界不明部位,0.02,1,87.0,87.0,0.08
2021年,女,台北市,鼻腔、中耳及副鼻竇,0.34,11,69.55,68.0,0.83
2021年,女,台北市,喉,0.4,11,68.55,68.0,0.83
2021年,女,台北市,肺、支氣管及氣管,42.38,1125,65.7,66.0,85.07
2021年,女,台北市,胸膜,0.17,6,73.33,69.5,0.45
2021年,女,台北市,胸腺、心臟與中隔,1.82,47,63.47,64.0,3.55
2021年,女,台北市,骨、關節及關節軟骨,0.49,8,52.25,61.0,0.6
2021年,女,台北市,結締組織、皮下組織及其他軟組織,1.87,37,58.81,64.0,2.8
2021年,女,台北市,皮膚,6.08,177,70.94,71.0,13.38
2021年,女,台北市,女性乳房,92.27,2051,58.45,58.0,155.09
2021年,女,台北市,子宮頸,6.0,126,58.76,58.0,9.53
2021年,女,台北市,子宮體,17.47,391,58.33,59.0,29.57
2021年,女,台北市,卵巢、輸卵管及寬韌帶,10.12,204,55.99,56.0,15.43
2021年,女,台北市,其他女性生殖器官,0.56,17,70.53,69.0,1.29
2021年,女,台北市,膀胱,2.25,73,74.51,76.0,5.52
2021年,女,台北市,腎,2.81,68,63.93,66.0,5.14
2021年,女,台北市,腎盂及其他泌尿系統,2.63,89,75.45,76.0,6.73
2021年,女,台北市,眼及淚腺,0.02,1,86.0,86.0,0.08
2021年,女,台北市,腦,2.55,38,48.0,55.0,2.87
2021年,女,台北市,其他神經系統,0.15,2,36.5,36.5,0.15
2021年,女,台北市,甲狀腺,22.23,393,50.43,50.0,29.72
2021年,女,台北市,其他內分泌腺,0.86,13,46.77,48.0,0.98
2021年,女,台北市,其他分界不明的部位,0.07,3,79.0,83.0,0.23
2021年,女,台北市,不明原發部位,1.31,41,74.66,77.0,3.1
2021年,女,台北市,何杰金氏淋巴瘤,1.22,15,44.0,35.0,1.13
2021年,女,台北市,白血病,7.13,148,61.46,66.0,11.19
2021年,女,台北市,非何杰金氏淋巴瘤,8.22,204,66.06,68.5,15.43
2021年,女,台北市,漿細胞瘤,1.38,42,70.86,72.0,3.18
2021年,女,台北市,全癌症,296.76,7199,63.25,64.0,544.38
2022年,男,台北市,口腔、口咽及下咽,20.63,418,60.99,61.5,35.51
2022年,男,台北市,主唾液腺,1.04,19,62.05,64.0,1.61
2022年,男,台北市,鼻咽,5.16,86,53.41,54.0,7.31
2022年,男,台北市,食道,6.13,138,65.53,64.0,11.72
2022年,男,台北市,胃,12.11,298,71.59,73.0,25.32
2022年,男,台北市,小腸,1.35,28,64.36,65.0,2.38
2022年,男,台北市,結直腸,42.55,993,68.58,69.0,84.37
2022年,男,台北市,肝及肝內膽管,22.8,531,68.81,69.0,45.11
2022年,男,台北市,膽囊及肝外膽管,2.33,60,72.08,72.5,5.1
2022年,男,台北市,胰,9.0,216,69.17,69.5,18.35
2022年,男,台北市,後腹膜腔及腹膜,0.44,9,61.89,61.0,0.76
2022年,男,台北市,消化器官其他分界不明部位,0.08,2,81.5,81.5,0.17
2022年,男,台北市,鼻腔、中耳及副鼻竇,0.7,16,65.63,66.0,1.36
2022年,男,台北市,喉,2.63,62,67.94,65.0,5.27
2022年,男,台北市,肺、支氣管及氣管,41.92,979,68.13,69.0,83.18
2022年,男,台北市,胸膜,0.28,7,73.57,75.0,0.59
2022年,男,台北市,胸腺、心臟與中隔,1.79,35,61.11,64.0,2.97
2022年,男,台北市,骨、關節及關節軟骨,1.48,16,40.56,35.0,1.36
2022年,男,台北市,結締組織、皮下組織及其他軟組織,2.14,38,61.05,67.0,3.23
2022年,男,台北市,皮膚,8.96,226,73.13,74.0,19.2
2022年,男,台北市,男性乳房,0.58,12,63.25,65.0,1.02
2022年,男,台北市,攝護腺,52.0,1349,72.21,72.0,114.61
2022年,男,台北市,睪丸,4.08,40,33.33,29.0,3.4
2022年,男,台北市,其他男性生殖器官,0.5,14,78.5,81.0,1.19
2022年,男,台北市,膀胱,6.48,165,72.19,72.0,14.02
2022年,男,台北市,腎,9.07,180,61.81,65.0,15.29
2022年,男,台北市,腎盂及其他泌尿系統,2.75,69,70.96,69.0,5.86
2022年,男,台北市,眼及淚腺,0.24,3,53.67,53.0,0.25
2022年,男,台北市,腦,2.53,36,52.25,58.5,3.06
2022年,男,台北市,其他神經系統,0.42,4,29.25,31.0,0.34
2022年,男,台北市,甲狀腺,10.9,166,50.13,49.0,14.1
2022年,男,台北市,其他內分泌腺,1.26,15,44.0,49.0,1.27
2022年,男,台北市,其他分界不明的部位,0.47,9,59.67,55.0,0.76
2022年,男,台北市,不明原發部位,0.99,21,67.43,69.0,1.78
2022年,男,台北市,何杰金氏淋巴瘤,0.93,11,41.91,37.0,0.93
2022年,男,台北市,白血病,10.86,202,63.02,67.0,17.16
2022年,男,台北市,非何杰金氏淋巴瘤,10.7,220,65.76,68.0,18.69
2022年,男,台北市,漿細胞瘤,1.92,48,69.56,69.0,4.08
2022年,男,台北市,全癌症,300.94,6758,67.48,69.0,574.16
2022年,女,台北市,口腔、口咽及下咽,3.83,94,63.73,63.0,7.21
2022年,女,台北市,主唾液腺,0.76,16,55.69,56.0,1.23
2022年,女,台北市,鼻咽,1.42,32,59.91,62.0,2.45
2022年,女,台北市,食道,0.68,23,75.39,74.0,1.76
2022年,女,台北市,胃,7.85,230,70.21,70.5,17.64
2022年,女,台北市,小腸,0.88,25,68.16,70.0,1.92
2022年,女,台北市,結直腸,30.29,893,69.51,70.0,68.5
2022年,女,台北市,肝及肝內膽管,9.08,267,71.06,73.0,20.48
2022年,女,台北市,膽囊及肝外膽管,1.62,53,74.21,75.0,4.07
2022年,女,台北市,胰,6.94,205,70.2,71.0,15.72
2022年,女,台北市,後腹膜腔及腹膜,1.72,38,62.74,69.5,2.91
2022年,女,台北市,消化器官其他分界不明部位,0.03,1,71.0,71.0,0.08
2022年,女,台北市,鼻腔、中耳及副鼻竇,0.68,12,52.17,57.5,0.92
2022年,女,台北市,喉,0.08,2,59.5,59.5,0.15
2022年,女,台北市,肺、支氣管及氣管,47.44,1229,64.64,65.0,94.27
2022年,女,台北市,胸膜,0.16,4,63.75,66.5,0.31
2022年,女,台北市,胸腺、心臟與中隔,2.01,47,60.34,62.0,3.61
2022年,女,台北市,骨、關節及關節軟骨,0.51,5,39.0,21.0,0.38
2022年,女,台北市,結締組織、皮下組織及其他軟組織,2.25,42,59.95,63.0,3.22
2022年,女,台北市,皮膚,5.95,184,71.65,71.0,14.11
2022年,女,台北市,女性乳房,104.66,2333,58.77,58.0,178.96
2022年,女,台北市,子宮頸,6.3,133,57.6,59.0,10.2
2022年,女,台北市,子宮體,21.45,473,57.7,57.0,36.28
2022年,女,台北市,卵巢、輸卵管及寬韌帶,10.19,215,57.53,56.0,16.49
2022年,女,台北市,其他女性生殖器官,1.18,33,69.33,70.0,2.53
2022年,女,台北市,膀胱,2.22,73,74.62,78.0,5.6
2022年,女,台北市,腎,3.13,82,65.32,68.0,6.29
2022年,女,台北市,腎盂及其他泌尿系統,2.72,89,73.63,74.0,6.83
2022年,女,台北市,眼及淚腺,0.12,2,56.0,56.0,0.15
2022年,女,台北市,腦,2.51,39,52.74,62.0,2.99
2022年,女,台北市,其他神經系統,0.12,3,65.0,64.0,0.23
2022年,女,台北市,甲狀腺,29.39,510,50.56,50.0,39.12
2022年,女,台北市,其他內分泌腺,1.0,19,57.89,61.0,1.46
2022年,女,台北市,不明原發部位,0.65,20,70.95,69.0,1.53
2022年,女,台北市,何杰金氏淋巴瘤,1.6,13,25.85,25.0,1.0
2022年,女,台北市,白血病,6.52,144,62.45,65.5,11.05
2022年,女,台北市,非何杰金氏淋巴瘤,8.02,207,66.25,68.0,15.88
2022年,女,台北市,漿細胞瘤,1.34,40,69.48,70.0,3.07
2022年,女,台北市,全癌症,327.39,7834,62.59,63.0,600.92
