項次,西元年,民國年,性別,年齡,死亡機率
1,2024,113,總計,0歲,0.00406
2,2024,113,男性,0歲,0.00438
3,2024,113,女性,0歲,0.00375
4,2024,113,總計,1歲,0.00027
5,2024,113,男性,1歲,0.00034
6,2024,113,女性,1歲,0.00021
7,2024,113,總計,2歲,0.00019
8,2024,113,男性,2歲,0.00021
9,2024,113,女性,2歲,0.00016
10,2024,113,總計,3歲,0.00014
11,2024,113,男性,3歲,0.00015
12,2024,113,女性,3歲,0.00014
13,2024,113,總計,4歲,0.00012
14,2024,113,男性,4歲,0.00012
15,2024,113,女性,4歲,0.00012
16,2024,113,總計,5歲,0.00011
17,2024,113,男性,5歲,0.00011
18,2024,113,女性,5歲,0.0001
19,2024,113,總計,6歲,0.0001
20,2024,113,男性,6歲,0.00011
21,2024,113,女性,6歲,9E-05
22,2024,113,總計,7歲,9E-05
23,2024,113,男性,7歲,0.0001
24,2024,113,女性,7歲,8E-05
25,2024,113,總計,8歲,8E-05
26,2024,113,男性,8歲,9E-05
27,2024,113,女性,8歲,7E-05
28,2024,113,總計,9歲,8E-05
29,2024,113,男性,9歲,8E-05
30,2024,113,女性,9歲,7E-05
31,2024,113,總計,10歲,8E-05
32,2024,113,男性,10歲,8E-05
33,2024,113,女性,10歲,8E-05
34,2024,113,總計,11歲,9E-05
35,2024,113,男性,11歲,9E-05
36,2024,113,女性,11歲,9E-05
37,2024,113,總計,12歲,0.00011
38,2024,113,男性,12歲,0.00011
39,2024,113,女性,12歲,0.0001
40,2024,113,總計,13歲,0.00014
41,2024,113,男性,13歲,0.00015
42,2024,113,女性,13歲,0.00013
43,2024,113,總計,14歲,0.00019
44,2024,113,男性,14歲,0.00023
45,2024,113,女性,14歲,0.00015
46,2024,113,總計,15歲,0.00024
47,2024,113,男性,15歲,0.00031
48,2024,113,女性,15歲,0.00017
49,2024,113,總計,16歲,0.0003
50,2024,113,男性,16歲,0.0004
51,2024,113,女性,16歲,0.0002
52,2024,113,總計,17歲,0.00035
53,2024,113,男性,17歲,0.00047
54,2024,113,女性,17歲,0.00022
55,2024,113,總計,18歲,0.00039
56,2024,113,男性,18歲,0.00054
57,2024,113,女性,18歲,0.00025
58,2024,113,總計,19歲,0.00042
59,2024,113,男性,19歲,0.00057
60,2024,113,女性,19歲,0.00027
61,2024,113,總計,20歲,0.00044
62,2024,113,男性,20歲,0.0006
63,2024,113,女性,20歲,0.00028
64,2024,113,總計,21歲,0.00045
65,2024,113,男性,21歲,0.00062
66,2024,113,女性,21歲,0.00029
67,2024,113,總計,22歲,0.00046
68,2024,113,男性,22歲,0.00063
69,2024,113,女性,22歲,0.0003
70,2024,113,總計,23歲,0.00047
71,2024,113,男性,23歲,0.00063
72,2024,113,女性,23歲,0.00032
73,2024,113,總計,24歲,0.00048
74,2024,113,男性,24歲,0.00063
75,2024,113,女性,24歲,0.00032
76,2024,113,總計,25歲,0.00048
77,2024,113,男性,25歲,0.00062
78,2024,113,女性,25歲,0.00033
79,2024,113,總計,26歲,0.00048
80,2024,113,男性,26歲,0.00062
81,2024,113,女性,26歲,0.00034
82,2024,113,總計,27歲,0.00049
83,2024,113,男性,27歲,0.00063
84,2024,113,女性,27歲,0.00036
85,2024,113,總計,28歲,0.00051
86,2024,113,男性,28歲,0.00066
87,2024,113,女性,28歲,0.00036
88,2024,113,總計,29歲,0.00054
89,2024,113,男性,29歲,0.00071
90,2024,113,女性,29歲,0.00036
91,2024,113,總計,30歲,0.00057
92,2024,113,男性,30歲,0.00077
93,2024,113,女性,30歲,0.00038
94,2024,113,總計,31歲,0.00062
95,2024,113,男性,31歲,0.00084
96,2024,113,女性,31歲,0.0004
97,2024,113,總計,32歲,0.00067
98,2024,113,男性,32歲,0.00092
99,2024,113,女性,32歲,0.00043
100,2024,113,總計,33歲,0.00073
101,2024,113,男性,33歲,0.00101
102,2024,113,女性,33歲,0.00046
103,2024,113,總計,34歲,0.0008
104,2024,113,男性,34歲,0.0011
105,2024,113,女性,34歲,0.0005
106,2024,113,總計,35歲,0.00088
107,2024,113,男性,35歲,0.00122
108,2024,113,女性,35歲,0.00054
109,2024,113,總計,36歲,0.00097
110,2024,113,男性,36歲,0.00134
111,2024,113,女性,36歲,0.0006
112,2024,113,總計,37歲,0.00107
113,2024,113,男性,37歲,0.00149
114,2024,113,女性,37歲,0.00065
115,2024,113,總計,38歲,0.00118
116,2024,113,男性,38歲,0.00166
117,2024,113,女性,38歲,0.00071
118,2024,113,總計,39歲,0.00131
119,2024,113,男性,39歲,0.00185
120,2024,113,女性,39歲,0.00078
121,2024,113,總計,40歲,0.00145
122,2024,113,男性,40歲,0.00205
123,2024,113,女性,40歲,0.00086
124,2024,113,總計,41歲,0.00161
125,2024,113,男性,41歲,0.00229
126,2024,113,女性,41歲,0.00093
127,2024,113,總計,42歲,0.00178
128,2024,113,男性,42歲,0.00254
129,2024,113,女性,42歲,0.00102
130,2024,113,總計,43歲,0.00197
131,2024,113,男性,43歲,0.00283
132,2024,113,女性,43歲,0.00111
133,2024,113,總計,44歲,0.00219
134,2024,113,男性,44歲,0.00315
135,2024,113,女性,44歲,0.00124
136,2024,113,總計,45歲,0.00239
137,2024,113,男性,45歲,0.00347
138,2024,113,女性,45歲,0.00133
139,2024,113,總計,46歲,0.00265
140,2024,113,男性,46歲,0.00382
141,2024,113,女性,46歲,0.00151
142,2024,113,總計,47歲,0.00287
143,2024,113,男性,47歲,0.00417
144,2024,113,女性,47歲,0.0016
145,2024,113,總計,48歲,0.00311
146,2024,113,男性,48歲,0.00452
147,2024,113,女性,48歲,0.00174
148,2024,113,總計,49歲,0.00337
149,2024,113,男性,49歲,0.00489
150,2024,113,女性,49歲,0.00189
151,2024,113,總計,50歲,0.00364
152,2024,113,男性,50歲,0.00529
153,2024,113,女性,50歲,0.00205
154,2024,113,總計,51歲,0.00395
155,2024,113,男性,51歲,0.0057
156,2024,113,女性,51歲,0.00226
157,2024,113,總計,52歲,0.00427
158,2024,113,男性,52歲,0.00615
159,2024,113,女性,52歲,0.00246
160,2024,113,總計,53歲,0.00459
161,2024,113,男性,53歲,0.00662
162,2024,113,女性,53歲,0.00264
163,2024,113,總計,54歲,0.00491
164,2024,113,男性,54歲,0.00709
165,2024,113,女性,54歲,0.00283
166,2024,113,總計,55歲,0.00523
167,2024,113,男性,55歲,0.00758
168,2024,113,女性,55歲,0.00299
169,2024,113,總計,56歲,0.00555
170,2024,113,男性,56歲,0.0081
171,2024,113,女性,56歲,0.00314
172,2024,113,總計,57歲,0.00597
173,2024,113,男性,57歲,0.00865
174,2024,113,女性,57歲,0.00344
175,2024,113,總計,58歲,0.00637
176,2024,113,男性,58歲,0.00922
177,2024,113,女性,58歲,0.0037
178,2024,113,總計,59歲,0.0068
179,2024,113,男性,59歲,0.00981
180,2024,113,女性,59歲,0.00399
181,2024,113,總計,60歲,0.00722
182,2024,113,男性,60歲,0.01044
183,2024,113,女性,60歲,0.00424
184,2024,113,總計,61歲,0.00768
185,2024,113,男性,61歲,0.01106
186,2024,113,女性,61歲,0.00458
187,2024,113,總計,62歲,0.00821
188,2024,113,男性,62歲,0.01179
189,2024,113,女性,62歲,0.00495
190,2024,113,總計,63歲,0.00887
191,2024,113,男性,63歲,0.01261
192,2024,113,女性,63歲,0.00548
193,2024,113,總計,64歲,0.00955
194,2024,113,男性,64歲,0.01355
195,2024,113,女性,64歲,0.00596
196,2024,113,總計,65歲,0.01035
197,2024,113,男性,65歲,0.01462
198,2024,113,女性,65歲,0.00655
199,2024,113,總計,66歲,0.01128
200,2024,113,男性,66歲,0.01583
201,2024,113,女性,66歲,0.00725
202,2024,113,總計,67歲,0.01235
203,2024,113,男性,67歲,0.01722
204,2024,113,女性,67歲,0.00806
205,2024,113,總計,68歲,0.01355
206,2024,113,男性,68歲,0.01877
207,2024,113,女性,68歲,0.00901
208,2024,113,總計,69歲,0.01493
209,2024,113,男性,69歲,0.02052
210,2024,113,女性,69歲,0.0101
211,2024,113,總計,70歲,0.01647
212,2024,113,男性,70歲,0.02247
213,2024,113,女性,70歲,0.01135
214,2024,113,總計,71歲,0.01817
215,2024,113,男性,71歲,0.02461
216,2024,113,女性,71歲,0.01274
217,2024,113,總計,72歲,0.02006
218,2024,113,男性,72歲,0.02699
219,2024,113,女性,72歲,0.01429
220,2024,113,總計,73歲,0.02216
221,2024,113,男性,73歲,0.02963
222,2024,113,女性,73歲,0.01601
223,2024,113,總計,74歲,0.02449
224,2024,113,男性,74歲,0.03257
225,2024,113,女性,74歲,0.01794
226,2024,113,總計,75歲,0.02702
227,2024,113,男性,75歲,0.03574
228,2024,113,女性,75歲,0.02005
229,2024,113,總計,76歲,0.02977
230,2024,113,男性,76歲,0.03917
231,2024,113,女性,76歲,0.02238
232,2024,113,總計,77歲,0.03281
233,2024,113,男性,77歲,0.04292
234,2024,113,女性,77歲,0.025
235,2024,113,總計,78歲,0.03617
236,2024,113,男性,78歲,0.04704
237,2024,113,女性,78歲,0.02792
238,2024,113,總計,79歲,0.03993
239,2024,113,男性,79歲,0.0515
240,2024,113,女性,79歲,0.03133
241,2024,113,總計,80歲,0.04406
242,2024,113,男性,80歲,0.05626
243,2024,113,女性,80歲,0.03517
244,2024,113,總計,81歲,0.04862
245,2024,113,男性,81歲,0.06148
246,2024,113,女性,81歲,0.03946
247,2024,113,總計,82歲,0.05362
248,2024,113,男性,82歲,0.06714
249,2024,113,女性,82歲,0.04421
250,2024,113,總計,83歲,0.05906
251,2024,113,男性,83歲,0.07322
252,2024,113,女性,83歲,0.04943
253,2024,113,總計,84歲,0.06434
254,2024,113,男性,84歲,0.07979
255,2024,113,女性,84歲,0.05411
256,2024,113,總計,85歲,0.07068
257,2024,113,男性,85歲,0.08682
258,2024,113,女性,85歲,0.06029
259,2024,113,總計,86歲,0.07763
260,2024,113,男性,86歲,0.0944
261,2024,113,女性,86歲,0.06712
262,2024,113,總計,87歲,0.08512
263,2024,113,男性,87歲,0.10257
264,2024,113,女性,87歲,0.07451
265,2024,113,總計,88歲,0.09319
266,2024,113,男性,88歲,0.11127
267,2024,113,女性,88歲,0.08253
268,2024,113,總計,89歲,0.10188
269,2024,113,男性,89歲,0.12055
270,2024,113,女性,89歲,0.09122
271,2024,113,總計,90歲,0.11132
272,2024,113,男性,90歲,0.13052
273,2024,113,女性,90歲,0.10071
274,2024,113,總計,91歲,0.12153
275,2024,113,男性,91歲,0.14111
276,2024,113,女性,91歲,0.11107
277,2024,113,總計,92歲,0.13246
278,2024,113,男性,92歲,0.15222
279,2024,113,女性,92歲,0.12226
280,2024,113,總計,93歲,0.1442
281,2024,113,男性,93歲,0.16394
282,2024,113,女性,93歲,0.13436
283,2024,113,總計,94歲,0.15667
284,2024,113,男性,94歲,0.1763
285,2024,113,女性,94歲,0.14722
286,2024,113,總計,95歲,0.17032
287,2024,113,男性,95歲,0.18975
288,2024,113,女性,95歲,0.16129
289,2024,113,總計,96歲,0.1844
290,2024,113,男性,96歲,0.20317
291,2024,113,女性,96歲,0.17597
292,2024,113,總計,97歲,0.19906
293,2024,113,男性,97歲,0.21691
294,2024,113,女性,97歲,0.1913
295,2024,113,總計,98歲,0.21453
296,2024,113,男性,98歲,0.23161
297,2024,113,女性,98歲,0.20734
298,2024,113,總計,99歲,0.23119
299,2024,113,男性,99歲,0.24635
300,2024,113,女性,99歲,0.22501
301,2024,113,總計,100歲及以上,1
302,2024,113,男性,100歲及以上,1
303,2024,113,女性,100歲及以上,1
304,2025,114,總計,0歲,0.00384
305,2025,114,男性,0歲,0.00412
306,2025,114,女性,0歲,0.00356
307,2025,114,總計,1歲,0.00026
308,2025,114,男性,1歲,0.0003
309,2025,114,女性,1歲,0.00021
310,2025,114,總計,2歲,0.00017
311,2025,114,男性,2歲,0.00019
312,2025,114,女性,2歲,0.00015
313,2025,114,總計,3歲,0.00013
314,2025,114,男性,3歲,0.00014
315,2025,114,女性,3歲,0.00012
316,2025,114,總計,4歲,0.00011
317,2025,114,男性,4歲,0.00011
318,2025,114,女性,4歲,0.0001
319,2025,114,總計,5歲,0.0001
320,2025,114,男性,5歲,0.00011
321,2025,114,女性,5歲,0.0001
322,2025,114,總計,6歲,0.0001
323,2025,114,男性,6歲,0.0001
324,2025,114,女性,6歲,9E-05
325,2025,114,總計,7歲,9E-05
326,2025,114,男性,7歲,0.0001
327,2025,114,女性,7歲,8E-05
328,2025,114,總計,8歲,8E-05
329,2025,114,男性,8歲,9E-05
330,2025,114,女性,8歲,7E-05
331,2025,114,總計,9歲,8E-05
332,2025,114,男性,9歲,8E-05
333,2025,114,女性,9歲,7E-05
334,2025,114,總計,10歲,8E-05
335,2025,114,男性,10歲,8E-05
336,2025,114,女性,10歲,8E-05
337,2025,114,總計,11歲,9E-05
338,2025,114,男性,11歲,9E-05
339,2025,114,女性,11歲,9E-05
340,2025,114,總計,12歲,0.00011
341,2025,114,男性,12歲,0.00011
342,2025,114,女性,12歲,0.0001
343,2025,114,總計,13歲,0.00014
344,2025,114,男性,13歲,0.00015
345,2025,114,女性,13歲,0.00012
346,2025,114,總計,14歲,0.00018
347,2025,114,男性,14歲,0.00022
348,2025,114,女性,14歲,0.00014
349,2025,114,總計,15歲,0.00023
350,2025,114,男性,15歲,0.0003
351,2025,114,女性,15歲,0.00016
352,2025,114,總計,16歲,0.00028
353,2025,114,男性,16歲,0.00038
354,2025,114,女性,16歲,0.00018
355,2025,114,總計,17歲,0.00033
356,2025,114,男性,17歲,0.00045
357,2025,114,女性,17歲,0.0002
358,2025,114,總計,18歲,0.00037
359,2025,114,男性,18歲,0.00052
360,2025,114,女性,18歲,0.00023
361,2025,114,總計,19歲,0.0004
362,2025,114,男性,19歲,0.00055
363,2025,114,女性,19歲,0.00024
364,2025,114,總計,20歲,0.00041
365,2025,114,男性,20歲,0.00057
366,2025,114,女性,20歲,0.00026
367,2025,114,總計,21歲,0.00043
368,2025,114,男性,21歲,0.00058
369,2025,114,女性,21歲,0.00027
370,2025,114,總計,22歲,0.00043
371,2025,114,男性,22歲,0.00059
372,2025,114,女性,22歲,0.00028
373,2025,114,總計,23歲,0.00044
374,2025,114,男性,23歲,0.0006
375,2025,114,女性,23歲,0.00029
376,2025,114,總計,24歲,0.00044
377,2025,114,男性,24歲,0.00059
378,2025,114,女性,24歲,0.0003
379,2025,114,總計,25歲,0.00044
380,2025,114,男性,25歲,0.00058
381,2025,114,女性,25歲,0.0003
382,2025,114,總計,26歲,0.00045
383,2025,114,男性,26歲,0.00058
384,2025,114,女性,26歲,0.00031
385,2025,114,總計,27歲,0.00046
386,2025,114,男性,27歲,0.00059
387,2025,114,女性,27歲,0.00033
388,2025,114,總計,28歲,0.00048
389,2025,114,男性,28歲,0.00062
390,2025,114,女性,28歲,0.00034
391,2025,114,總計,29歲,0.00051
392,2025,114,男性,29歲,0.00067
393,2025,114,女性,29歲,0.00036
394,2025,114,總計,30歲,0.00055
395,2025,114,男性,30歲,0.00073
396,2025,114,女性,30歲,0.00038
397,2025,114,總計,31歲,0.0006
398,2025,114,男性,31歲,0.0008
399,2025,114,女性,31歲,0.00041
400,2025,114,總計,32歲,0.00066
401,2025,114,男性,32歲,0.00088
402,2025,114,女性,32歲,0.00044
403,2025,114,總計,33歲,0.00072
404,2025,114,男性,33歲,0.00096
405,2025,114,女性,33歲,0.00047
406,2025,114,總計,34歲,0.00078
407,2025,114,男性,34歲,0.00106
408,2025,114,女性,34歲,0.00051
409,2025,114,總計,35歲,0.00086
410,2025,114,男性,35歲,0.00117
411,2025,114,女性,35歲,0.00055
412,2025,114,總計,36歲,0.00094
413,2025,114,男性,36歲,0.0013
414,2025,114,女性,36歲,0.00059
415,2025,114,總計,37歲,0.00104
416,2025,114,男性,37歲,0.00145
417,2025,114,女性,37歲,0.00064
418,2025,114,總計,38歲,0.00115
419,2025,114,男性,38歲,0.00161
420,2025,114,女性,38歲,0.0007
421,2025,114,總計,39歲,0.00128
422,2025,114,男性,39歲,0.00179
423,2025,114,女性,39歲,0.00076
424,2025,114,總計,40歲,0.00141
425,2025,114,男性,40歲,0.00199
426,2025,114,女性,40歲,0.00083
427,2025,114,總計,41歲,0.00156
428,2025,114,男性,41歲,0.00222
429,2025,114,女性,41歲,0.0009
430,2025,114,總計,42歲,0.00172
431,2025,114,男性,42歲,0.00246
432,2025,114,女性,42歲,0.00098
433,2025,114,總計,43歲,0.0019
434,2025,114,男性,43歲,0.00273
435,2025,114,女性,43歲,0.00108
436,2025,114,總計,44歲,0.0021
437,2025,114,男性,44歲,0.00302
438,2025,114,女性,44歲,0.00119
439,2025,114,總計,45歲,0.0023
440,2025,114,男性,45歲,0.00333
441,2025,114,女性,45歲,0.00129
442,2025,114,總計,46歲,0.00253
443,2025,114,男性,46歲,0.00365
444,2025,114,女性,46歲,0.00143
445,2025,114,總計,47歲,0.00274
446,2025,114,男性,47歲,0.00398
447,2025,114,女性,47歲,0.00154
448,2025,114,總計,48歲,0.00298
449,2025,114,男性,48歲,0.00432
450,2025,114,女性,48歲,0.00167
451,2025,114,總計,49歲,0.00323
452,2025,114,男性,49歲,0.00469
453,2025,114,女性,49歲,0.00182
454,2025,114,總計,50歲,0.0035
455,2025,114,男性,50歲,0.00508
456,2025,114,女性,50歲,0.00198
457,2025,114,總計,51歲,0.0038
458,2025,114,男性,51歲,0.0055
459,2025,114,女性,51歲,0.00216
460,2025,114,總計,52歲,0.0041
461,2025,114,男性,52歲,0.00594
462,2025,114,女性,52歲,0.00232
463,2025,114,總計,53歲,0.00441
464,2025,114,男性,53歲,0.00639
465,2025,114,女性,53歲,0.0025
466,2025,114,總計,54歲,0.0047
467,2025,114,男性,54歲,0.00681
468,2025,114,女性,54歲,0.00268
469,2025,114,總計,55歲,0.00499
470,2025,114,男性,55歲,0.00725
471,2025,114,女性,55歲,0.00284
472,2025,114,總計,56歲,0.0053
473,2025,114,男性,56歲,0.00771
474,2025,114,女性,56歲,0.00301
475,2025,114,總計,57歲,0.00568
476,2025,114,男性,57歲,0.00823
477,2025,114,女性,57歲,0.00327
478,2025,114,總計,58歲,0.00606
479,2025,114,男性,58歲,0.00877
480,2025,114,女性,58歲,0.00352
481,2025,114,總計,59歲,0.00647
482,2025,114,男性,59歲,0.00934
483,2025,114,女性,59歲,0.00379
484,2025,114,總計,60歲,0.00689
485,2025,114,男性,60歲,0.00994
486,2025,114,女性,60歲,0.00407
487,2025,114,總計,61歲,0.00735
488,2025,114,男性,61歲,0.01056
489,2025,114,女性,61歲,0.0044
490,2025,114,總計,62歲,0.00787
491,2025,114,男性,62歲,0.01126
492,2025,114,女性,62歲,0.00477
493,2025,114,總計,63歲,0.0085
494,2025,114,男性,63歲,0.01207
495,2025,114,女性,63歲,0.00524
496,2025,114,總計,64歲,0.00917
497,2025,114,男性,64歲,0.01298
498,2025,114,女性,64歲,0.00572
499,2025,114,總計,65歲,0.00994
500,2025,114,男性,65歲,0.014
501,2025,114,女性,65歲,0.0063
502,2025,114,總計,66歲,0.01084
503,2025,114,男性,66歲,0.01517
504,2025,114,女性,66歲,0.00697
505,2025,114,總計,67歲,0.01186
506,2025,114,男性,67歲,0.01651
507,2025,114,女性,67歲,0.00776
508,2025,114,總計,68歲,0.01302
509,2025,114,男性,68歲,0.01801
510,2025,114,女性,68歲,0.00865
511,2025,114,總計,69歲,0.01434
512,2025,114,男性,69歲,0.01969
513,2025,114,女性,69歲,0.00969
514,2025,114,總計,70歲,0.01581
515,2025,114,男性,70歲,0.02155
516,2025,114,女性,70歲,0.01087
517,2025,114,總計,71歲,0.01744
518,2025,114,男性,71歲,0.02361
519,2025,114,女性,71歲,0.01219
520,2025,114,總計,72歲,0.01924
521,2025,114,男性,72歲,0.02588
522,2025,114,女性,72歲,0.01366
523,2025,114,總計,73歲,0.02125
524,2025,114,男性,73歲,0.02843
525,2025,114,女性,73歲,0.01529
526,2025,114,總計,74歲,0.0235
527,2025,114,男性,74歲,0.03129
528,2025,114,女性,74歲,0.01713
529,2025,114,總計,75歲,0.02597
530,2025,114,男性,75歲,0.03441
531,2025,114,女性,75歲,0.01915
532,2025,114,總計,76歲,0.02865
533,2025,114,男性,76歲,0.03781
534,2025,114,女性,76歲,0.02137
535,2025,114,總計,77歲,0.0316
536,2025,114,男性,77歲,0.04151
537,2025,114,女性,77歲,0.02386
538,2025,114,總計,78歲,0.03487
539,2025,114,男性,78歲,0.04559
540,2025,114,女性,78歲,0.02664
541,2025,114,總計,79歲,0.03848
542,2025,114,男性,79歲,0.05002
543,2025,114,女性,79歲,0.02981
544,2025,114,總計,80歲,0.04258
545,2025,114,男性,80歲,0.05477
546,2025,114,女性,80歲,0.03361
547,2025,114,總計,81歲,0.0471
548,2025,114,男性,81歲,0.05998
549,2025,114,女性,81歲,0.03782
550,2025,114,總計,82歲,0.05203
551,2025,114,男性,82歲,0.06561
552,2025,114,女性,82歲,0.04248
553,2025,114,總計,83歲,0.05739
554,2025,114,男性,83歲,0.07166
555,2025,114,女性,83歲,0.04759
556,2025,114,總計,84歲,0.06288
557,2025,114,男性,84歲,0.07815
558,2025,114,女性,84歲,0.05267
559,2025,114,總計,85歲,0.07024
560,2025,114,男性,85歲,0.08595
561,2025,114,女性,85歲,0.06
562,2025,114,總計,86歲,0.07707
563,2025,114,男性,86歲,0.09346
564,2025,114,女性,86歲,0.06669
565,2025,114,總計,87歲,0.08445
566,2025,114,男性,87歲,0.10154
567,2025,114,女性,87歲,0.07394
568,2025,114,總計,88歲,0.0924
569,2025,114,男性,88歲,0.11015
570,2025,114,女性,88歲,0.08181
571,2025,114,總計,89歲,0.10097
572,2025,114,男性,89歲,0.11933
573,2025,114,女性,89歲,0.09034
574,2025,114,總計,90歲,0.11026
575,2025,114,男性,90歲,0.12917
576,2025,114,女性,90歲,0.09967
577,2025,114,總計,91歲,0.12034
578,2025,114,男性,91歲,0.13966
579,2025,114,女性,91歲,0.10987
580,2025,114,總計,92歲,0.13118
581,2025,114,男性,92歲,0.15074
582,2025,114,女性,92歲,0.12094
583,2025,114,總計,93歲,0.14281
584,2025,114,男性,93歲,0.16245
585,2025,114,女性,93歲,0.13289
586,2025,114,總計,94歲,0.15521
587,2025,114,男性,94歲,0.17478
588,2025,114,女性,94歲,0.14565
589,2025,114,總計,95歲,0.16869
590,2025,114,男性,95歲,0.18802
591,2025,114,女性,95歲,0.15958
592,2025,114,總計,96歲,0.1827
593,2025,114,男性,96歲,0.20145
594,2025,114,女性,96歲,0.17416
595,2025,114,總計,97歲,0.19733
596,2025,114,男性,97歲,0.21529
597,2025,114,女性,97歲,0.18941
598,2025,114,總計,98歲,0.21278
599,2025,114,男性,98歲,0.22989
600,2025,114,女性,98歲,0.20548
601,2025,114,總計,99歲,0.22923
602,2025,114,男性,99歲,0.24478
603,2025,114,女性,99歲,0.2228
604,2025,114,總計,100歲及以上,1
605,2025,114,男性,100歲及以上,1
606,2025,114,女性,100歲及以上,1
607,2026,115,總計,0歲,0.00361
608,2026,115,男性,0歲,0.00386
609,2026,115,女性,0歲,0.00336
610,2026,115,總計,1歲,0.00024
611,2026,115,男性,1歲,0.00027
612,2026,115,女性,1歲,0.00021
613,2026,115,總計,2歲,0.00016
614,2026,115,男性,2歲,0.00017
615,2026,115,女性,2歲,0.00015
616,2026,115,總計,3歲,0.00012
617,2026,115,男性,3歲,0.00014
618,2026,115,女性,3歲,0.00011
619,2026,115,總計,4歲,0.0001
620,2026,115,男性,4歲,0.00011
621,2026,115,女性,4歲,9E-05
622,2026,115,總計,5歲,9E-05
623,2026,115,男性,5歲,0.0001
624,2026,115,女性,5歲,9E-05
625,2026,115,總計,6歲,9E-05
626,2026,115,男性,6歲,9E-05
627,2026,115,女性,6歲,8E-05
628,2026,115,總計,7歲,8E-05
629,2026,115,男性,7歲,9E-05
630,2026,115,女性,7歲,8E-05
631,2026,115,總計,8歲,8E-05
632,2026,115,男性,8歲,8E-05
633,2026,115,女性,8歲,8E-05
634,2026,115,總計,9歲,8E-05
635,2026,115,男性,9歲,8E-05
636,2026,115,女性,9歲,7E-05
637,2026,115,總計,10歲,8E-05
638,2026,115,男性,10歲,8E-05
639,2026,115,女性,10歲,8E-05
640,2026,115,總計,11歲,9E-05
641,2026,115,男性,11歲,9E-05
642,2026,115,女性,11歲,9E-05
643,2026,115,總計,12歲,0.00011
644,2026,115,男性,12歲,0.00011
645,2026,115,女性,12歲,0.0001
646,2026,115,總計,13歲,0.00013
647,2026,115,男性,13歲,0.00015
648,2026,115,女性,13歲,0.00012
649,2026,115,總計,14歲,0.00017
650,2026,115,男性,14歲,0.00021
651,2026,115,女性,14歲,0.00013
652,2026,115,總計,15歲,0.00021
653,2026,115,男性,15歲,0.00028
654,2026,115,女性,15歲,0.00014
655,2026,115,總計,16歲,0.00026
656,2026,115,男性,16歲,0.00036
657,2026,115,女性,16歲,0.00016
658,2026,115,總計,17歲,0.0003
659,2026,115,男性,17歲,0.00043
660,2026,115,女性,17歲,0.00018
661,2026,115,總計,18歲,0.00035
662,2026,115,男性,18歲,0.0005
663,2026,115,女性,18歲,0.0002
664,2026,115,總計,19歲,0.00037
665,2026,115,男性,19歲,0.00053
666,2026,115,女性,19歲,0.00022
667,2026,115,總計,20歲,0.00039
668,2026,115,男性,20歲,0.00054
669,2026,115,女性,20歲,0.00023
670,2026,115,總計,21歲,0.0004
671,2026,115,男性,21歲,0.00055
672,2026,115,女性,21歲,0.00024
673,2026,115,總計,22歲,0.0004
674,2026,115,男性,22歲,0.00056
675,2026,115,女性,22歲,0.00025
676,2026,115,總計,23歲,0.00041
677,2026,115,男性,23歲,0.00056
678,2026,115,女性,23歲,0.00026
679,2026,115,總計,24歲,0.00041
680,2026,115,男性,24歲,0.00056
681,2026,115,女性,24歲,0.00027
682,2026,115,總計,25歲,0.00041
683,2026,115,男性,25歲,0.00055
684,2026,115,女性,25歲,0.00027
685,2026,115,總計,26歲,0.00041
686,2026,115,男性,26歲,0.00054
687,2026,115,女性,26歲,0.00029
688,2026,115,總計,27歲,0.00043
689,2026,115,男性,27歲,0.00055
690,2026,115,女性,27歲,0.00031
691,2026,115,總計,28歲,0.00045
692,2026,115,男性,28歲,0.00058
693,2026,115,女性,28歲,0.00033
694,2026,115,總計,29歲,0.00049
695,2026,115,男性,29歲,0.00063
696,2026,115,女性,29歲,0.00035
697,2026,115,總計,30歲,0.00053
698,2026,115,男性,30歲,0.00068
699,2026,115,女性,30歲,0.00038
700,2026,115,總計,31歲,0.00058
701,2026,115,男性,31歲,0.00075
702,2026,115,女性,31歲,0.00041
703,2026,115,總計,32歲,0.00064
704,2026,115,男性,32歲,0.00084
705,2026,115,女性,32歲,0.00045
706,2026,115,總計,33歲,0.0007
707,2026,115,男性,33歲,0.00092
708,2026,115,女性,33歲,0.00048
709,2026,115,總計,34歲,0.00076
710,2026,115,男性,34歲,0.00101
711,2026,115,女性,34歲,0.00051
712,2026,115,總計,35歲,0.00084
713,2026,115,男性,35歲,0.00112
714,2026,115,女性,35歲,0.00055
715,2026,115,總計,36歲,0.00092
716,2026,115,男性,36歲,0.00125
717,2026,115,女性,36歲,0.00059
718,2026,115,總計,37歲,0.00102
719,2026,115,男性,37歲,0.0014
720,2026,115,女性,37歲,0.00064
721,2026,115,總計,38歲,0.00112
722,2026,115,男性,38歲,0.00156
723,2026,115,女性,38歲,0.00069
724,2026,115,總計,39歲,0.00124
725,2026,115,男性,39歲,0.00174
726,2026,115,女性,39歲,0.00075
727,2026,115,總計,40歲,0.00137
728,2026,115,男性,40歲,0.00193
729,2026,115,女性,40歲,0.00081
730,2026,115,總計,41歲,0.00151
731,2026,115,男性,41歲,0.00215
732,2026,115,女性,41歲,0.00088
733,2026,115,總計,42歲,0.00166
734,2026,115,男性,42歲,0.00238
735,2026,115,女性,42歲,0.00095
736,2026,115,總計,43歲,0.00183
737,2026,115,男性,43歲,0.00263
738,2026,115,女性,43歲,0.00104
739,2026,115,總計,44歲,0.00201
740,2026,115,男性,44歲,0.0029
741,2026,115,女性,44歲,0.00114
742,2026,115,總計,45歲,0.0022
743,2026,115,男性,45歲,0.00318
744,2026,115,女性,45歲,0.00124
745,2026,115,總計,46歲,0.00241
746,2026,115,男性,46歲,0.00348
747,2026,115,女性,46歲,0.00136
748,2026,115,總計,47歲,0.00262
749,2026,115,男性,47歲,0.00379
750,2026,115,女性,47歲,0.00148
751,2026,115,總計,48歲,0.00285
752,2026,115,男性,48歲,0.00412
753,2026,115,女性,48歲,0.0016
754,2026,115,總計,49歲,0.0031
755,2026,115,男性,49歲,0.00449
756,2026,115,女性,49歲,0.00175
757,2026,115,總計,50歲,0.00337
758,2026,115,男性,50歲,0.00488
759,2026,115,女性,50歲,0.0019
760,2026,115,總計,51歲,0.00365
761,2026,115,男性,51歲,0.0053
762,2026,115,女性,51歲,0.00205
763,2026,115,總計,52歲,0.00393
764,2026,115,男性,52歲,0.00573
765,2026,115,女性,52歲,0.00219
766,2026,115,總計,53歲,0.00423
767,2026,115,男性,53歲,0.00617
768,2026,115,女性,53歲,0.00236
769,2026,115,總計,54歲,0.00449
770,2026,115,男性,54歲,0.00653
771,2026,115,女性,54歲,0.00253
772,2026,115,總計,55歲,0.00475
773,2026,115,男性,55歲,0.00691
774,2026,115,女性,55歲,0.00268
775,2026,115,總計,56歲,0.00504
776,2026,115,男性,56歲,0.00732
777,2026,115,女性,56歲,0.00288
778,2026,115,總計,57歲,0.00538
779,2026,115,男性,57歲,0.0078
780,2026,115,女性,57歲,0.0031
781,2026,115,總計,58歲,0.00575
782,2026,115,男性,58歲,0.00833
783,2026,115,女性,58歲,0.00333
784,2026,115,總計,59歲,0.00615
785,2026,115,男性,59歲,0.00887
786,2026,115,女性,59歲,0.00359
787,2026,115,總計,60歲,0.00657
788,2026,115,男性,60歲,0.00944
789,2026,115,女性,60歲,0.00389
790,2026,115,總計,61歲,0.00702
791,2026,115,男性,61歲,0.01005
792,2026,115,女性,61歲,0.00422
793,2026,115,總計,62歲,0.00754
794,2026,115,男性,62歲,0.01074
795,2026,115,女性,62歲,0.00459
796,2026,115,總計,63歲,0.00812
797,2026,115,男性,63歲,0.01153
798,2026,115,女性,63歲,0.00501
799,2026,115,總計,64歲,0.00879
800,2026,115,男性,64歲,0.01241
801,2026,115,女性,64歲,0.00549
802,2026,115,總計,65歲,0.00953
803,2026,115,男性,65歲,0.01339
804,2026,115,女性,65歲,0.00604
805,2026,115,總計,66歲,0.01039
806,2026,115,男性,66歲,0.01451
807,2026,115,女性,66歲,0.0067
808,2026,115,總計,67歲,0.01138
809,2026,115,男性,67歲,0.01581
810,2026,115,女性,67歲,0.00745
811,2026,115,總計,68歲,0.01249
812,2026,115,男性,68歲,0.01725
813,2026,115,女性,68歲,0.0083
814,2026,115,總計,69歲,0.01375
815,2026,115,男性,69歲,0.01887
816,2026,115,女性,69歲,0.00928
817,2026,115,總計,70歲,0.01515
818,2026,115,男性,70歲,0.02064
819,2026,115,女性,70歲,0.0104
820,2026,115,總計,71歲,0.0167
821,2026,115,男性,71歲,0.0226
822,2026,115,女性,71歲,0.01164
823,2026,115,總計,72歲,0.01841
824,2026,115,男性,72歲,0.02476
825,2026,115,女性,72歲,0.01303
826,2026,115,總計,73歲,0.02034
827,2026,115,男性,73歲,0.02723
828,2026,115,女性,73歲,0.01457
829,2026,115,總計,74歲,0.02251
830,2026,115,男性,74歲,0.03001
831,2026,115,女性,74歲,0.01632
832,2026,115,總計,75歲,0.02491
833,2026,115,男性,75歲,0.03309
834,2026,115,女性,75歲,0.01825
835,2026,115,總計,76歲,0.02752
836,2026,115,男性,76歲,0.03644
837,2026,115,女性,76歲,0.02036
838,2026,115,總計,77歲,0.03039
839,2026,115,男性,77歲,0.0401
840,2026,115,女性,77歲,0.02272
841,2026,115,總計,78歲,0.03356
842,2026,115,男性,78歲,0.04414
843,2026,115,女性,78歲,0.02536
844,2026,115,總計,79歲,0.03703
845,2026,115,男性,79歲,0.04853
846,2026,115,女性,79歲,0.02829
847,2026,115,總計,80歲,0.04111
848,2026,115,男性,80歲,0.05328
849,2026,115,女性,80歲,0.03204
850,2026,115,總計,81歲,0.04557
851,2026,115,男性,81歲,0.05847
852,2026,115,女性,81歲,0.03618
853,2026,115,總計,82歲,0.05044
854,2026,115,男性,82歲,0.06408
855,2026,115,女性,82歲,0.04074
856,2026,115,總計,83歲,0.05572
857,2026,115,男性,83歲,0.07009
858,2026,115,女性,83歲,0.04575
859,2026,115,總計,84歲,0.06143
860,2026,115,男性,84歲,0.07651
861,2026,115,女性,84歲,0.05123
862,2026,115,總計,85歲,0.06979
863,2026,115,男性,85歲,0.08509
864,2026,115,女性,85歲,0.05972
865,2026,115,總計,86歲,0.07651
866,2026,115,男性,86歲,0.09252
867,2026,115,女性,86歲,0.06625
868,2026,115,總計,87歲,0.08378
869,2026,115,男性,87歲,0.10051
870,2026,115,女性,87歲,0.07336
871,2026,115,總計,88歲,0.09161
872,2026,115,男性,88歲,0.10904
873,2026,115,女性,88歲,0.08108
874,2026,115,總計,89歲,0.10005
875,2026,115,男性,89歲,0.11812
876,2026,115,女性,89歲,0.08947
877,2026,115,總計,90歲,0.1092
878,2026,115,男性,90歲,0.12782
879,2026,115,女性,90歲,0.09863
880,2026,115,總計,91歲,0.11914
881,2026,115,男性,91歲,0.13821
882,2026,115,女性,91歲,0.10868
883,2026,115,總計,92歲,0.12989
884,2026,115,男性,92歲,0.14926
885,2026,115,女性,92歲,0.11961
886,2026,115,總計,93歲,0.14143
887,2026,115,男性,93歲,0.16095
888,2026,115,女性,93歲,0.13142
889,2026,115,總計,94歲,0.15375
890,2026,115,男性,94歲,0.17325
891,2026,115,女性,94歲,0.14409
892,2026,115,總計,95歲,0.16706
893,2026,115,男性,95歲,0.18628
894,2026,115,女性,95歲,0.15787
895,2026,115,總計,96歲,0.18101
896,2026,115,男性,96歲,0.19974
897,2026,115,女性,96歲,0.17234
898,2026,115,總計,97歲,0.1956
899,2026,115,男性,97歲,0.21367
900,2026,115,女性,97歲,0.18752
901,2026,115,總計,98歲,0.21103
902,2026,115,男性,98歲,0.22817
903,2026,115,女性,98歲,0.20361
904,2026,115,總計,99歲,0.22727
905,2026,115,男性,99歲,0.24322
906,2026,115,女性,99歲,0.22059
907,2026,115,總計,100歲及以上,1
908,2026,115,男性,100歲及以上,1
909,2026,115,女性,100歲及以上,1
910,2027,116,總計,0歲,0.00358
911,2027,116,男性,0歲,0.00383
912,2027,116,女性,0歲,0.00333
913,2027,116,總計,1歲,0.00023
914,2027,116,男性,1歲,0.00026
915,2027,116,女性,1歲,0.00021
916,2027,116,總計,2歲,0.00015
917,2027,116,男性,2歲,0.00016
918,2027,116,女性,2歲,0.00014
919,2027,116,總計,3歲,0.00012
920,2027,116,男性,3歲,0.00013
921,2027,116,女性,3歲,0.00011
922,2027,116,總計,4歲,0.0001
923,2027,116,男性,4歲,0.00011
924,2027,116,女性,4歲,9E-05
925,2027,116,總計,5歲,9E-05
926,2027,116,男性,5歲,0.0001
927,2027,116,女性,5歲,8E-05
928,2027,116,總計,6歲,9E-05
929,2027,116,男性,6歲,9E-05
930,2027,116,女性,6歲,8E-05
931,2027,116,總計,7歲,8E-05
932,2027,116,男性,7歲,8E-05
933,2027,116,女性,7歲,8E-05
934,2027,116,總計,8歲,8E-05
935,2027,116,男性,8歲,8E-05
936,2027,116,女性,8歲,7E-05
937,2027,116,總計,9歲,7E-05
938,2027,116,男性,9歲,8E-05
939,2027,116,女性,9歲,7E-05
940,2027,116,總計,10歲,8E-05
941,2027,116,男性,10歲,8E-05
942,2027,116,女性,10歲,8E-05
943,2027,116,總計,11歲,9E-05
944,2027,116,男性,11歲,9E-05
945,2027,116,女性,11歲,9E-05
946,2027,116,總計,12歲,0.0001
947,2027,116,男性,12歲,0.00011
948,2027,116,女性,12歲,0.0001
949,2027,116,總計,13歲,0.00013
950,2027,116,男性,13歲,0.00014
951,2027,116,女性,13歲,0.00011
952,2027,116,總計,14歲,0.00016
953,2027,116,男性,14歲,0.0002
954,2027,116,女性,14歲,0.00013
955,2027,116,總計,15歲,0.00021
956,2027,116,男性,15歲,0.00028
957,2027,116,女性,15歲,0.00014
958,2027,116,總計,16歲,0.00025
959,2027,116,男性,16歲,0.00035
960,2027,116,女性,16歲,0.00016
961,2027,116,總計,17歲,0.0003
962,2027,116,男性,17歲,0.00042
963,2027,116,女性,17歲,0.00018
964,2027,116,總計,18歲,0.00034
965,2027,116,男性,18歲,0.00049
966,2027,116,女性,18歲,0.0002
967,2027,116,總計,19歲,0.00037
968,2027,116,男性,19歲,0.00052
969,2027,116,女性,19歲,0.00022
970,2027,116,總計,20歲,0.00038
971,2027,116,男性,20歲,0.00053
972,2027,116,女性,20歲,0.00023
973,2027,116,總計,21歲,0.00039
974,2027,116,男性,21歲,0.00054
975,2027,116,女性,21歲,0.00024
976,2027,116,總計,22歲,0.0004
977,2027,116,男性,22歲,0.00055
978,2027,116,女性,22歲,0.00024
979,2027,116,總計,23歲,0.0004
980,2027,116,男性,23歲,0.00055
981,2027,116,女性,23歲,0.00026
982,2027,116,總計,24歲,0.0004
983,2027,116,男性,24歲,0.00054
984,2027,116,女性,24歲,0.00026
985,2027,116,總計,25歲,0.0004
986,2027,116,男性,25歲,0.00053
987,2027,116,女性,25歲,0.00027
988,2027,116,總計,26歲,0.0004
989,2027,116,男性,26歲,0.00053
990,2027,116,女性,26歲,0.00028
991,2027,116,總計,27歲,0.00042
992,2027,116,男性,27歲,0.00054
993,2027,116,女性,27歲,0.0003
994,2027,116,總計,28歲,0.00044
995,2027,116,男性,28歲,0.00057
996,2027,116,女性,28歲,0.00032
997,2027,116,總計,29歲,0.00048
998,2027,116,男性,29歲,0.00061
999,2027,116,女性,29歲,0.00035
1000,2027,116,總計,30歲,0.00052
1001,2027,116,男性,30歲,0.00067
1002,2027,116,女性,30歲,0.00038
1003,2027,116,總計,31歲,0.00057
1004,2027,116,男性,31歲,0.00073
1005,2027,116,女性,31歲,0.00041
1006,2027,116,總計,32歲,0.00063
1007,2027,116,男性,32歲,0.00081
1008,2027,116,女性,32歲,0.00045
1009,2027,116,總計,33歲,0.00069
1010,2027,116,男性,33歲,0.0009
1011,2027,116,女性,33歲,0.00048
1012,2027,116,總計,34歲,0.00075
1013,2027,116,男性,34歲,0.00099
1014,2027,116,女性,34歲,0.00051
1015,2027,116,總計,35歲,0.00082
1016,2027,116,男性,35歲,0.0011
1017,2027,116,女性,35歲,0.00054
1018,2027,116,總計,36歲,0.0009
1019,2027,116,男性,36歲,0.00122
1020,2027,116,女性,36歲,0.00058
1021,2027,116,總計,37歲,0.00099
1022,2027,116,男性,37歲,0.00136
1023,2027,116,女性,37歲,0.00063
1024,2027,116,總計,38歲,0.0011
1025,2027,116,男性,38歲,0.00152
1026,2027,116,女性,38歲,0.00068
1027,2027,116,總計,39歲,0.00121
1028,2027,116,男性,39歲,0.00169
1029,2027,116,女性,39歲,0.00074
1030,2027,116,總計,40歲,0.00134
1031,2027,116,男性,40歲,0.00189
1032,2027,116,女性,40歲,0.0008
1033,2027,116,總計,41歲,0.00148
1034,2027,116,男性,41歲,0.0021
1035,2027,116,女性,41歲,0.00086
1036,2027,116,總計,42歲,0.00163
1037,2027,116,男性,42歲,0.00232
1038,2027,116,女性,42歲,0.00094
1039,2027,116,總計,43歲,0.0018
1040,2027,116,男性,43歲,0.00257
1041,2027,116,女性,43歲,0.00103
1042,2027,116,總計,44歲,0.00197
1043,2027,116,男性,44歲,0.00284
1044,2027,116,女性,44歲,0.00112
1045,2027,116,總計,45歲,0.00216
1046,2027,116,男性,45歲,0.00311
1047,2027,116,女性,45歲,0.00123
1048,2027,116,總計,46歲,0.00237
1049,2027,116,男性,46歲,0.00341
1050,2027,116,女性,46歲,0.00134
1051,2027,116,總計,47歲,0.00258
1052,2027,116,男性,47歲,0.00372
1053,2027,116,女性,47歲,0.00146
1054,2027,116,總計,48歲,0.0028
1055,2027,116,男性,48歲,0.00405
1056,2027,116,女性,48歲,0.00159
1057,2027,116,總計,49歲,0.00305
1058,2027,116,男性,49歲,0.00441
1059,2027,116,女性,49歲,0.00173
1060,2027,116,總計,50歲,0.00332
1061,2027,116,男性,50歲,0.0048
1062,2027,116,女性,50歲,0.00187
1063,2027,116,總計,51歲,0.0036
1064,2027,116,男性,51歲,0.00522
1065,2027,116,女性,51歲,0.00202
1066,2027,116,總計,52歲,0.00388
1067,2027,116,男性,52歲,0.00565
1068,2027,116,女性,52歲,0.00217
1069,2027,116,總計,53歲,0.00417
1070,2027,116,男性,53歲,0.00609
1071,2027,116,女性,53歲,0.00233
1072,2027,116,總計,54歲,0.00443
1073,2027,116,男性,54歲,0.00645
1074,2027,116,女性,54歲,0.0025
1075,2027,116,總計,55歲,0.00469
1076,2027,116,男性,55歲,0.00683
1077,2027,116,女性,55歲,0.00265
1078,2027,116,總計,56歲,0.00498
1079,2027,116,男性,56歲,0.00724
1080,2027,116,女性,56歲,0.00284
1081,2027,116,總計,57歲,0.00532
1082,2027,116,男性,57歲,0.00772
1083,2027,116,女性,57歲,0.00306
1084,2027,116,總計,58歲,0.00569
1085,2027,116,男性,58歲,0.00824
1086,2027,116,女性,58歲,0.00328
1087,2027,116,總計,59歲,0.00608
1088,2027,116,男性,59歲,0.00878
1089,2027,116,女性,59歲,0.00354
1090,2027,116,總計,60歲,0.0065
1091,2027,116,男性,60歲,0.00935
1092,2027,116,女性,60歲,0.00384
1093,2027,116,總計,61歲,0.00695
1094,2027,116,男性,61歲,0.00995
1095,2027,116,女性,61歲,0.00416
1096,2027,116,總計,62歲,0.00745
1097,2027,116,男性,62歲,0.01063
1098,2027,116,女性,62歲,0.00452
1099,2027,116,總計,63歲,0.00803
1100,2027,116,男性,63歲,0.01141
1101,2027,116,女性,63歲,0.00493
1102,2027,116,總計,64歲,0.00869
1103,2027,116,男性,64歲,0.01229
1104,2027,116,女性,64歲,0.00541
1105,2027,116,總計,65歲,0.00942
1106,2027,116,男性,65歲,0.01326
1107,2027,116,女性,65歲,0.00595
1108,2027,116,總計,66歲,0.01027
1109,2027,116,男性,66歲,0.01436
1110,2027,116,女性,66歲,0.00659
1111,2027,116,總計,67歲,0.01125
1112,2027,116,男性,67歲,0.01565
1113,2027,116,女性,67歲,0.00733
1114,2027,116,總計,68歲,0.01235
1115,2027,116,男性,68歲,0.01707
1116,2027,116,女性,68歲,0.00817
1117,2027,116,總計,69歲,0.01359
1118,2027,116,男性,69歲,0.01867
1119,2027,116,女性,69歲,0.00914
1120,2027,116,總計,70歲,0.01497
1121,2027,116,男性,70歲,0.02042
1122,2027,116,女性,70歲,0.01023
1123,2027,116,總計,71歲,0.01649
1124,2027,116,男性,71歲,0.02236
1125,2027,116,女性,71歲,0.01146
1126,2027,116,總計,72歲,0.01818
1127,2027,116,男性,72歲,0.0245
1128,2027,116,女性,72歲,0.01283
1129,2027,116,總計,73歲,0.02009
1130,2027,116,男性,73歲,0.02694
1131,2027,116,女性,73歲,0.01434
1132,2027,116,總計,74歲,0.02223
1133,2027,116,男性,74歲,0.02968
1134,2027,116,女性,74歲,0.01606
1135,2027,116,總計,75歲,0.0246
1136,2027,116,男性,75歲,0.03274
1137,2027,116,女性,75歲,0.01796
1138,2027,116,總計,76歲,0.02718
1139,2027,116,男性,76歲,0.03605
1140,2027,116,女性,76歲,0.02004
1141,2027,116,總計,77歲,0.03002
1142,2027,116,男性,77歲,0.03968
1143,2027,116,女性,77歲,0.02237
1144,2027,116,總計,78歲,0.03315
1145,2027,116,男性,78歲,0.04368
1146,2027,116,女性,78歲,0.02498
1147,2027,116,總計,79歲,0.03659
1148,2027,116,男性,79歲,0.04803
1149,2027,116,女性,79歲,0.02787
1150,2027,116,總計,80歲,0.04062
1151,2027,116,男性,80歲,0.05275
1152,2027,116,女性,80歲,0.03157
1153,2027,116,總計,81歲,0.04504
1154,2027,116,男性,81歲,0.05789
1155,2027,116,女性,81歲,0.03566
1156,2027,116,總計,82歲,0.04986
1157,2027,116,男性,82歲,0.06346
1158,2027,116,女性,82歲,0.04016
1159,2027,116,總計,83歲,0.05509
1160,2027,116,男性,83歲,0.06942
1161,2027,116,女性,83歲,0.04512
1162,2027,116,總計,84歲,0.06074
1163,2027,116,男性,84歲,0.07579
1164,2027,116,女性,84歲,0.05054
1165,2027,116,總計,85歲,0.06902
1166,2027,116,男性,85歲,0.08431
1167,2027,116,女性,85歲,0.05893
1168,2027,116,總計,86歲,0.07569
1169,2027,116,男性,86歲,0.0917
1170,2027,116,女性,86歲,0.06541
1171,2027,116,總計,87歲,0.0829
1172,2027,116,男性,87歲,0.09964
1173,2027,116,女性,87歲,0.07245
1174,2027,116,總計,88歲,0.09068
1175,2027,116,男性,88歲,0.10813
1176,2027,116,女性,88歲,0.08011
1177,2027,116,總計,89歲,0.09907
1178,2027,116,男性,89歲,0.11716
1179,2027,116,女性,89歲,0.08844
1180,2027,116,總計,90歲,0.10816
1181,2027,116,男性,90歲,0.12683
1182,2027,116,女性,90歲,0.09754
1183,2027,116,總計,91歲,0.11805
1184,2027,116,男性,91歲,0.13718
1185,2027,116,女性,91歲,0.10752
1186,2027,116,總計,92歲,0.12875
1187,2027,116,男性,92歲,0.14821
1188,2027,116,女性,92歲,0.1184
1189,2027,116,總計,93歲,0.14025
1190,2027,116,男性,93歲,0.15987
1191,2027,116,女性,93歲,0.13016
1192,2027,116,總計,94歲,0.15253
1193,2027,116,男性,94歲,0.17215
1194,2027,116,女性,94歲,0.14279
1195,2027,116,總計,95歲,0.16583
1196,2027,116,男性,95歲,0.18518
1197,2027,116,女性,95歲,0.15656
1198,2027,116,總計,96歲,0.17976
1199,2027,116,男性,96歲,0.19863
1200,2027,116,女性,96歲,0.17102
1201,2027,116,總計,97歲,0.19433
1202,2027,116,男性,97歲,0.21256
1203,2027,116,女性,97歲,0.18617
1204,2027,116,總計,98歲,0.20977
1205,2027,116,男性,98歲,0.22708
1206,2027,116,女性,98歲,0.20227
1207,2027,116,總計,99歲,0.22605
1208,2027,116,男性,99歲,0.24216
1209,2027,116,女性,99歲,0.21929
1210,2027,116,總計,100歲及以上,1
1211,2027,116,男性,100歲及以上,1
1212,2027,116,女性,100歲及以上,1
1213,2028,117,總計,0歲,0.00355
1214,2028,117,男性,0歲,0.00379
1215,2028,117,女性,0歲,0.0033
1216,2028,117,總計,1歲,0.00023
1217,2028,117,男性,1歲,0.00025
1218,2028,117,女性,1歲,0.0002
1219,2028,117,總計,2歲,0.00015
1220,2028,117,男性,2歲,0.00016
1221,2028,117,女性,2歲,0.00014
1222,2028,117,總計,3歲,0.00012
1223,2028,117,男性,3歲,0.00013
1224,2028,117,女性,3歲,0.0001
1225,2028,117,總計,4歲,0.0001
1226,2028,117,男性,4歲,0.0001
1227,2028,117,女性,4歲,9E-05
1228,2028,117,總計,5歲,9E-05
1229,2028,117,男性,5歲,0.0001
1230,2028,117,女性,5歲,8E-05
1231,2028,117,總計,6歲,8E-05
1232,2028,117,男性,6歲,9E-05
1233,2028,117,女性,6歲,8E-05
1234,2028,117,總計,7歲,8E-05
1235,2028,117,男性,7歲,8E-05
1236,2028,117,女性,7歲,8E-05
1237,2028,117,總計,8歲,7E-05
1238,2028,117,男性,8歲,8E-05
1239,2028,117,女性,8歲,7E-05
1240,2028,117,總計,9歲,7E-05
1241,2028,117,男性,9歲,7E-05
1242,2028,117,女性,9歲,7E-05
1243,2028,117,總計,10歲,8E-05
1244,2028,117,男性,10歲,8E-05
1245,2028,117,女性,10歲,8E-05
1246,2028,117,總計,11歲,9E-05
1247,2028,117,男性,11歲,9E-05
1248,2028,117,女性,11歲,8E-05
1249,2028,117,總計,12歲,0.0001
1250,2028,117,男性,12歲,0.00011
1251,2028,117,女性,12歲,0.0001
1252,2028,117,總計,13歲,0.00013
1253,2028,117,男性,13歲,0.00014
1254,2028,117,女性,13歲,0.00011
1255,2028,117,總計,14歲,0.00016
1256,2028,117,男性,14歲,0.0002
1257,2028,117,女性,14歲,0.00012
1258,2028,117,總計,15歲,0.0002
1259,2028,117,男性,15歲,0.00027
1260,2028,117,女性,15歲,0.00014
1261,2028,117,總計,16歲,0.00025
1262,2028,117,男性,16歲,0.00034
1263,2028,117,女性,16歲,0.00015
1264,2028,117,總計,17歲,0.00029
1265,2028,117,男性,17歲,0.00041
1266,2028,117,女性,17歲,0.00018
1267,2028,117,總計,18歲,0.00034
1268,2028,117,男性,18歲,0.00047
1269,2028,117,女性,18歲,0.0002
1270,2028,117,總計,19歲,0.00036
1271,2028,117,男性,19歲,0.0005
1272,2028,117,女性,19歲,0.00022
1273,2028,117,總計,20歲,0.00037
1274,2028,117,男性,20歲,0.00052
1275,2028,117,女性,20歲,0.00023
1276,2028,117,總計,21歲,0.00038
1277,2028,117,男性,21歲,0.00053
1278,2028,117,女性,21歲,0.00023
1279,2028,117,總計,22歲,0.00039
1280,2028,117,男性,22歲,0.00053
1281,2028,117,女性,22歲,0.00024
1282,2028,117,總計,23歲,0.00039
1283,2028,117,男性,23歲,0.00054
1284,2028,117,女性,23歲,0.00025
1285,2028,117,總計,24歲,0.0004
1286,2028,117,男性,24歲,0.00053
1287,2028,117,女性,24歲,0.00026
1288,2028,117,總計,25歲,0.00039
1289,2028,117,男性,25歲,0.00052
1290,2028,117,女性,25歲,0.00027
1291,2028,117,總計,26歲,0.0004
1292,2028,117,男性,26歲,0.00051
1293,2028,117,女性,26歲,0.00028
1294,2028,117,總計,27歲,0.00041
1295,2028,117,男性,27歲,0.00052
1296,2028,117,女性,27歲,0.0003
1297,2028,117,總計,28歲,0.00044
1298,2028,117,男性,28歲,0.00055
1299,2028,117,女性,28歲,0.00032
1300,2028,117,總計,29歲,0.00047
1301,2028,117,男性,29歲,0.0006
1302,2028,117,女性,29歲,0.00034
1303,2028,117,總計,30歲,0.00051
1304,2028,117,男性,30歲,0.00065
1305,2028,117,女性,30歲,0.00037
1306,2028,117,總計,31歲,0.00056
1307,2028,117,男性,31歲,0.00072
1308,2028,117,女性,31歲,0.00041
1309,2028,117,總計,32歲,0.00062
1310,2028,117,男性,32歲,0.00079
1311,2028,117,女性,32歲,0.00044
1312,2028,117,總計,33歲,0.00067
1313,2028,117,男性,33歲,0.00087
1314,2028,117,女性,33歲,0.00047
1315,2028,117,總計,34歲,0.00073
1316,2028,117,男性,34歲,0.00096
1317,2028,117,女性,34歲,0.0005
1318,2028,117,總計,35歲,0.0008
1319,2028,117,男性,35歲,0.00107
1320,2028,117,女性,35歲,0.00054
1321,2028,117,總計,36歲,0.00088
1322,2028,117,男性,36歲,0.00119
1323,2028,117,女性,36歲,0.00058
1324,2028,117,總計,37歲,0.00097
1325,2028,117,男性,37歲,0.00133
1326,2028,117,女性,37歲,0.00062
1327,2028,117,總計,38歲,0.00107
1328,2028,117,男性,38歲,0.00148
1329,2028,117,女性,38歲,0.00067
1330,2028,117,總計,39歲,0.00119
1331,2028,117,男性,39歲,0.00165
1332,2028,117,女性,39歲,0.00073
1333,2028,117,總計,40歲,0.00131
1334,2028,117,男性,40歲,0.00184
1335,2028,117,女性,40歲,0.00079
1336,2028,117,總計,41歲,0.00145
1337,2028,117,男性,41歲,0.00205
1338,2028,117,女性,41歲,0.00085
1339,2028,117,總計,42歲,0.00159
1340,2028,117,男性,42歲,0.00227
1341,2028,117,女性,42歲,0.00093
1342,2028,117,總計,43歲,0.00176
1343,2028,117,男性,43歲,0.00252
1344,2028,117,女性,43歲,0.00102
1345,2028,117,總計,44歲,0.00194
1346,2028,117,男性,44歲,0.00278
1347,2028,117,女性,44歲,0.00111
1348,2028,117,總計,45歲,0.00212
1349,2028,117,男性,45歲,0.00305
1350,2028,117,女性,45歲,0.00122
1351,2028,117,總計,46歲,0.00233
1352,2028,117,男性,46歲,0.00334
1353,2028,117,女性,46歲,0.00133
1354,2028,117,總計,47歲,0.00253
1355,2028,117,男性,47歲,0.00365
1356,2028,117,女性,47歲,0.00144
1357,2028,117,總計,48歲,0.00276
1358,2028,117,男性,48歲,0.00397
1359,2028,117,女性,48歲,0.00157
1360,2028,117,總計,49歲,0.00301
1361,2028,117,男性,49歲,0.00434
1362,2028,117,女性,49歲,0.00171
1363,2028,117,總計,50歲,0.00327
1364,2028,117,男性,50歲,0.00473
1365,2028,117,女性,50歲,0.00185
1366,2028,117,總計,51歲,0.00355
1367,2028,117,男性,51歲,0.00515
1368,2028,117,女性,51歲,0.002
1369,2028,117,總計,52歲,0.00383
1370,2028,117,男性,52歲,0.00557
1371,2028,117,女性,52歲,0.00214
1372,2028,117,總計,53歲,0.00412
1373,2028,117,男性,53歲,0.00601
1374,2028,117,女性,53歲,0.0023
1375,2028,117,總計,54歲,0.00438
1376,2028,117,男性,54歲,0.00637
1377,2028,117,女性,54歲,0.00246
1378,2028,117,總計,55歲,0.00464
1379,2028,117,男性,55歲,0.00675
1380,2028,117,女性,55歲,0.00262
1381,2028,117,總計,56歲,0.00493
1382,2028,117,男性,56歲,0.00716
1383,2028,117,女性,56歲,0.0028
1384,2028,117,總計,57歲,0.00527
1385,2028,117,男性,57歲,0.00764
1386,2028,117,女性,57歲,0.00302
1387,2028,117,總計,58歲,0.00563
1388,2028,117,男性,58歲,0.00816
1389,2028,117,女性,58歲,0.00324
1390,2028,117,總計,59歲,0.00601
1391,2028,117,男性,59歲,0.0087
1392,2028,117,女性,59歲,0.00349
1393,2028,117,總計,60歲,0.00643
1394,2028,117,男性,60歲,0.00926
1395,2028,117,女性,60歲,0.00378
1396,2028,117,總計,61歲,0.00687
1397,2028,117,男性,61歲,0.00985
1398,2028,117,女性,61歲,0.00411
1399,2028,117,總計,62歲,0.00737
1400,2028,117,男性,62歲,0.01053
1401,2028,117,女性,62歲,0.00446
1402,2028,117,總計,63歲,0.00794
1403,2028,117,男性,63歲,0.0113
1404,2028,117,女性,63歲,0.00486
1405,2028,117,總計,64歲,0.00859
1406,2028,117,男性,64歲,0.01217
1407,2028,117,女性,64歲,0.00533
1408,2028,117,總計,65歲,0.00931
1409,2028,117,男性,65歲,0.01312
1410,2028,117,女性,65歲,0.00586
1411,2028,117,總計,66歲,0.01015
1412,2028,117,男性,66歲,0.01422
1413,2028,117,女性,66歲,0.00649
1414,2028,117,總計,67歲,0.01112
1415,2028,117,男性,67歲,0.01549
1416,2028,117,女性,67歲,0.00722
1417,2028,117,總計,68歲,0.0122
1418,2028,117,男性,68歲,0.0169
1419,2028,117,女性,68歲,0.00804
1420,2028,117,總計,69歲,0.01343
1421,2028,117,男性,69歲,0.01848
1422,2028,117,女性,69歲,0.009
1423,2028,117,總計,70歲,0.01479
1424,2028,117,男性,70歲,0.02021
1425,2028,117,女性,70歲,0.01007
1426,2028,117,總計,71歲,0.01629
1427,2028,117,男性,71歲,0.02213
1428,2028,117,女性,71歲,0.01128
1429,2028,117,總計,72歲,0.01796
1430,2028,117,男性,72歲,0.02424
1431,2028,117,女性,72歲,0.01262
1432,2028,117,總計,73歲,0.01984
1433,2028,117,男性,73歲,0.02665
1434,2028,117,女性,73歲,0.01412
1435,2028,117,總計,74歲,0.02196
1436,2028,117,男性,74歲,0.02937
1437,2028,117,女性,74歲,0.01581
1438,2028,117,總計,75歲,0.0243
1439,2028,117,男性,75歲,0.03239
1440,2028,117,女性,75歲,0.01768
1441,2028,117,總計,76歲,0.02684
1442,2028,117,男性,76歲,0.03567
1443,2028,117,女性,76歲,0.01973
1444,2028,117,總計,77歲,0.02965
1445,2028,117,男性,77歲,0.03926
1446,2028,117,女性,77歲,0.02203
1447,2028,117,總計,78歲,0.03275
1448,2028,117,男性,78歲,0.04323
1449,2028,117,女性,78歲,0.0246
1450,2028,117,總計,79歲,0.03615
1451,2028,117,男性,79歲,0.04754
1452,2028,117,女性,79歲,0.02745
1453,2028,117,總計,80歲,0.04014
1454,2028,117,男性,80歲,0.05221
1455,2028,117,女性,80歲,0.0311
1456,2028,117,總計,81歲,0.04451
1457,2028,117,男性,81歲,0.05731
1458,2028,117,女性,81歲,0.03514
1459,2028,117,總計,82歲,0.04928
1460,2028,117,男性,82歲,0.06284
1461,2028,117,女性,82歲,0.03959
1462,2028,117,總計,83歲,0.05446
1463,2028,117,男性,83歲,0.06876
1464,2028,117,女性,83歲,0.04449
1465,2028,117,總計,84歲,0.06006
1466,2028,117,男性,84歲,0.07508
1467,2028,117,女性,84歲,0.04985
1468,2028,117,總計,85歲,0.06826
1469,2028,117,男性,85歲,0.08354
1470,2028,117,女性,85歲,0.05815
1471,2028,117,總計,86歲,0.07487
1472,2028,117,男性,86歲,0.09088
1473,2028,117,女性,86歲,0.06457
1474,2028,117,總計,87歲,0.08204
1475,2028,117,男性,87歲,0.09878
1476,2028,117,女性,87歲,0.07155
1477,2028,117,總計,88歲,0.08976
1478,2028,117,男性,88歲,0.10723
1479,2028,117,女性,88歲,0.07915
1480,2028,117,總計,89歲,0.09809
1481,2028,117,男性,89歲,0.11622
1482,2028,117,女性,89歲,0.08742
1483,2028,117,總計,90歲,0.10713
1484,2028,117,男性,90歲,0.12585
1485,2028,117,女性,90歲,0.09646
1486,2028,117,總計,91歲,0.11697
1487,2028,117,男性,91歲,0.13616
1488,2028,117,女性,91歲,0.10638
1489,2028,117,總計,92歲,0.12763
1490,2028,117,男性,92歲,0.14716
1491,2028,117,女性,92歲,0.11721
1492,2028,117,總計,93歲,0.13908
1493,2028,117,男性,93歲,0.15879
1494,2028,117,女性,93歲,0.12892
1495,2028,117,總計,94歲,0.15132
1496,2028,117,男性,94歲,0.17105
1497,2028,117,女性,94歲,0.14151
1498,2028,117,總計,95歲,0.16461
1499,2028,117,男性,95歲,0.18408
1500,2028,117,女性,95歲,0.15525
1501,2028,117,總計,96歲,0.17852
1502,2028,117,男性,96歲,0.19753
1503,2028,117,女性,96歲,0.1697
1504,2028,117,總計,97歲,0.19308
1505,2028,117,男性,97歲,0.21145
1506,2028,117,女性,97歲,0.18484
1507,2028,117,總計,98歲,0.20852
1508,2028,117,男性,98歲,0.22599
1509,2028,117,女性,98歲,0.20094
1510,2028,117,總計,99歲,0.22484
1511,2028,117,男性,99歲,0.24111
1512,2028,117,女性,99歲,0.218
1513,2028,117,總計,100歲及以上,1
1514,2028,117,男性,100歲及以上,1
1515,2028,117,女性,100歲及以上,1
1516,2029,118,總計,0歲,0.00352
1517,2029,118,男性,0歲,0.00376
1518,2029,118,女性,0歲,0.00328
1519,2029,118,總計,1歲,0.00022
1520,2029,118,男性,1歲,0.00024
1521,2029,118,女性,1歲,0.0002
1522,2029,118,總計,2歲,0.00014
1523,2029,118,男性,2歲,0.00015
1524,2029,118,女性,2歲,0.00013
1525,2029,118,總計,3歲,0.00011
1526,2029,118,男性,3歲,0.00012
1527,2029,118,女性,3歲,0.0001
1528,2029,118,總計,4歲,9E-05
1529,2029,118,男性,4歲,0.0001
1530,2029,118,女性,4歲,8E-05
1531,2029,118,總計,5歲,9E-05
1532,2029,118,男性,5歲,9E-05
1533,2029,118,女性,5歲,8E-05
1534,2029,118,總計,6歲,8E-05
1535,2029,118,男性,6歲,9E-05
1536,2029,118,女性,6歲,8E-05
1537,2029,118,總計,7歲,8E-05
1538,2029,118,男性,7歲,8E-05
1539,2029,118,女性,7歲,7E-05
1540,2029,118,總計,8歲,7E-05
1541,2029,118,男性,8歲,7E-05
1542,2029,118,女性,8歲,7E-05
1543,2029,118,總計,9歲,7E-05
1544,2029,118,男性,9歲,7E-05
1545,2029,118,女性,9歲,7E-05
1546,2029,118,總計,10歲,8E-05
1547,2029,118,男性,10歲,8E-05
1548,2029,118,女性,10歲,7E-05
1549,2029,118,總計,11歲,8E-05
1550,2029,118,男性,11歲,9E-05
1551,2029,118,女性,11歲,8E-05
1552,2029,118,總計,12歲,0.0001
1553,2029,118,男性,12歲,0.0001
1554,2029,118,女性,12歲,0.0001
1555,2029,118,總計,13歲,0.00012
1556,2029,118,男性,13歲,0.00014
1557,2029,118,女性,13歲,0.00011
1558,2029,118,總計,14歲,0.00016
1559,2029,118,男性,14歲,0.00019
1560,2029,118,女性,14歲,0.00012
1561,2029,118,總計,15歲,0.0002
1562,2029,118,男性,15歲,0.00026
1563,2029,118,女性,15歲,0.00013
1564,2029,118,總計,16歲,0.00024
1565,2029,118,男性,16歲,0.00034
1566,2029,118,女性,16歲,0.00015
1567,2029,118,總計,17歲,0.00029
1568,2029,118,男性,17歲,0.0004
1569,2029,118,女性,17歲,0.00017
1570,2029,118,總計,18歲,0.00033
1571,2029,118,男性,18歲,0.00046
1572,2029,118,女性,18歲,0.0002
1573,2029,118,總計,19歲,0.00035
1574,2029,118,男性,19歲,0.00049
1575,2029,118,女性,19歲,0.00021
1576,2029,118,總計,20歲,0.00036
1577,2029,118,男性,20歲,0.00051
1578,2029,118,女性,20歲,0.00022
1579,2029,118,總計,21歲,0.00037
1580,2029,118,男性,21歲,0.00052
1581,2029,118,女性,21歲,0.00023
1582,2029,118,總計,22歲,0.00038
1583,2029,118,男性,22歲,0.00052
1584,2029,118,女性,22歲,0.00024
1585,2029,118,總計,23歲,0.00039
1586,2029,118,男性,23歲,0.00052
1587,2029,118,女性,23歲,0.00025
1588,2029,118,總計,24歲,0.00039
1589,2029,118,男性,24歲,0.00052
1590,2029,118,女性,24歲,0.00026
1591,2029,118,總計,25歲,0.00039
1592,2029,118,男性,25歲,0.00051
1593,2029,118,女性,25歲,0.00026
1594,2029,118,總計,26歲,0.00039
1595,2029,118,男性,26歲,0.0005
1596,2029,118,女性,26歲,0.00028
1597,2029,118,總計,27歲,0.0004
1598,2029,118,男性,27歲,0.00051
1599,2029,118,女性,27歲,0.0003
1600,2029,118,總計,28歲,0.00043
1601,2029,118,男性,28歲,0.00054
1602,2029,118,女性,28歲,0.00032
1603,2029,118,總計,29歲,0.00046
1604,2029,118,男性,29歲,0.00058
1605,2029,118,女性,29歲,0.00034
1606,2029,118,總計,30歲,0.0005
1607,2029,118,男性,30歲,0.00063
1608,2029,118,女性,30歲,0.00037
1609,2029,118,總計,31歲,0.00055
1610,2029,118,男性,31歲,0.0007
1611,2029,118,女性,31歲,0.0004
1612,2029,118,總計,32歲,0.0006
1613,2029,118,男性,32歲,0.00077
1614,2029,118,女性,32歲,0.00044
1615,2029,118,總計,33歲,0.00066
1616,2029,118,男性,33歲,0.00085
1617,2029,118,女性,33歲,0.00047
1618,2029,118,總計,34歲,0.00072
1619,2029,118,男性,34歲,0.00094
1620,2029,118,女性,34歲,0.0005
1621,2029,118,總計,35歲,0.00078
1622,2029,118,男性,35歲,0.00104
1623,2029,118,女性,35歲,0.00053
1624,2029,118,總計,36歲,0.00086
1625,2029,118,男性,36歲,0.00116
1626,2029,118,女性,36歲,0.00057
1627,2029,118,總計,37歲,0.00095
1628,2029,118,男性,37歲,0.00129
1629,2029,118,女性,37歲,0.00061
1630,2029,118,總計,38歲,0.00105
1631,2029,118,男性,38歲,0.00144
1632,2029,118,女性,38歲,0.00066
1633,2029,118,總計,39歲,0.00116
1634,2029,118,男性,39歲,0.00161
1635,2029,118,女性,39歲,0.00072
1636,2029,118,總計,40歲,0.00129
1637,2029,118,男性,40歲,0.00179
1638,2029,118,女性,40歲,0.00078
1639,2029,118,總計,41歲,0.00142
1640,2029,118,男性,41歲,0.002
1641,2029,118,女性,41歲,0.00084
1642,2029,118,總計,42歲,0.00156
1643,2029,118,男性,42歲,0.00222
1644,2029,118,女性,42歲,0.00092
1645,2029,118,總計,43歲,0.00173
1646,2029,118,男性,43歲,0.00246
1647,2029,118,女性,43歲,0.001
1648,2029,118,總計,44歲,0.0019
1649,2029,118,男性,44歲,0.00272
1650,2029,118,女性,44歲,0.0011
1651,2029,118,總計,45歲,0.00209
1652,2029,118,男性,45歲,0.00298
1653,2029,118,女性,45歲,0.0012
1654,2029,118,總計,46歲,0.00229
1655,2029,118,男性,46歲,0.00328
1656,2029,118,女性,46歲,0.00131
1657,2029,118,總計,47歲,0.00249
1658,2029,118,男性,47歲,0.00358
1659,2029,118,女性,47歲,0.00143
1660,2029,118,總計,48歲,0.00271
1661,2029,118,男性,48歲,0.0039
1662,2029,118,女性,48歲,0.00155
1663,2029,118,總計,49歲,0.00296
1664,2029,118,男性,49歲,0.00427
1665,2029,118,女性,49歲,0.00169
1666,2029,118,總計,50歲,0.00322
1667,2029,118,男性,50歲,0.00465
1668,2029,118,女性,50歲,0.00183
1669,2029,118,總計,51歲,0.0035
1670,2029,118,男性,51歲,0.00507
1671,2029,118,女性,51歲,0.00197
1672,2029,118,總計,52歲,0.00378
1673,2029,118,男性,52歲,0.0055
1674,2029,118,女性,52歲,0.00211
1675,2029,118,總計,53歲,0.00407
1676,2029,118,男性,53歲,0.00593
1677,2029,118,女性,53歲,0.00228
1678,2029,118,總計,54歲,0.00433
1679,2029,118,男性,54歲,0.0063
1680,2029,118,女性,54歲,0.00243
1681,2029,118,總計,55歲,0.00458
1682,2029,118,男性,55歲,0.00667
1683,2029,118,女性,55歲,0.00258
1684,2029,118,總計,56歲,0.00487
1685,2029,118,男性,56歲,0.00708
1686,2029,118,女性,56歲,0.00277
1687,2029,118,總計,57歲,0.00521
1688,2029,118,男性,57歲,0.00756
1689,2029,118,女性,57歲,0.00298
1690,2029,118,總計,58歲,0.00557
1691,2029,118,男性,58歲,0.00808
1692,2029,118,女性,58歲,0.0032
1693,2029,118,總計,59歲,0.00595
1694,2029,118,男性,59歲,0.00861
1695,2029,118,女性,59歲,0.00345
1696,2029,118,總計,60歲,0.00636
1697,2029,118,男性,60歲,0.00917
1698,2029,118,女性,60歲,0.00373
1699,2029,118,總計,61歲,0.0068
1700,2029,118,男性,61歲,0.00976
1701,2029,118,女性,61歲,0.00405
1702,2029,118,總計,62歲,0.00729
1703,2029,118,男性,62歲,0.01043
1704,2029,118,女性,62歲,0.0044
1705,2029,118,總計,63歲,0.00786
1706,2029,118,男性,63歲,0.01119
1707,2029,118,女性,63歲,0.00479
1708,2029,118,總計,64歲,0.0085
1709,2029,118,男性,64歲,0.01205
1710,2029,118,女性,64歲,0.00525
1711,2029,118,總計,65歲,0.00921
1712,2029,118,男性,65歲,0.01299
1713,2029,118,女性,65歲,0.00578
1714,2029,118,總計,66歲,0.01003
1715,2029,118,男性,66歲,0.01408
1716,2029,118,女性,66歲,0.0064
1717,2029,118,總計,67歲,0.01099
1718,2029,118,男性,67歲,0.01533
1719,2029,118,女性,67歲,0.00711
1720,2029,118,總計,68歲,0.01206
1721,2029,118,男性,68歲,0.01672
1722,2029,118,女性,68歲,0.00792
1723,2029,118,總計,69歲,0.01326
1724,2029,118,男性,69歲,0.01829
1725,2029,118,女性,69歲,0.00885
1726,2029,118,總計,70歲,0.01461
1727,2029,118,男性,70歲,0.02
1728,2029,118,女性,70歲,0.00992
1729,2029,118,總計,71歲,0.01609
1730,2029,118,男性,71歲,0.02189
1731,2029,118,女性,71歲,0.0111
1732,2029,118,總計,72歲,0.01774
1733,2029,118,男性,72歲,0.02398
1734,2029,118,女性,72歲,0.01242
1735,2029,118,總計,73歲,0.01959
1736,2029,118,男性,73歲,0.02636
1737,2029,118,女性,73歲,0.0139
1738,2029,118,總計,74歲,0.02168
1739,2029,118,男性,74歲,0.02905
1740,2029,118,女性,74歲,0.01556
1741,2029,118,總計,75歲,0.024
1742,2029,118,男性,75歲,0.03204
1743,2029,118,女性,75歲,0.01741
1744,2029,118,總計,76歲,0.02651
1745,2029,118,男性,76歲,0.03529
1746,2029,118,女性,76歲,0.01943
1747,2029,118,總計,77歲,0.02929
1748,2029,118,男性,77歲,0.03885
1749,2029,118,女性,77歲,0.02169
1750,2029,118,總計,78歲,0.03236
1751,2029,118,男性,78歲,0.04278
1752,2029,118,女性,78歲,0.02423
1753,2029,118,總計,79歲,0.03572
1754,2029,118,男性,79歲,0.04706
1755,2029,118,女性,79歲,0.02704
1756,2029,118,總計,80歲,0.03966
1757,2029,118,男性,80歲,0.05169
1758,2029,118,女性,80歲,0.03064
1759,2029,118,總計,81歲,0.04399
1760,2029,118,男性,81歲,0.05674
1761,2029,118,女性,81歲,0.03463
1762,2029,118,總計,82歲,0.04871
1763,2029,118,男性,82歲,0.06222
1764,2029,118,女性,82歲,0.03903
1765,2029,118,總計,83歲,0.05384
1766,2029,118,男性,83歲,0.0681
1767,2029,118,女性,83歲,0.04387
1768,2029,118,總計,84歲,0.05939
1769,2029,118,男性,84歲,0.07437
1770,2029,118,女性,84歲,0.04917
1771,2029,118,總計,85歲,0.06751
1772,2029,118,男性,85歲,0.08278
1773,2029,118,女性,85歲,0.05738
1774,2029,118,總計,86歲,0.07407
1775,2029,118,男性,86歲,0.09007
1776,2029,118,女性,86歲,0.06374
1777,2029,118,總計,87歲,0.08118
1778,2029,118,男性,87歲,0.09793
1779,2029,118,女性,87歲,0.07066
1780,2029,118,總計,88歲,0.08885
1781,2029,118,男性,88歲,0.10633
1782,2029,118,女性,88歲,0.0782
1783,2029,118,總計,89歲,0.09713
1784,2029,118,男性,89歲,0.11528
1785,2029,118,女性,89歲,0.08641
1786,2029,118,總計,90歲,0.10612
1787,2029,118,男性,90歲,0.12487
1788,2029,118,女性,90歲,0.09539
1789,2029,118,總計,91歲,0.1159
1790,2029,118,男性,91歲,0.13515
1791,2029,118,女性,91歲,0.10526
1792,2029,118,總計,92歲,0.12651
1793,2029,118,男性,92歲,0.14611
1794,2029,118,女性,92歲,0.11603
1795,2029,118,總計,93歲,0.13791
1796,2029,118,男性,93歲,0.15772
1797,2029,118,女性,93歲,0.12768
1798,2029,118,總計,94歲,0.15012
1799,2029,118,男性,94歲,0.16996
1800,2029,118,女性,94歲,0.14023
1801,2029,118,總計,95歲,0.1634
1802,2029,118,男性,95歲,0.18299
1803,2029,118,女性,95歲,0.15396
1804,2029,118,總計,96歲,0.17729
1805,2029,118,男性,96歲,0.19643
1806,2029,118,女性,96歲,0.16839
1807,2029,118,總計,97歲,0.19183
1808,2029,118,男性,97歲,0.21035
1809,2029,118,女性,97歲,0.18351
1810,2029,118,總計,98歲,0.20728
1811,2029,118,男性,98歲,0.22491
1812,2029,118,女性,98歲,0.19962
1813,2029,118,總計,99歲,0.22362
1814,2029,118,男性,99歲,0.24006
1815,2029,118,女性,99歲,0.21671
1816,2029,118,總計,100歲及以上,1
1817,2029,118,男性,100歲及以上,1
1818,2029,118,女性,100歲及以上,1
1819,2030,119,總計,0歲,0.00349
1820,2030,119,男性,0歲,0.00373
1821,2030,119,女性,0歲,0.00325
1822,2030,119,總計,1歲,0.00021
1823,2030,119,男性,1歲,0.00024
1824,2030,119,女性,1歲,0.00019
1825,2030,119,總計,2歲,0.00014
1826,2030,119,男性,2歲,0.00015
1827,2030,119,女性,2歲,0.00013
1828,2030,119,總計,3歲,0.00011
1829,2030,119,男性,3歲,0.00012
1830,2030,119,女性,3歲,0.0001
1831,2030,119,總計,4歲,9E-05
1832,2030,119,男性,4歲,0.0001
1833,2030,119,女性,4歲,8E-05
1834,2030,119,總計,5歲,8E-05
1835,2030,119,男性,5歲,9E-05
1836,2030,119,女性,5歲,8E-05
1837,2030,119,總計,6歲,8E-05
1838,2030,119,男性,6歲,8E-05
1839,2030,119,女性,6歲,7E-05
1840,2030,119,總計,7歲,7E-05
1841,2030,119,男性,7歲,8E-05
1842,2030,119,女性,7歲,7E-05
1843,2030,119,總計,8歲,7E-05
1844,2030,119,男性,8歲,7E-05
1845,2030,119,女性,8歲,7E-05
1846,2030,119,總計,9歲,7E-05
1847,2030,119,男性,9歲,7E-05
1848,2030,119,女性,9歲,7E-05
1849,2030,119,總計,10歲,7E-05
1850,2030,119,男性,10歲,8E-05
1851,2030,119,女性,10歲,7E-05
1852,2030,119,總計,11歲,8E-05
1853,2030,119,男性,11歲,8E-05
1854,2030,119,女性,11歲,8E-05
1855,2030,119,總計,12歲,0.0001
1856,2030,119,男性,12歲,0.0001
1857,2030,119,女性,12歲,9E-05
1858,2030,119,總計,13歲,0.00012
1859,2030,119,男性,13歲,0.00013
1860,2030,119,女性,13歲,0.00011
1861,2030,119,總計,14歲,0.00015
1862,2030,119,男性,14歲,0.00019
1863,2030,119,女性,14歲,0.00012
1864,2030,119,總計,15歲,0.00019
1865,2030,119,男性,15歲,0.00026
1866,2030,119,女性,15歲,0.00013
1867,2030,119,總計,16歲,0.00024
1868,2030,119,男性,16歲,0.00033
1869,2030,119,女性,16歲,0.00015
1870,2030,119,總計,17歲,0.00028
1871,2030,119,男性,17歲,0.00039
1872,2030,119,女性,17歲,0.00017
1873,2030,119,總計,18歲,0.00032
1874,2030,119,男性,18歲,0.00045
1875,2030,119,女性,18歲,0.00019
1876,2030,119,總計,19歲,0.00035
1877,2030,119,男性,19歲,0.00048
1878,2030,119,女性,19歲,0.00021
1879,2030,119,總計,20歲,0.00036
1880,2030,119,男性,20歲,0.0005
1881,2030,119,女性,20歲,0.00022
1882,2030,119,總計,21歲,0.00037
1883,2030,119,男性,21歲,0.00051
1884,2030,119,女性,21歲,0.00023
1885,2030,119,總計,22歲,0.00037
1886,2030,119,男性,22歲,0.00051
1887,2030,119,女性,22歲,0.00024
1888,2030,119,總計,23歲,0.00038
1889,2030,119,男性,23歲,0.00051
1890,2030,119,女性,23歲,0.00025
1891,2030,119,總計,24歲,0.00038
1892,2030,119,男性,24歲,0.00051
1893,2030,119,女性,24歲,0.00025
1894,2030,119,總計,25歲,0.00038
1895,2030,119,男性,25歲,0.0005
1896,2030,119,女性,25歲,0.00026
1897,2030,119,總計,26歲,0.00038
1898,2030,119,男性,26歲,0.00049
1899,2030,119,女性,26歲,0.00027
1900,2030,119,總計,27歲,0.0004
1901,2030,119,男性,27歲,0.0005
1902,2030,119,女性,27歲,0.00029
1903,2030,119,總計,28歲,0.00042
1904,2030,119,男性,28歲,0.00053
1905,2030,119,女性,28歲,0.00031
1906,2030,119,總計,29歲,0.00045
1907,2030,119,男性,29歲,0.00057
1908,2030,119,女性,29歲,0.00034
1909,2030,119,總計,30歲,0.00049
1910,2030,119,男性,30歲,0.00062
1911,2030,119,女性,30歲,0.00037
1912,2030,119,總計,31歲,0.00054
1913,2030,119,男性,31歲,0.00068
1914,2030,119,女性,31歲,0.0004
1915,2030,119,總計,32歲,0.00059
1916,2030,119,男性,32歲,0.00075
1917,2030,119,女性,32歲,0.00043
1918,2030,119,總計,33歲,0.00065
1919,2030,119,男性,33歲,0.00083
1920,2030,119,女性,33歲,0.00046
1921,2030,119,總計,34歲,0.0007
1922,2030,119,男性,34歲,0.00091
1923,2030,119,女性,34歲,0.00049
1924,2030,119,總計,35歲,0.00077
1925,2030,119,男性,35歲,0.00101
1926,2030,119,女性,35歲,0.00052
1927,2030,119,總計,36歲,0.00084
1928,2030,119,男性,36歲,0.00113
1929,2030,119,女性,36歲,0.00056
1930,2030,119,總計,37歲,0.00093
1931,2030,119,男性,37歲,0.00126
1932,2030,119,女性,37歲,0.00061
1933,2030,119,總計,38歲,0.00103
1934,2030,119,男性,38歲,0.00141
1935,2030,119,女性,38歲,0.00066
1936,2030,119,總計,39歲,0.00114
1937,2030,119,男性,39歲,0.00157
1938,2030,119,女性,39歲,0.00071
1939,2030,119,總計,40歲,0.00126
1940,2030,119,男性,40歲,0.00175
1941,2030,119,女性,40歲,0.00077
1942,2030,119,總計,41歲,0.00139
1943,2030,119,男性,41歲,0.00195
1944,2030,119,女性,41歲,0.00083
1945,2030,119,總計,42歲,0.00153
1946,2030,119,男性,42歲,0.00216
1947,2030,119,女性,42歲,0.00091
1948,2030,119,總計,43歲,0.00169
1949,2030,119,男性,43歲,0.0024
1950,2030,119,女性,43歲,0.00099
1951,2030,119,總計,44歲,0.00187
1952,2030,119,男性,44歲,0.00266
1953,2030,119,女性,44歲,0.00108
1954,2030,119,總計,45歲,0.00205
1955,2030,119,男性,45歲,0.00292
1956,2030,119,女性,45歲,0.00119
1957,2030,119,總計,46歲,0.00225
1958,2030,119,男性,46歲,0.00321
1959,2030,119,女性,46歲,0.0013
1960,2030,119,總計,47歲,0.00245
1961,2030,119,男性,47歲,0.00351
1962,2030,119,女性,47歲,0.00141
1963,2030,119,總計,48歲,0.00267
1964,2030,119,男性,48歲,0.00384
1965,2030,119,女性,48歲,0.00153
1966,2030,119,總計,49歲,0.00292
1967,2030,119,男性,49歲,0.0042
1968,2030,119,女性,49歲,0.00167
1969,2030,119,總計,50歲,0.00318
1970,2030,119,男性,50歲,0.00458
1971,2030,119,女性,50歲,0.00181
1972,2030,119,總計,51歲,0.00345
1973,2030,119,男性,51歲,0.005
1974,2030,119,女性,51歲,0.00195
1975,2030,119,總計,52歲,0.00373
1976,2030,119,男性,52歲,0.00542
1977,2030,119,女性,52歲,0.00209
1978,2030,119,總計,53歲,0.00402
1979,2030,119,男性,53歲,0.00585
1980,2030,119,女性,53歲,0.00225
1981,2030,119,總計,54歲,0.00427
1982,2030,119,男性,54歲,0.00622
1983,2030,119,女性,54歲,0.0024
1984,2030,119,總計,55歲,0.00453
1985,2030,119,男性,55歲,0.00659
1986,2030,119,女性,55歲,0.00255
1987,2030,119,總計,56歲,0.00482
1988,2030,119,男性,56歲,0.007
1989,2030,119,女性,56歲,0.00273
1990,2030,119,總計,57歲,0.00515
1991,2030,119,男性,57歲,0.00748
1992,2030,119,女性,57歲,0.00294
1993,2030,119,總計,58歲,0.00551
1994,2030,119,男性,58歲,0.00799
1995,2030,119,女性,58歲,0.00316
1996,2030,119,總計,59歲,0.00588
1997,2030,119,男性,59歲,0.00852
1998,2030,119,女性,59歲,0.0034
1999,2030,119,總計,60歲,0.00629
2000,2030,119,男性,60歲,0.00908
2001,2030,119,女性,60歲,0.00368
2002,2030,119,總計,61歲,0.00673
2003,2030,119,男性,61歲,0.00966
2004,2030,119,女性,61歲,0.00399
2005,2030,119,總計,62歲,0.00721
2006,2030,119,男性,62歲,0.01033
2007,2030,119,女性,62歲,0.00433
2008,2030,119,總計,63歲,0.00777
2009,2030,119,男性,63歲,0.01108
2010,2030,119,女性,63歲,0.00472
2011,2030,119,總計,64歲,0.0084
2012,2030,119,男性,64歲,0.01193
2013,2030,119,女性,64歲,0.00517
2014,2030,119,總計,65歲,0.00911
2015,2030,119,男性,65歲,0.01287
2016,2030,119,女性,65歲,0.00569
2017,2030,119,總計,66歲,0.00992
2018,2030,119,男性,66歲,0.01394
2019,2030,119,女性,66歲,0.0063
2020,2030,119,總計,67歲,0.01086
2021,2030,119,男性,67歲,0.01518
2022,2030,119,女性,67歲,0.007
2023,2030,119,總計,68歲,0.01191
2024,2030,119,男性,68歲,0.01655
2025,2030,119,女性,68歲,0.0078
2026,2030,119,總計,69歲,0.01311
2027,2030,119,男性,69歲,0.0181
2028,2030,119,女性,69歲,0.00872
2029,2030,119,總計,70歲,0.01443
2030,2030,119,男性,70歲,0.01979
2031,2030,119,女性,70歲,0.00976
2032,2030,119,總計,71歲,0.0159
2033,2030,119,男性,71歲,0.02166
2034,2030,119,女性,71歲,0.01093
2035,2030,119,總計,72歲,0.01752
2036,2030,119,男性,72歲,0.02372
2037,2030,119,女性,72歲,0.01223
2038,2030,119,總計,73歲,0.01935
2039,2030,119,男性,73歲,0.02608
2040,2030,119,女性,73歲,0.01368
2041,2030,119,總計,74歲,0.02142
2042,2030,119,男性,74歲,0.02874
2043,2030,119,女性,74歲,0.01532
2044,2030,119,總計,75歲,0.0237
2045,2030,119,男性,75歲,0.0317
2046,2030,119,女性,75歲,0.01713
2047,2030,119,總計,76歲,0.02619
2048,2030,119,男性,76歲,0.03492
2049,2030,119,女性,76歲,0.01913
2050,2030,119,總計,77歲,0.02893
2051,2030,119,男性,77歲,0.03844
2052,2030,119,女性,77歲,0.02136
2053,2030,119,總計,78歲,0.03197
2054,2030,119,男性,78歲,0.04233
2055,2030,119,女性,78歲,0.02386
2056,2030,119,總計,79歲,0.03529
2057,2030,119,男性,79歲,0.04657
2058,2030,119,女性,79歲,0.02664
2059,2030,119,總計,80歲,0.03919
2060,2030,119,男性,80歲,0.05116
2061,2030,119,女性,80歲,0.03019
2062,2030,119,總計,81歲,0.04347
2063,2030,119,男性,81歲,0.05618
2064,2030,119,女性,81歲,0.03413
2065,2030,119,總計,82歲,0.04815
2066,2030,119,男性,82歲,0.06162
2067,2030,119,女性,82歲,0.03847
2068,2030,119,總計,83歲,0.05323
2069,2030,119,男性,83歲,0.06744
2070,2030,119,女性,83歲,0.04326
2071,2030,119,總計,84歲,0.05873
2072,2030,119,男性,84歲,0.07368
2073,2030,119,女性,84歲,0.04851
2074,2030,119,總計,85歲,0.06677
2075,2030,119,男性,85歲,0.08202
2076,2030,119,女性,85歲,0.05662
2077,2030,119,總計,86歲,0.07328
2078,2030,119,男性,86歲,0.08927
2079,2030,119,女性,86歲,0.06292
2080,2030,119,總計,87歲,0.08033
2081,2030,119,男性,87歲,0.09708
2082,2030,119,女性,87歲,0.06978
2083,2030,119,總計,88歲,0.08794
2084,2030,119,男性,88歲,0.10544
2085,2030,119,女性,88歲,0.07725
2086,2030,119,總計,89歲,0.09617
2087,2030,119,男性,89歲,0.11435
2088,2030,119,女性,89歲,0.08541
2089,2030,119,總計,90歲,0.10511
2090,2030,119,男性,90歲,0.1239
2091,2030,119,女性,90歲,0.09433
2092,2030,119,總計,91歲,0.11484
2093,2030,119,男性,91歲,0.13415
2094,2030,119,女性,91歲,0.10414
2095,2030,119,總計,92歲,0.1254
2096,2030,119,男性,92歲,0.14508
2097,2030,119,女性,92歲,0.11485
2098,2030,119,總計,93歲,0.13676
2099,2030,119,男性,93歲,0.15666
2100,2030,119,女性,93歲,0.12646
2101,2030,119,總計,94歲,0.14893
2102,2030,119,男性,94歲,0.16888
2103,2030,119,女性,94歲,0.13896
2104,2030,119,總計,95歲,0.16219
2105,2030,119,男性,95歲,0.1819
2106,2030,119,女性,95歲,0.15268
2107,2030,119,總計,96歲,0.17607
2108,2030,119,男性,96歲,0.19534
2109,2030,119,女性,96歲,0.16708
2110,2030,119,總計,97歲,0.19059
2111,2030,119,男性,97歲,0.20926
2112,2030,119,女性,97歲,0.18218
2113,2030,119,總計,98歲,0.20604
2114,2030,119,男性,98歲,0.22382
2115,2030,119,女性,98歲,0.19831
2116,2030,119,總計,99歲,0.22242
2117,2030,119,男性,99歲,0.23901
2118,2030,119,女性,99歲,0.21543
2119,2030,119,總計,100歲及以上,1
2120,2030,119,男性,100歲及以上,1
2121,2030,119,女性,100歲及以上,1
2122,2031,120,總計,0歲,0.00346
2123,2031,120,男性,0歲,0.0037
2124,2031,120,女性,0歲,0.00322
2125,2031,120,總計,1歲,0.00021
2126,2031,120,男性,1歲,0.00023
2127,2031,120,女性,1歲,0.00019
2128,2031,120,總計,2歲,0.00013
2129,2031,120,男性,2歲,0.00014
2130,2031,120,女性,2歲,0.00012
2131,2031,120,總計,3歲,0.00011
2132,2031,120,男性,3歲,0.00012
2133,2031,120,女性,3歲,9E-05
2134,2031,120,總計,4歲,9E-05
2135,2031,120,男性,4歲,9E-05
2136,2031,120,女性,4歲,8E-05
2137,2031,120,總計,5歲,8E-05
2138,2031,120,男性,5歲,9E-05
2139,2031,120,女性,5歲,7E-05
2140,2031,120,總計,6歲,8E-05
2141,2031,120,男性,6歲,8E-05
2142,2031,120,女性,6歲,7E-05
2143,2031,120,總計,7歲,7E-05
2144,2031,120,男性,7歲,8E-05
2145,2031,120,女性,7歲,7E-05
2146,2031,120,總計,8歲,7E-05
2147,2031,120,男性,8歲,7E-05
2148,2031,120,女性,8歲,7E-05
2149,2031,120,總計,9歲,7E-05
2150,2031,120,男性,9歲,7E-05
2151,2031,120,女性,9歲,7E-05
2152,2031,120,總計,10歲,7E-05
2153,2031,120,男性,10歲,7E-05
2154,2031,120,女性,10歲,7E-05
2155,2031,120,總計,11歲,8E-05
2156,2031,120,男性,11歲,8E-05
2157,2031,120,女性,11歲,8E-05
2158,2031,120,總計,12歲,0.0001
2159,2031,120,男性,12歲,0.0001
2160,2031,120,女性,12歲,9E-05
2161,2031,120,總計,13歲,0.00012
2162,2031,120,男性,13歲,0.00013
2163,2031,120,女性,13歲,0.0001
2164,2031,120,總計,14歲,0.00015
2165,2031,120,男性,14歲,0.00018
2166,2031,120,女性,14歲,0.00012
2167,2031,120,總計,15歲,0.00019
2168,2031,120,男性,15歲,0.00025
2169,2031,120,女性,15歲,0.00013
2170,2031,120,總計,16歲,0.00023
2171,2031,120,男性,16歲,0.00032
2172,2031,120,女性,16歲,0.00015
2173,2031,120,總計,17歲,0.00028
2174,2031,120,男性,17歲,0.00038
2175,2031,120,女性,17歲,0.00017
2176,2031,120,總計,18歲,0.00032
2177,2031,120,男性,18歲,0.00044
2178,2031,120,女性,18歲,0.00019
2179,2031,120,總計,19歲,0.00034
2180,2031,120,男性,19歲,0.00047
2181,2031,120,女性,19歲,0.00021
2182,2031,120,總計,20歲,0.00035
2183,2031,120,男性,20歲,0.00049
2184,2031,120,女性,20歲,0.00022
2185,2031,120,總計,21歲,0.00036
2186,2031,120,男性,21歲,0.0005
2187,2031,120,女性,21歲,0.00023
2188,2031,120,總計,22歲,0.00037
2189,2031,120,男性,22歲,0.0005
2190,2031,120,女性,22歲,0.00023
2191,2031,120,總計,23歲,0.00037
2192,2031,120,男性,23歲,0.0005
2193,2031,120,女性,23歲,0.00024
2194,2031,120,總計,24歲,0.00037
2195,2031,120,男性,24歲,0.0005
2196,2031,120,女性,24歲,0.00025
2197,2031,120,總計,25歲,0.00037
2198,2031,120,男性,25歲,0.00049
2199,2031,120,女性,25歲,0.00026
2200,2031,120,總計,26歲,0.00037
2201,2031,120,男性,26歲,0.00048
2202,2031,120,女性,26歲,0.00027
2203,2031,120,總計,27歲,0.00039
2204,2031,120,男性,27歲,0.00049
2205,2031,120,女性,27歲,0.00029
2206,2031,120,總計,28歲,0.00041
2207,2031,120,男性,28歲,0.00051
2208,2031,120,女性,28歲,0.00031
2209,2031,120,總計,29歲,0.00044
2210,2031,120,男性,29歲,0.00055
2211,2031,120,女性,29歲,0.00033
2212,2031,120,總計,30歲,0.00048
2213,2031,120,男性,30歲,0.0006
2214,2031,120,女性,30歲,0.00036
2215,2031,120,總計,31歲,0.00053
2216,2031,120,男性,31歲,0.00066
2217,2031,120,女性,31歲,0.00039
2218,2031,120,總計,32歲,0.00058
2219,2031,120,男性,32歲,0.00074
2220,2031,120,女性,32歲,0.00043
2221,2031,120,總計,33歲,0.00063
2222,2031,120,男性,33歲,0.00081
2223,2031,120,女性,33歲,0.00046
2224,2031,120,總計,34歲,0.00069
2225,2031,120,男性,34歲,0.00089
2226,2031,120,女性,34歲,0.00048
2227,2031,120,總計,35歲,0.00075
2228,2031,120,男性,35歲,0.00099
2229,2031,120,女性,35歲,0.00052
2230,2031,120,總計,36歲,0.00083
2231,2031,120,男性,36歲,0.0011
2232,2031,120,女性,36歲,0.00056
2233,2031,120,總計,37歲,0.00091
2234,2031,120,男性,37歲,0.00123
2235,2031,120,女性,37歲,0.0006
2236,2031,120,總計,38歲,0.00101
2237,2031,120,男性,38歲,0.00137
2238,2031,120,女性,38歲,0.00065
2239,2031,120,總計,39歲,0.00111
2240,2031,120,男性,39歲,0.00153
2241,2031,120,女性,39歲,0.0007
2242,2031,120,總計,40歲,0.00123
2243,2031,120,男性,40歲,0.00171
2244,2031,120,女性,40歲,0.00076
2245,2031,120,總計,41歲,0.00136
2246,2031,120,男性,41歲,0.0019
2247,2031,120,女性,41歲,0.00082
2248,2031,120,總計,42歲,0.0015
2249,2031,120,男性,42歲,0.00211
2250,2031,120,女性,42歲,0.0009
2251,2031,120,總計,43歲,0.00166
2252,2031,120,男性,43歲,0.00235
2253,2031,120,女性,43歲,0.00098
2254,2031,120,總計,44歲,0.00183
2255,2031,120,男性,44歲,0.0026
2256,2031,120,女性,44歲,0.00107
2257,2031,120,總計,45歲,0.00201
2258,2031,120,男性,45歲,0.00286
2259,2031,120,女性,45歲,0.00117
2260,2031,120,總計,46歲,0.00221
2261,2031,120,男性,46歲,0.00315
2262,2031,120,女性,46歲,0.00128
2263,2031,120,總計,47歲,0.00241
2264,2031,120,男性,47歲,0.00345
2265,2031,120,女性,47歲,0.00139
2266,2031,120,總計,48歲,0.00263
2267,2031,120,男性,48歲,0.00377
2268,2031,120,女性,48歲,0.00151
2269,2031,120,總計,49歲,0.00287
2270,2031,120,男性,49歲,0.00413
2271,2031,120,女性,49歲,0.00165
2272,2031,120,總計,50歲,0.00313
2273,2031,120,男性,50歲,0.00451
2274,2031,120,女性,50歲,0.00179
2275,2031,120,總計,51歲,0.00341
2276,2031,120,男性,51歲,0.00492
2277,2031,120,女性,51歲,0.00193
2278,2031,120,總計,52歲,0.00368
2279,2031,120,男性,52歲,0.00535
2280,2031,120,女性,52歲,0.00206
2281,2031,120,總計,53歲,0.00397
2282,2031,120,男性,53歲,0.00578
2283,2031,120,女性,53歲,0.00222
2284,2031,120,總計,54歲,0.00422
2285,2031,120,男性,54歲,0.00614
2286,2031,120,女性,54歲,0.00237
2287,2031,120,總計,55歲,0.00448
2288,2031,120,男性,55歲,0.00652
2289,2031,120,女性,55歲,0.00252
2290,2031,120,總計,56歲,0.00476
2291,2031,120,男性,56歲,0.00692
2292,2031,120,女性,56歲,0.0027
2293,2031,120,總計,57歲,0.00509
2294,2031,120,男性,57歲,0.0074
2295,2031,120,女性,57歲,0.0029
2296,2031,120,總計,58歲,0.00545
2297,2031,120,男性,58歲,0.00791
2298,2031,120,女性,58歲,0.00311
2299,2031,120,總計,59歲,0.00582
2300,2031,120,男性,59歲,0.00844
2301,2031,120,女性,59歲,0.00335
2302,2031,120,總計,60歲,0.00622
2303,2031,120,男性,60歲,0.00899
2304,2031,120,女性,60歲,0.00363
2305,2031,120,總計,61歲,0.00665
2306,2031,120,男性,61歲,0.00957
2307,2031,120,女性,61歲,0.00393
2308,2031,120,總計,62歲,0.00714
2309,2031,120,男性,62歲,0.01023
2310,2031,120,女性,62歲,0.00427
2311,2031,120,總計,63歲,0.00768
2312,2031,120,男性,63歲,0.01098
2313,2031,120,女性,63歲,0.00465
2314,2031,120,總計,64歲,0.00831
2315,2031,120,男性,64歲,0.01182
2316,2031,120,女性,64歲,0.0051
2317,2031,120,總計,65歲,0.009
2318,2031,120,男性,65歲,0.01274
2319,2031,120,女性,65歲,0.0056
2320,2031,120,總計,66歲,0.00981
2321,2031,120,男性,66歲,0.0138
2322,2031,120,女性,66歲,0.0062
2323,2031,120,總計,67歲,0.01073
2324,2031,120,男性,67歲,0.01502
2325,2031,120,女性,67歲,0.00689
2326,2031,120,總計,68歲,0.01177
2327,2031,120,男性,68歲,0.01638
2328,2031,120,女性,68歲,0.00767
2329,2031,120,總計,69歲,0.01295
2330,2031,120,男性,69歲,0.01791
2331,2031,120,女性,69歲,0.00858
2332,2031,120,總計,70歲,0.01426
2333,2031,120,男性,70歲,0.01958
2334,2031,120,女性,70歲,0.00961
2335,2031,120,總計,71歲,0.0157
2336,2031,120,男性,71歲,0.02143
2337,2031,120,女性,71歲,0.01075
2338,2031,120,總計,72歲,0.0173
2339,2031,120,男性,72歲,0.02347
2340,2031,120,女性,72歲,0.01204
2341,2031,120,總計,73歲,0.01911
2342,2031,120,男性,73歲,0.0258
2343,2031,120,女性,73歲,0.01346
2344,2031,120,總計,74歲,0.02115
2345,2031,120,男性,74歲,0.02843
2346,2031,120,女性,74歲,0.01508
2347,2031,120,總計,75歲,0.02341
2348,2031,120,男性,75歲,0.03136
2349,2031,120,女性,75歲,0.01687
2350,2031,120,總計,76歲,0.02587
2351,2031,120,男性,76歲,0.03454
2352,2031,120,女性,76歲,0.01883
2353,2031,120,總計,77歲,0.02858
2354,2031,120,男性,77歲,0.03804
2355,2031,120,女性,77歲,0.02103
2356,2031,120,總計,78歲,0.03158
2357,2031,120,男性,78歲,0.04189
2358,2031,120,女性,78歲,0.0235
2359,2031,120,總計,79歲,0.03487
2360,2031,120,男性,79歲,0.0461
2361,2031,120,女性,79歲,0.02624
2362,2031,120,總計,80歲,0.03873
2363,2031,120,男性,80歲,0.05065
2364,2031,120,女性,80歲,0.02975
2365,2031,120,總計,81歲,0.04296
2366,2031,120,男性,81歲,0.05562
2367,2031,120,女性,81歲,0.03363
2368,2031,120,總計,82歲,0.04759
2369,2031,120,男性,82歲,0.06101
2370,2031,120,女性,82歲,0.03793
2371,2031,120,總計,83歲,0.05262
2372,2031,120,男性,83歲,0.0668
2373,2031,120,女性,83歲,0.04265
2374,2031,120,總計,84歲,0.05807
2375,2031,120,男性,84歲,0.07298
2376,2031,120,女性,84歲,0.04785
2377,2031,120,總計,85歲,0.06604
2378,2031,120,男性,85歲,0.08127
2379,2031,120,女性,85歲,0.05587
2380,2031,120,總計,86歲,0.07249
2381,2031,120,男性,86歲,0.08848
2382,2031,120,女性,86歲,0.06211
2383,2031,120,總計,87歲,0.07949
2384,2031,120,男性,87歲,0.09624
2385,2031,120,女性,87歲,0.06891
2386,2031,120,總計,88歲,0.08705
2387,2031,120,男性,88歲,0.10456
2388,2031,120,女性,88歲,0.07632
2389,2031,120,總計,89歲,0.09522
2390,2031,120,男性,89歲,0.11343
2391,2031,120,女性,89歲,0.08441
2392,2031,120,總計,90歲,0.10411
2393,2031,120,男性,90歲,0.12294
2394,2031,120,女性,90歲,0.09328
2395,2031,120,總計,91歲,0.11379
2396,2031,120,男性,91歲,0.13315
2397,2031,120,女性,91歲,0.10303
2398,2031,120,總計,92歲,0.1243
2399,2031,120,男性,92歲,0.14404
2400,2031,120,女性,92歲,0.11369
2401,2031,120,總計,93歲,0.13562
2402,2031,120,男性,93歲,0.1556
2403,2031,120,女性,93歲,0.12524
2404,2031,120,總計,94歲,0.14775
2405,2031,120,男性,94歲,0.1678
2406,2031,120,女性,94歲,0.1377
2407,2031,120,總計,95歲,0.16099
2408,2031,120,男性,95歲,0.18082
2409,2031,120,女性,95歲,0.1514
2410,2031,120,總計,96歲,0.17485
2411,2031,120,男性,96歲,0.19425
2412,2031,120,女性,96歲,0.16579
2413,2031,120,總計,97歲,0.18935
2414,2031,120,男性,97歲,0.20817
2415,2031,120,女性,97歲,0.18087
2416,2031,120,總計,98歲,0.20481
2417,2031,120,男性,98歲,0.22275
2418,2031,120,女性,98歲,0.197
2419,2031,120,總計,99歲,0.22122
2420,2031,120,男性,99歲,0.23797
2421,2031,120,女性,99歲,0.21415
2422,2031,120,總計,100歲及以上,1
2423,2031,120,男性,100歲及以上,1
2424,2031,120,女性,100歲及以上,1
2425,2032,121,總計,0歲,0.00343
2426,2032,121,男性,0歲,0.00366
2427,2032,121,女性,0歲,0.00319
2428,2032,121,總計,1歲,0.0002
2429,2032,121,男性,1歲,0.00022
2430,2032,121,女性,1歲,0.00018
2431,2032,121,總計,2歲,0.00013
2432,2032,121,男性,2歲,0.00014
2433,2032,121,女性,2歲,0.00012
2434,2032,121,總計,3歲,0.0001
2435,2032,121,男性,3歲,0.00011
2436,2032,121,女性,3歲,9E-05
2437,2032,121,總計,4歲,8E-05
2438,2032,121,男性,4歲,9E-05
2439,2032,121,女性,4歲,8E-05
2440,2032,121,總計,5歲,8E-05
2441,2032,121,男性,5歲,8E-05
2442,2032,121,女性,5歲,7E-05
2443,2032,121,總計,6歲,7E-05
2444,2032,121,男性,6歲,8E-05
2445,2032,121,女性,6歲,7E-05
2446,2032,121,總計,7歲,7E-05
2447,2032,121,男性,7歲,7E-05
2448,2032,121,女性,7歲,7E-05
2449,2032,121,總計,8歲,7E-05
2450,2032,121,男性,8歲,7E-05
2451,2032,121,女性,8歲,7E-05
2452,2032,121,總計,9歲,7E-05
2453,2032,121,男性,9歲,7E-05
2454,2032,121,女性,9歲,6E-05
2455,2032,121,總計,10歲,7E-05
2456,2032,121,男性,10歲,7E-05
2457,2032,121,女性,10歲,7E-05
2458,2032,121,總計,11歲,8E-05
2459,2032,121,男性,11歲,8E-05
2460,2032,121,女性,11歲,8E-05
2461,2032,121,總計,12歲,9E-05
2462,2032,121,男性,12歲,0.0001
2463,2032,121,女性,12歲,9E-05
2464,2032,121,總計,13歲,0.00011
2465,2032,121,男性,13歲,0.00013
2466,2032,121,女性,13歲,0.0001
2467,2032,121,總計,14歲,0.00015
2468,2032,121,男性,14歲,0.00018
2469,2032,121,女性,14歲,0.00012
2470,2032,121,總計,15歲,0.00019
2471,2032,121,男性,15歲,0.00025
2472,2032,121,女性,15歲,0.00013
2473,2032,121,總計,16歲,0.00023
2474,2032,121,男性,16歲,0.00031
2475,2032,121,女性,16歲,0.00014
2476,2032,121,總計,17歲,0.00027
2477,2032,121,男性,17歲,0.00037
2478,2032,121,女性,17歲,0.00016
2479,2032,121,總計,18歲,0.00031
2480,2032,121,男性,18歲,0.00043
2481,2032,121,女性,18歲,0.00019
2482,2032,121,總計,19歲,0.00033
2483,2032,121,男性,19歲,0.00046
2484,2032,121,女性,19歲,0.0002
2485,2032,121,總計,20歲,0.00034
2486,2032,121,男性,20歲,0.00047
2487,2032,121,女性,20歲,0.00021
2488,2032,121,總計,21歲,0.00035
2489,2032,121,男性,21歲,0.00048
2490,2032,121,女性,21歲,0.00022
2491,2032,121,總計,22歲,0.00036
2492,2032,121,男性,22歲,0.00049
2493,2032,121,女性,22歲,0.00023
2494,2032,121,總計,23歲,0.00037
2495,2032,121,男性,23歲,0.00049
2496,2032,121,女性,23歲,0.00024
2497,2032,121,總計,24歲,0.00037
2498,2032,121,男性,24歲,0.00048
2499,2032,121,女性,24歲,0.00025
2500,2032,121,總計,25歲,0.00037
2501,2032,121,男性,25歲,0.00048
2502,2032,121,女性,25歲,0.00025
2503,2032,121,總計,26歲,0.00037
2504,2032,121,男性,26歲,0.00047
2505,2032,121,女性,26歲,0.00027
2506,2032,121,總計,27歲,0.00038
2507,2032,121,男性,27歲,0.00048
2508,2032,121,女性,27歲,0.00029
2509,2032,121,總計,28歲,0.0004
2510,2032,121,男性,28歲,0.0005
2511,2032,121,女性,28歲,0.00031
2512,2032,121,總計,29歲,0.00043
2513,2032,121,男性,29歲,0.00054
2514,2032,121,女性,29歲,0.00033
2515,2032,121,總計,30歲,0.00047
2516,2032,121,男性,30歲,0.00059
2517,2032,121,女性,30歲,0.00036
2518,2032,121,總計,31歲,0.00052
2519,2032,121,男性,31歲,0.00065
2520,2032,121,女性,31歲,0.00039
2521,2032,121,總計,32歲,0.00057
2522,2032,121,男性,32歲,0.00072
2523,2032,121,女性,32歲,0.00042
2524,2032,121,總計,33歲,0.00062
2525,2032,121,男性,33歲,0.00079
2526,2032,121,女性,33歲,0.00045
2527,2032,121,總計,34歲,0.00067
2528,2032,121,男性,34歲,0.00087
2529,2032,121,女性,34歲,0.00048
2530,2032,121,總計,35歲,0.00074
2531,2032,121,男性,35歲,0.00096
2532,2032,121,女性,35歲,0.00051
2533,2032,121,總計,36歲,0.00081
2534,2032,121,男性,36歲,0.00107
2535,2032,121,女性,36歲,0.00055
2536,2032,121,總計,37歲,0.00089
2537,2032,121,男性,37歲,0.0012
2538,2032,121,女性,37歲,0.00059
2539,2032,121,總計,38歲,0.00099
2540,2032,121,男性,38歲,0.00134
2541,2032,121,女性,38歲,0.00064
2542,2032,121,總計,39歲,0.00109
2543,2032,121,男性,39歲,0.00149
2544,2032,121,女性,39歲,0.0007
2545,2032,121,總計,40歲,0.00121
2546,2032,121,男性,40歲,0.00166
2547,2032,121,女性,40歲,0.00076
2548,2032,121,總計,41歲,0.00133
2549,2032,121,男性,41歲,0.00186
2550,2032,121,女性,41歲,0.00081
2551,2032,121,總計,42歲,0.00147
2552,2032,121,男性,42歲,0.00206
2553,2032,121,女性,42歲,0.00089
2554,2032,121,總計,43歲,0.00163
2555,2032,121,男性,43歲,0.0023
2556,2032,121,女性,43歲,0.00097
2557,2032,121,總計,44歲,0.0018
2558,2032,121,男性,44歲,0.00254
2559,2032,121,女性,44歲,0.00106
2560,2032,121,總計,45歲,0.00198
2561,2032,121,男性,45歲,0.0028
2562,2032,121,女性,45歲,0.00116
2563,2032,121,總計,46歲,0.00217
2564,2032,121,男性,46歲,0.00309
2565,2032,121,女性,46歲,0.00127
2566,2032,121,總計,47歲,0.00237
2567,2032,121,男性,47歲,0.00338
2568,2032,121,女性,47歲,0.00138
2569,2032,121,總計,48歲,0.00259
2570,2032,121,男性,48歲,0.0037
2571,2032,121,女性,48歲,0.0015
2572,2032,121,總計,49歲,0.00283
2573,2032,121,男性,49歲,0.00406
2574,2032,121,女性,49歲,0.00163
2575,2032,121,總計,50歲,0.00309
2576,2032,121,男性,50歲,0.00444
2577,2032,121,女性,50歲,0.00177
2578,2032,121,總計,51歲,0.00336
2579,2032,121,男性,51歲,0.00485
2580,2032,121,女性,51歲,0.00191
2581,2032,121,總計,52歲,0.00363
2582,2032,121,男性,52歲,0.00527
2583,2032,121,女性,52歲,0.00204
2584,2032,121,總計,53歲,0.00392
2585,2032,121,男性,53歲,0.0057
2586,2032,121,女性,53歲,0.00219
2587,2032,121,總計,54歲,0.00417
2588,2032,121,男性,54歲,0.00607
2589,2032,121,女性,54歲,0.00235
2590,2032,121,總計,55歲,0.00442
2591,2032,121,男性,55歲,0.00644
2592,2032,121,女性,55歲,0.00249
2593,2032,121,總計,56歲,0.00471
2594,2032,121,男性,56歲,0.00685
2595,2032,121,女性,56歲,0.00266
2596,2032,121,總計,57歲,0.00504
2597,2032,121,男性,57歲,0.00732
2598,2032,121,女性,57歲,0.00286
2599,2032,121,總計,58歲,0.00539
2600,2032,121,男性,58歲,0.00783
2601,2032,121,女性,58歲,0.00307
2602,2032,121,總計,59歲,0.00576
2603,2032,121,男性,59歲,0.00835
2604,2032,121,女性,59歲,0.00331
2605,2032,121,總計,60歲,0.00615
2606,2032,121,男性,60歲,0.0089
2607,2032,121,女性,60歲,0.00358
2608,2032,121,總計,61歲,0.00658
2609,2032,121,男性,61歲,0.00947
2610,2032,121,女性,61歲,0.00388
2611,2032,121,總計,62歲,0.00706
2612,2032,121,男性,62歲,0.01013
2613,2032,121,女性,62歲,0.00421
2614,2032,121,總計,63歲,0.0076
2615,2032,121,男性,63歲,0.01087
2616,2032,121,女性,63歲,0.00458
2617,2032,121,總計,64歲,0.00822
2618,2032,121,男性,64歲,0.0117
2619,2032,121,女性,64歲,0.00502
2620,2032,121,總計,65歲,0.0089
2621,2032,121,男性,65歲,0.01261
2622,2032,121,女性,65歲,0.00552
2623,2032,121,總計,66歲,0.00969
2624,2032,121,男性,66歲,0.01366
2625,2032,121,女性,66歲,0.00611
2626,2032,121,總計,67歲,0.01061
2627,2032,121,男性,67歲,0.01487
2628,2032,121,女性,67歲,0.00679
2629,2032,121,總計,68歲,0.01163
2630,2032,121,男性,68歲,0.01622
2631,2032,121,女性,68歲,0.00756
2632,2032,121,總計,69歲,0.01279
2633,2032,121,男性,69歲,0.01772
2634,2032,121,女性,69歲,0.00845
2635,2032,121,總計,70歲,0.01408
2636,2032,121,男性,70歲,0.01938
2637,2032,121,女性,70歲,0.00946
2638,2032,121,總計,71歲,0.01551
2639,2032,121,男性,71歲,0.02121
2640,2032,121,女性,71歲,0.01058
2641,2032,121,總計,72歲,0.01709
2642,2032,121,男性,72歲,0.02322
2643,2032,121,女性,72歲,0.01185
2644,2032,121,總計,73歲,0.01888
2645,2032,121,男性,73歲,0.02552
2646,2032,121,女性,73歲,0.01325
2647,2032,121,總計,74歲,0.02089
2648,2032,121,男性,74歲,0.02813
2649,2032,121,女性,74歲,0.01484
2650,2032,121,總計,75歲,0.02312
2651,2032,121,男性,75歲,0.03102
2652,2032,121,女性,75歲,0.0166
2653,2032,121,總計,76歲,0.02555
2654,2032,121,男性,76歲,0.03418
2655,2032,121,女性,76歲,0.01854
2656,2032,121,總計,77歲,0.02823
2657,2032,121,男性,77歲,0.03764
2658,2032,121,女性,77歲,0.02071
2659,2032,121,總計,78歲,0.0312
2660,2032,121,男性,78歲,0.04146
2661,2032,121,女性,78歲,0.02314
2662,2032,121,總計,79歲,0.03445
2663,2032,121,男性,79歲,0.04562
2664,2032,121,女性,79歲,0.02584
2665,2032,121,總計,80歲,0.03827
2666,2032,121,男性,80歲,0.05013
2667,2032,121,女性,80歲,0.02931
2668,2032,121,總計,81歲,0.04246
2669,2032,121,男性,81歲,0.05506
2670,2032,121,女性,81歲,0.03314
2671,2032,121,總計,82歲,0.04704
2672,2032,121,男性,82歲,0.06041
2673,2032,121,女性,82歲,0.03739
2674,2032,121,總計,83歲,0.05202
2675,2032,121,男性,83歲,0.06616
2676,2032,121,女性,83歲,0.04206
2677,2032,121,總計,84歲,0.05742
2678,2032,121,男性,84歲,0.0723
2679,2032,121,女性,84歲,0.04719
2680,2032,121,總計,85歲,0.06531
2681,2032,121,男性,85歲,0.08052
2682,2032,121,女性,85歲,0.05513
2683,2032,121,總計,86歲,0.07171
2684,2032,121,男性,86歲,0.08769
2685,2032,121,女性,86歲,0.06131
2686,2032,121,總計,87歲,0.07866
2687,2032,121,男性,87歲,0.09541
2688,2032,121,女性,87歲,0.06805
2689,2032,121,總計,88歲,0.08616
2690,2032,121,男性,88歲,0.10368
2691,2032,121,女性,88歲,0.0754
2692,2032,121,總計,89歲,0.09429
2693,2032,121,男性,89歲,0.11251
2694,2032,121,女性,89歲,0.08343
2695,2032,121,總計,90歲,0.10312
2696,2032,121,男性,90歲,0.12198
2697,2032,121,女性,90歲,0.09224
2698,2032,121,總計,91歲,0.11275
2699,2032,121,男性,91歲,0.13215
2700,2032,121,女性,91歲,0.10193
2701,2032,121,總計,92歲,0.12321
2702,2032,121,男性,92歲,0.14302
2703,2032,121,女性,92歲,0.11253
2704,2032,121,總計,93歲,0.13448
2705,2032,121,男性,93歲,0.15454
2706,2032,121,女性,93歲,0.12404
2707,2032,121,總計,94歲,0.14657
2708,2032,121,男性,94歲,0.16672
2709,2032,121,女性,94歲,0.13645
2710,2032,121,總計,95歲,0.1598
2711,2032,121,男性,95歲,0.17975
2712,2032,121,女性,95歲,0.15014
2713,2032,121,總計,96歲,0.17364
2714,2032,121,男性,96歲,0.19317
2715,2032,121,女性,96歲,0.1645
2716,2032,121,總計,97歲,0.18813
2717,2032,121,男性,97歲,0.20708
2718,2032,121,女性,97歲,0.17956
2719,2032,121,總計,98歲,0.20359
2720,2032,121,男性,98歲,0.22167
2721,2032,121,女性,98歲,0.19569
2722,2032,121,總計,99歲,0.22002
2723,2032,121,男性,99歲,0.23693
2724,2032,121,女性,99歲,0.21288
2725,2032,121,總計,100歲及以上,1
2726,2032,121,男性,100歲及以上,1
2727,2032,121,女性,100歲及以上,1
2728,2033,122,總計,0歲,0.0034
2729,2033,122,男性,0歲,0.00363
2730,2033,122,女性,0歲,0.00317
2731,2033,122,總計,1歲,0.0002
2732,2033,122,男性,1歲,0.00022
2733,2033,122,女性,1歲,0.00018
2734,2033,122,總計,2歲,0.00013
2735,2033,122,男性,2歲,0.00013
2736,2033,122,女性,2歲,0.00012
2737,2033,122,總計,3歲,0.0001
2738,2033,122,男性,3歲,0.00011
2739,2033,122,女性,3歲,9E-05
2740,2033,122,總計,4歲,8E-05
2741,2033,122,男性,4歲,9E-05
2742,2033,122,女性,4歲,8E-05
2743,2033,122,總計,5歲,8E-05
2744,2033,122,男性,5歲,8E-05
2745,2033,122,女性,5歲,7E-05
2746,2033,122,總計,6歲,7E-05
2747,2033,122,男性,6歲,8E-05
2748,2033,122,女性,6歲,7E-05
2749,2033,122,總計,7歲,7E-05
2750,2033,122,男性,7歲,7E-05
2751,2033,122,女性,7歲,7E-05
2752,2033,122,總計,8歲,7E-05
2753,2033,122,男性,8歲,7E-05
2754,2033,122,女性,8歲,6E-05
2755,2033,122,總計,9歲,6E-05
2756,2033,122,男性,9歲,7E-05
2757,2033,122,女性,9歲,6E-05
2758,2033,122,總計,10歲,7E-05
2759,2033,122,男性,10歲,7E-05
2760,2033,122,女性,10歲,7E-05
2761,2033,122,總計,11歲,8E-05
2762,2033,122,男性,11歲,8E-05
2763,2033,122,女性,11歲,8E-05
2764,2033,122,總計,12歲,9E-05
2765,2033,122,男性,12歲,9E-05
2766,2033,122,女性,12歲,9E-05
2767,2033,122,總計,13歲,0.00011
2768,2033,122,男性,13歲,0.00012
2769,2033,122,女性,13歲,0.0001
2770,2033,122,總計,14歲,0.00014
2771,2033,122,男性,14歲,0.00017
2772,2033,122,女性,14歲,0.00011
2773,2033,122,總計,15歲,0.00018
2774,2033,122,男性,15歲,0.00024
2775,2033,122,女性,15歲,0.00013
2776,2033,122,總計,16歲,0.00022
2777,2033,122,男性,16歲,0.00031
2778,2033,122,女性,16歲,0.00014
2779,2033,122,總計,17歲,0.00026
2780,2033,122,男性,17歲,0.00037
2781,2033,122,女性,17歲,0.00016
2782,2033,122,總計,18歲,0.0003
2783,2033,122,男性,18歲,0.00042
2784,2033,122,女性,18歲,0.00018
2785,2033,122,總計,19歲,0.00033
2786,2033,122,男性,19歲,0.00045
2787,2033,122,女性,19歲,0.0002
2788,2033,122,總計,20歲,0.00034
2789,2033,122,男性,20歲,0.00046
2790,2033,122,女性,20歲,0.00021
2791,2033,122,總計,21歲,0.00035
2792,2033,122,男性,21歲,0.00047
2793,2033,122,女性,21歲,0.00022
2794,2033,122,總計,22歲,0.00035
2795,2033,122,男性,22歲,0.00048
2796,2033,122,女性,22歲,0.00023
2797,2033,122,總計,23歲,0.00036
2798,2033,122,男性,23歲,0.00048
2799,2033,122,女性,23歲,0.00024
2800,2033,122,總計,24歲,0.00036
2801,2033,122,男性,24歲,0.00047
2802,2033,122,女性,24歲,0.00025
2803,2033,122,總計,25歲,0.00036
2804,2033,122,男性,25歲,0.00046
2805,2033,122,女性,25歲,0.00025
2806,2033,122,總計,26歲,0.00036
2807,2033,122,男性,26歲,0.00046
2808,2033,122,女性,26歲,0.00027
2809,2033,122,總計,27歲,0.00038
2810,2033,122,男性,27歲,0.00047
2811,2033,122,女性,27歲,0.00028
2812,2033,122,總計,28歲,0.0004
2813,2033,122,男性,28歲,0.00049
2814,2033,122,女性,28歲,0.0003
2815,2033,122,總計,29歲,0.00043
2816,2033,122,男性,29歲,0.00053
2817,2033,122,女性,29歲,0.00032
2818,2033,122,總計,30歲,0.00046
2819,2033,122,男性,30歲,0.00057
2820,2033,122,女性,30歲,0.00035
2821,2033,122,總計,31歲,0.00051
2822,2033,122,男性,31歲,0.00063
2823,2033,122,女性,31歲,0.00038
2824,2033,122,總計,32歲,0.00056
2825,2033,122,男性,32歲,0.0007
2826,2033,122,女性,32歲,0.00042
2827,2033,122,總計,33歲,0.00061
2828,2033,122,男性,33歲,0.00077
2829,2033,122,女性,33歲,0.00045
2830,2033,122,總計,34歲,0.00066
2831,2033,122,男性,34歲,0.00085
2832,2033,122,女性,34歲,0.00047
2833,2033,122,總計,35歲,0.00072
2834,2033,122,男性,35歲,0.00094
2835,2033,122,女性,35歲,0.0005
2836,2033,122,總計,36歲,0.00079
2837,2033,122,男性,36歲,0.00104
2838,2033,122,女性,36歲,0.00054
2839,2033,122,總計,37歲,0.00087
2840,2033,122,男性,37歲,0.00116
2841,2033,122,女性,37歲,0.00059
2842,2033,122,總計,38歲,0.00097
2843,2033,122,男性,38歲,0.0013
2844,2033,122,女性,38歲,0.00063
2845,2033,122,總計,39歲,0.00107
2846,2033,122,男性,39歲,0.00145
2847,2033,122,女性,39歲,0.00069
2848,2033,122,總計,40歲,0.00118
2849,2033,122,男性,40歲,0.00162
2850,2033,122,女性,40歲,0.00075
2851,2033,122,總計,41歲,0.00131
2852,2033,122,男性,41歲,0.00181
2853,2033,122,女性,41歲,0.00081
2854,2033,122,總計,42歲,0.00144
2855,2033,122,男性,42歲,0.00201
2856,2033,122,女性,42歲,0.00087
2857,2033,122,總計,43歲,0.0016
2858,2033,122,男性,43歲,0.00224
2859,2033,122,女性,43歲,0.00096
2860,2033,122,總計,44歲,0.00176
2861,2033,122,男性,44歲,0.00249
2862,2033,122,女性,44歲,0.00105
2863,2033,122,總計,45歲,0.00194
2864,2033,122,男性,45歲,0.00274
2865,2033,122,女性,45歲,0.00115
2866,2033,122,總計,46歲,0.00213
2867,2033,122,男性,46歲,0.00303
2868,2033,122,女性,46歲,0.00125
2869,2033,122,總計,47歲,0.00233
2870,2033,122,男性,47歲,0.00332
2871,2033,122,女性,47歲,0.00136
2872,2033,122,總計,48歲,0.00255
2873,2033,122,男性,48歲,0.00364
2874,2033,122,女性,48歲,0.00148
2875,2033,122,總計,49歲,0.00279
2876,2033,122,男性,49歲,0.00399
2877,2033,122,女性,49歲,0.00161
2878,2033,122,總計,50歲,0.00304
2879,2033,122,男性,50歲,0.00437
2880,2033,122,女性,50歲,0.00175
2881,2033,122,總計,51歲,0.00331
2882,2033,122,男性,51歲,0.00478
2883,2033,122,女性,51歲,0.00188
2884,2033,122,總計,52歲,0.00358
2885,2033,122,男性,52歲,0.0052
2886,2033,122,女性,52歲,0.00201
2887,2033,122,總計,53歲,0.00387
2888,2033,122,男性,53歲,0.00563
2889,2033,122,女性,53歲,0.00217
2890,2033,122,總計,54歲,0.00412
2891,2033,122,男性,54歲,0.00599
2892,2033,122,女性,54歲,0.00232
2893,2033,122,總計,55歲,0.00437
2894,2033,122,男性,55歲,0.00637
2895,2033,122,女性,55歲,0.00246
2896,2033,122,總計,56歲,0.00465
2897,2033,122,男性,56歲,0.00677
2898,2033,122,女性,56歲,0.00263
2899,2033,122,總計,57歲,0.00498
2900,2033,122,男性,57歲,0.00724
2901,2033,122,女性,57歲,0.00282
2902,2033,122,總計,58歲,0.00533
2903,2033,122,男性,58歲,0.00775
2904,2033,122,女性,58歲,0.00303
2905,2033,122,總計,59歲,0.0057
2906,2033,122,男性,59歲,0.00827
2907,2033,122,女性,59歲,0.00326
2908,2033,122,總計,60歲,0.00609
2909,2033,122,男性,60歲,0.00881
2910,2033,122,女性,60歲,0.00353
2911,2033,122,總計,61歲,0.00651
2912,2033,122,男性,61歲,0.00938
2913,2033,122,女性,61歲,0.00382
2914,2033,122,總計,62歲,0.00698
2915,2033,122,男性,62歲,0.01003
2916,2033,122,女性,62歲,0.00415
2917,2033,122,總計,63歲,0.00752
2918,2033,122,男性,63歲,0.01076
2919,2033,122,女性,63歲,0.00452
2920,2033,122,總計,64歲,0.00812
2921,2033,122,男性,64歲,0.01159
2922,2033,122,女性,64歲,0.00495
2923,2033,122,總計,65歲,0.0088
2924,2033,122,男性,65歲,0.01249
2925,2033,122,女性,65歲,0.00544
2926,2033,122,總計,66歲,0.00958
2927,2033,122,男性,66歲,0.01352
2928,2033,122,女性,66歲,0.00601
2929,2033,122,總計,67歲,0.01049
2930,2033,122,男性,67歲,0.01472
2931,2033,122,女性,67歲,0.00668
2932,2033,122,總計,68歲,0.0115
2933,2033,122,男性,68歲,0.01605
2934,2033,122,女性,68歲,0.00744
2935,2033,122,總計,69歲,0.01264
2936,2033,122,男性,69歲,0.01754
2937,2033,122,女性,69歲,0.00831
2938,2033,122,總計,70歲,0.01391
2939,2033,122,男性,70歲,0.01917
2940,2033,122,女性,70歲,0.00931
2941,2033,122,總計,71歲,0.01532
2942,2033,122,男性,71歲,0.02098
2943,2033,122,女性,71歲,0.01042
2944,2033,122,總計,72歲,0.01688
2945,2033,122,男性,72歲,0.02297
2946,2033,122,女性,72歲,0.01166
2947,2033,122,總計,73歲,0.01864
2948,2033,122,男性,73歲,0.02525
2949,2033,122,女性,73歲,0.01304
2950,2033,122,總計,74歲,0.02063
2951,2033,122,男性,74歲,0.02782
2952,2033,122,女性,74歲,0.01461
2953,2033,122,總計,75歲,0.02283
2954,2033,122,男性,75歲,0.03069
2955,2033,122,女性,75歲,0.01634
2956,2033,122,總計,76歲,0.02523
2957,2033,122,男性,76歲,0.03381
2958,2033,122,女性,76歲,0.01825
2959,2033,122,總計,77歲,0.02788
2960,2033,122,男性,77歲,0.03724
2961,2033,122,女性,77歲,0.02039
2962,2033,122,總計,78歲,0.03082
2963,2033,122,男性,78歲,0.04103
2964,2033,122,女性,78歲,0.02279
2965,2033,122,總計,79歲,0.03404
2966,2033,122,男性,79歲,0.04516
2967,2033,122,女性,79歲,0.02545
2968,2033,122,總計,80歲,0.03781
2969,2033,122,男性,80歲,0.04963
2970,2033,122,女性,80歲,0.02887
2971,2033,122,總計,81歲,0.04196
2972,2033,122,男性,81歲,0.05451
2973,2033,122,女性,81歲,0.03266
2974,2033,122,總計,82歲,0.0465
2975,2033,122,男性,82歲,0.05982
2976,2033,122,女性,82歲,0.03685
2977,2033,122,總計,83歲,0.05143
2978,2033,122,男性,83歲,0.06552
2979,2033,122,女性,83歲,0.04147
2980,2033,122,總計,84歲,0.05678
2981,2033,122,男性,84歲,0.07162
2982,2033,122,女性,84歲,0.04655
2983,2033,122,總計,85歲,0.06459
2984,2033,122,男性,85歲,0.07978
2985,2033,122,女性,85歲,0.0544
2986,2033,122,總計,86歲,0.07094
2987,2033,122,男性,86歲,0.0869
2988,2033,122,女性,86歲,0.06052
2989,2033,122,總計,87歲,0.07783
2990,2033,122,男性,87歲,0.09458
2991,2033,122,女性,87歲,0.0672
2992,2033,122,總計,88歲,0.08529
2993,2033,122,男性,88歲,0.10281
2994,2033,122,女性,88歲,0.07449
2995,2033,122,總計,89歲,0.09336
2996,2033,122,男性,89歲,0.1116
2997,2033,122,女性,89歲,0.08247
2998,2033,122,總計,90歲,0.10214
2999,2033,122,男性,90歲,0.12103
3000,2033,122,女性,90歲,0.09121
3001,2033,122,總計,91歲,0.11172
3002,2033,122,男性,91歲,0.13117
3003,2033,122,女性,91歲,0.10084
3004,2033,122,總計,92歲,0.12213
3005,2033,122,男性,92歲,0.142
3006,2033,122,女性,92歲,0.11139
3007,2033,122,總計,93歲,0.13336
3008,2033,122,男性,93歲,0.1535
3009,2033,122,女性,93歲,0.12285
3010,2033,122,總計,94歲,0.14541
3011,2033,122,男性,94歲,0.16565
3012,2033,122,女性,94歲,0.13521
3013,2033,122,總計,95歲,0.15862
3014,2033,122,男性,95歲,0.17867
3015,2033,122,女性,95歲,0.14888
3016,2033,122,總計,96歲,0.17244
3017,2033,122,男性,96歲,0.19209
3018,2033,122,女性,96歲,0.16322
3019,2033,122,總計,97歲,0.1869
3020,2033,122,男性,97歲,0.206
3021,2033,122,女性,97歲,0.17826
3022,2033,122,總計,98歲,0.20237
3023,2033,122,男性,98歲,0.2206
3024,2033,122,女性,98歲,0.1944
3025,2033,122,總計,99歲,0.21883
3026,2033,122,男性,99歲,0.23589
3027,2033,122,女性,99歲,0.21161
3028,2033,122,總計,100歲及以上,1
3029,2033,122,男性,100歲及以上,1
3030,2033,122,女性,100歲及以上,1
3031,2034,123,總計,0歲,0.00337
3032,2034,123,男性,0歲,0.0036
3033,2034,123,女性,0歲,0.00314
3034,2034,123,總計,1歲,0.00019
3035,2034,123,男性,1歲,0.00021
3036,2034,123,女性,1歲,0.00017
3037,2034,123,總計,2歲,0.00012
3038,2034,123,男性,2歲,0.00013
3039,2034,123,女性,2歲,0.00011
3040,2034,123,總計,3歲,0.0001
3041,2034,123,男性,3歲,0.00011
3042,2034,123,女性,3歲,9E-05
3043,2034,123,總計,4歲,8E-05
3044,2034,123,男性,4歲,9E-05
3045,2034,123,女性,4歲,7E-05
3046,2034,123,總計,5歲,7E-05
3047,2034,123,男性,5歲,8E-05
3048,2034,123,女性,5歲,7E-05
3049,2034,123,總計,6歲,7E-05
3050,2034,123,男性,6歲,7E-05
3051,2034,123,女性,6歲,7E-05
3052,2034,123,總計,7歲,7E-05
3053,2034,123,男性,7歲,7E-05
3054,2034,123,女性,7歲,6E-05
3055,2034,123,總計,8歲,6E-05
3056,2034,123,男性,8歲,6E-05
3057,2034,123,女性,8歲,6E-05
3058,2034,123,總計,9歲,6E-05
3059,2034,123,男性,9歲,6E-05
3060,2034,123,女性,9歲,6E-05
3061,2034,123,總計,10歲,7E-05
3062,2034,123,男性,10歲,7E-05
3063,2034,123,女性,10歲,7E-05
3064,2034,123,總計,11歲,8E-05
3065,2034,123,男性,11歲,8E-05
3066,2034,123,女性,11歲,7E-05
3067,2034,123,總計,12歲,9E-05
3068,2034,123,男性,12歲,9E-05
3069,2034,123,女性,12歲,9E-05
3070,2034,123,總計,13歲,0.00011
3071,2034,123,男性,13歲,0.00012
3072,2034,123,女性,13歲,0.0001
3073,2034,123,總計,14歲,0.00014
3074,2034,123,男性,14歲,0.00017
3075,2034,123,女性,14歲,0.00011
3076,2034,123,總計,15歲,0.00018
3077,2034,123,男性,15歲,0.00023
3078,2034,123,女性,15歲,0.00012
3079,2034,123,總計,16歲,0.00022
3080,2034,123,男性,16歲,0.0003
3081,2034,123,女性,16歲,0.00014
3082,2034,123,總計,17歲,0.00026
3083,2034,123,男性,17歲,0.00036
3084,2034,123,女性,17歲,0.00016
3085,2034,123,總計,18歲,0.0003
3086,2034,123,男性,18歲,0.00042
3087,2034,123,女性,18歲,0.00018
3088,2034,123,總計,19歲,0.00032
3089,2034,123,男性,19歲,0.00044
3090,2034,123,女性,19歲,0.0002
3091,2034,123,總計,20歲,0.00033
3092,2034,123,男性,20歲,0.00045
3093,2034,123,女性,20歲,0.00021
3094,2034,123,總計,21歲,0.00034
3095,2034,123,男性,21歲,0.00046
3096,2034,123,女性,21歲,0.00022
3097,2034,123,總計,22歲,0.00035
3098,2034,123,男性,22歲,0.00047
3099,2034,123,女性,22歲,0.00022
3100,2034,123,總計,23歲,0.00035
3101,2034,123,男性,23歲,0.00047
3102,2034,123,女性,23歲,0.00024
3103,2034,123,總計,24歲,0.00035
3104,2034,123,男性,24歲,0.00046
3105,2034,123,女性,24歲,0.00024
3106,2034,123,總計,25歲,0.00035
3107,2034,123,男性,25歲,0.00045
3108,2034,123,女性,25歲,0.00025
3109,2034,123,總計,26歲,0.00035
3110,2034,123,男性,26歲,0.00045
3111,2034,123,女性,26歲,0.00026
3112,2034,123,總計,27歲,0.00037
3113,2034,123,男性,27歲,0.00046
3114,2034,123,女性,27歲,0.00028
3115,2034,123,總計,28歲,0.00039
3116,2034,123,男性,28歲,0.00048
3117,2034,123,女性,28歲,0.0003
3118,2034,123,總計,29歲,0.00042
3119,2034,123,男性,29歲,0.00051
3120,2034,123,女性,29歲,0.00032
3121,2034,123,總計,30歲,0.00045
3122,2034,123,男性,30歲,0.00056
3123,2034,123,女性,30歲,0.00035
3124,2034,123,總計,31歲,0.0005
3125,2034,123,男性,31歲,0.00062
3126,2034,123,女性,31歲,0.00038
3127,2034,123,總計,32歲,0.00055
3128,2034,123,男性,32歲,0.00068
3129,2034,123,女性,32歲,0.00041
3130,2034,123,總計,33歲,0.0006
3131,2034,123,男性,33歲,0.00075
3132,2034,123,女性,33歲,0.00044
3133,2034,123,總計,34歲,0.00065
3134,2034,123,男性,34歲,0.00082
3135,2034,123,女性,34歲,0.00047
3136,2034,123,總計,35歲,0.00071
3137,2034,123,男性,35歲,0.00091
3138,2034,123,女性,35歲,0.0005
3139,2034,123,總計,36歲,0.00078
3140,2034,123,男性,36歲,0.00102
3141,2034,123,女性,36歲,0.00054
3142,2034,123,總計,37歲,0.00086
3143,2034,123,男性,37歲,0.00113
3144,2034,123,女性,37歲,0.00058
3145,2034,123,總計,38歲,0.00095
3146,2034,123,男性,38歲,0.00127
3147,2034,123,女性,38歲,0.00063
3148,2034,123,總計,39歲,0.00105
3149,2034,123,男性,39歲,0.00141
3150,2034,123,女性,39歲,0.00068
3151,2034,123,總計,40歲,0.00116
3152,2034,123,男性,40歲,0.00158
3153,2034,123,女性,40歲,0.00074
3154,2034,123,總計,41歲,0.00128
3155,2034,123,男性,41歲,0.00177
3156,2034,123,女性,41歲,0.0008
3157,2034,123,總計,42歲,0.00141
3158,2034,123,男性,42歲,0.00197
3159,2034,123,女性,42歲,0.00086
3160,2034,123,總計,43歲,0.00157
3161,2034,123,男性,43歲,0.00219
3162,2034,123,女性,43歲,0.00095
3163,2034,123,總計,44歲,0.00173
3164,2034,123,男性,44歲,0.00243
3165,2034,123,女性,44歲,0.00103
3166,2034,123,總計,45歲,0.0019
3167,2034,123,男性,45歲,0.00269
3168,2034,123,女性,45歲,0.00113
3169,2034,123,總計,46歲,0.0021
3170,2034,123,男性,46歲,0.00297
3171,2034,123,女性,46歲,0.00124
3172,2034,123,總計,47歲,0.00229
3173,2034,123,男性,47歲,0.00326
3174,2034,123,女性,47歲,0.00135
3175,2034,123,總計,48歲,0.00251
3176,2034,123,男性,48歲,0.00357
3177,2034,123,女性,48歲,0.00146
3178,2034,123,總計,49歲,0.00275
3179,2034,123,男性,49歲,0.00393
3180,2034,123,女性,49歲,0.00159
3181,2034,123,總計,50歲,0.003
3182,2034,123,男性,50歲,0.0043
3183,2034,123,女性,50歲,0.00173
3184,2034,123,總計,51歲,0.00327
3185,2034,123,男性,51歲,0.00471
3186,2034,123,女性,51歲,0.00186
3187,2034,123,總計,52歲,0.00354
3188,2034,123,男性,52歲,0.00513
3189,2034,123,女性,52歲,0.00199
3190,2034,123,總計,53歲,0.00382
3191,2034,123,男性,53歲,0.00556
3192,2034,123,女性,53歲,0.00214
3193,2034,123,總計,54歲,0.00407
3194,2034,123,男性,54歲,0.00592
3195,2034,123,女性,54歲,0.00229
3196,2034,123,總計,55歲,0.00432
3197,2034,123,男性,55歲,0.00629
3198,2034,123,女性,55歲,0.00243
3199,2034,123,總計,56歲,0.0046
3200,2034,123,男性,56歲,0.0067
3201,2034,123,女性,56歲,0.0026
3202,2034,123,總計,57歲,0.00493
3203,2034,123,男性,57歲,0.00717
3204,2034,123,女性,57歲,0.00279
3205,2034,123,總計,58歲,0.00527
3206,2034,123,男性,58歲,0.00767
3207,2034,123,女性,58歲,0.00299
3208,2034,123,總計,59歲,0.00563
3209,2034,123,男性,59歲,0.00819
3210,2034,123,女性,59歲,0.00322
3211,2034,123,總計,60歲,0.00602
3212,2034,123,男性,60歲,0.00872
3213,2034,123,女性,60歲,0.00348
3214,2034,123,總計,61歲,0.00644
3215,2034,123,男性,61歲,0.00929
3216,2034,123,女性,61歲,0.00377
3217,2034,123,總計,62歲,0.00691
3218,2034,123,男性,62歲,0.00993
3219,2034,123,女性,62歲,0.00409
3220,2034,123,總計,63歲,0.00743
3221,2034,123,男性,63歲,0.01066
3222,2034,123,女性,63歲,0.00445
3223,2034,123,總計,64歲,0.00803
3224,2034,123,男性,64歲,0.01147
3225,2034,123,女性,64歲,0.00487
3226,2034,123,總計,65歲,0.0087
3227,2034,123,男性,65歲,0.01236
3228,2034,123,女性,65歲,0.00535
3229,2034,123,總計,66歲,0.00947
3230,2034,123,男性,66歲,0.01339
3231,2034,123,女性,66歲,0.00592
3232,2034,123,總計,67歲,0.01036
3233,2034,123,男性,67歲,0.01457
3234,2034,123,女性,67歲,0.00658
3235,2034,123,總計,68歲,0.01136
3236,2034,123,男性,68歲,0.01588
3237,2034,123,女性,68歲,0.00732
3238,2034,123,總計,69歲,0.01249
3239,2034,123,男性,69歲,0.01736
3240,2034,123,女性,69歲,0.00818
3241,2034,123,總計,70歲,0.01375
3242,2034,123,男性,70歲,0.01897
3243,2034,123,女性,70歲,0.00916
3244,2034,123,總計,71歲,0.01514
3245,2034,123,男性,71歲,0.02076
3246,2034,123,女性,71歲,0.01025
3247,2034,123,總計,72歲,0.01667
3248,2034,123,男性,72歲,0.02273
3249,2034,123,女性,72歲,0.01147
3250,2034,123,總計,73歲,0.01841
3251,2034,123,男性,73歲,0.02498
3252,2034,123,女性,73歲,0.01284
3253,2034,123,總計,74歲,0.02038
3254,2034,123,男性,74歲,0.02753
3255,2034,123,女性,74歲,0.01438
3256,2034,123,總計,75歲,0.02255
3257,2034,123,男性,75歲,0.03036
3258,2034,123,女性,75歲,0.01609
3259,2034,123,總計,76歲,0.02492
3260,2034,123,男性,76歲,0.03345
3261,2034,123,女性,76歲,0.01797
3262,2034,123,總計,77歲,0.02754
3263,2034,123,男性,77歲,0.03685
3264,2034,123,女性,77歲,0.02007
3265,2034,123,總計,78歲,0.03045
3266,2034,123,男性,78歲,0.0406
3267,2034,123,女性,78歲,0.02244
3268,2034,123,總計,79歲,0.03364
3269,2034,123,男性,79歲,0.04469
3270,2034,123,女性,79歲,0.02507
3271,2034,123,總計,80歲,0.03737
3272,2034,123,男性,80歲,0.04912
3273,2034,123,女性,80歲,0.02844
3274,2034,123,總計,81歲,0.04147
3275,2034,123,男性,81歲,0.05397
3276,2034,123,女性,81歲,0.03219
3277,2034,123,總計,82歲,0.04596
3278,2034,123,男性,82歲,0.05924
3279,2034,123,女性,82歲,0.03633
3280,2034,123,總計,83歲,0.05085
3281,2034,123,男性,83歲,0.06489
3282,2034,123,女性,83歲,0.04089
3283,2034,123,總計,84歲,0.05614
3284,2034,123,男性,84歲,0.07094
3285,2034,123,女性,84歲,0.04592
3286,2034,123,總計,85歲,0.06388
3287,2034,123,男性,85歲,0.07905
3288,2034,123,女性,85歲,0.05368
3289,2034,123,總計,86歲,0.07018
3290,2034,123,男性,86歲,0.08613
3291,2034,123,女性,86歲,0.05974
3292,2034,123,總計,87歲,0.07702
3293,2034,123,男性,87歲,0.09376
3294,2034,123,女性,87歲,0.06636
3295,2034,123,總計,88歲,0.08442
3296,2034,123,男性,88歲,0.10195
3297,2034,123,女性,88歲,0.0736
3298,2034,123,總計,89歲,0.09244
3299,2034,123,男性,89歲,0.11069
3300,2034,123,女性,89歲,0.08151
3301,2034,123,總計,90歲,0.10116
3302,2034,123,男性,90歲,0.12008
3303,2034,123,女性,90歲,0.09019
3304,2034,123,總計,91歲,0.1107
3305,2034,123,男性,91歲,0.13019
3306,2034,123,女性,91歲,0.09977
3307,2034,123,總計,92歲,0.12106
3308,2034,123,男性,92歲,0.14098
3309,2034,123,女性,92歲,0.11026
3310,2034,123,總計,93歲,0.13224
3311,2034,123,男性,93歲,0.15246
3312,2034,123,女性,93歲,0.12166
3313,2034,123,總計,94歲,0.14425
3314,2034,123,男性,94歲,0.16459
3315,2034,123,女性,94歲,0.13398
3316,2034,123,總計,95歲,0.15745
3317,2034,123,男性,95歲,0.17761
3318,2034,123,女性,95歲,0.14763
3319,2034,123,總計,96歲,0.17124
3320,2034,123,男性,96歲,0.19102
3321,2034,123,女性,96歲,0.16195
3322,2034,123,總計,97歲,0.18569
3323,2034,123,男性,97歲,0.20492
3324,2034,123,女性,97歲,0.17697
3325,2034,123,總計,98歲,0.20116
3326,2034,123,男性,98歲,0.21953
3327,2034,123,女性,98歲,0.19311
3328,2034,123,總計,99歲,0.21765
3329,2034,123,男性,99歲,0.23486
3330,2034,123,女性,99歲,0.21036
3331,2034,123,總計,100歲及以上,1
3332,2034,123,男性,100歲及以上,1
3333,2034,123,女性,100歲及以上,1
3334,2035,124,總計,0歲,0.00334
3335,2035,124,男性,0歲,0.00357
3336,2035,124,女性,0歲,0.00311
3337,2035,124,總計,1歲,0.00019
3338,2035,124,男性,1歲,0.00021
3339,2035,124,女性,1歲,0.00017
3340,2035,124,總計,2歲,0.00012
3341,2035,124,男性,2歲,0.00013
3342,2035,124,女性,2歲,0.00011
3343,2035,124,總計,3歲,9E-05
3344,2035,124,男性,3歲,0.0001
3345,2035,124,女性,3歲,8E-05
3346,2035,124,總計,4歲,8E-05
3347,2035,124,男性,4歲,8E-05
3348,2035,124,女性,4歲,7E-05
3349,2035,124,總計,5歲,7E-05
3350,2035,124,男性,5歲,8E-05
3351,2035,124,女性,5歲,7E-05
3352,2035,124,總計,6歲,7E-05
3353,2035,124,男性,6歲,7E-05
3354,2035,124,女性,6歲,6E-05
3355,2035,124,總計,7歲,6E-05
3356,2035,124,男性,7歲,7E-05
3357,2035,124,女性,7歲,6E-05
3358,2035,124,總計,8歲,6E-05
3359,2035,124,男性,8歲,6E-05
3360,2035,124,女性,8歲,6E-05
3361,2035,124,總計,9歲,6E-05
3362,2035,124,男性,9歲,6E-05
3363,2035,124,女性,9歲,6E-05
3364,2035,124,總計,10歲,7E-05
3365,2035,124,男性,10歲,7E-05
3366,2035,124,女性,10歲,6E-05
3367,2035,124,總計,11歲,7E-05
3368,2035,124,男性,11歲,7E-05
3369,2035,124,女性,11歲,7E-05
3370,2035,124,總計,12歲,9E-05
3371,2035,124,男性,12歲,9E-05
3372,2035,124,女性,12歲,9E-05
3373,2035,124,總計,13歲,0.00011
3374,2035,124,男性,13歲,0.00012
3375,2035,124,女性,13歲,0.0001
3376,2035,124,總計,14歲,0.00014
3377,2035,124,男性,14歲,0.00017
3378,2035,124,女性,14歲,0.00011
3379,2035,124,總計,15歲,0.00018
3380,2035,124,男性,15歲,0.00023
3381,2035,124,女性,15歲,0.00012
3382,2035,124,總計,16歲,0.00021
3383,2035,124,男性,16歲,0.00029
3384,2035,124,女性,16歲,0.00014
3385,2035,124,總計,17歲,0.00025
3386,2035,124,男性,17歲,0.00035
3387,2035,124,女性,17歲,0.00016
3388,2035,124,總計,18歲,0.00029
3389,2035,124,男性,18歲,0.00041
3390,2035,124,女性,18歲,0.00018
3391,2035,124,總計,19歲,0.00031
3392,2035,124,男性,19歲,0.00043
3393,2035,124,女性,19歲,0.0002
3394,2035,124,總計,20歲,0.00032
3395,2035,124,男性,20歲,0.00044
3396,2035,124,女性,20歲,0.00021
3397,2035,124,總計,21歲,0.00033
3398,2035,124,男性,21歲,0.00045
3399,2035,124,女性,21歲,0.00021
3400,2035,124,總計,22歲,0.00034
3401,2035,124,男性,22歲,0.00046
3402,2035,124,女性,22歲,0.00022
3403,2035,124,總計,23歲,0.00035
3404,2035,124,男性,23歲,0.00046
3405,2035,124,女性,23歲,0.00023
3406,2035,124,總計,24歲,0.00035
3407,2035,124,男性,24歲,0.00045
3408,2035,124,女性,24歲,0.00024
3409,2035,124,總計,25歲,0.00035
3410,2035,124,男性,25歲,0.00044
3411,2035,124,女性,25歲,0.00025
3412,2035,124,總計,26歲,0.00035
3413,2035,124,男性,26歲,0.00044
3414,2035,124,女性,26歲,0.00026
3415,2035,124,總計,27歲,0.00036
3416,2035,124,男性,27歲,0.00044
3417,2035,124,女性,27歲,0.00028
3418,2035,124,總計,28歲,0.00038
3419,2035,124,男性,28歲,0.00047
3420,2035,124,女性,28歲,0.0003
3421,2035,124,總計,29歲,0.00041
3422,2035,124,男性,29歲,0.0005
3423,2035,124,女性,29歲,0.00032
3424,2035,124,總計,30歲,0.00045
3425,2035,124,男性,30歲,0.00055
3426,2035,124,女性,30歲,0.00035
3427,2035,124,總計,31歲,0.00049
3428,2035,124,男性,31歲,0.0006
3429,2035,124,女性,31歲,0.00038
3430,2035,124,總計,32歲,0.00054
3431,2035,124,男性,32歲,0.00066
3432,2035,124,女性,32歲,0.00041
3433,2035,124,總計,33歲,0.00058
3434,2035,124,男性,33歲,0.00073
3435,2035,124,女性,33歲,0.00044
3436,2035,124,總計,34歲,0.00063
3437,2035,124,男性,34歲,0.0008
3438,2035,124,女性,34歲,0.00046
3439,2035,124,總計,35歲,0.00069
3440,2035,124,男性,35歲,0.00089
3441,2035,124,女性,35歲,0.00049
3442,2035,124,總計,36歲,0.00076
3443,2035,124,男性,36歲,0.00099
3444,2035,124,女性,36歲,0.00053
3445,2035,124,總計,37歲,0.00084
3446,2035,124,男性,37歲,0.00111
3447,2035,124,女性,37歲,0.00057
3448,2035,124,總計,38歲,0.00093
3449,2035,124,男性,38歲,0.00124
3450,2035,124,女性,38歲,0.00062
3451,2035,124,總計,39歲,0.00102
3452,2035,124,男性,39歲,0.00138
3453,2035,124,女性,39歲,0.00067
3454,2035,124,總計,40歲,0.00113
3455,2035,124,男性,40歲,0.00154
3456,2035,124,女性,40歲,0.00073
3457,2035,124,總計,41歲,0.00125
3458,2035,124,男性,41歲,0.00173
3459,2035,124,女性,41歲,0.00079
3460,2035,124,總計,42歲,0.00139
3461,2035,124,男性,42歲,0.00192
3462,2035,124,女性,42歲,0.00085
3463,2035,124,總計,43歲,0.00154
3464,2035,124,男性,43歲,0.00214
3465,2035,124,女性,43歲,0.00094
3466,2035,124,總計,44歲,0.0017
3467,2035,124,男性,44歲,0.00238
3468,2035,124,女性,44歲,0.00102
3469,2035,124,總計,45歲,0.00187
3470,2035,124,男性,45歲,0.00263
3471,2035,124,女性,45歲,0.00112
3472,2035,124,總計,46歲,0.00206
3473,2035,124,男性,46歲,0.00291
3474,2035,124,女性,46歲,0.00122
3475,2035,124,總計,47歲,0.00226
3476,2035,124,男性,47歲,0.0032
3477,2035,124,女性,47歲,0.00133
3478,2035,124,總計,48歲,0.00247
3479,2035,124,男性,48歲,0.00351
3480,2035,124,女性,48歲,0.00144
3481,2035,124,總計,49歲,0.0027
3482,2035,124,男性,49歲,0.00386
3483,2035,124,女性,49歲,0.00157
3484,2035,124,總計,50歲,0.00296
3485,2035,124,男性,50歲,0.00423
3486,2035,124,女性,50歲,0.00171
3487,2035,124,總計,51歲,0.00322
3488,2035,124,男性,51歲,0.00464
3489,2035,124,女性,51歲,0.00184
3490,2035,124,總計,52歲,0.00349
3491,2035,124,男性,52歲,0.00506
3492,2035,124,女性,52歲,0.00197
3493,2035,124,總計,53歲,0.00377
3494,2035,124,男性,53歲,0.00548
3495,2035,124,女性,53歲,0.00212
3496,2035,124,總計,54歲,0.00402
3497,2035,124,男性,54歲,0.00585
3498,2035,124,女性,54歲,0.00226
3499,2035,124,總計,55歲,0.00427
3500,2035,124,男性,55歲,0.00622
3501,2035,124,女性,55歲,0.0024
3502,2035,124,總計,56歲,0.00455
3503,2035,124,男性,56歲,0.00662
3504,2035,124,女性,56歲,0.00256
3505,2035,124,總計,57歲,0.00487
3506,2035,124,男性,57歲,0.00709
3507,2035,124,女性,57歲,0.00275
3508,2035,124,總計,58歲,0.00521
3509,2035,124,男性,58歲,0.00759
3510,2035,124,女性,58歲,0.00295
3511,2035,124,總計,59歲,0.00557
3512,2035,124,男性,59歲,0.00811
3513,2035,124,女性,59歲,0.00318
3514,2035,124,總計,60歲,0.00596
3515,2035,124,男性,60歲,0.00864
3516,2035,124,女性,60歲,0.00343
3517,2035,124,總計,61歲,0.00637
3518,2035,124,男性,61歲,0.0092
3519,2035,124,女性,61歲,0.00372
3520,2035,124,總計,62歲,0.00683
3521,2035,124,男性,62歲,0.00983
3522,2035,124,女性,62歲,0.00403
3523,2035,124,總計,63歲,0.00735
3524,2035,124,男性,63歲,0.01055
3525,2035,124,女性,63歲,0.00439
3526,2035,124,總計,64歲,0.00794
3527,2035,124,男性,64歲,0.01136
3528,2035,124,女性,64歲,0.0048
3529,2035,124,總計,65歲,0.0086
3530,2035,124,男性,65歲,0.01224
3531,2035,124,女性,65歲,0.00527
3532,2035,124,總計,66歲,0.00936
3533,2035,124,男性,66歲,0.01325
3534,2035,124,女性,66歲,0.00583
3535,2035,124,總計,67歲,0.01024
3536,2035,124,男性,67歲,0.01442
3537,2035,124,女性,67歲,0.00648
3538,2035,124,總計,68歲,0.01123
3539,2035,124,男性,68歲,0.01572
3540,2035,124,女性,68歲,0.00721
3541,2035,124,總計,69歲,0.01234
3542,2035,124,男性,69歲,0.01718
3543,2035,124,女性,69歲,0.00806
3544,2035,124,總計,70歲,0.01358
3545,2035,124,男性,70歲,0.01877
3546,2035,124,女性,70歲,0.00902
3547,2035,124,總計,71歲,0.01495
3548,2035,124,男性,71歲,0.02054
3549,2035,124,女性,71歲,0.01009
3550,2035,124,總計,72歲,0.01647
3551,2035,124,男性,72歲,0.02248
3552,2035,124,女性,72歲,0.01129
3553,2035,124,總計,73歲,0.01819
3554,2035,124,男性,73歲,0.02471
3555,2035,124,女性,73歲,0.01263
3556,2035,124,總計,74歲,0.02012
3557,2035,124,男性,74歲,0.02723
3558,2035,124,女性,74歲,0.01415
3559,2035,124,總計,75歲,0.02227
3560,2035,124,男性,75歲,0.03004
3561,2035,124,女性,75歲,0.01584
3562,2035,124,總計,76歲,0.02462
3563,2035,124,男性,76歲,0.0331
3564,2035,124,女性,76歲,0.01769
3565,2035,124,總計,77歲,0.02721
3566,2035,124,男性,77歲,0.03646
3567,2035,124,女性,77歲,0.01977
3568,2035,124,總計,78歲,0.03008
3569,2035,124,男性,78歲,0.04017
3570,2035,124,女性,78歲,0.0221
3571,2035,124,總計,79歲,0.03323
3572,2035,124,男性,79歲,0.04424
3573,2035,124,女性,79歲,0.0247
3574,2035,124,總計,80歲,0.03692
3575,2035,124,男性,80歲,0.04863
3576,2035,124,女性,80歲,0.02802
3577,2035,124,總計,81歲,0.04098
3578,2035,124,男性,81歲,0.05343
3579,2035,124,女性,81歲,0.03172
3580,2035,124,總計,82歲,0.04543
3581,2035,124,男性,82歲,0.05865
3582,2035,124,女性,82歲,0.03581
3583,2035,124,總計,83歲,0.05027
3584,2035,124,男性,83歲,0.06426
3585,2035,124,女性,83歲,0.04032
3586,2035,124,總計,84歲,0.05552
3587,2035,124,男性,84歲,0.07028
3588,2035,124,女性,84歲,0.04529
3589,2035,124,總計,85歲,0.06318
3590,2035,124,男性,85歲,0.07832
3591,2035,124,女性,85歲,0.05297
3592,2035,124,總計,86歲,0.06943
3593,2035,124,男性,86歲,0.08536
3594,2035,124,女性,86歲,0.05897
3595,2035,124,總計,87歲,0.07621
3596,2035,124,男性,87歲,0.09295
3597,2035,124,女性,87歲,0.06553
3598,2035,124,總計,88歲,0.08356
3599,2035,124,男性,88歲,0.10109
3600,2035,124,女性,88歲,0.07271
3601,2035,124,總計,89歲,0.09153
3602,2035,124,男性,89歲,0.10979
3603,2035,124,女性,89歲,0.08056
3604,2035,124,總計,90歲,0.1002
3605,2035,124,男性,90歲,0.11915
3606,2035,124,女性,90歲,0.08918
3607,2035,124,總計,91歲,0.10968
3608,2035,124,男性,91歲,0.12921
3609,2035,124,女性,91歲,0.0987
3610,2035,124,總計,92歲,0.11999
3611,2035,124,男性,92歲,0.13998
3612,2035,124,女性,92歲,0.10914
3613,2035,124,總計,93歲,0.13113
3614,2035,124,男性,93歲,0.15142
3615,2035,124,女性,93歲,0.12049
3616,2035,124,總計,94歲,0.1431
3617,2035,124,男性,94歲,0.16353
3618,2035,124,女性,94歲,0.13276
3619,2035,124,總計,95歲,0.15628
3620,2035,124,男性,95歲,0.17655
3621,2035,124,女性,95歲,0.14639
3622,2035,124,總計,96歲,0.17006
3623,2035,124,男性,96歲,0.18995
3624,2035,124,女性,96歲,0.16069
3625,2035,124,總計,97歲,0.18448
3626,2035,124,男性,97歲,0.20384
3627,2035,124,女性,97歲,0.17569
3628,2035,124,總計,98歲,0.19995
3629,2035,124,男性,98歲,0.21847
3630,2035,124,女性,98歲,0.19182
3631,2035,124,總計,99歲,0.21647
3632,2035,124,男性,99歲,0.23383
3633,2035,124,女性,99歲,0.2091
3634,2035,124,總計,100歲及以上,1
3635,2035,124,男性,100歲及以上,1
3636,2035,124,女性,100歲及以上,1
3637,2036,125,總計,0歲,0.00331
3638,2036,125,男性,0歲,0.00354
3639,2036,125,女性,0歲,0.00309
3640,2036,125,總計,1歲,0.00018
3641,2036,125,男性,1歲,0.0002
3642,2036,125,女性,1歲,0.00016
3643,2036,125,總計,2歲,0.00011
3644,2036,125,男性,2歲,0.00012
3645,2036,125,女性,2歲,0.00011
3646,2036,125,總計,3歲,9E-05
3647,2036,125,男性,3歲,0.0001
3648,2036,125,女性,3歲,8E-05
3649,2036,125,總計,4歲,7E-05
3650,2036,125,男性,4歲,8E-05
3651,2036,125,女性,4歲,7E-05
3652,2036,125,總計,5歲,7E-05
3653,2036,125,男性,5歲,7E-05
3654,2036,125,女性,5歲,6E-05
3655,2036,125,總計,6歲,7E-05
3656,2036,125,男性,6歲,7E-05
3657,2036,125,女性,6歲,6E-05
3658,2036,125,總計,7歲,6E-05
3659,2036,125,男性,7歲,7E-05
3660,2036,125,女性,7歲,6E-05
3661,2036,125,總計,8歲,6E-05
3662,2036,125,男性,8歲,6E-05
3663,2036,125,女性,8歲,6E-05
3664,2036,125,總計,9歲,6E-05
3665,2036,125,男性,9歲,6E-05
3666,2036,125,女性,9歲,6E-05
3667,2036,125,總計,10歲,6E-05
3668,2036,125,男性,10歲,6E-05
3669,2036,125,女性,10歲,6E-05
3670,2036,125,總計,11歲,7E-05
3671,2036,125,男性,11歲,7E-05
3672,2036,125,女性,11歲,7E-05
3673,2036,125,總計,12歲,9E-05
3674,2036,125,男性,12歲,9E-05
3675,2036,125,女性,12歲,8E-05
3676,2036,125,總計,13歲,0.0001
3677,2036,125,男性,13歲,0.00011
3678,2036,125,女性,13歲,0.0001
3679,2036,125,總計,14歲,0.00014
3680,2036,125,男性,14歲,0.00016
3681,2036,125,女性,14歲,0.00011
3682,2036,125,總計,15歲,0.00017
3683,2036,125,男性,15歲,0.00022
3684,2036,125,女性,15歲,0.00012
3685,2036,125,總計,16歲,0.00021
3686,2036,125,男性,16歲,0.00029
3687,2036,125,女性,16歲,0.00014
3688,2036,125,總計,17歲,0.00025
3689,2036,125,男性,17歲,0.00034
3690,2036,125,女性,17歲,0.00015
3691,2036,125,總計,18歲,0.00029
3692,2036,125,男性,18歲,0.0004
3693,2036,125,女性,18歲,0.00018
3694,2036,125,總計,19歲,0.00031
3695,2036,125,男性,19歲,0.00042
3696,2036,125,女性,19歲,0.00019
3697,2036,125,總計,20歲,0.00032
3698,2036,125,男性,20歲,0.00043
3699,2036,125,女性,20歲,0.0002
3700,2036,125,總計,21歲,0.00033
3701,2036,125,男性,21歲,0.00044
3702,2036,125,女性,21歲,0.00021
3703,2036,125,總計,22歲,0.00033
3704,2036,125,男性,22歲,0.00045
3705,2036,125,女性,22歲,0.00022
3706,2036,125,總計,23歲,0.00034
3707,2036,125,男性,23歲,0.00045
3708,2036,125,女性,23歲,0.00023
3709,2036,125,總計,24歲,0.00034
3710,2036,125,男性,24歲,0.00044
3711,2036,125,女性,24歲,0.00024
3712,2036,125,總計,25歲,0.00034
3713,2036,125,男性,25歲,0.00043
3714,2036,125,女性,25歲,0.00024
3715,2036,125,總計,26歲,0.00034
3716,2036,125,男性,26歲,0.00043
3717,2036,125,女性,26歲,0.00026
3718,2036,125,總計,27歲,0.00035
3719,2036,125,男性,27歲,0.00043
3720,2036,125,女性,27歲,0.00028
3721,2036,125,總計,28歲,0.00037
3722,2036,125,男性,28歲,0.00046
3723,2036,125,女性,28歲,0.00029
3724,2036,125,總計,29歲,0.0004
3725,2036,125,男性,29歲,0.00049
3726,2036,125,女性,29歲,0.00031
3727,2036,125,總計,30歲,0.00044
3728,2036,125,男性,30歲,0.00053
3729,2036,125,女性,30歲,0.00034
3730,2036,125,總計,31歲,0.00048
3731,2036,125,男性,31歲,0.00059
3732,2036,125,女性,31歲,0.00037
3733,2036,125,總計,32歲,0.00053
3734,2036,125,男性,32歲,0.00065
3735,2036,125,女性,32歲,0.0004
3736,2036,125,總計,33歲,0.00057
3737,2036,125,男性,33歲,0.00071
3738,2036,125,女性,33歲,0.00043
3739,2036,125,總計,34歲,0.00062
3740,2036,125,男性,34歲,0.00078
3741,2036,125,女性,34歲,0.00046
3742,2036,125,總計,35歲,0.00068
3743,2036,125,男性,35歲,0.00087
3744,2036,125,女性,35歲,0.00049
3745,2036,125,總計,36歲,0.00074
3746,2036,125,男性,36歲,0.00096
3747,2036,125,女性,36歲,0.00053
3748,2036,125,總計,37歲,0.00082
3749,2036,125,男性,37歲,0.00108
3750,2036,125,女性,37歲,0.00057
3751,2036,125,總計,38歲,0.00091
3752,2036,125,男性,38歲,0.0012
3753,2036,125,女性,38歲,0.00061
3754,2036,125,總計,39歲,0.001
3755,2036,125,男性,39歲,0.00134
3756,2036,125,女性,39歲,0.00066
3757,2036,125,總計,40歲,0.00111
3758,2036,125,男性,40歲,0.00151
3759,2036,125,女性,40歲,0.00072
3760,2036,125,總計,41歲,0.00123
3761,2036,125,男性,41歲,0.00169
3762,2036,125,女性,41歲,0.00078
3763,2036,125,總計,42歲,0.00136
3764,2036,125,男性,42歲,0.00188
3765,2036,125,女性,42歲,0.00084
3766,2036,125,總計,43歲,0.00151
3767,2036,125,男性,43歲,0.00209
3768,2036,125,女性,43歲,0.00092
3769,2036,125,總計,44歲,0.00167
3770,2036,125,男性,44歲,0.00233
3771,2036,125,女性,44歲,0.00101
3772,2036,125,總計,45歲,0.00184
3773,2036,125,男性,45歲,0.00258
3774,2036,125,女性,45歲,0.00111
3775,2036,125,總計,46歲,0.00202
3776,2036,125,男性,46歲,0.00285
3777,2036,125,女性,46歲,0.00121
3778,2036,125,總計,47歲,0.00222
3779,2036,125,男性,47歲,0.00314
3780,2036,125,女性,47歲,0.00132
3781,2036,125,總計,48歲,0.00243
3782,2036,125,男性,48歲,0.00345
3783,2036,125,女性,48歲,0.00143
3784,2036,125,總計,49歲,0.00266
3785,2036,125,男性,49歲,0.0038
3786,2036,125,女性,49歲,0.00155
3787,2036,125,總計,50歲,0.00291
3788,2036,125,男性,50歲,0.00417
3789,2036,125,女性,50歲,0.00169
3790,2036,125,總計,51歲,0.00318
3791,2036,125,男性,51歲,0.00457
3792,2036,125,女性,51歲,0.00182
3793,2036,125,總計,52歲,0.00345
3794,2036,125,男性,52歲,0.00499
3795,2036,125,女性,52歲,0.00194
3796,2036,125,總計,53歲,0.00373
3797,2036,125,男性,53歲,0.00541
3798,2036,125,女性,53歲,0.00209
3799,2036,125,總計,54歲,0.00397
3800,2036,125,男性,54歲,0.00578
3801,2036,125,女性,54歲,0.00223
3802,2036,125,總計,55歲,0.00422
3803,2036,125,男性,55歲,0.00615
3804,2036,125,女性,55歲,0.00237
3805,2036,125,總計,56歲,0.0045
3806,2036,125,男性,56歲,0.00655
3807,2036,125,女性,56歲,0.00253
3808,2036,125,總計,57歲,0.00482
3809,2036,125,男性,57歲,0.00702
3810,2036,125,女性,57歲,0.00271
3811,2036,125,總計,58歲,0.00516
3812,2036,125,男性,58歲,0.00751
3813,2036,125,女性,58歲,0.00291
3814,2036,125,總計,59歲,0.00551
3815,2036,125,男性,59歲,0.00803
3816,2036,125,女性,59歲,0.00313
3817,2036,125,總計,60歲,0.00589
3818,2036,125,男性,60歲,0.00855
3819,2036,125,女性,60歲,0.00339
3820,2036,125,總計,61歲,0.0063
3821,2036,125,男性,61歲,0.00911
3822,2036,125,女性,61歲,0.00366
3823,2036,125,總計,62歲,0.00676
3824,2036,125,男性,62歲,0.00974
3825,2036,125,女性,62歲,0.00397
3826,2036,125,總計,63歲,0.00727
3827,2036,125,男性,63歲,0.01045
3828,2036,125,女性,63歲,0.00432
3829,2036,125,總計,64歲,0.00786
3830,2036,125,男性,64歲,0.01125
3831,2036,125,女性,64歲,0.00473
3832,2036,125,總計,65歲,0.0085
3833,2036,125,男性,65歲,0.01212
3834,2036,125,女性,65歲,0.00519
3835,2036,125,總計,66歲,0.00926
3836,2036,125,男性,66歲,0.01312
3837,2036,125,女性,66歲,0.00574
3838,2036,125,總計,67歲,0.01013
3839,2036,125,男性,67歲,0.01428
3840,2036,125,女性,67歲,0.00638
3841,2036,125,總計,68歲,0.0111
3842,2036,125,男性,68歲,0.01556
3843,2036,125,女性,68歲,0.0071
3844,2036,125,總計,69歲,0.01219
3845,2036,125,男性,69歲,0.017
3846,2036,125,女性,69歲,0.00793
3847,2036,125,總計,70歲,0.01342
3848,2036,125,男性,70歲,0.01858
3849,2036,125,女性,70歲,0.00888
3850,2036,125,總計,71歲,0.01477
3851,2036,125,男性,71歲,0.02032
3852,2036,125,女性,71歲,0.00993
3853,2036,125,總計,72歲,0.01627
3854,2036,125,男性,72歲,0.02224
3855,2036,125,女性,72歲,0.01112
3856,2036,125,總計,73歲,0.01796
3857,2036,125,男性,73歲,0.02445
3858,2036,125,女性,73歲,0.01243
3859,2036,125,總計,74歲,0.01987
3860,2036,125,男性,74歲,0.02694
3861,2036,125,女性,74歲,0.01393
3862,2036,125,總計,75歲,0.022
3863,2036,125,男性,75歲,0.02971
3864,2036,125,女性,75歲,0.01559
3865,2036,125,總計,76歲,0.02432
3866,2036,125,男性,76歲,0.03274
3867,2036,125,女性,76歲,0.01741
3868,2036,125,總計,77歲,0.02688
3869,2036,125,男性,77歲,0.03607
3870,2036,125,女性,77歲,0.01946
3871,2036,125,總計,78歲,0.02972
3872,2036,125,男性,78歲,0.03976
3873,2036,125,女性,78歲,0.02176
3874,2036,125,總計,79歲,0.03284
3875,2036,125,男性,79歲,0.04378
3876,2036,125,女性,79歲,0.02432
3877,2036,125,總計,80歲,0.03649
3878,2036,125,男性,80歲,0.04813
3879,2036,125,女性,80歲,0.02761
3880,2036,125,總計,81歲,0.0405
3881,2036,125,男性,81歲,0.0529
3882,2036,125,女性,81歲,0.03126
3883,2036,125,總計,82歲,0.04491
3884,2036,125,男性,82歲,0.05808
3885,2036,125,女性,82歲,0.0353
3886,2036,125,總計,83歲,0.0497
3887,2036,125,男性,83歲,0.06365
3888,2036,125,女性,83歲,0.03976
3889,2036,125,總計,84歲,0.05489
3890,2036,125,男性,84歲,0.06961
3891,2036,125,女性,84歲,0.04467
3892,2036,125,總計,85歲,0.06249
3893,2036,125,男性,85歲,0.0776
3894,2036,125,女性,85歲,0.05226
3895,2036,125,總計,86歲,0.06868
3896,2036,125,男性,86歲,0.08459
3897,2036,125,女性,86歲,0.05821
3898,2036,125,總計,87歲,0.07542
3899,2036,125,男性,87歲,0.09214
3900,2036,125,女性,87歲,0.06471
3901,2036,125,總計,88歲,0.08271
3902,2036,125,男性,88歲,0.10024
3903,2036,125,女性,88歲,0.07183
3904,2036,125,總計,89歲,0.09062
3905,2036,125,男性,89歲,0.1089
3906,2036,125,女性,89歲,0.07962
3907,2036,125,總計,90歲,0.09925
3908,2036,125,男性,90歲,0.11822
3909,2036,125,女性,90歲,0.08818
3910,2036,125,總計,91歲,0.10868
3911,2036,125,男性,91歲,0.12824
3912,2036,125,女性,91歲,0.09764
3913,2036,125,總計,92歲,0.11894
3914,2036,125,男性,92歲,0.13898
3915,2036,125,女性,92歲,0.10802
3916,2036,125,總計,93歲,0.13003
3917,2036,125,男性,93歲,0.15039
3918,2036,125,女性,93歲,0.11932
3919,2036,125,總計,94歲,0.14196
3920,2036,125,男性,94歲,0.16248
3921,2036,125,女性,94歲,0.13155
3922,2036,125,總計,95歲,0.15512
3923,2036,125,男性,95歲,0.17549
3924,2036,125,女性,95歲,0.14516
3925,2036,125,總計,96歲,0.16888
3926,2036,125,男性,96歲,0.18889
3927,2036,125,女性,96歲,0.15943
3928,2036,125,總計,97歲,0.18328
3929,2036,125,男性,97歲,0.20277
3930,2036,125,女性,97歲,0.17441
3931,2036,125,總計,98歲,0.19875
3932,2036,125,男性,98歲,0.21741
3933,2036,125,女性,98歲,0.19055
3934,2036,125,總計,99歲,0.2153
3935,2036,125,男性,99歲,0.2328
3936,2036,125,女性,99歲,0.20785
3937,2036,125,總計,100歲及以上,1
3938,2036,125,男性,100歲及以上,1
3939,2036,125,女性,100歲及以上,1
3940,2037,126,總計,0歲,0.00328
3941,2037,126,男性,0歲,0.00351
3942,2037,126,女性,0歲,0.00306
3943,2037,126,總計,1歲,0.00018
3944,2037,126,男性,1歲,0.00019
3945,2037,126,女性,1歲,0.00016
3946,2037,126,總計,2歲,0.00011
3947,2037,126,男性,2歲,0.00012
3948,2037,126,女性,2歲,0.0001
3949,2037,126,總計,3歲,9E-05
3950,2037,126,男性,3歲,0.0001
3951,2037,126,女性,3歲,8E-05
3952,2037,126,總計,4歲,7E-05
3953,2037,126,男性,4歲,8E-05
3954,2037,126,女性,4歲,7E-05
3955,2037,126,總計,5歲,7E-05
3956,2037,126,男性,5歲,7E-05
3957,2037,126,女性,5歲,6E-05
3958,2037,126,總計,6歲,6E-05
3959,2037,126,男性,6歲,7E-05
3960,2037,126,女性,6歲,6E-05
3961,2037,126,總計,7歲,6E-05
3962,2037,126,男性,7歲,6E-05
3963,2037,126,女性,7歲,6E-05
3964,2037,126,總計,8歲,6E-05
3965,2037,126,男性,8歲,6E-05
3966,2037,126,女性,8歲,6E-05
3967,2037,126,總計,9歲,6E-05
3968,2037,126,男性,9歲,6E-05
3969,2037,126,女性,9歲,6E-05
3970,2037,126,總計,10歲,6E-05
3971,2037,126,男性,10歲,6E-05
3972,2037,126,女性,10歲,6E-05
3973,2037,126,總計,11歲,7E-05
3974,2037,126,男性,11歲,7E-05
3975,2037,126,女性,11歲,7E-05
3976,2037,126,總計,12歲,8E-05
3977,2037,126,男性,12歲,8E-05
3978,2037,126,女性,12歲,8E-05
3979,2037,126,總計,13歲,0.0001
3980,2037,126,男性,13歲,0.00011
3981,2037,126,女性,13歲,9E-05
3982,2037,126,總計,14歲,0.00013
3983,2037,126,男性,14歲,0.00016
3984,2037,126,女性,14歲,0.00011
3985,2037,126,總計,15歲,0.00017
3986,2037,126,男性,15歲,0.00022
3987,2037,126,女性,15歲,0.00012
3988,2037,126,總計,16歲,0.00021
3989,2037,126,男性,16歲,0.00028
3990,2037,126,女性,16歲,0.00013
3991,2037,126,總計,17歲,0.00024
3992,2037,126,男性,17歲,0.00033
3993,2037,126,女性,17歲,0.00015
3994,2037,126,總計,18歲,0.00028
3995,2037,126,男性,18歲,0.00039
3996,2037,126,女性,18歲,0.00017
3997,2037,126,總計,19歲,0.0003
3998,2037,126,男性,19歲,0.00041
3999,2037,126,女性,19歲,0.00019
4000,2037,126,總計,20歲,0.00031
4001,2037,126,男性,20歲,0.00042
4002,2037,126,女性,20歲,0.0002
4003,2037,126,總計,21歲,0.00032
4004,2037,126,男性,21歲,0.00043
4005,2037,126,女性,21歲,0.00021
4006,2037,126,總計,22歲,0.00033
4007,2037,126,男性,22歲,0.00044
4008,2037,126,女性,22歲,0.00022
4009,2037,126,總計,23歲,0.00033
4010,2037,126,男性,23歲,0.00044
4011,2037,126,女性,23歲,0.00023
4012,2037,126,總計,24歲,0.00033
4013,2037,126,男性,24歲,0.00043
4014,2037,126,女性,24歲,0.00024
4015,2037,126,總計,25歲,0.00033
4016,2037,126,男性,25歲,0.00042
4017,2037,126,女性,25歲,0.00024
4018,2037,126,總計,26歲,0.00033
4019,2037,126,男性,26歲,0.00042
4020,2037,126,女性,26歲,0.00025
4021,2037,126,總計,27歲,0.00035
4022,2037,126,男性,27歲,0.00042
4023,2037,126,女性,27歲,0.00027
4024,2037,126,總計,28歲,0.00037
4025,2037,126,男性,28歲,0.00045
4026,2037,126,女性,28歲,0.00029
4027,2037,126,總計,29歲,0.00039
4028,2037,126,男性,29歲,0.00048
4029,2037,126,女性,29歲,0.00031
4030,2037,126,總計,30歲,0.00043
4031,2037,126,男性,30歲,0.00052
4032,2037,126,女性,30歲,0.00034
4033,2037,126,總計,31歲,0.00047
4034,2037,126,男性,31歲,0.00057
4035,2037,126,女性,31歲,0.00037
4036,2037,126,總計,32歲,0.00051
4037,2037,126,男性,32歲,0.00063
4038,2037,126,女性,32歲,0.0004
4039,2037,126,總計,33歲,0.00056
4040,2037,126,男性,33歲,0.00069
4041,2037,126,女性,33歲,0.00043
4042,2037,126,總計,34歲,0.00061
4043,2037,126,男性,34歲,0.00076
4044,2037,126,女性,34歲,0.00045
4045,2037,126,總計,35歲,0.00066
4046,2037,126,男性,35歲,0.00084
4047,2037,126,女性,35歲,0.00048
4048,2037,126,總計,36歲,0.00073
4049,2037,126,男性,36歲,0.00094
4050,2037,126,女性,36歲,0.00052
4051,2037,126,總計,37歲,0.0008
4052,2037,126,男性,37歲,0.00105
4053,2037,126,女性,37歲,0.00056
4054,2037,126,總計,38歲,0.00089
4055,2037,126,男性,38歲,0.00117
4056,2037,126,女性,38歲,0.0006
4057,2037,126,總計,39歲,0.00098
4058,2037,126,男性,39歲,0.00131
4059,2037,126,女性,39歲,0.00066
4060,2037,126,總計,40歲,0.00109
4061,2037,126,男性,40歲,0.00147
4062,2037,126,女性,40歲,0.00071
4063,2037,126,總計,41歲,0.0012
4064,2037,126,男性,41歲,0.00165
4065,2037,126,女性,41歲,0.00077
4066,2037,126,總計,42歲,0.00133
4067,2037,126,男性,42歲,0.00183
4068,2037,126,女性,42歲,0.00083
4069,2037,126,總計,43歲,0.00148
4070,2037,126,男性,43歲,0.00205
4071,2037,126,女性,43歲,0.00091
4072,2037,126,總計,44歲,0.00164
4073,2037,126,男性,44歲,0.00228
4074,2037,126,女性,44歲,0.001
4075,2037,126,總計,45歲,0.0018
4076,2037,126,男性,45歲,0.00252
4077,2037,126,女性,45歲,0.00109
4078,2037,126,總計,46歲,0.00199
4079,2037,126,男性,46歲,0.00279
4080,2037,126,女性,46歲,0.0012
4081,2037,126,總計,47歲,0.00218
4082,2037,126,男性,47歲,0.00308
4083,2037,126,女性,47歲,0.0013
4084,2037,126,總計,48歲,0.00239
4085,2037,126,男性,48歲,0.00339
4086,2037,126,女性,48歲,0.00141
4087,2037,126,總計,49歲,0.00262
4088,2037,126,男性,49歲,0.00373
4089,2037,126,女性,49歲,0.00153
4090,2037,126,總計,50歲,0.00287
4091,2037,126,男性,50歲,0.0041
4092,2037,126,女性,50歲,0.00167
4093,2037,126,總計,51歲,0.00313
4094,2037,126,男性,51歲,0.00451
4095,2037,126,女性,51歲,0.0018
4096,2037,126,總計,52歲,0.0034
4097,2037,126,男性,52歲,0.00492
4098,2037,126,女性,52歲,0.00192
4099,2037,126,總計,53歲,0.00368
4100,2037,126,男性,53歲,0.00534
4101,2037,126,女性,53歲,0.00206
4102,2037,126,總計,54歲,0.00393
4103,2037,126,男性,54歲,0.00571
4104,2037,126,女性,54歲,0.0022
4105,2037,126,總計,55歲,0.00417
4106,2037,126,男性,55歲,0.00608
4107,2037,126,女性,55歲,0.00234
4108,2037,126,總計,56歲,0.00445
4109,2037,126,男性,56歲,0.00648
4110,2037,126,女性,56歲,0.0025
4111,2037,126,總計,57歲,0.00476
4112,2037,126,男性,57歲,0.00694
4113,2037,126,女性,57歲,0.00268
4114,2037,126,總計,58歲,0.0051
4115,2037,126,男性,58歲,0.00744
4116,2037,126,女性,58歲,0.00287
4117,2037,126,總計,59歲,0.00545
4118,2037,126,男性,59歲,0.00795
4119,2037,126,女性,59歲,0.00309
4120,2037,126,總計,60歲,0.00583
4121,2037,126,男性,60歲,0.00847
4122,2037,126,女性,60歲,0.00334
4123,2037,126,總計,61歲,0.00623
4124,2037,126,男性,61歲,0.00902
4125,2037,126,女性,61歲,0.00361
4126,2037,126,總計,62歲,0.00668
4127,2037,126,男性,62歲,0.00964
4128,2037,126,女性,62歲,0.00392
4129,2037,126,總計,63歲,0.00719
4130,2037,126,男性,63歲,0.01035
4131,2037,126,女性,63歲,0.00426
4132,2037,126,總計,64歲,0.00777
4133,2037,126,男性,64歲,0.01114
4134,2037,126,女性,64歲,0.00466
4135,2037,126,總計,65歲,0.00841
4136,2037,126,男性,65歲,0.012
4137,2037,126,女性,65歲,0.00512
4138,2037,126,總計,66歲,0.00915
4139,2037,126,男性,66歲,0.01299
4140,2037,126,女性,66歲,0.00566
4141,2037,126,總計,67歲,0.01001
4142,2037,126,男性,67歲,0.01413
4143,2037,126,女性,67歲,0.00628
4144,2037,126,總計,68歲,0.01096
4145,2037,126,男性,68歲,0.0154
4146,2037,126,女性,68歲,0.00699
4147,2037,126,總計,69歲,0.01205
4148,2037,126,男性,69歲,0.01682
4149,2037,126,女性,69歲,0.00781
4150,2037,126,總計,70歲,0.01325
4151,2037,126,男性,70歲,0.01838
4152,2037,126,女性,70歲,0.00874
4153,2037,126,總計,71歲,0.01459
4154,2037,126,男性,71歲,0.02011
4155,2037,126,女性,71歲,0.00978
4156,2037,126,總計,72歲,0.01607
4157,2037,126,男性,72歲,0.02201
4158,2037,126,女性,72歲,0.01094
4159,2037,126,總計,73歲,0.01774
4160,2037,126,男性,73歲,0.02418
4161,2037,126,女性,73歲,0.01224
4162,2037,126,總計,74歲,0.01963
4163,2037,126,男性,74歲,0.02665
4164,2037,126,女性,74歲,0.01371
4165,2037,126,總計,75歲,0.02173
4166,2037,126,男性,75歲,0.02939
4167,2037,126,女性,75歲,0.01535
4168,2037,126,總計,76歲,0.02402
4169,2037,126,男性,76歲,0.0324
4170,2037,126,女性,76歲,0.01714
4171,2037,126,總計,77歲,0.02655
4172,2037,126,男性,77歲,0.03569
4173,2037,126,女性,77歲,0.01916
4174,2037,126,總計,78歲,0.02936
4175,2037,126,男性,78歲,0.03934
4176,2037,126,女性,78歲,0.02143
4177,2037,126,總計,79歲,0.03245
4178,2037,126,男性,79歲,0.04333
4179,2037,126,女性,79歲,0.02396
4180,2037,126,總計,80歲,0.03605
4181,2037,126,男性,80歲,0.04765
4182,2037,126,女性,80歲,0.0272
4183,2037,126,總計,81歲,0.04003
4184,2037,126,男性,81歲,0.05237
4185,2037,126,女性,81歲,0.0308
4186,2037,126,總計,82歲,0.04439
4187,2037,126,男性,82歲,0.05751
4188,2037,126,女性,82歲,0.03479
4189,2037,126,總計,83歲,0.04913
4190,2037,126,男性,83歲,0.06303
4191,2037,126,女性,83歲,0.0392
4192,2037,126,總計,84歲,0.05428
4193,2037,126,男性,84歲,0.06896
4194,2037,126,女性,84歲,0.04406
4195,2037,126,總計,85歲,0.0618
4196,2037,126,男性,85歲,0.07689
4197,2037,126,女性,85歲,0.05157
4198,2037,126,總計,86歲,0.06794
4199,2037,126,男性,86歲,0.08383
4200,2037,126,女性,86歲,0.05745
4201,2037,126,總計,87歲,0.07463
4202,2037,126,男性,87歲,0.09134
4203,2037,126,女性,87歲,0.0639
4204,2037,126,總計,88歲,0.08187
4205,2037,126,男性,88歲,0.09939
4206,2037,126,女性,88歲,0.07096
4207,2037,126,總計,89歲,0.08973
4208,2037,126,男性,89歲,0.10802
4209,2037,126,女性,89歲,0.07869
4210,2037,126,總計,90歲,0.0983
4211,2037,126,男性,90歲,0.11729
4212,2037,126,女性,90歲,0.0872
4213,2037,126,總計,91歲,0.10768
4214,2037,126,男性,91歲,0.12728
4215,2037,126,女性,91歲,0.0966
4216,2037,126,總計,92歲,0.11789
4217,2037,126,男性,92歲,0.13798
4218,2037,126,女性,92歲,0.10692
4219,2037,126,總計,93歲,0.12894
4220,2037,126,男性,93歲,0.14937
4221,2037,126,女性,93歲,0.11817
4222,2037,126,總計,94歲,0.14083
4223,2037,126,男性,94歲,0.16143
4224,2037,126,女性,94歲,0.13035
4225,2037,126,總計,95歲,0.15397
4226,2037,126,男性,95歲,0.17444
4227,2037,126,女性,95歲,0.14393
4228,2037,126,總計,96歲,0.1677
4229,2037,126,男性,96歲,0.18783
4230,2037,126,女性,96歲,0.15819
4231,2037,126,總計,97歲,0.18209
4232,2037,126,男性,97歲,0.2017
4233,2037,126,女性,97歲,0.17314
4234,2037,126,總計,98歲,0.19756
4235,2037,126,男性,98歲,0.21636
4236,2037,126,女性,98歲,0.18928
4237,2037,126,總計,99歲,0.21413
4238,2037,126,男性,99歲,0.23178
4239,2037,126,女性,99歲,0.20661
4240,2037,126,總計,100歲及以上,1
4241,2037,126,男性,100歲及以上,1
4242,2037,126,女性,100歲及以上,1
4243,2038,127,總計,0歲,0.00325
4244,2038,127,男性,0歲,0.00348
4245,2038,127,女性,0歲,0.00303
4246,2038,127,總計,1歲,0.00017
4247,2038,127,男性,1歲,0.00019
4248,2038,127,女性,1歲,0.00016
4249,2038,127,總計,2歲,0.00011
4250,2038,127,男性,2歲,0.00011
4251,2038,127,女性,2歲,0.0001
4252,2038,127,總計,3歲,8E-05
4253,2038,127,男性,3歲,9E-05
4254,2038,127,女性,3歲,8E-05
4255,2038,127,總計,4歲,7E-05
4256,2038,127,男性,4歲,8E-05
4257,2038,127,女性,4歲,6E-05
4258,2038,127,總計,5歲,7E-05
4259,2038,127,男性,5歲,7E-05
4260,2038,127,女性,5歲,6E-05
4261,2038,127,總計,6歲,6E-05
4262,2038,127,男性,6歲,7E-05
4263,2038,127,女性,6歲,6E-05
4264,2038,127,總計,7歲,6E-05
4265,2038,127,男性,7歲,6E-05
4266,2038,127,女性,7歲,6E-05
4267,2038,127,總計,8歲,6E-05
4268,2038,127,男性,8歲,6E-05
4269,2038,127,女性,8歲,6E-05
4270,2038,127,總計,9歲,6E-05
4271,2038,127,男性,9歲,6E-05
4272,2038,127,女性,9歲,6E-05
4273,2038,127,總計,10歲,6E-05
4274,2038,127,男性,10歲,6E-05
4275,2038,127,女性,10歲,6E-05
4276,2038,127,總計,11歲,7E-05
4277,2038,127,男性,11歲,7E-05
4278,2038,127,女性,11歲,7E-05
4279,2038,127,總計,12歲,8E-05
4280,2038,127,男性,12歲,8E-05
4281,2038,127,女性,12歲,8E-05
4282,2038,127,總計,13歲,0.0001
4283,2038,127,男性,13歲,0.00011
4284,2038,127,女性,13歲,9E-05
4285,2038,127,總計,14歲,0.00013
4286,2038,127,男性,14歲,0.00016
4287,2038,127,女性,14歲,0.0001
4288,2038,127,總計,15歲,0.00016
4289,2038,127,男性,15歲,0.00021
4290,2038,127,女性,15歲,0.00012
4291,2038,127,總計,16歲,0.0002
4292,2038,127,男性,16歲,0.00027
4293,2038,127,女性,16歲,0.00013
4294,2038,127,總計,17歲,0.00024
4295,2038,127,男性,17歲,0.00033
4296,2038,127,女性,17歲,0.00015
4297,2038,127,總計,18歲,0.00028
4298,2038,127,男性,18歲,0.00038
4299,2038,127,女性,18歲,0.00017
4300,2038,127,總計,19歲,0.0003
4301,2038,127,男性,19歲,0.0004
4302,2038,127,女性,19歲,0.00019
4303,2038,127,總計,20歲,0.00031
4304,2038,127,男性,20歲,0.00042
4305,2038,127,女性,20歲,0.0002
4306,2038,127,總計,21歲,0.00031
4307,2038,127,男性,21歲,0.00042
4308,2038,127,女性,21歲,0.00021
4309,2038,127,總計,22歲,0.00032
4310,2038,127,男性,22歲,0.00043
4311,2038,127,女性,22歲,0.00021
4312,2038,127,總計,23歲,0.00033
4313,2038,127,男性,23歲,0.00043
4314,2038,127,女性,23歲,0.00022
4315,2038,127,總計,24歲,0.00033
4316,2038,127,男性,24歲,0.00042
4317,2038,127,女性,24歲,0.00023
4318,2038,127,總計,25歲,0.00033
4319,2038,127,男性,25歲,0.00041
4320,2038,127,女性,25歲,0.00024
4321,2038,127,總計,26歲,0.00033
4322,2038,127,男性,26歲,0.00041
4323,2038,127,女性,26歲,0.00025
4324,2038,127,總計,27歲,0.00034
4325,2038,127,男性,27歲,0.00041
4326,2038,127,女性,27歲,0.00027
4327,2038,127,總計,28歲,0.00036
4328,2038,127,男性,28歲,0.00043
4329,2038,127,女性,28歲,0.00029
4330,2038,127,總計,29歲,0.00039
4331,2038,127,男性,29歲,0.00047
4332,2038,127,女性,29歲,0.00031
4333,2038,127,總計,30歲,0.00042
4334,2038,127,男性,30歲,0.00051
4335,2038,127,女性,30歲,0.00033
4336,2038,127,總計,31歲,0.00046
4337,2038,127,男性,31歲,0.00056
4338,2038,127,女性,31歲,0.00036
4339,2038,127,總計,32歲,0.0005
4340,2038,127,男性,32歲,0.00062
4341,2038,127,女性,32歲,0.00039
4342,2038,127,總計,33歲,0.00055
4343,2038,127,男性,33歲,0.00068
4344,2038,127,女性,33歲,0.00042
4345,2038,127,總計,34歲,0.00059
4346,2038,127,男性,34歲,0.00074
4347,2038,127,女性,34歲,0.00045
4348,2038,127,總計,35歲,0.00065
4349,2038,127,男性,35歲,0.00082
4350,2038,127,女性,35歲,0.00048
4351,2038,127,總計,36歲,0.00071
4352,2038,127,男性,36歲,0.00091
4353,2038,127,女性,36歲,0.00051
4354,2038,127,總計,37歲,0.00079
4355,2038,127,男性,37歲,0.00102
4356,2038,127,女性,37歲,0.00055
4357,2038,127,總計,38歲,0.00087
4358,2038,127,男性,38歲,0.00114
4359,2038,127,女性,38歲,0.0006
4360,2038,127,總計,39歲,0.00096
4361,2038,127,男性,39歲,0.00128
4362,2038,127,女性,39歲,0.00065
4363,2038,127,總計,40歲,0.00107
4364,2038,127,男性,40歲,0.00143
4365,2038,127,女性,40歲,0.0007
4366,2038,127,總計,41歲,0.00118
4367,2038,127,男性,41歲,0.00161
4368,2038,127,女性,41歲,0.00076
4369,2038,127,總計,42歲,0.0013
4370,2038,127,男性,42歲,0.00179
4371,2038,127,女性,42歲,0.00082
4372,2038,127,總計,43歲,0.00145
4373,2038,127,男性,43歲,0.002
4374,2038,127,女性,43歲,0.0009
4375,2038,127,總計,44歲,0.0016
4376,2038,127,男性,44歲,0.00223
4377,2038,127,女性,44歲,0.00099
4378,2038,127,總計,45歲,0.00177
4379,2038,127,男性,45歲,0.00247
4380,2038,127,女性,45歲,0.00108
4381,2038,127,總計,46歲,0.00195
4382,2038,127,男性,46歲,0.00274
4383,2038,127,女性,46歲,0.00118
4384,2038,127,總計,47歲,0.00215
4385,2038,127,男性,47歲,0.00302
4386,2038,127,女性,47歲,0.00128
4387,2038,127,總計,48歲,0.00235
4388,2038,127,男性,48歲,0.00333
4389,2038,127,女性,48歲,0.00139
4390,2038,127,總計,49歲,0.00258
4391,2038,127,男性,49歲,0.00367
4392,2038,127,女性,49歲,0.00152
4393,2038,127,總計,50歲,0.00283
4394,2038,127,男性,50歲,0.00404
4395,2038,127,女性,50歲,0.00165
4396,2038,127,總計,51歲,0.00309
4397,2038,127,男性,51歲,0.00444
4398,2038,127,女性,51歲,0.00177
4399,2038,127,總計,52歲,0.00336
4400,2038,127,男性,52歲,0.00485
4401,2038,127,女性,52歲,0.0019
4402,2038,127,總計,53歲,0.00363
4403,2038,127,男性,53歲,0.00527
4404,2038,127,女性,53歲,0.00204
4405,2038,127,總計,54歲,0.00388
4406,2038,127,男性,54歲,0.00564
4407,2038,127,女性,54歲,0.00218
4408,2038,127,總計,55歲,0.00412
4409,2038,127,男性,55歲,0.00601
4410,2038,127,女性,55歲,0.00231
4411,2038,127,總計,56歲,0.0044
4412,2038,127,男性,56歲,0.00641
4413,2038,127,女性,56歲,0.00246
4414,2038,127,總計,57歲,0.00471
4415,2038,127,男性,57歲,0.00687
4416,2038,127,女性,57歲,0.00264
4417,2038,127,總計,58歲,0.00504
4418,2038,127,男性,58歲,0.00736
4419,2038,127,女性,58歲,0.00283
4420,2038,127,總計,59歲,0.00539
4421,2038,127,男性,59歲,0.00787
4422,2038,127,女性,59歲,0.00305
4423,2038,127,總計,60歲,0.00577
4424,2038,127,男性,60歲,0.00839
4425,2038,127,女性,60歲,0.00329
4426,2038,127,總計,61歲,0.00617
4427,2038,127,男性,61歲,0.00893
4428,2038,127,女性,61歲,0.00356
4429,2038,127,總計,62歲,0.00661
4430,2038,127,男性,62歲,0.00955
4431,2038,127,女性,62歲,0.00386
4432,2038,127,總計,63歲,0.00711
4433,2038,127,男性,63歲,0.01025
4434,2038,127,女性,63歲,0.0042
4435,2038,127,總計,64歲,0.00768
4436,2038,127,男性,64歲,0.01103
4437,2038,127,女性,64歲,0.00459
4438,2038,127,總計,65歲,0.00831
4439,2038,127,男性,65歲,0.01188
4440,2038,127,女性,65歲,0.00504
4441,2038,127,總計,66歲,0.00905
4442,2038,127,男性,66歲,0.01286
4443,2038,127,女性,66歲,0.00557
4444,2038,127,總計,67歲,0.00989
4445,2038,127,男性,67歲,0.01399
4446,2038,127,女性,67歲,0.00618
4447,2038,127,總計,68歲,0.01084
4448,2038,127,男性,68歲,0.01524
4449,2038,127,女性,68歲,0.00688
4450,2038,127,總計,69歲,0.01191
4451,2038,127,男性,69歲,0.01665
4452,2038,127,女性,69歲,0.00768
4453,2038,127,總計,70歲,0.01309
4454,2038,127,男性,70歲,0.01819
4455,2038,127,女性,70歲,0.0086
4456,2038,127,總計,71歲,0.01441
4457,2038,127,男性,71歲,0.01989
4458,2038,127,女性,71歲,0.00962
4459,2038,127,總計,72歲,0.01587
4460,2038,127,男性,72歲,0.02177
4461,2038,127,女性,72歲,0.01077
4462,2038,127,總計,73歲,0.01752
4463,2038,127,男性,73歲,0.02392
4464,2038,127,女性,73歲,0.01205
4465,2038,127,總計,74歲,0.01939
4466,2038,127,男性,74歲,0.02636
4467,2038,127,女性,74歲,0.01349
4468,2038,127,總計,75歲,0.02146
4469,2038,127,男性,75歲,0.02908
4470,2038,127,女性,75歲,0.01511
4471,2038,127,總計,76歲,0.02372
4472,2038,127,男性,76歲,0.03205
4473,2038,127,女性,76歲,0.01688
4474,2038,127,總計,77歲,0.02623
4475,2038,127,男性,77歲,0.03532
4476,2038,127,女性,77歲,0.01887
4477,2038,127,總計,78歲,0.029
4478,2038,127,男性,78歲,0.03893
4479,2038,127,女性,78歲,0.0211
4480,2038,127,總計,79歲,0.03206
4481,2038,127,男性,79歲,0.04289
4482,2038,127,女性,79歲,0.0236
4483,2038,127,總計,80歲,0.03563
4484,2038,127,男性,80歲,0.04716
4485,2038,127,女性,80歲,0.02679
4486,2038,127,總計,81歲,0.03956
4487,2038,127,男性,81歲,0.05185
4488,2038,127,女性,81歲,0.03035
4489,2038,127,總計,82歲,0.04387
4490,2038,127,男性,82歲,0.05694
4491,2038,127,女性,82歲,0.03429
4492,2038,127,總計,83歲,0.04857
4493,2038,127,男性,83歲,0.06242
4494,2038,127,女性,83歲,0.03865
4495,2038,127,總計,84歲,0.05367
4496,2038,127,男性,84歲,0.06831
4497,2038,127,女性,84歲,0.04346
4498,2038,127,總計,85歲,0.06112
4499,2038,127,男性,85歲,0.07618
4500,2038,127,女性,85歲,0.05088
4501,2038,127,總計,86歲,0.06721
4502,2038,127,男性,86歲,0.08308
4503,2038,127,女性,86歲,0.05671
4504,2038,127,總計,87歲,0.07385
4505,2038,127,男性,87歲,0.09054
4506,2038,127,女性,87歲,0.0631
4507,2038,127,總計,88歲,0.08104
4508,2038,127,男性,88歲,0.09856
4509,2038,127,女性,88歲,0.0701
4510,2038,127,總計,89歲,0.08885
4511,2038,127,男性,89歲,0.10714
4512,2038,127,女性,89歲,0.07777
4513,2038,127,總計,90歲,0.09736
4514,2038,127,男性,90歲,0.11637
4515,2038,127,女性,90歲,0.08622
4516,2038,127,總計,91歲,0.10669
4517,2038,127,男性,91歲,0.12633
4518,2038,127,女性,91歲,0.09556
4519,2038,127,總計,92歲,0.11686
4520,2038,127,男性,92歲,0.13699
4521,2038,127,女性,92歲,0.10583
4522,2038,127,總計,93歲,0.12785
4523,2038,127,男性,93歲,0.14835
4524,2038,127,女性,93歲,0.11702
4525,2038,127,總計,94歲,0.13971
4526,2038,127,男性,94歲,0.16039
4527,2038,127,女性,94歲,0.12916
4528,2038,127,總計,95歲,0.15283
4529,2038,127,男性,95歲,0.17339
4530,2038,127,女性,95歲,0.14272
4531,2038,127,總計,96歲,0.16654
4532,2038,127,男性,96歲,0.18677
4533,2038,127,女性,96歲,0.15695
4534,2038,127,總計,97歲,0.1809
4535,2038,127,男性,97歲,0.20064
4536,2038,127,女性,97歲,0.17188
4537,2038,127,總計,98歲,0.19637
4538,2038,127,男性,98歲,0.21531
4539,2038,127,女性,98歲,0.18801
4540,2038,127,總計,99歲,0.21296
4541,2038,127,男性,99歲,0.23076
4542,2038,127,女性,99歲,0.20537
4543,2038,127,總計,100歲及以上,1
4544,2038,127,男性,100歲及以上,1
4545,2038,127,女性,100歲及以上,1
4546,2039,128,總計,0歲,0.00323
4547,2039,128,男性,0歲,0.00345
4548,2039,128,女性,0歲,0.00301
4549,2039,128,總計,1歲,0.00017
4550,2039,128,男性,1歲,0.00018
4551,2039,128,女性,1歲,0.00015
4552,2039,128,總計,2歲,0.0001
4553,2039,128,男性,2歲,0.00011
4554,2039,128,女性,2歲,0.0001
4555,2039,128,總計,3歲,8E-05
4556,2039,128,男性,3歲,9E-05
4557,2039,128,女性,3歲,7E-05
4558,2039,128,總計,4歲,7E-05
4559,2039,128,男性,4歲,7E-05
4560,2039,128,女性,4歲,6E-05
4561,2039,128,總計,5歲,6E-05
4562,2039,128,男性,5歲,7E-05
4563,2039,128,女性,5歲,6E-05
4564,2039,128,總計,6歲,6E-05
4565,2039,128,男性,6歲,6E-05
4566,2039,128,女性,6歲,6E-05
4567,2039,128,總計,7歲,6E-05
4568,2039,128,男性,7歲,6E-05
4569,2039,128,女性,7歲,6E-05
4570,2039,128,總計,8歲,6E-05
4571,2039,128,男性,8歲,6E-05
4572,2039,128,女性,8歲,5E-05
4573,2039,128,總計,9歲,6E-05
4574,2039,128,男性,9歲,6E-05
4575,2039,128,女性,9歲,5E-05
4576,2039,128,總計,10歲,6E-05
4577,2039,128,男性,10歲,6E-05
4578,2039,128,女性,10歲,6E-05
4579,2039,128,總計,11歲,7E-05
4580,2039,128,男性,11歲,7E-05
4581,2039,128,女性,11歲,7E-05
4582,2039,128,總計,12歲,8E-05
4583,2039,128,男性,12歲,8E-05
4584,2039,128,女性,12歲,8E-05
4585,2039,128,總計,13歲,0.0001
4586,2039,128,男性,13歲,0.00011
4587,2039,128,女性,13歲,9E-05
4588,2039,128,總計,14歲,0.00013
4589,2039,128,男性,14歲,0.00015
4590,2039,128,女性,14歲,0.0001
4591,2039,128,總計,15歲,0.00016
4592,2039,128,男性,15歲,0.00021
4593,2039,128,女性,15歲,0.00011
4594,2039,128,總計,16歲,0.0002
4595,2039,128,男性,16歲,0.00027
4596,2039,128,女性,16歲,0.00013
4597,2039,128,總計,17歲,0.00023
4598,2039,128,男性,17歲,0.00032
4599,2039,128,女性,17歲,0.00015
4600,2039,128,總計,18歲,0.00027
4601,2039,128,男性,18歲,0.00037
4602,2039,128,女性,18歲,0.00017
4603,2039,128,總計,19歲,0.00029
4604,2039,128,男性,19歲,0.0004
4605,2039,128,女性,19歲,0.00019
4606,2039,128,總計,20歲,0.0003
4607,2039,128,男性,20歲,0.00041
4608,2039,128,女性,20歲,0.00019
4609,2039,128,總計,21歲,0.00031
4610,2039,128,男性,21歲,0.00041
4611,2039,128,女性,21歲,0.0002
4612,2039,128,總計,22歲,0.00031
4613,2039,128,男性,22歲,0.00042
4614,2039,128,女性,22歲,0.00021
4615,2039,128,總計,23歲,0.00032
4616,2039,128,男性,23歲,0.00042
4617,2039,128,女性,23歲,0.00022
4618,2039,128,總計,24歲,0.00032
4619,2039,128,男性,24歲,0.00041
4620,2039,128,女性,24歲,0.00023
4621,2039,128,總計,25歲,0.00032
4622,2039,128,男性,25歲,0.00041
4623,2039,128,女性,25歲,0.00024
4624,2039,128,總計,26歲,0.00032
4625,2039,128,男性,26歲,0.0004
4626,2039,128,女性,26歲,0.00025
4627,2039,128,總計,27歲,0.00034
4628,2039,128,男性,27歲,0.0004
4629,2039,128,女性,27歲,0.00027
4630,2039,128,總計,28歲,0.00035
4631,2039,128,男性,28歲,0.00042
4632,2039,128,女性,28歲,0.00028
4633,2039,128,總計,29歲,0.00038
4634,2039,128,男性,29歲,0.00046
4635,2039,128,女性,29歲,0.0003
4636,2039,128,總計,30歲,0.00041
4637,2039,128,男性,30歲,0.0005
4638,2039,128,女性,30歲,0.00033
4639,2039,128,總計,31歲,0.00045
4640,2039,128,男性,31歲,0.00054
4641,2039,128,女性,31歲,0.00036
4642,2039,128,總計,32歲,0.00049
4643,2039,128,男性,32歲,0.0006
4644,2039,128,女性,32歲,0.00039
4645,2039,128,總計,33歲,0.00054
4646,2039,128,男性,33歲,0.00066
4647,2039,128,女性,33歲,0.00042
4648,2039,128,總計,34歲,0.00058
4649,2039,128,男性,34歲,0.00072
4650,2039,128,女性,34歲,0.00044
4651,2039,128,總計,35歲,0.00064
4652,2039,128,男性,35歲,0.0008
4653,2039,128,女性,35歲,0.00047
4654,2039,128,總計,36歲,0.0007
4655,2039,128,男性,36歲,0.00089
4656,2039,128,女性,36歲,0.00051
4657,2039,128,總計,37歲,0.00077
4658,2039,128,男性,37歲,0.001
4659,2039,128,女性,37歲,0.00055
4660,2039,128,總計,38歲,0.00085
4661,2039,128,男性,38歲,0.00111
4662,2039,128,女性,38歲,0.00059
4663,2039,128,總計,39歲,0.00094
4664,2039,128,男性,39歲,0.00125
4665,2039,128,女性,39歲,0.00064
4666,2039,128,總計,40歲,0.00104
4667,2039,128,男性,40歲,0.0014
4668,2039,128,女性,40歲,0.00069
4669,2039,128,總計,41歲,0.00116
4670,2039,128,男性,41歲,0.00157
4671,2039,128,女性,41歲,0.00075
4672,2039,128,總計,42歲,0.00128
4673,2039,128,男性,42歲,0.00175
4674,2039,128,女性,42歲,0.00081
4675,2039,128,總計,43歲,0.00142
4676,2039,128,男性,43歲,0.00196
4677,2039,128,女性,43歲,0.00089
4678,2039,128,總計,44歲,0.00157
4679,2039,128,男性,44歲,0.00218
4680,2039,128,女性,44歲,0.00098
4681,2039,128,總計,45歲,0.00174
4682,2039,128,男性,45歲,0.00242
4683,2039,128,女性,45歲,0.00107
4684,2039,128,總計,46歲,0.00192
4685,2039,128,男性,46歲,0.00268
4686,2039,128,女性,46歲,0.00117
4687,2039,128,總計,47歲,0.00211
4688,2039,128,男性,47歲,0.00296
4689,2039,128,女性,47歲,0.00127
4690,2039,128,總計,48歲,0.00232
4691,2039,128,男性,48歲,0.00327
4692,2039,128,女性,48歲,0.00138
4693,2039,128,總計,49歲,0.00255
4694,2039,128,男性,49歲,0.00361
4695,2039,128,女性,49歲,0.0015
4696,2039,128,總計,50歲,0.00279
4697,2039,128,男性,50歲,0.00397
4698,2039,128,女性,50歲,0.00163
4699,2039,128,總計,51歲,0.00305
4700,2039,128,男性,51歲,0.00437
4701,2039,128,女性,51歲,0.00175
4702,2039,128,總計,52歲,0.00331
4703,2039,128,男性,52歲,0.00478
4704,2039,128,女性,52歲,0.00187
4705,2039,128,總計,53歲,0.00359
4706,2039,128,男性,53歲,0.0052
4707,2039,128,女性,53歲,0.00201
4708,2039,128,總計,54歲,0.00383
4709,2039,128,男性,54歲,0.00557
4710,2039,128,女性,54歲,0.00215
4711,2039,128,總計,55歲,0.00408
4712,2039,128,男性,55歲,0.00594
4713,2039,128,女性,55歲,0.00228
4714,2039,128,總計,56歲,0.00435
4715,2039,128,男性,56歲,0.00634
4716,2039,128,女性,56歲,0.00243
4717,2039,128,總計,57歲,0.00466
4718,2039,128,男性,57歲,0.0068
4719,2039,128,女性,57歲,0.00261
4720,2039,128,總計,58歲,0.00499
4721,2039,128,男性,58歲,0.00729
4722,2039,128,女性,58歲,0.0028
4723,2039,128,總計,59歲,0.00534
4724,2039,128,男性,59歲,0.00779
4725,2039,128,女性,59歲,0.00301
4726,2039,128,總計,60歲,0.00571
4727,2039,128,男性,60歲,0.0083
4728,2039,128,女性,60歲,0.00325
4729,2039,128,總計,61歲,0.0061
4730,2039,128,男性,61歲,0.00885
4731,2039,128,女性,61歲,0.00351
4732,2039,128,總計,62歲,0.00654
4733,2039,128,男性,62歲,0.00946
4734,2039,128,女性,62歲,0.0038
4735,2039,128,總計,63歲,0.00703
4736,2039,128,男性,63歲,0.01015
4737,2039,128,女性,63歲,0.00413
4738,2039,128,總計,64歲,0.0076
4739,2039,128,男性,64歲,0.01092
4740,2039,128,女性,64歲,0.00452
4741,2039,128,總計,65歲,0.00822
4742,2039,128,男性,65歲,0.01176
4743,2039,128,女性,65歲,0.00496
4744,2039,128,總計,66歲,0.00894
4745,2039,128,男性,66歲,0.01273
4746,2039,128,女性,66歲,0.00549
4747,2039,128,總計,67歲,0.00978
4748,2039,128,男性,67歲,0.01385
4749,2039,128,女性,67歲,0.00609
4750,2039,128,總計,68歲,0.01071
4751,2039,128,男性,68歲,0.01509
4752,2039,128,女性,68歲,0.00677
4753,2039,128,總計,69歲,0.01176
4754,2039,128,男性,69歲,0.01647
4755,2039,128,女性,69歲,0.00756
4756,2039,128,總計,70歲,0.01294
4757,2039,128,男性,70歲,0.018
4758,2039,128,女性,70歲,0.00846
4759,2039,128,總計,71歲,0.01424
4760,2039,128,男性,71歲,0.01968
4761,2039,128,女性,71歲,0.00947
4762,2039,128,總計,72歲,0.01568
4763,2039,128,男性,72歲,0.02154
4764,2039,128,女性,72歲,0.0106
4765,2039,128,總計,73歲,0.0173
4766,2039,128,男性,73歲,0.02367
4767,2039,128,女性,73歲,0.01186
4768,2039,128,總計,74歲,0.01915
4769,2039,128,男性,74歲,0.02608
4770,2039,128,女性,74歲,0.01328
4771,2039,128,總計,75歲,0.0212
4772,2039,128,男性,75歲,0.02877
4773,2039,128,女性,75歲,0.01487
4774,2039,128,總計,76歲,0.02343
4775,2039,128,男性,76歲,0.03171
4776,2039,128,女性,76歲,0.01661
4777,2039,128,總計,77歲,0.02591
4778,2039,128,男性,77歲,0.03494
4779,2039,128,女性,77歲,0.01858
4780,2039,128,總計,78歲,0.02865
4781,2039,128,男性,78歲,0.03852
4782,2039,128,女性,78歲,0.02078
4783,2039,128,總計,79歲,0.03168
4784,2039,128,男性,79歲,0.04245
4785,2039,128,女性,79歲,0.02324
4786,2039,128,總計,80歲,0.03521
4787,2039,128,男性,80歲,0.04668
4788,2039,128,女性,80歲,0.0264
4789,2039,128,總計,81歲,0.0391
4790,2039,128,男性,81歲,0.05133
4791,2039,128,女性,81歲,0.02991
4792,2039,128,總計,82歲,0.04337
4793,2039,128,男性,82歲,0.05638
4794,2039,128,女性,82歲,0.0338
4795,2039,128,總計,83歲,0.04802
4796,2039,128,男性,83歲,0.06182
4797,2039,128,女性,83歲,0.03811
4798,2039,128,總計,84歲,0.05307
4799,2039,128,男性,84歲,0.06766
4800,2039,128,女性,84歲,0.04286
4801,2039,128,總計,85歲,0.06045
4802,2039,128,男性,85歲,0.07548
4803,2039,128,女性,85歲,0.0502
4804,2039,128,總計,86歲,0.06649
4805,2039,128,男性,86歲,0.08234
4806,2039,128,女性,86歲,0.05598
4807,2039,128,總計,87歲,0.07307
4808,2039,128,男性,87歲,0.08975
4809,2039,128,女性,87歲,0.06231
4810,2039,128,總計,88歲,0.08021
4811,2039,128,男性,88歲,0.09772
4812,2039,128,女性,88歲,0.06925
4813,2039,128,總計,89歲,0.08797
4814,2039,128,男性,89歲,0.10626
4815,2039,128,女性,89歲,0.07686
4816,2039,128,總計,90歲,0.09644
4817,2039,128,男性,90歲,0.11546
4818,2039,128,女性,90歲,0.08525
4819,2039,128,總計,91歲,0.10571
4820,2039,128,男性,91歲,0.12538
4821,2039,128,女性,91歲,0.09453
4822,2039,128,總計,92歲,0.11583
4823,2039,128,男性,92歲,0.13601
4824,2039,128,女性,92歲,0.10475
4825,2039,128,總計,93歲,0.12678
4826,2039,128,男性,93歲,0.14734
4827,2039,128,女性,93歲,0.11589
4828,2039,128,總計,94歲,0.13859
4829,2039,128,男性,94歲,0.15936
4830,2039,128,女性,94歲,0.12798
4831,2039,128,總計,95歲,0.15169
4832,2039,128,男性,95歲,0.17235
4833,2039,128,女性,95歲,0.14151
4834,2039,128,總計,96歲,0.16538
4835,2039,128,男性,96歲,0.18572
4836,2039,128,女性,96歲,0.15572
4837,2039,128,總計,97歲,0.17972
4838,2039,128,男性,97歲,0.19958
4839,2039,128,女性,97歲,0.17062
4840,2039,128,總計,98歲,0.19519
4841,2039,128,男性,98歲,0.21426
4842,2039,128,女性,98歲,0.18675
4843,2039,128,總計,99歲,0.2118
4844,2039,128,男性,99歲,0.22974
4845,2039,128,女性,99歲,0.20414
4846,2039,128,總計,100歲及以上,1
4847,2039,128,男性,100歲及以上,1
4848,2039,128,女性,100歲及以上,1
4849,2040,129,總計,0歲,0.0032
4850,2040,129,男性,0歲,0.00342
4851,2040,129,女性,0歲,0.00298
4852,2040,129,總計,1歲,0.00016
4853,2040,129,男性,1歲,0.00018
4854,2040,129,女性,1歲,0.00015
4855,2040,129,總計,2歲,0.0001
4856,2040,129,男性,2歲,0.00011
4857,2040,129,女性,2歲,9E-05
4858,2040,129,總計,3歲,8E-05
4859,2040,129,男性,3歲,9E-05
4860,2040,129,女性,3歲,7E-05
4861,2040,129,總計,4歲,7E-05
4862,2040,129,男性,4歲,7E-05
4863,2040,129,女性,4歲,6E-05
4864,2040,129,總計,5歲,6E-05
4865,2040,129,男性,5歲,7E-05
4866,2040,129,女性,5歲,6E-05
4867,2040,129,總計,6歲,6E-05
4868,2040,129,男性,6歲,6E-05
4869,2040,129,女性,6歲,6E-05
4870,2040,129,總計,7歲,6E-05
4871,2040,129,男性,7歲,6E-05
4872,2040,129,女性,7歲,5E-05
4873,2040,129,總計,8歲,5E-05
4874,2040,129,男性,8歲,5E-05
4875,2040,129,女性,8歲,5E-05
4876,2040,129,總計,9歲,5E-05
4877,2040,129,男性,9歲,5E-05
4878,2040,129,女性,9歲,5E-05
4879,2040,129,總計,10歲,6E-05
4880,2040,129,男性,10歲,6E-05
4881,2040,129,女性,10歲,6E-05
4882,2040,129,總計,11歲,7E-05
4883,2040,129,男性,11歲,7E-05
4884,2040,129,女性,11歲,6E-05
4885,2040,129,總計,12歲,8E-05
4886,2040,129,男性,12歲,8E-05
4887,2040,129,女性,12歲,8E-05
4888,2040,129,總計,13歲,0.0001
4889,2040,129,男性,13歲,0.0001
4890,2040,129,女性,13歲,9E-05
4891,2040,129,總計,14歲,0.00012
4892,2040,129,男性,14歲,0.00015
4893,2040,129,女性,14歲,0.0001
4894,2040,129,總計,15歲,0.00016
4895,2040,129,男性,15歲,0.0002
4896,2040,129,女性,15歲,0.00011
4897,2040,129,總計,16歲,0.00019
4898,2040,129,男性,16歲,0.00026
4899,2040,129,女性,16歲,0.00013
4900,2040,129,總計,17歲,0.00023
4901,2040,129,男性,17歲,0.00031
4902,2040,129,女性,17歲,0.00015
4903,2040,129,總計,18歲,0.00026
4904,2040,129,男性,18歲,0.00036
4905,2040,129,女性,18歲,0.00017
4906,2040,129,總計,19歲,0.00028
4907,2040,129,男性,19歲,0.00039
4908,2040,129,女性,19歲,0.00018
4909,2040,129,總計,20歲,0.00029
4910,2040,129,男性,20歲,0.0004
4911,2040,129,女性,20歲,0.00019
4912,2040,129,總計,21歲,0.0003
4913,2040,129,男性,21歲,0.00041
4914,2040,129,女性,21歲,0.0002
4915,2040,129,總計,22歲,0.00031
4916,2040,129,男性,22歲,0.00041
4917,2040,129,女性,22歲,0.00021
4918,2040,129,總計,23歲,0.00031
4919,2040,129,男性,23歲,0.00041
4920,2040,129,女性,23歲,0.00022
4921,2040,129,總計,24歲,0.00032
4922,2040,129,男性,24歲,0.0004
4923,2040,129,女性,24歲,0.00023
4924,2040,129,總計,25歲,0.00031
4925,2040,129,男性,25歲,0.0004
4926,2040,129,女性,25歲,0.00023
4927,2040,129,總計,26歲,0.00032
4928,2040,129,男性,26歲,0.00039
4929,2040,129,女性,26歲,0.00025
4930,2040,129,總計,27歲,0.00033
4931,2040,129,男性,27歲,0.0004
4932,2040,129,女性,27歲,0.00026
4933,2040,129,總計,28歲,0.00035
4934,2040,129,男性,28歲,0.00041
4935,2040,129,女性,28歲,0.00028
4936,2040,129,總計,29歲,0.00037
4937,2040,129,男性,29歲,0.00044
4938,2040,129,女性,29歲,0.0003
4939,2040,129,總計,30歲,0.0004
4940,2040,129,男性,30歲,0.00048
4941,2040,129,女性,30歲,0.00033
4942,2040,129,總計,31歲,0.00044
4943,2040,129,男性,31歲,0.00053
4944,2040,129,女性,31歲,0.00035
4945,2040,129,總計,32歲,0.00049
4946,2040,129,男性,32歲,0.00059
4947,2040,129,女性,32歲,0.00038
4948,2040,129,總計,33歲,0.00053
4949,2040,129,男性,33歲,0.00064
4950,2040,129,女性,33歲,0.00041
4951,2040,129,總計,34歲,0.00057
4952,2040,129,男性,34歲,0.00071
4953,2040,129,女性,34歲,0.00044
4954,2040,129,總計,35歲,0.00062
4955,2040,129,男性,35歲,0.00078
4956,2040,129,女性,35歲,0.00046
4957,2040,129,總計,36歲,0.00068
4958,2040,129,男性,36歲,0.00087
4959,2040,129,女性,36歲,0.0005
4960,2040,129,總計,37歲,0.00075
4961,2040,129,男性,37歲,0.00097
4962,2040,129,女性,37歲,0.00054
4963,2040,129,總計,38歲,0.00083
4964,2040,129,男性,38歲,0.00109
4965,2040,129,女性,38歲,0.00058
4966,2040,129,總計,39歲,0.00092
4967,2040,129,男性,39歲,0.00121
4968,2040,129,女性,39歲,0.00063
4969,2040,129,總計,40歲,0.00102
4970,2040,129,男性,40歲,0.00136
4971,2040,129,女性,40歲,0.00069
4972,2040,129,總計,41歲,0.00113
4973,2040,129,男性,41歲,0.00153
4974,2040,129,女性,41歲,0.00074
4975,2040,129,總計,42歲,0.00125
4976,2040,129,男性,42歲,0.00171
4977,2040,129,女性,42歲,0.0008
4978,2040,129,總計,43歲,0.00139
4979,2040,129,男性,43歲,0.00191
4980,2040,129,女性,43歲,0.00088
4981,2040,129,總計,44歲,0.00155
4982,2040,129,男性,44歲,0.00213
4983,2040,129,女性,44歲,0.00096
4984,2040,129,總計,45歲,0.00171
4985,2040,129,男性,45歲,0.00237
4986,2040,129,女性,45歲,0.00106
4987,2040,129,總計,46歲,0.00189
4988,2040,129,男性,46歲,0.00263
4989,2040,129,女性,46歲,0.00115
4990,2040,129,總計,47歲,0.00208
4991,2040,129,男性,47歲,0.00291
4992,2040,129,女性,47歲,0.00126
4993,2040,129,總計,48歲,0.00228
4994,2040,129,男性,48歲,0.00321
4995,2040,129,女性,48歲,0.00136
4996,2040,129,總計,49歲,0.00251
4997,2040,129,男性,49歲,0.00355
4998,2040,129,女性,49歲,0.00148
4999,2040,129,總計,50歲,0.00275
5000,2040,129,男性,50歲,0.00391
5001,2040,129,女性,50歲,0.00161
5002,2040,129,總計,51歲,0.00301
5003,2040,129,男性,51歲,0.00431
5004,2040,129,女性,51歲,0.00173
5005,2040,129,總計,52歲,0.00327
5006,2040,129,男性,52歲,0.00472
5007,2040,129,女性,52歲,0.00185
5008,2040,129,總計,53歲,0.00354
5009,2040,129,男性,53歲,0.00514
5010,2040,129,女性,53歲,0.00199
5011,2040,129,總計,54歲,0.00379
5012,2040,129,男性,54歲,0.0055
5013,2040,129,女性,54歲,0.00212
5014,2040,129,總計,55歲,0.00403
5015,2040,129,男性,55歲,0.00587
5016,2040,129,女性,55歲,0.00225
5017,2040,129,總計,56歲,0.0043
5018,2040,129,男性,56歲,0.00627
5019,2040,129,女性,56歲,0.0024
5020,2040,129,總計,57歲,0.00461
5021,2040,129,男性,57歲,0.00673
5022,2040,129,女性,57歲,0.00258
5023,2040,129,總計,58歲,0.00494
5024,2040,129,男性,58歲,0.00721
5025,2040,129,女性,58歲,0.00276
5026,2040,129,總計,59歲,0.00528
5027,2040,129,男性,59歲,0.00771
5028,2040,129,女性,59歲,0.00297
5029,2040,129,總計,60歲,0.00564
5030,2040,129,男性,60歲,0.00822
5031,2040,129,女性,60歲,0.0032
5032,2040,129,總計,61歲,0.00603
5033,2040,129,男性,61歲,0.00876
5034,2040,129,女性,61歲,0.00346
5035,2040,129,總計,62歲,0.00647
5036,2040,129,男性,62歲,0.00937
5037,2040,129,女性,62歲,0.00375
5038,2040,129,總計,63歲,0.00696
5039,2040,129,男性,63歲,0.01005
5040,2040,129,女性,63歲,0.00407
5041,2040,129,總計,64歲,0.00751
5042,2040,129,男性,64歲,0.01081
5043,2040,129,女性,64歲,0.00445
5044,2040,129,總計,65歲,0.00813
5045,2040,129,男性,65歲,0.01165
5046,2040,129,女性,65歲,0.00489
5047,2040,129,總計,66歲,0.00884
5048,2040,129,男性,66歲,0.0126
5049,2040,129,女性,66歲,0.0054
5050,2040,129,總計,67歲,0.00966
5051,2040,129,男性,67歲,0.01371
5052,2040,129,女性,67歲,0.00599
5053,2040,129,總計,68歲,0.01058
5054,2040,129,男性,68歲,0.01493
5055,2040,129,女性,68歲,0.00667
5056,2040,129,總計,69歲,0.01162
5057,2040,129,男性,69歲,0.0163
5058,2040,129,女性,69歲,0.00744
5059,2040,129,總計,70歲,0.01278
5060,2040,129,男性,70歲,0.01781
5061,2040,129,女性,70歲,0.00833
5062,2040,129,總計,71歲,0.01406
5063,2040,129,男性,71歲,0.01947
5064,2040,129,女性,71歲,0.00932
5065,2040,129,總計,72歲,0.01548
5066,2040,129,男性,72歲,0.02131
5067,2040,129,女性,72歲,0.01043
5068,2040,129,總計,73歲,0.01709
5069,2040,129,男性,73歲,0.02341
5070,2040,129,女性,73歲,0.01167
5071,2040,129,總計,74歲,0.01891
5072,2040,129,男性,74歲,0.0258
5073,2040,129,女性,74歲,0.01307
5074,2040,129,總計,75歲,0.02093
5075,2040,129,男性,75歲,0.02846
5076,2040,129,女性,75歲,0.01464
5077,2040,129,總計,76歲,0.02314
5078,2040,129,男性,76歲,0.03137
5079,2040,129,女性,76歲,0.01636
5080,2040,129,總計,77歲,0.02559
5081,2040,129,男性,77歲,0.03457
5082,2040,129,女性,77歲,0.01829
5083,2040,129,總計,78歲,0.02831
5084,2040,129,男性,78歲,0.03812
5085,2040,129,女性,78歲,0.02047
5086,2040,129,總計,79歲,0.0313
5087,2040,129,男性,79歲,0.04201
5088,2040,129,女性,79歲,0.02289
5089,2040,129,總計,80歲,0.03479
5090,2040,129,男性,80歲,0.04621
5091,2040,129,女性,80歲,0.02601
5092,2040,129,總計,81歲,0.03864
5093,2040,129,男性,81歲,0.05081
5094,2040,129,女性,81歲,0.02947
5095,2040,129,總計,82歲,0.04287
5096,2040,129,男性,82歲,0.05583
5097,2040,129,女性,82歲,0.03332
5098,2040,129,總計,83歲,0.04747
5099,2040,129,男性,83歲,0.06122
5100,2040,129,女性,83歲,0.03758
5101,2040,129,總計,84歲,0.05248
5102,2040,129,男性,84歲,0.06702
5103,2040,129,女性,84歲,0.04228
5104,2040,129,總計,85歲,0.05979
5105,2040,129,男性,85歲,0.07478
5106,2040,129,女性,85歲,0.04953
5107,2040,129,總計,86歲,0.06578
5108,2040,129,男性,86歲,0.0816
5109,2040,129,女性,86歲,0.05525
5110,2040,129,總計,87歲,0.07231
5111,2040,129,男性,87歲,0.08897
5112,2040,129,女性,87歲,0.06153
5113,2040,129,總計,88歲,0.0794
5114,2040,129,男性,88歲,0.0969
5115,2040,129,女性,88歲,0.0684
5116,2040,129,總計,89歲,0.0871
5117,2040,129,男性,89歲,0.1054
5118,2040,129,女性,89歲,0.07596
5119,2040,129,總計,90歲,0.09552
5120,2040,129,男性,90歲,0.11455
5121,2040,129,女性,90歲,0.08429
5122,2040,129,總計,91歲,0.10474
5123,2040,129,男性,91歲,0.12443
5124,2040,129,女性,91歲,0.09352
5125,2040,129,總計,92歲,0.11481
5126,2040,129,男性,92歲,0.13503
5127,2040,129,女性,92歲,0.10367
5128,2040,129,總計,93歲,0.12571
5129,2040,129,男性,93歲,0.14633
5130,2040,129,女性,93歲,0.11476
5131,2040,129,總計,94歲,0.13748
5132,2040,129,男性,94歲,0.15833
5133,2040,129,女性,94歲,0.1268
5134,2040,129,總計,95歲,0.15057
5135,2040,129,男性,95歲,0.17132
5136,2040,129,女性,95歲,0.14032
5137,2040,129,總計,96歲,0.16423
5138,2040,129,男性,96歲,0.18467
5139,2040,129,女性,96歲,0.15449
5140,2040,129,總計,97歲,0.17855
5141,2040,129,男性,97歲,0.19853
5142,2040,129,女性,97歲,0.16937
5143,2040,129,總計,98歲,0.19401
5144,2040,129,男性,98歲,0.21321
5145,2040,129,女性,98歲,0.1855
5146,2040,129,總計,99歲,0.21065
5147,2040,129,男性,99歲,0.22873
5148,2040,129,女性,99歲,0.20291
5149,2040,129,總計,100歲及以上,1
5150,2040,129,男性,100歲及以上,1
5151,2040,129,女性,100歲及以上,1
5152,2041,130,總計,0歲,0.00317
5153,2041,130,男性,0歲,0.00339
5154,2041,130,女性,0歲,0.00296
5155,2041,130,總計,1歲,0.00016
5156,2041,130,男性,1歲,0.00017
5157,2041,130,女性,1歲,0.00014
5158,2041,130,總計,2歲,0.0001
5159,2041,130,男性,2歲,0.0001
5160,2041,130,女性,2歲,9E-05
5161,2041,130,總計,3歲,8E-05
5162,2041,130,男性,3歲,9E-05
5163,2041,130,女性,3歲,7E-05
5164,2041,130,總計,4歲,6E-05
5165,2041,130,男性,4歲,7E-05
5166,2041,130,女性,4歲,6E-05
5167,2041,130,總計,5歲,6E-05
5168,2041,130,男性,5歲,6E-05
5169,2041,130,女性,5歲,6E-05
5170,2041,130,總計,6歲,6E-05
5171,2041,130,男性,6歲,6E-05
5172,2041,130,女性,6歲,5E-05
5173,2041,130,總計,7歲,6E-05
5174,2041,130,男性,7歲,6E-05
5175,2041,130,女性,7歲,5E-05
5176,2041,130,總計,8歲,5E-05
5177,2041,130,男性,8歲,5E-05
5178,2041,130,女性,8歲,5E-05
5179,2041,130,總計,9歲,5E-05
5180,2041,130,男性,9歲,5E-05
5181,2041,130,女性,9歲,5E-05
5182,2041,130,總計,10歲,6E-05
5183,2041,130,男性,10歲,6E-05
5184,2041,130,女性,10歲,6E-05
5185,2041,130,總計,11歲,6E-05
5186,2041,130,男性,11歲,6E-05
5187,2041,130,女性,11歲,6E-05
5188,2041,130,總計,12歲,8E-05
5189,2041,130,男性,12歲,8E-05
5190,2041,130,女性,12歲,8E-05
5191,2041,130,總計,13歲,9E-05
5192,2041,130,男性,13歲,0.0001
5193,2041,130,女性,13歲,9E-05
5194,2041,130,總計,14歲,0.00012
5195,2041,130,男性,14歲,0.00014
5196,2041,130,女性,14歲,0.0001
5197,2041,130,總計,15歲,0.00015
5198,2041,130,男性,15歲,0.0002
5199,2041,130,女性,15歲,0.00011
5200,2041,130,總計,16歲,0.00019
5201,2041,130,男性,16歲,0.00026
5202,2041,130,女性,16歲,0.00012
5203,2041,130,總計,17歲,0.00022
5204,2041,130,男性,17歲,0.00031
5205,2041,130,女性,17歲,0.00014
5206,2041,130,總計,18歲,0.00026
5207,2041,130,男性,18歲,0.00036
5208,2041,130,女性,18歲,0.00016
5209,2041,130,總計,19歲,0.00028
5210,2041,130,男性,19歲,0.00038
5211,2041,130,女性,19歲,0.00018
5212,2041,130,總計,20歲,0.00029
5213,2041,130,男性,20歲,0.00039
5214,2041,130,女性,20歲,0.00019
5215,2041,130,總計,21歲,0.0003
5216,2041,130,男性,21歲,0.0004
5217,2041,130,女性,21歲,0.0002
5218,2041,130,總計,22歲,0.0003
5219,2041,130,男性,22歲,0.0004
5220,2041,130,女性,22歲,0.00021
5221,2041,130,總計,23歲,0.00031
5222,2041,130,男性,23歲,0.0004
5223,2041,130,女性,23歲,0.00022
5224,2041,130,總計,24歲,0.00031
5225,2041,130,男性,24歲,0.0004
5226,2041,130,女性,24歲,0.00022
5227,2041,130,總計,25歲,0.00031
5228,2041,130,男性,25歲,0.00039
5229,2041,130,女性,25歲,0.00023
5230,2041,130,總計,26歲,0.00031
5231,2041,130,男性,26歲,0.00038
5232,2041,130,女性,26歲,0.00024
5233,2041,130,總計,27歲,0.00032
5234,2041,130,男性,27歲,0.00039
5235,2041,130,女性,27歲,0.00026
5236,2041,130,總計,28歲,0.00034
5237,2041,130,男性,28歲,0.0004
5238,2041,130,女性,28歲,0.00028
5239,2041,130,總計,29歲,0.00037
5240,2041,130,男性,29歲,0.00043
5241,2041,130,女性,29歲,0.0003
5242,2041,130,總計,30歲,0.0004
5243,2041,130,男性,30歲,0.00047
5244,2041,130,女性,30歲,0.00032
5245,2041,130,總計,31歲,0.00043
5246,2041,130,男性,31歲,0.00052
5247,2041,130,女性,31歲,0.00035
5248,2041,130,總計,32歲,0.00048
5249,2041,130,男性,32歲,0.00057
5250,2041,130,女性,32歲,0.00038
5251,2041,130,總計,33歲,0.00052
5252,2041,130,男性,33歲,0.00063
5253,2041,130,女性,33歲,0.00041
5254,2041,130,總計,34歲,0.00056
5255,2041,130,男性,34歲,0.00069
5256,2041,130,女性,34歲,0.00043
5257,2041,130,總計,35歲,0.00061
5258,2041,130,男性,35歲,0.00076
5259,2041,130,女性,35歲,0.00046
5260,2041,130,總計,36歲,0.00067
5261,2041,130,男性,36歲,0.00085
5262,2041,130,女性,36歲,0.0005
5263,2041,130,總計,37歲,0.00074
5264,2041,130,男性,37歲,0.00095
5265,2041,130,女性,37歲,0.00053
5266,2041,130,總計,38歲,0.00082
5267,2041,130,男性,38歲,0.00106
5268,2041,130,女性,38歲,0.00058
5269,2041,130,總計,39歲,0.0009
5270,2041,130,男性,39歲,0.00118
5271,2041,130,女性,39歲,0.00062
5272,2041,130,總計,40歲,0.001
5273,2041,130,男性,40歲,0.00133
5274,2041,130,女性,40歲,0.00068
5275,2041,130,總計,41歲,0.00111
5276,2041,130,男性,41歲,0.00149
5277,2041,130,女性,41歲,0.00073
5278,2041,130,總計,42歲,0.00123
5279,2041,130,男性,42歲,0.00167
5280,2041,130,女性,42歲,0.0008
5281,2041,130,總計,43歲,0.00137
5282,2041,130,男性,43歲,0.00187
5283,2041,130,女性,43歲,0.00087
5284,2041,130,總計,44歲,0.00152
5285,2041,130,男性,44歲,0.00209
5286,2041,130,女性,44歲,0.00095
5287,2041,130,總計,45歲,0.00168
5288,2041,130,男性,45歲,0.00232
5289,2041,130,女性,45歲,0.00104
5290,2041,130,總計,46歲,0.00186
5291,2041,130,男性,46歲,0.00258
5292,2041,130,女性,46歲,0.00114
5293,2041,130,總計,47歲,0.00204
5294,2041,130,男性,47歲,0.00285
5295,2041,130,女性,47歲,0.00124
5296,2041,130,總計,48歲,0.00224
5297,2041,130,男性,48歲,0.00315
5298,2041,130,女性,48歲,0.00135
5299,2041,130,總計,49歲,0.00247
5300,2041,130,男性,49歲,0.00349
5301,2041,130,女性,49歲,0.00146
5302,2041,130,總計,50歲,0.00271
5303,2041,130,男性,50歲,0.00385
5304,2041,130,女性,50歲,0.00159
5305,2041,130,總計,51歲,0.00297
5306,2041,130,男性,51歲,0.00425
5307,2041,130,女性,51歲,0.00171
5308,2041,130,總計,52歲,0.00323
5309,2041,130,男性,52歲,0.00465
5310,2041,130,女性,52歲,0.00183
5311,2041,130,總計,53歲,0.0035
5312,2041,130,男性,53歲,0.00507
5313,2041,130,女性,53歲,0.00197
5314,2041,130,總計,54歲,0.00374
5315,2041,130,男性,54歲,0.00543
5316,2041,130,女性,54歲,0.0021
5317,2041,130,總計,55歲,0.00398
5318,2041,130,男性,55歲,0.0058
5319,2041,130,女性,55歲,0.00222
5320,2041,130,總計,56歲,0.00425
5321,2041,130,男性,56歲,0.0062
5322,2041,130,女性,56歲,0.00237
5323,2041,130,總計,57歲,0.00456
5324,2041,130,男性,57歲,0.00665
5325,2041,130,女性,57歲,0.00254
5326,2041,130,總計,58歲,0.00488
5327,2041,130,男性,58歲,0.00714
5328,2041,130,女性,58歲,0.00272
5329,2041,130,總計,59歲,0.00522
5330,2041,130,男性,59歲,0.00763
5331,2041,130,女性,59歲,0.00293
5332,2041,130,總計,60歲,0.00558
5333,2041,130,男性,60歲,0.00814
5334,2041,130,女性,60歲,0.00316
5335,2041,130,總計,61歲,0.00597
5336,2041,130,男性,61歲,0.00868
5337,2041,130,女性,61歲,0.00341
5338,2041,130,總計,62歲,0.0064
5339,2041,130,男性,62歲,0.00928
5340,2041,130,女性,62歲,0.0037
5341,2041,130,總計,63歲,0.00688
5342,2041,130,男性,63歲,0.00995
5343,2041,130,女性,63歲,0.00401
5344,2041,130,總計,64歲,0.00743
5345,2041,130,男性,64歲,0.01071
5346,2041,130,女性,64歲,0.00439
5347,2041,130,總計,65歲,0.00804
5348,2041,130,男性,65歲,0.01153
5349,2041,130,女性,65歲,0.00482
5350,2041,130,總計,66歲,0.00874
5351,2041,130,男性,66歲,0.01247
5352,2041,130,女性,66歲,0.00532
5353,2041,130,總計,67歲,0.00955
5354,2041,130,男性,67歲,0.01357
5355,2041,130,女性,67歲,0.0059
5356,2041,130,總計,68歲,0.01046
5357,2041,130,男性,68歲,0.01478
5358,2041,130,女性,68歲,0.00656
5359,2041,130,總計,69歲,0.01149
5360,2041,130,男性,69歲,0.01613
5361,2041,130,女性,69歲,0.00733
5362,2041,130,總計,70歲,0.01263
5363,2041,130,男性,70歲,0.01762
5364,2041,130,女性,70歲,0.0082
5365,2041,130,總計,71歲,0.01389
5366,2041,130,男性,71歲,0.01927
5367,2041,130,女性,71歲,0.00917
5368,2041,130,總計,72歲,0.01529
5369,2041,130,男性,72歲,0.02108
5370,2041,130,女性,72歲,0.01026
5371,2041,130,總計,73歲,0.01688
5372,2041,130,男性,73歲,0.02316
5373,2041,130,女性,73歲,0.01148
5374,2041,130,總計,74歲,0.01868
5375,2041,130,男性,74歲,0.02552
5376,2041,130,女性,74歲,0.01287
5377,2041,130,總計,75歲,0.02068
5378,2041,130,男性,75歲,0.02815
5379,2041,130,女性,75歲,0.01441
5380,2041,130,總計,76歲,0.02286
5381,2041,130,男性,76歲,0.03104
5382,2041,130,女性,76歲,0.0161
5383,2041,130,總計,77歲,0.02528
5384,2041,130,男性,77歲,0.03421
5385,2041,130,女性,77歲,0.01801
5386,2041,130,總計,78歲,0.02797
5387,2041,130,男性,78歲,0.03772
5388,2041,130,女性,78歲,0.02015
5389,2041,130,總計,79歲,0.03092
5390,2041,130,男性,79歲,0.04158
5391,2041,130,女性,79歲,0.02255
5392,2041,130,總計,80歲,0.03438
5393,2041,130,男性,80歲,0.04574
5394,2041,130,女性,80歲,0.02562
5395,2041,130,總計,81歲,0.03819
5396,2041,130,男性,81歲,0.0503
5397,2041,130,女性,81歲,0.02904
5398,2041,130,總計,82歲,0.04237
5399,2041,130,男性,82歲,0.05528
5400,2041,130,女性,82歲,0.03284
5401,2041,130,總計,83歲,0.04693
5402,2041,130,男性,83歲,0.06063
5403,2041,130,女性,83歲,0.03705
5404,2041,130,總計,84歲,0.0519
5405,2041,130,男性,84歲,0.06639
5406,2041,130,女性,84歲,0.0417
5407,2041,130,總計,85歲,0.05913
5408,2041,130,男性,85歲,0.07409
5409,2041,130,女性,85歲,0.04887
5410,2041,130,總計,86歲,0.06507
5411,2041,130,男性,86歲,0.08086
5412,2041,130,女性,86歲,0.05453
5413,2041,130,總計,87歲,0.07155
5414,2041,130,男性,87歲,0.0882
5415,2041,130,女性,87歲,0.06075
5416,2041,130,總計,88歲,0.07859
5417,2041,130,男性,88歲,0.09608
5418,2041,130,女性,88歲,0.06757
5419,2041,130,總計,89歲,0.08624
5420,2041,130,男性,89歲,0.10454
5421,2041,130,女性,89歲,0.07507
5422,2041,130,總計,90歲,0.09461
5423,2041,130,男性,90歲,0.11365
5424,2041,130,女性,90歲,0.08334
5425,2041,130,總計,91歲,0.10378
5426,2041,130,男性,91歲,0.12349
5427,2041,130,女性,91歲,0.09251
5428,2041,130,總計,92歲,0.1138
5429,2041,130,男性,92歲,0.13406
5430,2041,130,女性,92歲,0.10261
5431,2041,130,總計,93歲,0.12466
5432,2041,130,男性,93歲,0.14533
5433,2041,130,女性,93歲,0.11364
5434,2041,130,總計,94歲,0.13639
5435,2041,130,男性,94歲,0.1573
5436,2041,130,女性,94歲,0.12564
5437,2041,130,總計,95歲,0.14945
5438,2041,130,男性,95歲,0.17029
5439,2041,130,女性,95歲,0.13913
5440,2041,130,總計,96歲,0.16308
5441,2041,130,男性,96歲,0.18363
5442,2041,130,女性,96歲,0.15328
5443,2041,130,總計,97歲,0.17738
5444,2041,130,男性,97歲,0.19748
5445,2041,130,女性,97歲,0.16813
5446,2041,130,總計,98歲,0.19284
5447,2041,130,男性,98歲,0.21217
5448,2041,130,女性,98歲,0.18426
5449,2041,130,總計,99歲,0.2095
5450,2041,130,男性,99歲,0.22772
5451,2041,130,女性,99歲,0.20169
5452,2041,130,總計,100歲及以上,1
5453,2041,130,男性,100歲及以上,1
5454,2041,130,女性,100歲及以上,1
5455,2042,131,總計,0歲,0.00314
5456,2042,131,男性,0歲,0.00336
5457,2042,131,女性,0歲,0.00293
5458,2042,131,總計,1歲,0.00015
5459,2042,131,男性,1歲,0.00017
5460,2042,131,女性,1歲,0.00014
5461,2042,131,總計,2歲,9E-05
5462,2042,131,男性,2歲,0.0001
5463,2042,131,女性,2歲,9E-05
5464,2042,131,總計,3歲,7E-05
5465,2042,131,男性,3歲,8E-05
5466,2042,131,女性,3歲,7E-05
5467,2042,131,總計,4歲,6E-05
5468,2042,131,男性,4歲,7E-05
5469,2042,131,女性,4歲,6E-05
5470,2042,131,總計,5歲,6E-05
5471,2042,131,男性,5歲,6E-05
5472,2042,131,女性,5歲,5E-05
5473,2042,131,總計,6歲,6E-05
5474,2042,131,男性,6歲,6E-05
5475,2042,131,女性,6歲,5E-05
5476,2042,131,總計,7歲,5E-05
5477,2042,131,男性,7歲,5E-05
5478,2042,131,女性,7歲,5E-05
5479,2042,131,總計,8歲,5E-05
5480,2042,131,男性,8歲,5E-05
5481,2042,131,女性,8歲,5E-05
5482,2042,131,總計,9歲,5E-05
5483,2042,131,男性,9歲,5E-05
5484,2042,131,女性,9歲,5E-05
5485,2042,131,總計,10歲,5E-05
5486,2042,131,男性,10歲,6E-05
5487,2042,131,女性,10歲,5E-05
5488,2042,131,總計,11歲,6E-05
5489,2042,131,男性,11歲,6E-05
5490,2042,131,女性,11歲,6E-05
5491,2042,131,總計,12歲,7E-05
5492,2042,131,男性,12歲,7E-05
5493,2042,131,女性,12歲,7E-05
5494,2042,131,總計,13歲,9E-05
5495,2042,131,男性,13歲,0.0001
5496,2042,131,女性,13歲,8E-05
5497,2042,131,總計,14歲,0.00012
5498,2042,131,男性,14歲,0.00014
5499,2042,131,女性,14歲,0.0001
5500,2042,131,總計,15歲,0.00015
5501,2042,131,男性,15歲,0.00019
5502,2042,131,女性,15歲,0.00011
5503,2042,131,總計,16歲,0.00019
5504,2042,131,男性,16歲,0.00025
5505,2042,131,女性,16歲,0.00012
5506,2042,131,總計,17歲,0.00022
5507,2042,131,男性,17歲,0.0003
5508,2042,131,女性,17歲,0.00014
5509,2042,131,總計,18歲,0.00025
5510,2042,131,男性,18歲,0.00035
5511,2042,131,女性,18歲,0.00016
5512,2042,131,總計,19歲,0.00027
5513,2042,131,男性,19歲,0.00037
5514,2042,131,女性,19歲,0.00018
5515,2042,131,總計,20歲,0.00028
5516,2042,131,男性,20歲,0.00038
5517,2042,131,女性,20歲,0.00019
5518,2042,131,總計,21歲,0.00029
5519,2042,131,男性,21歲,0.00039
5520,2042,131,女性,21歲,0.0002
5521,2042,131,總計,22歲,0.0003
5522,2042,131,男性,22歲,0.00039
5523,2042,131,女性,22歲,0.0002
5524,2042,131,總計,23歲,0.0003
5525,2042,131,男性,23歲,0.00039
5526,2042,131,女性,23歲,0.00021
5527,2042,131,總計,24歲,0.0003
5528,2042,131,男性,24歲,0.00039
5529,2042,131,女性,24歲,0.00022
5530,2042,131,總計,25歲,0.0003
5531,2042,131,男性,25歲,0.00038
5532,2042,131,女性,25歲,0.00023
5533,2042,131,總計,26歲,0.00031
5534,2042,131,男性,26歲,0.00037
5535,2042,131,女性,26歲,0.00024
5536,2042,131,總計,27歲,0.00032
5537,2042,131,男性,27歲,0.00038
5538,2042,131,女性,27歲,0.00026
5539,2042,131,總計,28歲,0.00033
5540,2042,131,男性,28歲,0.0004
5541,2042,131,女性,28歲,0.00027
5542,2042,131,總計,29歲,0.00036
5543,2042,131,男性,29歲,0.00042
5544,2042,131,女性,29歲,0.00029
5545,2042,131,總計,30歲,0.00039
5546,2042,131,男性,30歲,0.00046
5547,2042,131,女性,30歲,0.00032
5548,2042,131,總計,31歲,0.00043
5549,2042,131,男性,31歲,0.0005
5550,2042,131,女性,31歲,0.00035
5551,2042,131,總計,32歲,0.00047
5552,2042,131,男性,32歲,0.00056
5553,2042,131,女性,32歲,0.00038
5554,2042,131,總計,33歲,0.00051
5555,2042,131,男性,33歲,0.00061
5556,2042,131,女性,33歲,0.0004
5557,2042,131,總計,34歲,0.00055
5558,2042,131,男性,34歲,0.00067
5559,2042,131,女性,34歲,0.00043
5560,2042,131,總計,35歲,0.0006
5561,2042,131,男性,35歲,0.00074
5562,2042,131,女性,35歲,0.00045
5563,2042,131,總計,36歲,0.00066
5564,2042,131,男性,36歲,0.00082
5565,2042,131,女性,36歲,0.00049
5566,2042,131,總計,37歲,0.00072
5567,2042,131,男性,37歲,0.00092
5568,2042,131,女性,37歲,0.00053
5569,2042,131,總計,38歲,0.0008
5570,2042,131,男性,38歲,0.00103
5571,2042,131,女性,38歲,0.00057
5572,2042,131,總計,39歲,0.00088
5573,2042,131,男性,39歲,0.00115
5574,2042,131,女性,39歲,0.00062
5575,2042,131,總計,40歲,0.00098
5576,2042,131,男性,40歲,0.0013
5577,2042,131,女性,40歲,0.00067
5578,2042,131,總計,41歲,0.00109
5579,2042,131,男性,41歲,0.00146
5580,2042,131,女性,41歲,0.00072
5581,2042,131,總計,42歲,0.00121
5582,2042,131,男性,42歲,0.00163
5583,2042,131,女性,42歲,0.00079
5584,2042,131,總計,43歲,0.00134
5585,2042,131,男性,43歲,0.00183
5586,2042,131,女性,43歲,0.00086
5587,2042,131,總計,44歲,0.00149
5588,2042,131,男性,44歲,0.00204
5589,2042,131,女性,44歲,0.00094
5590,2042,131,總計,45歲,0.00165
5591,2042,131,男性,45歲,0.00227
5592,2042,131,女性,45歲,0.00103
5593,2042,131,總計,46歲,0.00182
5594,2042,131,男性,46歲,0.00253
5595,2042,131,女性,46歲,0.00113
5596,2042,131,總計,47歲,0.00201
5597,2042,131,男性,47歲,0.0028
5598,2042,131,女性,47歲,0.00123
5599,2042,131,總計,48歲,0.00221
5600,2042,131,男性,48歲,0.0031
5601,2042,131,女性,48歲,0.00133
5602,2042,131,總計,49歲,0.00243
5603,2042,131,男性,49歲,0.00343
5604,2042,131,女性,49歲,0.00145
5605,2042,131,總計,50歲,0.00267
5606,2042,131,男性,50歲,0.00379
5607,2042,131,女性,50歲,0.00157
5608,2042,131,總計,51歲,0.00293
5609,2042,131,男性,51歲,0.00418
5610,2042,131,女性,51歲,0.00169
5611,2042,131,總計,52歲,0.00318
5612,2042,131,男性,52歲,0.00459
5613,2042,131,女性,52歲,0.00181
5614,2042,131,總計,53歲,0.00345
5615,2042,131,男性,53歲,0.005
5616,2042,131,女性,53歲,0.00194
5617,2042,131,總計,54歲,0.0037
5618,2042,131,男性,54歲,0.00537
5619,2042,131,女性,54歲,0.00207
5620,2042,131,總計,55歲,0.00394
5621,2042,131,男性,55歲,0.00573
5622,2042,131,女性,55歲,0.00219
5623,2042,131,總計,56歲,0.0042
5624,2042,131,男性,56歲,0.00613
5625,2042,131,女性,56歲,0.00234
5626,2042,131,總計,57歲,0.00451
5627,2042,131,男性,57歲,0.00658
5628,2042,131,女性,57歲,0.00251
5629,2042,131,總計,58歲,0.00483
5630,2042,131,男性,58歲,0.00707
5631,2042,131,女性,58歲,0.00269
5632,2042,131,總計,59歲,0.00517
5633,2042,131,男性,59歲,0.00756
5634,2042,131,女性,59歲,0.00289
5635,2042,131,總計,60歲,0.00552
5636,2042,131,男性,60歲,0.00806
5637,2042,131,女性,60歲,0.00311
5638,2042,131,總計,61歲,0.0059
5639,2042,131,男性,61歲,0.00859
5640,2042,131,女性,61歲,0.00337
5641,2042,131,總計,62歲,0.00633
5642,2042,131,男性,62歲,0.00919
5643,2042,131,女性,62歲,0.00364
5644,2042,131,總計,63歲,0.00681
5645,2042,131,男性,63歲,0.00986
5646,2042,131,女性,63歲,0.00396
5647,2042,131,總計,64歲,0.00735
5648,2042,131,男性,64歲,0.0106
5649,2042,131,女性,64歲,0.00432
5650,2042,131,總計,65歲,0.00795
5651,2042,131,男性,65歲,0.01142
5652,2042,131,女性,65歲,0.00474
5653,2042,131,總計,66歲,0.00864
5654,2042,131,男性,66歲,0.01235
5655,2042,131,女性,66歲,0.00524
5656,2042,131,總計,67歲,0.00944
5657,2042,131,男性,67歲,0.01343
5658,2042,131,女性,67歲,0.00581
5659,2042,131,總計,68歲,0.01033
5660,2042,131,男性,68歲,0.01463
5661,2042,131,女性,68歲,0.00646
5662,2042,131,總計,69歲,0.01135
5663,2042,131,男性,69歲,0.01597
5664,2042,131,女性,69歲,0.00721
5665,2042,131,總計,70歲,0.01247
5666,2042,131,男性,70歲,0.01744
5667,2042,131,女性,70歲,0.00807
5668,2042,131,總計,71歲,0.01372
5669,2042,131,男性,71歲,0.01906
5670,2042,131,女性,71歲,0.00903
5671,2042,131,總計,72歲,0.01511
5672,2042,131,男性,72歲,0.02086
5673,2042,131,女性,72歲,0.0101
5674,2042,131,總計,73歲,0.01667
5675,2042,131,男性,73歲,0.02291
5676,2042,131,女性,73歲,0.0113
5677,2042,131,總計,74歲,0.01845
5678,2042,131,男性,74歲,0.02524
5679,2042,131,女性,74歲,0.01267
5680,2042,131,總計,75歲,0.02042
5681,2042,131,男性,75歲,0.02785
5682,2042,131,女性,75歲,0.01418
5683,2042,131,總計,76歲,0.02258
5684,2042,131,男性,76歲,0.0307
5685,2042,131,女性,76歲,0.01585
5686,2042,131,總計,77歲,0.02497
5687,2042,131,男性,77歲,0.03385
5688,2042,131,女性,77歲,0.01773
5689,2042,131,總計,78歲,0.02763
5690,2042,131,男性,78歲,0.03733
5691,2042,131,女性,78歲,0.01985
5692,2042,131,總計,79歲,0.03056
5693,2042,131,男性,79歲,0.04115
5694,2042,131,女性,79歲,0.02221
5695,2042,131,總計,80歲,0.03397
5696,2042,131,男性,80歲,0.04527
5697,2042,131,女性,80歲,0.02524
5698,2042,131,總計,81歲,0.03774
5699,2042,131,男性,81歲,0.0498
5700,2042,131,女性,81歲,0.02862
5701,2042,131,總計,82歲,0.04188
5702,2042,131,男性,82歲,0.05473
5703,2042,131,女性,82歲,0.03237
5704,2042,131,總計,83歲,0.0464
5705,2042,131,男性,83歲,0.06005
5706,2042,131,女性,83歲,0.03653
5707,2042,131,總計,84歲,0.05132
5708,2042,131,男性,84歲,0.06576
5709,2042,131,女性,84歲,0.04113
5710,2042,131,總計,85歲,0.05848
5711,2042,131,男性,85歲,0.07341
5712,2042,131,女性,85歲,0.04822
5713,2042,131,總計,86歲,0.06437
5714,2042,131,男性,86歲,0.08014
5715,2042,131,女性,86歲,0.05383
5716,2042,131,總計,87歲,0.0708
5717,2042,131,男性,87歲,0.08742
5718,2042,131,女性,87歲,0.05999
5719,2042,131,總計,88歲,0.07779
5720,2042,131,男性,88歲,0.09527
5721,2042,131,女性,88歲,0.06675
5722,2042,131,總計,89歲,0.08539
5723,2042,131,男性,89歲,0.10368
5724,2042,131,女性,89歲,0.07419
5725,2042,131,總計,90歲,0.0937
5726,2042,131,男性,90歲,0.11276
5727,2042,131,女性,90歲,0.08241
5728,2042,131,總計,91歲,0.10283
5729,2042,131,男性,91歲,0.12256
5730,2042,131,女性,91歲,0.09151
5731,2042,131,總計,92歲,0.11279
5732,2042,131,男性,92歲,0.13309
5733,2042,131,女性,92歲,0.10156
5734,2042,131,總計,93歲,0.12361
5735,2042,131,男性,93歲,0.14433
5736,2042,131,女性,93歲,0.11254
5737,2042,131,總計,94歲,0.1353
5738,2042,131,男性,94歲,0.15628
5739,2042,131,女性,94歲,0.12449
5740,2042,131,總計,95歲,0.14833
5741,2042,131,男性,95歲,0.16926
5742,2042,131,女性,95歲,0.13795
5743,2042,131,總計,96歲,0.16195
5744,2042,131,男性,96歲,0.18259
5745,2042,131,女性,96歲,0.15207
5746,2042,131,總計,97歲,0.17622
5747,2042,131,男性,97歲,0.19644
5748,2042,131,女性,97歲,0.1669
5749,2042,131,總計,98歲,0.19168
5750,2042,131,男性,98歲,0.21114
5751,2042,131,女性,98歲,0.18302
5752,2042,131,總計,99歲,0.20836
5753,2042,131,男性,99歲,0.22671
5754,2042,131,女性,99歲,0.20048
5755,2042,131,總計,100歲及以上,1
5756,2042,131,男性,100歲及以上,1
5757,2042,131,女性,100歲及以上,1
5758,2043,132,總計,0歲,0.00312
5759,2043,132,男性,0歲,0.00333
5760,2043,132,女性,0歲,0.00291
5761,2043,132,總計,1歲,0.00015
5762,2043,132,男性,1歲,0.00016
5763,2043,132,女性,1歲,0.00014
5764,2043,132,總計,2歲,9E-05
5765,2043,132,男性,2歲,0.0001
5766,2043,132,女性,2歲,8E-05
5767,2043,132,總計,3歲,7E-05
5768,2043,132,男性,3歲,8E-05
5769,2043,132,女性,3歲,6E-05
5770,2043,132,總計,4歲,6E-05
5771,2043,132,男性,4歲,7E-05
5772,2043,132,女性,4歲,6E-05
5773,2043,132,總計,5歲,6E-05
5774,2043,132,男性,5歲,6E-05
5775,2043,132,女性,5歲,5E-05
5776,2043,132,總計,6歲,5E-05
5777,2043,132,男性,6歲,6E-05
5778,2043,132,女性,6歲,5E-05
5779,2043,132,總計,7歲,5E-05
5780,2043,132,男性,7歲,5E-05
5781,2043,132,女性,7歲,5E-05
5782,2043,132,總計,8歲,5E-05
5783,2043,132,男性,8歲,5E-05
5784,2043,132,女性,8歲,5E-05
5785,2043,132,總計,9歲,5E-05
5786,2043,132,男性,9歲,5E-05
5787,2043,132,女性,9歲,5E-05
5788,2043,132,總計,10歲,5E-05
5789,2043,132,男性,10歲,5E-05
5790,2043,132,女性,10歲,5E-05
5791,2043,132,總計,11歲,6E-05
5792,2043,132,男性,11歲,6E-05
5793,2043,132,女性,11歲,6E-05
5794,2043,132,總計,12歲,7E-05
5795,2043,132,男性,12歲,7E-05
5796,2043,132,女性,12歲,7E-05
5797,2043,132,總計,13歲,9E-05
5798,2043,132,男性,13歲,0.0001
5799,2043,132,女性,13歲,8E-05
5800,2043,132,總計,14歲,0.00012
5801,2043,132,男性,14歲,0.00014
5802,2043,132,女性,14歲,9E-05
5803,2043,132,總計,15歲,0.00015
5804,2043,132,男性,15歲,0.00019
5805,2043,132,女性,15歲,0.00011
5806,2043,132,總計,16歲,0.00018
5807,2043,132,男性,16歲,0.00024
5808,2043,132,女性,16歲,0.00012
5809,2043,132,總計,17歲,0.00022
5810,2043,132,男性,17歲,0.00029
5811,2043,132,女性,17歲,0.00014
5812,2043,132,總計,18歲,0.00025
5813,2043,132,男性,18歲,0.00034
5814,2043,132,女性,18歲,0.00016
5815,2043,132,總計,19歲,0.00027
5816,2043,132,男性,19歲,0.00036
5817,2043,132,女性,19歲,0.00018
5818,2043,132,總計,20歲,0.00028
5819,2043,132,男性,20歲,0.00037
5820,2043,132,女性,20歲,0.00018
5821,2043,132,總計,21歲,0.00029
5822,2043,132,男性,21歲,0.00038
5823,2043,132,女性,21歲,0.00019
5824,2043,132,總計,22歲,0.00029
5825,2043,132,男性,22歲,0.00038
5826,2043,132,女性,22歲,0.0002
5827,2043,132,總計,23歲,0.0003
5828,2043,132,男性,23歲,0.00038
5829,2043,132,女性,23歲,0.00021
5830,2043,132,總計,24歲,0.0003
5831,2043,132,男性,24歲,0.00038
5832,2043,132,女性,24歲,0.00022
5833,2043,132,總計,25歲,0.0003
5834,2043,132,男性,25歲,0.00037
5835,2043,132,女性,25歲,0.00023
5836,2043,132,總計,26歲,0.0003
5837,2043,132,男性,26歲,0.00036
5838,2043,132,女性,26歲,0.00024
5839,2043,132,總計,27歲,0.00031
5840,2043,132,男性,27歲,0.00037
5841,2043,132,女性,27歲,0.00026
5842,2043,132,總計,28歲,0.00033
5843,2043,132,男性,28歲,0.00039
5844,2043,132,女性,28歲,0.00027
5845,2043,132,總計,29歲,0.00035
5846,2043,132,男性,29歲,0.00041
5847,2043,132,女性,29歲,0.00029
5848,2043,132,總計,30歲,0.00038
5849,2043,132,男性,30歲,0.00045
5850,2043,132,女性,30歲,0.00032
5851,2043,132,總計,31歲,0.00042
5852,2043,132,男性,31歲,0.00049
5853,2043,132,女性,31歲,0.00034
5854,2043,132,總計,32歲,0.00046
5855,2043,132,男性,32歲,0.00054
5856,2043,132,女性,32歲,0.00037
5857,2043,132,總計,33歲,0.0005
5858,2043,132,男性,33歲,0.0006
5859,2043,132,女性,33歲,0.0004
5860,2043,132,總計,34歲,0.00054
5861,2043,132,男性,34歲,0.00065
5862,2043,132,女性,34歲,0.00042
5863,2043,132,總計,35歲,0.00059
5864,2043,132,男性,35歲,0.00072
5865,2043,132,女性,35歲,0.00045
5866,2043,132,總計,36歲,0.00064
5867,2043,132,男性,36歲,0.0008
5868,2043,132,女性,36歲,0.00048
5869,2043,132,總計,37歲,0.00071
5870,2043,132,男性,37歲,0.0009
5871,2043,132,女性,37歲,0.00052
5872,2043,132,總計,38歲,0.00078
5873,2043,132,男性,38歲,0.001
5874,2043,132,女性,38歲,0.00056
5875,2043,132,總計,39歲,0.00087
5876,2043,132,男性,39歲,0.00112
5877,2043,132,女性,39歲,0.00061
5878,2043,132,總計,40歲,0.00096
5879,2043,132,男性,40歲,0.00126
5880,2043,132,女性,40歲,0.00066
5881,2043,132,總計,41歲,0.00107
5882,2043,132,男性,41歲,0.00142
5883,2043,132,女性,41歲,0.00071
5884,2043,132,總計,42歲,0.00118
5885,2043,132,男性,42歲,0.00159
5886,2043,132,女性,42歲,0.00078
5887,2043,132,總計,43歲,0.00132
5888,2043,132,男性,43歲,0.00178
5889,2043,132,女性,43歲,0.00085
5890,2043,132,總計,44歲,0.00146
5891,2043,132,男性,44歲,0.002
5892,2043,132,女性,44歲,0.00093
5893,2043,132,總計,45歲,0.00162
5894,2043,132,男性,45歲,0.00223
5895,2043,132,女性,45歲,0.00102
5896,2043,132,總計,46歲,0.00179
5897,2043,132,男性,46歲,0.00248
5898,2043,132,女性,46歲,0.00111
5899,2043,132,總計,47歲,0.00198
5900,2043,132,男性,47歲,0.00275
5901,2043,132,女性,47歲,0.00121
5902,2043,132,總計,48歲,0.00217
5903,2043,132,男性,48歲,0.00304
5904,2043,132,女性,48歲,0.00132
5905,2043,132,總計,49歲,0.0024
5906,2043,132,男性,49歲,0.00338
5907,2043,132,女性,49歲,0.00143
5908,2043,132,總計,50歲,0.00263
5909,2043,132,男性,50歲,0.00373
5910,2043,132,女性,50歲,0.00155
5911,2043,132,總計,51歲,0.00289
5912,2043,132,男性,51歲,0.00412
5913,2043,132,女性,51歲,0.00167
5914,2043,132,總計,52歲,0.00314
5915,2043,132,男性,52歲,0.00453
5916,2043,132,女性,52歲,0.00179
5917,2043,132,總計,53歲,0.00341
5918,2043,132,男性,53歲,0.00494
5919,2043,132,女性,53歲,0.00192
5920,2043,132,總計,54歲,0.00365
5921,2043,132,男性,54歲,0.0053
5922,2043,132,女性,54歲,0.00205
5923,2043,132,總計,55歲,0.00389
5924,2043,132,男性,55歲,0.00567
5925,2043,132,女性,55歲,0.00217
5926,2043,132,總計,56歲,0.00415
5927,2043,132,男性,56歲,0.00606
5928,2043,132,女性,56歲,0.00231
5929,2043,132,總計,57歲,0.00446
5930,2043,132,男性,57歲,0.00651
5931,2043,132,女性,57歲,0.00248
5932,2043,132,總計,58歲,0.00478
5933,2043,132,男性,58歲,0.00699
5934,2043,132,女性,58歲,0.00265
5935,2043,132,總計,59歲,0.00511
5936,2043,132,男性,59歲,0.00748
5937,2043,132,女性,59歲,0.00285
5938,2043,132,總計,60歲,0.00546
5939,2043,132,男性,60歲,0.00798
5940,2043,132,女性,60歲,0.00307
5941,2043,132,總計,61歲,0.00584
5942,2043,132,男性,61歲,0.00851
5943,2043,132,女性,61歲,0.00332
5944,2043,132,總計,62歲,0.00626
5945,2043,132,男性,62歲,0.0091
5946,2043,132,女性,62歲,0.00359
5947,2043,132,總計,63歲,0.00673
5948,2043,132,男性,63歲,0.00976
5949,2043,132,女性,63歲,0.0039
5950,2043,132,總計,64歲,0.00726
5951,2043,132,男性,64歲,0.0105
5952,2043,132,女性,64歲,0.00426
5953,2043,132,總計,65歲,0.00786
5954,2043,132,男性,65歲,0.0113
5955,2043,132,女性,65歲,0.00467
5956,2043,132,總計,66歲,0.00854
5957,2043,132,男性,66歲,0.01222
5958,2043,132,女性,66歲,0.00516
5959,2043,132,總計,67歲,0.00933
5960,2043,132,男性,67歲,0.01329
5961,2043,132,女性,67歲,0.00572
5962,2043,132,總計,68歲,0.01021
5963,2043,132,男性,68歲,0.01447
5964,2043,132,女性,68歲,0.00636
5965,2043,132,總計,69歲,0.01121
5966,2043,132,男性,69歲,0.0158
5967,2043,132,女性,69歲,0.0071
5968,2043,132,總計,70歲,0.01232
5969,2043,132,男性,70歲,0.01725
5970,2043,132,女性,70歲,0.00794
5971,2043,132,總計,71歲,0.01356
5972,2043,132,男性,71歲,0.01886
5973,2043,132,女性,71歲,0.00889
5974,2043,132,總計,72歲,0.01492
5975,2043,132,男性,72歲,0.02063
5976,2043,132,女性,72歲,0.00994
5977,2043,132,總計,73歲,0.01647
5978,2043,132,男性,73歲,0.02267
5979,2043,132,女性,73歲,0.01112
5980,2043,132,總計,74歲,0.01822
5981,2043,132,男性,74歲,0.02497
5982,2043,132,女性,74歲,0.01247
5983,2043,132,總計,75歲,0.02017
5984,2043,132,男性,75歲,0.02755
5985,2043,132,女性,75歲,0.01396
5986,2043,132,總計,76歲,0.0223
5987,2043,132,男性,76歲,0.03038
5988,2043,132,女性,76歲,0.0156
5989,2043,132,總計,77歲,0.02467
5990,2043,132,男性,77歲,0.03349
5991,2043,132,女性,77歲,0.01746
5992,2043,132,總計,78歲,0.0273
5993,2043,132,男性,78歲,0.03694
5994,2043,132,女性,78歲,0.01954
5995,2043,132,總計,79歲,0.03019
5996,2043,132,男性,79歲,0.04072
5997,2043,132,女性,79歲,0.02187
5998,2043,132,總計,80歲,0.03357
5999,2043,132,男性,80歲,0.04481
6000,2043,132,女性,80歲,0.02486
6001,2043,132,總計,81歲,0.0373
6002,2043,132,男性,81歲,0.0493
6003,2043,132,女性,81歲,0.0282
6004,2043,132,總計,82歲,0.0414
6005,2043,132,男性,82歲,0.05419
6006,2043,132,女性,82歲,0.03191
6007,2043,132,總計,83歲,0.04587
6008,2043,132,男性,83歲,0.05947
6009,2043,132,女性,83歲,0.03602
6010,2043,132,總計,84歲,0.05074
6011,2043,132,男性,84歲,0.06514
6012,2043,132,女性,84歲,0.04056
6013,2043,132,總計,85歲,0.05784
6014,2043,132,男性,85歲,0.07273
6015,2043,132,女性,85歲,0.04758
6016,2043,132,總計,86歲,0.06368
6017,2043,132,男性,86歲,0.07941
6018,2043,132,女性,86歲,0.05313
6019,2043,132,總計,87歲,0.07006
6020,2043,132,男性,87歲,0.08666
6021,2043,132,女性,87歲,0.05923
6022,2043,132,總計,88歲,0.077
6023,2043,132,男性,88歲,0.09446
6024,2043,132,女性,88歲,0.06594
6025,2043,132,總計,89歲,0.08455
6026,2043,132,男性,89歲,0.10283
6027,2043,132,女性,89歲,0.07332
6028,2043,132,總計,90歲,0.09281
6029,2043,132,男性,90歲,0.11187
6030,2043,132,女性,90歲,0.08148
6031,2043,132,總計,91歲,0.10188
6032,2043,132,男性,91歲,0.12164
6033,2043,132,女性,91歲,0.09053
6034,2043,132,總計,92歲,0.1118
6035,2043,132,男性,92歲,0.13213
6036,2043,132,女性,92歲,0.10051
6037,2043,132,總計,93歲,0.12257
6038,2043,132,男性,93歲,0.14334
6039,2043,132,女性,93歲,0.11144
6040,2043,132,總計,94歲,0.13421
6041,2043,132,男性,94歲,0.15527
6042,2043,132,女性,94歲,0.12334
6043,2043,132,總計,95歲,0.14723
6044,2043,132,男性,95歲,0.16824
6045,2043,132,女性,95歲,0.13678
6046,2043,132,總計,96歲,0.16082
6047,2043,132,男性,96歲,0.18156
6048,2043,132,女性,96歲,0.15087
6049,2043,132,總計,97歲,0.17507
6050,2043,132,男性,97歲,0.19539
6051,2043,132,女性,97歲,0.16567
6052,2043,132,總計,98歲,0.19052
6053,2043,132,男性,98歲,0.2101
6054,2043,132,女性,98歲,0.18179
6055,2043,132,總計,99歲,0.20722
6056,2043,132,男性,99歲,0.2257
6057,2043,132,女性,99歲,0.19927
6058,2043,132,總計,100歲及以上,1
6059,2043,132,男性,100歲及以上,1
6060,2043,132,女性,100歲及以上,1
6061,2044,133,總計,0歲,0.00309
6062,2044,133,男性,0歲,0.0033
6063,2044,133,女性,0歲,0.00288
6064,2044,133,總計,1歲,0.00015
6065,2044,133,男性,1歲,0.00016
6066,2044,133,女性,1歲,0.00013
6067,2044,133,總計,2歲,9E-05
6068,2044,133,男性,2歲,9E-05
6069,2044,133,女性,2歲,8E-05
6070,2044,133,總計,3歲,7E-05
6071,2044,133,男性,3歲,8E-05
6072,2044,133,女性,3歲,6E-05
6073,2044,133,總計,4歲,6E-05
6074,2044,133,男性,4歲,6E-05
6075,2044,133,女性,4歲,5E-05
6076,2044,133,總計,5歲,6E-05
6077,2044,133,男性,5歲,6E-05
6078,2044,133,女性,5歲,5E-05
6079,2044,133,總計,6歲,5E-05
6080,2044,133,男性,6歲,6E-05
6081,2044,133,女性,6歲,5E-05
6082,2044,133,總計,7歲,5E-05
6083,2044,133,男性,7歲,5E-05
6084,2044,133,女性,7歲,5E-05
6085,2044,133,總計,8歲,5E-05
6086,2044,133,男性,8歲,5E-05
6087,2044,133,女性,8歲,5E-05
6088,2044,133,總計,9歲,5E-05
6089,2044,133,男性,9歲,5E-05
6090,2044,133,女性,9歲,5E-05
6091,2044,133,總計,10歲,5E-05
6092,2044,133,男性,10歲,5E-05
6093,2044,133,女性,10歲,5E-05
6094,2044,133,總計,11歲,6E-05
6095,2044,133,男性,11歲,6E-05
6096,2044,133,女性,11歲,6E-05
6097,2044,133,總計,12歲,7E-05
6098,2044,133,男性,12歲,7E-05
6099,2044,133,女性,12歲,7E-05
6100,2044,133,總計,13歲,9E-05
6101,2044,133,男性,13歲,9E-05
6102,2044,133,女性,13歲,8E-05
6103,2044,133,總計,14歲,0.00011
6104,2044,133,男性,14歲,0.00013
6105,2044,133,女性,14歲,9E-05
6106,2044,133,總計,15歲,0.00014
6107,2044,133,男性,15歲,0.00019
6108,2044,133,女性,15歲,0.0001
6109,2044,133,總計,16歲,0.00018
6110,2044,133,男性,16歲,0.00024
6111,2044,133,女性,16歲,0.00012
6112,2044,133,總計,17歲,0.00021
6113,2044,133,男性,17歲,0.00029
6114,2044,133,女性,17歲,0.00014
6115,2044,133,總計,18歲,0.00024
6116,2044,133,男性,18歲,0.00033
6117,2044,133,女性,18歲,0.00016
6118,2044,133,總計,19歲,0.00026
6119,2044,133,男性,19歲,0.00035
6120,2044,133,女性,19歲,0.00017
6121,2044,133,總計,20歲,0.00027
6122,2044,133,男性,20歲,0.00036
6123,2044,133,女性,20歲,0.00018
6124,2044,133,總計,21歲,0.00028
6125,2044,133,男性,21歲,0.00037
6126,2044,133,女性,21歲,0.00019
6127,2044,133,總計,22歲,0.00029
6128,2044,133,男性,22歲,0.00037
6129,2044,133,女性,22歲,0.0002
6130,2044,133,總計,23歲,0.00029
6131,2044,133,男性,23歲,0.00037
6132,2044,133,女性,23歲,0.00021
6133,2044,133,總計,24歲,0.00029
6134,2044,133,男性,24歲,0.00037
6135,2044,133,女性,24歲,0.00022
6136,2044,133,總計,25歲,0.00029
6137,2044,133,男性,25歲,0.00036
6138,2044,133,女性,25歲,0.00022
6139,2044,133,總計,26歲,0.00029
6140,2044,133,男性,26歲,0.00035
6141,2044,133,女性,26歲,0.00023
6142,2044,133,總計,27歲,0.00031
6143,2044,133,男性,27歲,0.00036
6144,2044,133,女性,27歲,0.00025
6145,2044,133,總計,28歲,0.00032
6146,2044,133,男性,28歲,0.00038
6147,2044,133,女性,28歲,0.00027
6148,2044,133,總計,29歲,0.00035
6149,2044,133,男性,29歲,0.0004
6150,2044,133,女性,29歲,0.00029
6151,2044,133,總計,30歲,0.00038
6152,2044,133,男性,30歲,0.00044
6153,2044,133,女性,30歲,0.00031
6154,2044,133,總計,31歲,0.00041
6155,2044,133,男性,31歲,0.00048
6156,2044,133,女性,31歲,0.00034
6157,2044,133,總計,32歲,0.00045
6158,2044,133,男性,32歲,0.00053
6159,2044,133,女性,32歲,0.00037
6160,2044,133,總計,33歲,0.00049
6161,2044,133,男性,33歲,0.00058
6162,2044,133,女性,33歲,0.00039
6163,2044,133,總計,34歲,0.00053
6164,2044,133,男性,34歲,0.00064
6165,2044,133,女性,34歲,0.00042
6166,2044,133,總計,35歲,0.00057
6167,2044,133,男性,35歲,0.0007
6168,2044,133,女性,35歲,0.00044
6169,2044,133,總計,36歲,0.00063
6170,2044,133,男性,36歲,0.00078
6171,2044,133,女性,36歲,0.00048
6172,2044,133,總計,37歲,0.00069
6173,2044,133,男性,37歲,0.00087
6174,2044,133,女性,37歲,0.00051
6175,2044,133,總計,38歲,0.00077
6176,2044,133,男性,38歲,0.00098
6177,2044,133,女性,38歲,0.00055
6178,2044,133,總計,39歲,0.00085
6179,2044,133,男性,39歲,0.0011
6180,2044,133,女性,39歲,0.0006
6181,2044,133,總計,40歲,0.00094
6182,2044,133,男性,40歲,0.00123
6183,2044,133,女性,40歲,0.00065
6184,2044,133,總計,41歲,0.00105
6185,2044,133,男性,41歲,0.00139
6186,2044,133,女性,41歲,0.00071
6187,2044,133,總計,42歲,0.00116
6188,2044,133,男性,42歲,0.00155
6189,2044,133,女性,42歲,0.00077
6190,2044,133,總計,43歲,0.00129
6191,2044,133,男性,43歲,0.00174
6192,2044,133,女性,43歲,0.00084
6193,2044,133,總計,44歲,0.00143
6194,2044,133,男性,44歲,0.00195
6195,2044,133,女性,44歲,0.00092
6196,2044,133,總計,45歲,0.00159
6197,2044,133,男性,45歲,0.00218
6198,2044,133,女性,45歲,0.00101
6199,2044,133,總計,46歲,0.00176
6200,2044,133,男性,46歲,0.00243
6201,2044,133,女性,46歲,0.0011
6202,2044,133,總計,47歲,0.00194
6203,2044,133,男性,47歲,0.0027
6204,2044,133,女性,47歲,0.0012
6205,2044,133,總計,48歲,0.00214
6206,2044,133,男性,48歲,0.00299
6207,2044,133,女性,48歲,0.0013
6208,2044,133,總計,49歲,0.00236
6209,2044,133,男性,49歲,0.00332
6210,2044,133,女性,49歲,0.00141
6211,2044,133,總計,50歲,0.00259
6212,2044,133,男性,50歲,0.00367
6213,2044,133,女性,50歲,0.00153
6214,2044,133,總計,51歲,0.00285
6215,2044,133,男性,51歲,0.00406
6216,2044,133,女性,51歲,0.00165
6217,2044,133,總計,52歲,0.0031
6218,2044,133,男性,52歲,0.00446
6219,2044,133,女性,52歲,0.00176
6220,2044,133,總計,53歲,0.00337
6221,2044,133,男性,53歲,0.00488
6222,2044,133,女性,53歲,0.0019
6223,2044,133,總計,54歲,0.00361
6224,2044,133,男性,54歲,0.00523
6225,2044,133,女性,54歲,0.00202
6226,2044,133,總計,55歲,0.00384
6227,2044,133,男性,55歲,0.0056
6228,2044,133,女性,55歲,0.00214
6229,2044,133,總計,56歲,0.00411
6230,2044,133,男性,56歲,0.00599
6231,2044,133,女性,56歲,0.00228
6232,2044,133,總計,57歲,0.00441
6233,2044,133,男性,57歲,0.00645
6234,2044,133,女性,57歲,0.00244
6235,2044,133,總計,58歲,0.00472
6236,2044,133,男性,58歲,0.00692
6237,2044,133,女性,58歲,0.00262
6238,2044,133,總計,59歲,0.00505
6239,2044,133,男性,59歲,0.00741
6240,2044,133,女性,59歲,0.00281
6241,2044,133,總計,60歲,0.0054
6242,2044,133,男性,60歲,0.00791
6243,2044,133,女性,60歲,0.00303
6244,2044,133,總計,61歲,0.00578
6245,2044,133,男性,61歲,0.00843
6246,2044,133,女性,61歲,0.00327
6247,2044,133,總計,62歲,0.00619
6248,2044,133,男性,62歲,0.00901
6249,2044,133,女性,62歲,0.00354
6250,2044,133,總計,63歲,0.00666
6251,2044,133,男性,63歲,0.00966
6252,2044,133,女性,63歲,0.00384
6253,2044,133,總計,64歲,0.00718
6254,2044,133,男性,64歲,0.01039
6255,2044,133,女性,64歲,0.0042
6256,2044,133,總計,65歲,0.00777
6257,2044,133,男性,65歲,0.01119
6258,2044,133,女性,65歲,0.0046
6259,2044,133,總計,66歲,0.00844
6260,2044,133,男性,66歲,0.0121
6261,2044,133,女性,66歲,0.00508
6262,2044,133,總計,67歲,0.00922
6263,2044,133,男性,67歲,0.01316
6264,2044,133,女性,67歲,0.00563
6265,2044,133,總計,68歲,0.01009
6266,2044,133,男性,68歲,0.01433
6267,2044,133,女性,68歲,0.00626
6268,2044,133,總計,69歲,0.01108
6269,2044,133,男性,69歲,0.01564
6270,2044,133,女性,69歲,0.00699
6271,2044,133,總計,70歲,0.01218
6272,2044,133,男性,70歲,0.01707
6273,2044,133,女性,70歲,0.00782
6274,2044,133,總計,71歲,0.01339
6275,2044,133,男性,71歲,0.01866
6276,2044,133,女性,71歲,0.00875
6277,2044,133,總計,72歲,0.01474
6278,2044,133,男性,72歲,0.02041
6279,2044,133,女性,72歲,0.00979
6280,2044,133,總計,73歲,0.01627
6281,2044,133,男性,73歲,0.02242
6282,2044,133,女性,73歲,0.01095
6283,2044,133,總計,74歲,0.018
6284,2044,133,男性,74歲,0.0247
6285,2044,133,女性,74歲,0.01227
6286,2044,133,總計,75歲,0.01992
6287,2044,133,男性,75歲,0.02726
6288,2044,133,女性,75歲,0.01374
6289,2044,133,總計,76歲,0.02203
6290,2044,133,男性,76歲,0.03005
6291,2044,133,女性,76歲,0.01536
6292,2044,133,總計,77歲,0.02437
6293,2044,133,男性,77歲,0.03313
6294,2044,133,女性,77歲,0.01719
6295,2044,133,總計,78歲,0.02697
6296,2044,133,男性,78歲,0.03655
6297,2044,133,女性,78歲,0.01924
6298,2044,133,總計,79歲,0.02983
6299,2044,133,男性,79歲,0.04031
6300,2044,133,女性,79歲,0.02154
6301,2044,133,總計,80歲,0.03317
6302,2044,133,男性,80歲,0.04436
6303,2044,133,女性,80歲,0.02449
6304,2044,133,總計,81歲,0.03687
6305,2044,133,男性,81歲,0.04881
6306,2044,133,女性,81歲,0.02779
6307,2044,133,總計,82歲,0.04092
6308,2044,133,男性,82歲,0.05366
6309,2044,133,女性,82歲,0.03145
6310,2044,133,總計,83歲,0.04535
6311,2044,133,男性,83歲,0.05889
6312,2044,133,女性,83歲,0.03551
6313,2044,133,總計,84歲,0.05018
6314,2044,133,男性,84歲,0.06452
6315,2044,133,女性,84歲,0.04
6316,2044,133,總計,85歲,0.0572
6317,2044,133,男性,85歲,0.07206
6318,2044,133,女性,85歲,0.04694
6319,2044,133,總計,86歲,0.063
6320,2044,133,男性,86歲,0.0787
6321,2044,133,女性,86歲,0.05244
6322,2044,133,總計,87歲,0.06933
6323,2044,133,男性,87歲,0.0859
6324,2044,133,女性,87歲,0.05849
6325,2044,133,總計,88歲,0.07621
6326,2044,133,男性,88歲,0.09366
6327,2044,133,女性,88歲,0.06513
6328,2044,133,總計,89歲,0.08371
6329,2044,133,男性,89歲,0.10199
6330,2044,133,女性,89歲,0.07246
6331,2044,133,總計,90歲,0.09192
6332,2044,133,男性,90歲,0.11099
6333,2044,133,女性,90歲,0.08056
6334,2044,133,總計,91歲,0.10095
6335,2044,133,男性,91歲,0.12072
6336,2044,133,女性,91歲,0.08955
6337,2044,133,總計,92歲,0.11082
6338,2044,133,男性,92歲,0.13118
6339,2044,133,女性,92歲,0.09948
6340,2044,133,總計,93歲,0.12154
6341,2044,133,男性,93歲,0.14236
6342,2044,133,女性,93歲,0.11035
6343,2044,133,總計,94歲,0.13314
6344,2044,133,男性,94歲,0.15426
6345,2044,133,女性,94歲,0.1222
6346,2044,133,總計,95歲,0.14613
6347,2044,133,男性,95歲,0.16722
6348,2044,133,女性,95歲,0.13561
6349,2044,133,總計,96歲,0.1597
6350,2044,133,男性,96歲,0.18053
6351,2044,133,女性,96歲,0.14968
6352,2044,133,總計,97歲,0.17392
6353,2044,133,男性,97歲,0.19436
6354,2044,133,女性,97歲,0.16445
6355,2044,133,總計,98歲,0.18937
6356,2044,133,男性,98歲,0.20907
6357,2044,133,女性,98歲,0.18056
6358,2044,133,總計,99歲,0.20609
6359,2044,133,男性,99歲,0.2247
6360,2044,133,女性,99歲,0.19806
6361,2044,133,總計,100歲及以上,1
6362,2044,133,男性,100歲及以上,1
6363,2044,133,女性,100歲及以上,1
6364,2045,134,總計,0歲,0.00306
6365,2045,134,男性,0歲,0.00327
6366,2045,134,女性,0歲,0.00286
6367,2045,134,總計,1歲,0.00014
6368,2045,134,男性,1歲,0.00015
6369,2045,134,女性,1歲,0.00013
6370,2045,134,總計,2歲,9E-05
6371,2045,134,男性,2歲,9E-05
6372,2045,134,女性,2歲,8E-05
6373,2045,134,總計,3歲,7E-05
6374,2045,134,男性,3歲,8E-05
6375,2045,134,女性,3歲,6E-05
6376,2045,134,總計,4歲,6E-05
6377,2045,134,男性,4歲,6E-05
6378,2045,134,女性,4歲,5E-05
6379,2045,134,總計,5歲,5E-05
6380,2045,134,男性,5歲,6E-05
6381,2045,134,女性,5歲,5E-05
6382,2045,134,總計,6歲,5E-05
6383,2045,134,男性,6歲,5E-05
6384,2045,134,女性,6歲,5E-05
6385,2045,134,總計,7歲,5E-05
6386,2045,134,男性,7歲,5E-05
6387,2045,134,女性,7歲,5E-05
6388,2045,134,總計,8歲,5E-05
6389,2045,134,男性,8歲,5E-05
6390,2045,134,女性,8歲,5E-05
6391,2045,134,總計,9歲,5E-05
6392,2045,134,男性,9歲,5E-05
6393,2045,134,女性,9歲,5E-05
6394,2045,134,總計,10歲,5E-05
6395,2045,134,男性,10歲,5E-05
6396,2045,134,女性,10歲,5E-05
6397,2045,134,總計,11歲,6E-05
6398,2045,134,男性,11歲,6E-05
6399,2045,134,女性,11歲,6E-05
6400,2045,134,總計,12歲,7E-05
6401,2045,134,男性,12歲,7E-05
6402,2045,134,女性,12歲,7E-05
6403,2045,134,總計,13歲,9E-05
6404,2045,134,男性,13歲,9E-05
6405,2045,134,女性,13歲,8E-05
6406,2045,134,總計,14歲,0.00011
6407,2045,134,男性,14歲,0.00013
6408,2045,134,女性,14歲,9E-05
6409,2045,134,總計,15歲,0.00014
6410,2045,134,男性,15歲,0.00018
6411,2045,134,女性,15歲,0.0001
6412,2045,134,總計,16歲,0.00017
6413,2045,134,男性,16歲,0.00023
6414,2045,134,女性,16歲,0.00012
6415,2045,134,總計,17歲,0.00021
6416,2045,134,男性,17歲,0.00028
6417,2045,134,女性,17歲,0.00014
6418,2045,134,總計,18歲,0.00024
6419,2045,134,男性,18歲,0.00033
6420,2045,134,女性,18歲,0.00015
6421,2045,134,總計,19歲,0.00026
6422,2045,134,男性,19歲,0.00035
6423,2045,134,女性,19歲,0.00017
6424,2045,134,總計,20歲,0.00027
6425,2045,134,男性,20歲,0.00036
6426,2045,134,女性,20歲,0.00018
6427,2045,134,總計,21歲,0.00028
6428,2045,134,男性,21歲,0.00036
6429,2045,134,女性,21歲,0.00019
6430,2045,134,總計,22歲,0.00028
6431,2045,134,男性,22歲,0.00037
6432,2045,134,女性,22歲,0.0002
6433,2045,134,總計,23歲,0.00029
6434,2045,134,男性,23歲,0.00037
6435,2045,134,女性,23歲,0.00021
6436,2045,134,總計,24歲,0.00029
6437,2045,134,男性,24歲,0.00036
6438,2045,134,女性,24歲,0.00021
6439,2045,134,總計,25歲,0.00029
6440,2045,134,男性,25歲,0.00035
6441,2045,134,女性,25歲,0.00022
6442,2045,134,總計,26歲,0.00029
6443,2045,134,男性,26歲,0.00035
6444,2045,134,女性,26歲,0.00023
6445,2045,134,總計,27歲,0.0003
6446,2045,134,男性,27歲,0.00035
6447,2045,134,女性,27歲,0.00025
6448,2045,134,總計,28歲,0.00032
6449,2045,134,男性,28歲,0.00037
6450,2045,134,女性,28歲,0.00027
6451,2045,134,總計,29歲,0.00034
6452,2045,134,男性,29歲,0.00039
6453,2045,134,女性,29歲,0.00028
6454,2045,134,總計,30歲,0.00037
6455,2045,134,男性,30歲,0.00043
6456,2045,134,女性,30歲,0.00031
6457,2045,134,總計,31歲,0.0004
6458,2045,134,男性,31歲,0.00047
6459,2045,134,女性,31歲,0.00034
6460,2045,134,總計,32歲,0.00044
6461,2045,134,男性,32歲,0.00052
6462,2045,134,女性,32歲,0.00036
6463,2045,134,總計,33歲,0.00048
6464,2045,134,男性,33歲,0.00057
6465,2045,134,女性,33歲,0.00039
6466,2045,134,總計,34歲,0.00052
6467,2045,134,男性,34歲,0.00062
6468,2045,134,女性,34歲,0.00041
6469,2045,134,總計,35歲,0.00056
6470,2045,134,男性,35歲,0.00069
6471,2045,134,女性,35歲,0.00044
6472,2045,134,總計,36歲,0.00062
6473,2045,134,男性,36歲,0.00076
6474,2045,134,女性,36歲,0.00047
6475,2045,134,總計,37歲,0.00068
6476,2045,134,男性,37歲,0.00085
6477,2045,134,女性,37歲,0.00051
6478,2045,134,總計,38歲,0.00075
6479,2045,134,男性,38歲,0.00095
6480,2045,134,女性,38歲,0.00055
6481,2045,134,總計,39歲,0.00083
6482,2045,134,男性,39歲,0.00107
6483,2045,134,女性,39歲,0.0006
6484,2045,134,總計,40歲,0.00092
6485,2045,134,男性,40歲,0.0012
6486,2045,134,女性,40歲,0.00065
6487,2045,134,總計,41歲,0.00102
6488,2045,134,男性,41歲,0.00135
6489,2045,134,女性,41歲,0.0007
6490,2045,134,總計,42歲,0.00114
6491,2045,134,男性,42歲,0.00152
6492,2045,134,女性,42歲,0.00076
6493,2045,134,總計,43歲,0.00127
6494,2045,134,男性,43歲,0.0017
6495,2045,134,女性,43歲,0.00083
6496,2045,134,總計,44歲,0.00141
6497,2045,134,男性,44歲,0.00191
6498,2045,134,女性,44歲,0.00091
6499,2045,134,總計,45歲,0.00156
6500,2045,134,男性,45歲,0.00213
6501,2045,134,女性,45歲,0.00099
6502,2045,134,總計,46歲,0.00173
6503,2045,134,男性,46歲,0.00238
6504,2045,134,女性,46歲,0.00109
6505,2045,134,總計,47歲,0.00191
6506,2045,134,男性,47歲,0.00265
6507,2045,134,女性,47歲,0.00118
6508,2045,134,總計,48歲,0.00211
6509,2045,134,男性,48歲,0.00294
6510,2045,134,女性,48歲,0.00129
6511,2045,134,總計,49歲,0.00232
6512,2045,134,男性,49歲,0.00326
6513,2045,134,女性,49歲,0.0014
6514,2045,134,總計,50歲,0.00256
6515,2045,134,男性,50歲,0.00362
6516,2045,134,女性,50歲,0.00152
6517,2045,134,總計,51歲,0.00281
6518,2045,134,男性,51歲,0.004
6519,2045,134,女性,51歲,0.00163
6520,2045,134,總計,52歲,0.00306
6521,2045,134,男性,52歲,0.0044
6522,2045,134,女性,52歲,0.00174
6523,2045,134,總計,53歲,0.00333
6524,2045,134,男性,53歲,0.00481
6525,2045,134,女性,53歲,0.00187
6526,2045,134,總計,54歲,0.00356
6527,2045,134,男性,54歲,0.00517
6528,2045,134,女性,54歲,0.002
6529,2045,134,總計,55歲,0.0038
6530,2045,134,男性,55歲,0.00554
6531,2045,134,女性,55歲,0.00211
6532,2045,134,總計,56歲,0.00406
6533,2045,134,男性,56歲,0.00593
6534,2045,134,女性,56歲,0.00225
6535,2045,134,總計,57歲,0.00436
6536,2045,134,男性,57歲,0.00638
6537,2045,134,女性,57歲,0.00241
6538,2045,134,總計,58歲,0.00467
6539,2045,134,男性,58歲,0.00685
6540,2045,134,女性,58歲,0.00258
6541,2045,134,總計,59歲,0.005
6542,2045,134,男性,59歲,0.00733
6543,2045,134,女性,59歲,0.00277
6544,2045,134,總計,60歲,0.00535
6545,2045,134,男性,60歲,0.00783
6546,2045,134,女性,60歲,0.00299
6547,2045,134,總計,61歲,0.00571
6548,2045,134,男性,61歲,0.00834
6549,2045,134,女性,61歲,0.00322
6550,2045,134,總計,62歲,0.00612
6551,2045,134,男性,62歲,0.00892
6552,2045,134,女性,62歲,0.00349
6553,2045,134,總計,63歲,0.00658
6554,2045,134,男性,63歲,0.00957
6555,2045,134,女性,63歲,0.00378
6556,2045,134,總計,64歲,0.0071
6557,2045,134,男性,64歲,0.01029
6558,2045,134,女性,64歲,0.00413
6559,2045,134,總計,65歲,0.00768
6560,2045,134,男性,65歲,0.01108
6561,2045,134,女性,65歲,0.00453
6562,2045,134,總計,66歲,0.00835
6563,2045,134,男性,66歲,0.01198
6564,2045,134,女性,66歲,0.005
6565,2045,134,總計,67歲,0.00912
6566,2045,134,男性,67歲,0.01302
6567,2045,134,女性,67歲,0.00555
6568,2045,134,總計,68歲,0.00997
6569,2045,134,男性,68歲,0.01418
6570,2045,134,女性,68歲,0.00616
6571,2045,134,總計,69歲,0.01095
6572,2045,134,男性,69歲,0.01547
6573,2045,134,女性,69歲,0.00688
6574,2045,134,總計,70歲,0.01203
6575,2045,134,男性,70歲,0.01689
6576,2045,134,女性,70歲,0.0077
6577,2045,134,總計,71歲,0.01323
6578,2045,134,男性,71歲,0.01846
6579,2045,134,女性,71歲,0.00861
6580,2045,134,總計,72歲,0.01456
6581,2045,134,男性,72歲,0.02019
6582,2045,134,女性,72歲,0.00963
6583,2045,134,總計,73歲,0.01606
6584,2045,134,男性,73歲,0.02218
6585,2045,134,女性,73歲,0.01078
6586,2045,134,總計,74歲,0.01777
6587,2045,134,男性,74歲,0.02444
6588,2045,134,女性,74歲,0.01208
6589,2045,134,總計,75歲,0.01968
6590,2045,134,男性,75歲,0.02696
6591,2045,134,女性,75歲,0.01353
6592,2045,134,總計,76歲,0.02176
6593,2045,134,男性,76歲,0.02973
6594,2045,134,女性,76歲,0.01512
6595,2045,134,總計,77歲,0.02407
6596,2045,134,男性,77歲,0.03278
6597,2045,134,女性,77歲,0.01692
6598,2045,134,總計,78歲,0.02664
6599,2045,134,男性,78歲,0.03617
6600,2045,134,女性,78歲,0.01895
6601,2045,134,總計,79歲,0.02948
6602,2045,134,男性,79歲,0.03989
6603,2045,134,女性,79歲,0.02122
6604,2045,134,總計,80歲,0.03278
6605,2045,134,男性,80歲,0.04391
6606,2045,134,女性,80歲,0.02413
6607,2045,134,總計,81歲,0.03643
6608,2045,134,男性,81歲,0.04832
6609,2045,134,女性,81歲,0.02738
6610,2045,134,總計,82歲,0.04045
6611,2045,134,男性,82歲,0.05313
6612,2045,134,女性,82歲,0.031
6613,2045,134,總計,83歲,0.04484
6614,2045,134,男性,83歲,0.05832
6615,2045,134,女性,83歲,0.03501
6616,2045,134,總計,84歲,0.04962
6617,2045,134,男性,84歲,0.06391
6618,2045,134,女性,84歲,0.03946
6619,2045,134,總計,85歲,0.05658
6620,2045,134,男性,85歲,0.07139
6621,2045,134,女性,85歲,0.04631
6622,2045,134,總計,86歲,0.06232
6623,2045,134,男性,86歲,0.07799
6624,2045,134,女性,86歲,0.05175
6625,2045,134,總計,87歲,0.0686
6626,2045,134,男性,87歲,0.08515
6627,2045,134,女性,87歲,0.05775
6628,2045,134,總計,88歲,0.07544
6629,2045,134,男性,88歲,0.09286
6630,2045,134,女性,88歲,0.06434
6631,2045,134,總計,89歲,0.08289
6632,2045,134,男性,89歲,0.10116
6633,2045,134,女性,89歲,0.07161
6634,2045,134,總計,90歲,0.09105
6635,2045,134,男性,90歲,0.11011
6636,2045,134,女性,90歲,0.07965
6637,2045,134,總計,91歲,0.10002
6638,2045,134,男性,91歲,0.11981
6639,2045,134,女性,91歲,0.08858
6640,2045,134,總計,92歲,0.10984
6641,2045,134,男性,92歲,0.13023
6642,2045,134,女性,92歲,0.09845
6643,2045,134,總計,93歲,0.12051
6644,2045,134,男性,93歲,0.14138
6645,2045,134,女性,93歲,0.10927
6646,2045,134,總計,94歲,0.13207
6647,2045,134,男性,94歲,0.15326
6648,2045,134,女性,94歲,0.12108
6649,2045,134,總計,95歲,0.14504
6650,2045,134,男性,95歲,0.16621
6651,2045,134,女性,95歲,0.13446
6652,2045,134,總計,96歲,0.15858
6653,2045,134,男性,96歲,0.17951
6654,2045,134,女性,96歲,0.1485
6655,2045,134,總計,97歲,0.17278
6656,2045,134,男性,97歲,0.19332
6657,2045,134,女性,97歲,0.16324
6658,2045,134,總計,98歲,0.18822
6659,2045,134,男性,98歲,0.20805
6660,2045,134,女性,98歲,0.17935
6661,2045,134,總計,99歲,0.20496
6662,2045,134,男性,99歲,0.2237
6663,2045,134,女性,99歲,0.19686
6664,2045,134,總計,100歲及以上,1
6665,2045,134,男性,100歲及以上,1
6666,2045,134,女性,100歲及以上,1
6667,2046,135,總計,0歲,0.00304
6668,2046,135,男性,0歲,0.00324
6669,2046,135,女性,0歲,0.00283
6670,2046,135,總計,1歲,0.00014
6671,2046,135,男性,1歲,0.00015
6672,2046,135,女性,1歲,0.00013
6673,2046,135,總計,2歲,8E-05
6674,2046,135,男性,2歲,9E-05
6675,2046,135,女性,2歲,8E-05
6676,2046,135,總計,3歲,7E-05
6677,2046,135,男性,3歲,7E-05
6678,2046,135,女性,3歲,6E-05
6679,2046,135,總計,4歲,6E-05
6680,2046,135,男性,4歲,6E-05
6681,2046,135,女性,4歲,5E-05
6682,2046,135,總計,5歲,5E-05
6683,2046,135,男性,5歲,6E-05
6684,2046,135,女性,5歲,5E-05
6685,2046,135,總計,6歲,5E-05
6686,2046,135,男性,6歲,5E-05
6687,2046,135,女性,6歲,5E-05
6688,2046,135,總計,7歲,5E-05
6689,2046,135,男性,7歲,5E-05
6690,2046,135,女性,7歲,5E-05
6691,2046,135,總計,8歲,5E-05
6692,2046,135,男性,8歲,5E-05
6693,2046,135,女性,8歲,5E-05
6694,2046,135,總計,9歲,5E-05
6695,2046,135,男性,9歲,5E-05
6696,2046,135,女性,9歲,5E-05
6697,2046,135,總計,10歲,5E-05
6698,2046,135,男性,10歲,5E-05
6699,2046,135,女性,10歲,5E-05
6700,2046,135,總計,11歲,6E-05
6701,2046,135,男性,11歲,6E-05
6702,2046,135,女性,11歲,6E-05
6703,2046,135,總計,12歲,7E-05
6704,2046,135,男性,12歲,7E-05
6705,2046,135,女性,12歲,7E-05
6706,2046,135,總計,13歲,8E-05
6707,2046,135,男性,13歲,9E-05
6708,2046,135,女性,13歲,8E-05
6709,2046,135,總計,14歲,0.00011
6710,2046,135,男性,14歲,0.00013
6711,2046,135,女性,14歲,9E-05
6712,2046,135,總計,15歲,0.00014
6713,2046,135,男性,15歲,0.00018
6714,2046,135,女性,15歲,0.0001
6715,2046,135,總計,16歲,0.00017
6716,2046,135,男性,16歲,0.00023
6717,2046,135,女性,16歲,0.00011
6718,2046,135,總計,17歲,0.0002
6719,2046,135,男性,17歲,0.00027
6720,2046,135,女性,17歲,0.00013
6721,2046,135,總計,18歲,0.00024
6722,2046,135,男性,18歲,0.00032
6723,2046,135,女性,18歲,0.00015
6724,2046,135,總計,19歲,0.00025
6725,2046,135,男性,19歲,0.00034
6726,2046,135,女性,19歲,0.00017
6727,2046,135,總計,20歲,0.00026
6728,2046,135,男性,20歲,0.00035
6729,2046,135,女性,20歲,0.00018
6730,2046,135,總計,21歲,0.00027
6731,2046,135,男性,21歲,0.00036
6732,2046,135,女性,21歲,0.00019
6733,2046,135,總計,22歲,0.00028
6734,2046,135,男性,22歲,0.00036
6735,2046,135,女性,22歲,0.00019
6736,2046,135,總計,23歲,0.00028
6737,2046,135,男性,23歲,0.00036
6738,2046,135,女性,23歲,0.0002
6739,2046,135,總計,24歲,0.00028
6740,2046,135,男性,24歲,0.00035
6741,2046,135,女性,24歲,0.00021
6742,2046,135,總計,25歲,0.00028
6743,2046,135,男性,25歲,0.00034
6744,2046,135,女性,25歲,0.00022
6745,2046,135,總計,26歲,0.00028
6746,2046,135,男性,26歲,0.00034
6747,2046,135,女性,26歲,0.00023
6748,2046,135,總計,27歲,0.0003
6749,2046,135,男性,27歲,0.00034
6750,2046,135,女性,27歲,0.00025
6751,2046,135,總計,28歲,0.00031
6752,2046,135,男性,28歲,0.00036
6753,2046,135,女性,28歲,0.00026
6754,2046,135,總計,29歲,0.00033
6755,2046,135,男性,29歲,0.00038
6756,2046,135,女性,29歲,0.00028
6757,2046,135,總計,30歲,0.00036
6758,2046,135,男性,30歲,0.00042
6759,2046,135,女性,30歲,0.00031
6760,2046,135,總計,31歲,0.00039
6761,2046,135,男性,31歲,0.00046
6762,2046,135,女性,31歲,0.00033
6763,2046,135,總計,32歲,0.00043
6764,2046,135,男性,32歲,0.0005
6765,2046,135,女性,32歲,0.00036
6766,2046,135,總計,33歲,0.00047
6767,2046,135,男性,33歲,0.00055
6768,2046,135,女性,33歲,0.00038
6769,2046,135,總計,34歲,0.00051
6770,2046,135,男性,34歲,0.0006
6771,2046,135,女性,34歲,0.00041
6772,2046,135,總計,35歲,0.00055
6773,2046,135,男性,35歲,0.00067
6774,2046,135,女性,35歲,0.00043
6775,2046,135,總計,36歲,0.0006
6776,2046,135,男性,36歲,0.00074
6777,2046,135,女性,36歲,0.00047
6778,2046,135,總計,37歲,0.00067
6779,2046,135,男性,37歲,0.00083
6780,2046,135,女性,37歲,0.0005
6781,2046,135,總計,38歲,0.00074
6782,2046,135,男性,38歲,0.00093
6783,2046,135,女性,38歲,0.00054
6784,2046,135,總計,39歲,0.00081
6785,2046,135,男性,39歲,0.00104
6786,2046,135,女性,39歲,0.00059
6787,2046,135,總計,40歲,0.0009
6788,2046,135,男性,40歲,0.00117
6789,2046,135,女性,40歲,0.00064
6790,2046,135,總計,41歲,0.001
6791,2046,135,男性,41歲,0.00132
6792,2046,135,女性,41歲,0.00069
6793,2046,135,總計,42歲,0.00111
6794,2046,135,男性,42歲,0.00148
6795,2046,135,女性,42歲,0.00075
6796,2046,135,總計,43歲,0.00124
6797,2046,135,男性,43歲,0.00167
6798,2046,135,女性,43歲,0.00082
6799,2046,135,總計,44歲,0.00138
6800,2046,135,男性,44歲,0.00187
6801,2046,135,女性,44歲,0.0009
6802,2046,135,總計,45歲,0.00153
6803,2046,135,男性,45歲,0.00209
6804,2046,135,女性,45歲,0.00098
6805,2046,135,總計,46歲,0.0017
6806,2046,135,男性,46歲,0.00233
6807,2046,135,女性,46歲,0.00108
6808,2046,135,總計,47歲,0.00188
6809,2046,135,男性,47歲,0.0026
6810,2046,135,女性,47歲,0.00117
6811,2046,135,總計,48歲,0.00207
6812,2046,135,男性,48歲,0.00288
6813,2046,135,女性,48歲,0.00127
6814,2046,135,總計,49歲,0.00229
6815,2046,135,男性,49歲,0.00321
6816,2046,135,女性,49歲,0.00138
6817,2046,135,總計,50歲,0.00252
6818,2046,135,男性,50歲,0.00356
6819,2046,135,女性,50歲,0.0015
6820,2046,135,總計,51歲,0.00277
6821,2046,135,男性,51歲,0.00394
6822,2046,135,女性,51歲,0.00161
6823,2046,135,總計,52歲,0.00302
6824,2046,135,男性,52歲,0.00434
6825,2046,135,女性,52歲,0.00172
6826,2046,135,總計,53歲,0.00328
6827,2046,135,男性,53歲,0.00475
6828,2046,135,女性,53歲,0.00185
6829,2046,135,總計,54歲,0.00352
6830,2046,135,男性,54歲,0.00511
6831,2046,135,女性,54歲,0.00197
6832,2046,135,總計,55歲,0.00375
6833,2046,135,男性,55歲,0.00547
6834,2046,135,女性,55歲,0.00209
6835,2046,135,總計,56歲,0.00401
6836,2046,135,男性,56歲,0.00586
6837,2046,135,女性,56歲,0.00222
6838,2046,135,總計,57歲,0.00431
6839,2046,135,男性,57歲,0.00631
6840,2046,135,女性,57歲,0.00238
6841,2046,135,總計,58歲,0.00462
6842,2046,135,男性,58歲,0.00678
6843,2046,135,女性,58歲,0.00255
6844,2046,135,總計,59歲,0.00495
6845,2046,135,男性,59歲,0.00726
6846,2046,135,女性,59歲,0.00273
6847,2046,135,總計,60歲,0.00529
6848,2046,135,男性,60歲,0.00775
6849,2046,135,女性,60歲,0.00294
6850,2046,135,總計,61歲,0.00565
6851,2046,135,男性,61歲,0.00826
6852,2046,135,女性,61歲,0.00318
6853,2046,135,總計,62歲,0.00606
6854,2046,135,男性,62歲,0.00883
6855,2046,135,女性,62歲,0.00344
6856,2046,135,總計,63歲,0.00651
6857,2046,135,男性,63歲,0.00948
6858,2046,135,女性,63歲,0.00373
6859,2046,135,總計,64歲,0.00702
6860,2046,135,男性,64歲,0.01019
6861,2046,135,女性,64歲,0.00407
6862,2046,135,總計,65歲,0.00759
6863,2046,135,男性,65歲,0.01097
6864,2046,135,女性,65歲,0.00446
6865,2046,135,總計,66歲,0.00825
6866,2046,135,男性,66歲,0.01186
6867,2046,135,女性,66歲,0.00493
6868,2046,135,總計,67歲,0.00901
6869,2046,135,男性,67歲,0.01289
6870,2046,135,女性,67歲,0.00546
6871,2046,135,總計,68歲,0.00986
6872,2046,135,男性,68歲,0.01403
6873,2046,135,女性,68歲,0.00607
6874,2046,135,總計,69歲,0.01082
6875,2046,135,男性,69歲,0.01531
6876,2046,135,女性,69歲,0.00677
6877,2046,135,總計,70歲,0.01188
6878,2046,135,男性,70歲,0.01671
6879,2046,135,女性,70歲,0.00757
6880,2046,135,總計,71歲,0.01307
6881,2046,135,男性,71歲,0.01827
6882,2046,135,女性,71歲,0.00847
6883,2046,135,總計,72歲,0.01438
6884,2046,135,男性,72歲,0.01998
6885,2046,135,女性,72歲,0.00948
6886,2046,135,總計,73歲,0.01587
6887,2046,135,男性,73歲,0.02194
6888,2046,135,女性,73歲,0.01061
6889,2046,135,總計,74歲,0.01755
6890,2046,135,男性,74歲,0.02417
6891,2046,135,女性,74歲,0.01189
6892,2046,135,總計,75歲,0.01943
6893,2046,135,男性,75歲,0.02667
6894,2046,135,女性,75歲,0.01331
6895,2046,135,總計,76歲,0.02149
6896,2046,135,男性,76歲,0.02941
6897,2046,135,女性,76歲,0.01489
6898,2046,135,總計,77歲,0.02378
6899,2046,135,男性,77歲,0.03244
6900,2046,135,女性,77歲,0.01666
6901,2046,135,總計,78歲,0.02632
6902,2046,135,男性,78歲,0.03579
6903,2046,135,女性,78歲,0.01866
6904,2046,135,總計,79歲,0.02912
6905,2046,135,男性,79歲,0.03948
6906,2046,135,女性,79歲,0.0209
6907,2046,135,總計,80歲,0.03239
6908,2046,135,男性,80歲,0.04346
6909,2046,135,女性,80歲,0.02377
6910,2046,135,總計,81歲,0.03601
6911,2046,135,男性,81歲,0.04783
6912,2046,135,女性,81歲,0.02698
6913,2046,135,總計,82歲,0.03998
6914,2046,135,男性,82歲,0.0526
6915,2046,135,女性,82歲,0.03055
6916,2046,135,總計,83歲,0.04433
6917,2046,135,男性,83歲,0.05775
6918,2046,135,女性,83歲,0.03452
6919,2046,135,總計,84歲,0.04906
6920,2046,135,男性,84歲,0.0633
6921,2046,135,女性,84歲,0.03891
6922,2046,135,總計,85歲,0.05596
6923,2046,135,男性,85歲,0.07073
6924,2046,135,女性,85歲,0.04569
6925,2046,135,總計,86歲,0.06165
6926,2046,135,男性,86歲,0.07729
6927,2046,135,女性,86歲,0.05108
6928,2046,135,總計,87歲,0.06788
6929,2046,135,男性,87歲,0.0844
6930,2046,135,女性,87歲,0.05702
6931,2046,135,總計,88歲,0.07467
6932,2046,135,男性,88歲,0.09207
6933,2046,135,女性,88歲,0.06355
6934,2046,135,總計,89歲,0.08207
6935,2046,135,男性,89歲,0.10033
6936,2046,135,女性,89歲,0.07076
6937,2046,135,總計,90歲,0.09018
6938,2046,135,男性,90歲,0.10924
6939,2046,135,女性,90歲,0.07875
6940,2046,135,總計,91歲,0.0991
6941,2046,135,男性,91歲,0.1189
6942,2046,135,女性,91歲,0.08762
6943,2046,135,總計,92歲,0.10887
6944,2046,135,男性,92歲,0.12929
6945,2046,135,女性,92歲,0.09744
6946,2046,135,總計,93歲,0.1195
6947,2046,135,男性,93歲,0.14041
6948,2046,135,女性,93歲,0.1082
6949,2046,135,總計,94歲,0.13101
6950,2046,135,男性,94歲,0.15226
6951,2046,135,女性,94歲,0.11996
6952,2046,135,總計,95歲,0.14396
6953,2046,135,男性,95歲,0.1652
6954,2046,135,女性,95歲,0.13331
6955,2046,135,總計,96歲,0.15747
6956,2046,135,男性,96歲,0.17849
6957,2046,135,女性,96歲,0.14732
6958,2046,135,總計,97歲,0.17165
6959,2046,135,男性,97歲,0.1923
6960,2046,135,女性,97歲,0.16204
6961,2046,135,總計,98歲,0.18708
6962,2046,135,男性,98歲,0.20703
6963,2046,135,女性,98歲,0.17813
6964,2046,135,總計,99歲,0.20384
6965,2046,135,男性,99歲,0.22271
6966,2046,135,女性,99歲,0.19567
6967,2046,135,總計,100歲及以上,1
6968,2046,135,男性,100歲及以上,1
6969,2046,135,女性,100歲及以上,1
6970,2047,136,總計,0歲,0.00301
6971,2047,136,男性,0歲,0.00321
6972,2047,136,女性,0歲,0.00281
6973,2047,136,總計,1歲,0.00013
6974,2047,136,男性,1歲,0.00015
6975,2047,136,女性,1歲,0.00012
6976,2047,136,總計,2歲,8E-05
6977,2047,136,男性,2歲,9E-05
6978,2047,136,女性,2歲,7E-05
6979,2047,136,總計,3歲,6E-05
6980,2047,136,男性,3歲,7E-05
6981,2047,136,女性,3歲,6E-05
6982,2047,136,總計,4歲,5E-05
6983,2047,136,男性,4歲,6E-05
6984,2047,136,女性,4歲,5E-05
6985,2047,136,總計,5歲,5E-05
6986,2047,136,男性,5歲,5E-05
6987,2047,136,女性,5歲,5E-05
6988,2047,136,總計,6歲,5E-05
6989,2047,136,男性,6歲,5E-05
6990,2047,136,女性,6歲,5E-05
6991,2047,136,總計,7歲,5E-05
6992,2047,136,男性,7歲,5E-05
6993,2047,136,女性,7歲,5E-05
6994,2047,136,總計,8歲,4E-05
6995,2047,136,男性,8歲,5E-05
6996,2047,136,女性,8歲,4E-05
6997,2047,136,總計,9歲,4E-05
6998,2047,136,男性,9歲,4E-05
6999,2047,136,女性,9歲,5E-05
7000,2047,136,總計,10歲,5E-05
7001,2047,136,男性,10歲,5E-05
7002,2047,136,女性,10歲,5E-05
7003,2047,136,總計,11歲,6E-05
7004,2047,136,男性,11歲,5E-05
7005,2047,136,女性,11歲,6E-05
7006,2047,136,總計,12歲,7E-05
7007,2047,136,男性,12歲,7E-05
7008,2047,136,女性,12歲,7E-05
7009,2047,136,總計,13歲,8E-05
7010,2047,136,男性,13歲,9E-05
7011,2047,136,女性,13歲,8E-05
7012,2047,136,總計,14歲,0.00011
7013,2047,136,男性,14歲,0.00013
7014,2047,136,女性,14歲,9E-05
7015,2047,136,總計,15歲,0.00014
7016,2047,136,男性,15歲,0.00017
7017,2047,136,女性,15歲,0.0001
7018,2047,136,總計,16歲,0.00017
7019,2047,136,男性,16歲,0.00022
7020,2047,136,女性,16歲,0.00011
7021,2047,136,總計,17歲,0.0002
7022,2047,136,男性,17歲,0.00027
7023,2047,136,女性,17歲,0.00013
7024,2047,136,總計,18歲,0.00023
7025,2047,136,男性,18歲,0.00031
7026,2047,136,女性,18歲,0.00015
7027,2047,136,總計,19歲,0.00025
7028,2047,136,男性,19歲,0.00033
7029,2047,136,女性,19歲,0.00017
7030,2047,136,總計,20歲,0.00026
7031,2047,136,男性,20歲,0.00034
7032,2047,136,女性,20歲,0.00018
7033,2047,136,總計,21歲,0.00027
7034,2047,136,男性,21歲,0.00035
7035,2047,136,女性,21歲,0.00018
7036,2047,136,總計,22歲,0.00027
7037,2047,136,男性,22歲,0.00035
7038,2047,136,女性,22歲,0.00019
7039,2047,136,總計,23歲,0.00028
7040,2047,136,男性,23歲,0.00035
7041,2047,136,女性,23歲,0.0002
7042,2047,136,總計,24歲,0.00028
7043,2047,136,男性,24歲,0.00035
7044,2047,136,女性,24歲,0.00021
7045,2047,136,總計,25歲,0.00028
7046,2047,136,男性,25歲,0.00034
7047,2047,136,女性,25歲,0.00022
7048,2047,136,總計,26歲,0.00028
7049,2047,136,男性,26歲,0.00033
7050,2047,136,女性,26歲,0.00023
7051,2047,136,總計,27歲,0.00029
7052,2047,136,男性,27歲,0.00034
7053,2047,136,女性,27歲,0.00024
7054,2047,136,總計,28歲,0.00031
7055,2047,136,男性,28歲,0.00035
7056,2047,136,女性,28歲,0.00026
7057,2047,136,總計,29歲,0.00033
7058,2047,136,男性,29歲,0.00037
7059,2047,136,女性,29歲,0.00028
7060,2047,136,總計,30歲,0.00035
7061,2047,136,男性,30歲,0.00041
7062,2047,136,女性,30歲,0.0003
7063,2047,136,總計,31歲,0.00039
7064,2047,136,男性,31歲,0.00045
7065,2047,136,女性,31歲,0.00033
7066,2047,136,總計,32歲,0.00042
7067,2047,136,男性,32歲,0.00049
7068,2047,136,女性,32歲,0.00036
7069,2047,136,總計,33歲,0.00046
7070,2047,136,男性,33歲,0.00054
7071,2047,136,女性,33歲,0.00038
7072,2047,136,總計,34歲,0.0005
7073,2047,136,男性,34歲,0.00059
7074,2047,136,女性,34歲,0.0004
7075,2047,136,總計,35歲,0.00054
7076,2047,136,男性,35歲,0.00065
7077,2047,136,女性,35歲,0.00043
7078,2047,136,總計,36歲,0.00059
7079,2047,136,男性,36歲,0.00072
7080,2047,136,女性,36歲,0.00046
7081,2047,136,總計,37歲,0.00065
7082,2047,136,男性,37歲,0.00081
7083,2047,136,女性,37歲,0.0005
7084,2047,136,總計,38歲,0.00072
7085,2047,136,男性,38歲,0.00091
7086,2047,136,女性,38歲,0.00054
7087,2047,136,總計,39歲,0.0008
7088,2047,136,男性,39歲,0.00102
7089,2047,136,女性,39歲,0.00058
7090,2047,136,總計,40歲,0.00089
7091,2047,136,男性,40歲,0.00114
7092,2047,136,女性,40歲,0.00063
7093,2047,136,總計,41歲,0.00098
7094,2047,136,男性,41歲,0.00129
7095,2047,136,女性,41歲,0.00068
7096,2047,136,總計,42歲,0.00109
7097,2047,136,男性,42歲,0.00145
7098,2047,136,女性,42歲,0.00074
7099,2047,136,總計,43歲,0.00122
7100,2047,136,男性,43歲,0.00163
7101,2047,136,女性,43歲,0.00081
7102,2047,136,總計,44歲,0.00136
7103,2047,136,男性,44歲,0.00183
7104,2047,136,女性,44歲,0.00089
7105,2047,136,總計,45歲,0.00151
7106,2047,136,男性,45歲,0.00205
7107,2047,136,女性,45歲,0.00097
7108,2047,136,總計,46歲,0.00167
7109,2047,136,男性,46歲,0.00229
7110,2047,136,女性,46歲,0.00106
7111,2047,136,總計,47歲,0.00185
7112,2047,136,男性,47歲,0.00255
7113,2047,136,女性,47歲,0.00116
7114,2047,136,總計,48歲,0.00204
7115,2047,136,男性,48歲,0.00283
7116,2047,136,女性,48歲,0.00126
7117,2047,136,總計,49歲,0.00226
7118,2047,136,男性,49歲,0.00316
7119,2047,136,女性,49歲,0.00137
7120,2047,136,總計,50歲,0.00248
7121,2047,136,男性,50歲,0.0035
7122,2047,136,女性,50歲,0.00148
7123,2047,136,總計,51歲,0.00273
7124,2047,136,男性,51歲,0.00389
7125,2047,136,女性,51歲,0.00159
7126,2047,136,總計,52歲,0.00298
7127,2047,136,男性,52歲,0.00428
7128,2047,136,女性,52歲,0.0017
7129,2047,136,總計,53歲,0.00324
7130,2047,136,男性,53歲,0.00469
7131,2047,136,女性,53歲,0.00183
7132,2047,136,總計,54歲,0.00348
7133,2047,136,男性,54歲,0.00505
7134,2047,136,女性,54歲,0.00195
7135,2047,136,總計,55歲,0.00371
7136,2047,136,男性,55歲,0.00541
7137,2047,136,女性,55歲,0.00206
7138,2047,136,總計,56歲,0.00397
7139,2047,136,男性,56歲,0.0058
7140,2047,136,女性,56歲,0.00219
7141,2047,136,總計,57歲,0.00426
7142,2047,136,男性,57歲,0.00624
7143,2047,136,女性,57歲,0.00235
7144,2047,136,總計,58歲,0.00457
7145,2047,136,男性,58歲,0.00671
7146,2047,136,女性,58歲,0.00251
7147,2047,136,總計,59歲,0.00489
7148,2047,136,男性,59歲,0.00719
7149,2047,136,女性,59歲,0.0027
7150,2047,136,總計,60歲,0.00523
7151,2047,136,男性,60歲,0.00767
7152,2047,136,女性,60歲,0.0029
7153,2047,136,總計,61歲,0.00559
7154,2047,136,男性,61歲,0.00818
7155,2047,136,女性,61歲,0.00313
7156,2047,136,總計,62歲,0.00599
7157,2047,136,男性,62歲,0.00875
7158,2047,136,女性,62歲,0.00339
7159,2047,136,總計,63歲,0.00644
7160,2047,136,男性,63歲,0.00939
7161,2047,136,女性,63歲,0.00368
7162,2047,136,總計,64歲,0.00695
7163,2047,136,男性,64歲,0.01009
7164,2047,136,女性,64歲,0.00401
7165,2047,136,總計,65歲,0.00751
7166,2047,136,男性,65歲,0.01086
7167,2047,136,女性,65歲,0.0044
7168,2047,136,總計,66歲,0.00816
7169,2047,136,男性,66歲,0.01174
7170,2047,136,女性,66歲,0.00485
7171,2047,136,總計,67歲,0.00891
7172,2047,136,男性,67歲,0.01276
7173,2047,136,女性,67歲,0.00538
7174,2047,136,總計,68歲,0.00974
7175,2047,136,男性,68歲,0.01389
7176,2047,136,女性,68歲,0.00597
7177,2047,136,總計,69歲,0.01069
7178,2047,136,男性,69歲,0.01515
7179,2047,136,女性,69歲,0.00667
7180,2047,136,總計,70歲,0.01174
7181,2047,136,男性,70歲,0.01654
7182,2047,136,女性,70歲,0.00745
7183,2047,136,總計,71歲,0.01291
7184,2047,136,男性,71歲,0.01807
7185,2047,136,女性,71歲,0.00834
7186,2047,136,總計,72歲,0.0142
7187,2047,136,男性,72歲,0.01976
7188,2047,136,女性,72歲,0.00933
7189,2047,136,總計,73歲,0.01567
7190,2047,136,男性,73歲,0.02171
7191,2047,136,女性,73歲,0.01044
7192,2047,136,總計,74歲,0.01734
7193,2047,136,男性,74歲,0.02391
7194,2047,136,女性,74歲,0.0117
7195,2047,136,總計,75歲,0.0192
7196,2047,136,男性,75歲,0.02639
7197,2047,136,女性,75歲,0.01311
7198,2047,136,總計,76歲,0.02123
7199,2047,136,男性,76歲,0.0291
7200,2047,136,女性,76歲,0.01466
7201,2047,136,總計,77歲,0.02349
7202,2047,136,男性,77歲,0.03209
7203,2047,136,女性,77歲,0.0164
7204,2047,136,總計,78歲,0.026
7205,2047,136,男性,78歲,0.03542
7206,2047,136,女性,78歲,0.01838
7207,2047,136,總計,79歲,0.02878
7208,2047,136,男性,79歲,0.03907
7209,2047,136,女性,79歲,0.02058
7210,2047,136,總計,80歲,0.03201
7211,2047,136,男性,80歲,0.04302
7212,2047,136,女性,80歲,0.02342
7213,2047,136,總計,81歲,0.03559
7214,2047,136,男性,81歲,0.04735
7215,2047,136,女性,81歲,0.02659
7216,2047,136,總計,82歲,0.03952
7217,2047,136,男性,82歲,0.05208
7218,2047,136,女性,82歲,0.03011
7219,2047,136,總計,83歲,0.04382
7220,2047,136,男性,83歲,0.05719
7221,2047,136,女性,83歲,0.03403
7222,2047,136,總計,84歲,0.04851
7223,2047,136,男性,84歲,0.0627
7224,2047,136,女性,84歲,0.03838
7225,2047,136,總計,85歲,0.05534
7226,2047,136,男性,85歲,0.07007
7227,2047,136,女性,85歲,0.04508
7228,2047,136,總計,86歲,0.06099
7229,2047,136,男性,86歲,0.07659
7230,2047,136,女性,86歲,0.05042
7231,2047,136,總計,87歲,0.06717
7232,2047,136,男性,87歲,0.08366
7233,2047,136,女性,87歲,0.0563
7234,2047,136,總計,88歲,0.07391
7235,2047,136,男性,88歲,0.09129
7236,2047,136,女性,88歲,0.06278
7237,2047,136,總計,89歲,0.08126
7238,2047,136,男性,89歲,0.0995
7239,2047,136,女性,89歲,0.06993
7240,2047,136,總計,90歲,0.08932
7241,2047,136,男性,90歲,0.10838
7242,2047,136,女性,90歲,0.07786
7243,2047,136,總計,91歲,0.09819
7244,2047,136,男性,91歲,0.118
7245,2047,136,女性,91歲,0.08667
7246,2047,136,總計,92歲,0.10791
7247,2047,136,男性,92歲,0.12835
7248,2047,136,女性,92歲,0.09643
7249,2047,136,總計,93歲,0.11849
7250,2047,136,男性,93歲,0.13944
7251,2047,136,女性,93歲,0.10714
7252,2047,136,總計,94歲,0.12996
7253,2047,136,男性,94歲,0.15126
7254,2047,136,女性,94歲,0.11885
7255,2047,136,總計,95歲,0.14289
7256,2047,136,男性,95歲,0.1642
7257,2047,136,女性,95歲,0.13217
7258,2047,136,總計,96歲,0.15637
7259,2047,136,男性,96歲,0.17748
7260,2047,136,女性,96歲,0.14615
7261,2047,136,總計,97歲,0.17052
7262,2047,136,男性,97歲,0.19127
7263,2047,136,女性,97歲,0.16084
7264,2047,136,總計,98歲,0.18595
7265,2047,136,男性,98歲,0.20601
7266,2047,136,女性,98歲,0.17693
7267,2047,136,總計,99歲,0.20272
7268,2047,136,男性,99歲,0.22172
7269,2047,136,女性,99歲,0.19448
7270,2047,136,總計,100歲及以上,1
7271,2047,136,男性,100歲及以上,1
7272,2047,136,女性,100歲及以上,1
7273,2048,137,總計,0歲,0.00298
7274,2048,137,男性,0歲,0.00318
7275,2048,137,女性,0歲,0.00279
7276,2048,137,總計,1歲,0.00013
7277,2048,137,男性,1歲,0.00014
7278,2048,137,女性,1歲,0.00012
7279,2048,137,總計,2歲,8E-05
7280,2048,137,男性,2歲,8E-05
7281,2048,137,女性,2歲,7E-05
7282,2048,137,總計,3歲,6E-05
7283,2048,137,男性,3歲,7E-05
7284,2048,137,女性,3歲,6E-05
7285,2048,137,總計,4歲,5E-05
7286,2048,137,男性,4歲,6E-05
7287,2048,137,女性,4歲,5E-05
7288,2048,137,總計,5歲,5E-05
7289,2048,137,男性,5歲,5E-05
7290,2048,137,女性,5歲,5E-05
7291,2048,137,總計,6歲,5E-05
7292,2048,137,男性,6歲,5E-05
7293,2048,137,女性,6歲,5E-05
7294,2048,137,總計,7歲,5E-05
7295,2048,137,男性,7歲,5E-05
7296,2048,137,女性,7歲,4E-05
7297,2048,137,總計,8歲,4E-05
7298,2048,137,男性,8歲,4E-05
7299,2048,137,女性,8歲,4E-05
7300,2048,137,總計,9歲,4E-05
7301,2048,137,男性,9歲,4E-05
7302,2048,137,女性,9歲,4E-05
7303,2048,137,總計,10歲,5E-05
7304,2048,137,男性,10歲,5E-05
7305,2048,137,女性,10歲,5E-05
7306,2048,137,總計,11歲,5E-05
7307,2048,137,男性,11歲,5E-05
7308,2048,137,女性,11歲,5E-05
7309,2048,137,總計,12歲,6E-05
7310,2048,137,男性,12歲,6E-05
7311,2048,137,女性,12歲,7E-05
7312,2048,137,總計,13歲,8E-05
7313,2048,137,男性,13歲,9E-05
7314,2048,137,女性,13歲,8E-05
7315,2048,137,總計,14歲,0.0001
7316,2048,137,男性,14歲,0.00012
7317,2048,137,女性,14歲,9E-05
7318,2048,137,總計,15歲,0.00013
7319,2048,137,男性,15歲,0.00017
7320,2048,137,女性,15歲,0.0001
7321,2048,137,總計,16歲,0.00016
7322,2048,137,男性,16歲,0.00022
7323,2048,137,女性,16歲,0.00011
7324,2048,137,總計,17歲,0.0002
7325,2048,137,男性,17歲,0.00026
7326,2048,137,女性,17歲,0.00013
7327,2048,137,總計,18歲,0.00023
7328,2048,137,男性,18歲,0.0003
7329,2048,137,女性,18歲,0.00015
7330,2048,137,總計,19歲,0.00024
7331,2048,137,男性,19歲,0.00032
7332,2048,137,女性,19歲,0.00016
7333,2048,137,總計,20歲,0.00025
7334,2048,137,男性,20歲,0.00033
7335,2048,137,女性,20歲,0.00017
7336,2048,137,總計,21歲,0.00026
7337,2048,137,男性,21歲,0.00034
7338,2048,137,女性,21歲,0.00018
7339,2048,137,總計,22歲,0.00027
7340,2048,137,男性,22歲,0.00034
7341,2048,137,女性,22歲,0.00019
7342,2048,137,總計,23歲,0.00027
7343,2048,137,男性,23歲,0.00034
7344,2048,137,女性,23歲,0.0002
7345,2048,137,總計,24歲,0.00027
7346,2048,137,男性,24歲,0.00034
7347,2048,137,女性,24歲,0.00021
7348,2048,137,總計,25歲,0.00027
7349,2048,137,男性,25歲,0.00033
7350,2048,137,女性,25歲,0.00021
7351,2048,137,總計,26歲,0.00027
7352,2048,137,男性,26歲,0.00032
7353,2048,137,女性,26歲,0.00022
7354,2048,137,總計,27歲,0.00028
7355,2048,137,男性,27歲,0.00033
7356,2048,137,女性,27歲,0.00024
7357,2048,137,總計,28歲,0.0003
7358,2048,137,男性,28歲,0.00034
7359,2048,137,女性,28歲,0.00026
7360,2048,137,總計,29歲,0.00032
7361,2048,137,男性,29歲,0.00037
7362,2048,137,女性,29歲,0.00028
7363,2048,137,總計,30歲,0.00035
7364,2048,137,男性,30歲,0.0004
7365,2048,137,女性,30歲,0.0003
7366,2048,137,總計,31歲,0.00038
7367,2048,137,男性,31歲,0.00043
7368,2048,137,女性,31歲,0.00032
7369,2048,137,總計,32歲,0.00041
7370,2048,137,男性,32歲,0.00048
7371,2048,137,女性,32歲,0.00035
7372,2048,137,總計,33歲,0.00045
7373,2048,137,男性,33歲,0.00052
7374,2048,137,女性,33歲,0.00038
7375,2048,137,總計,34歲,0.00049
7376,2048,137,男性,34歲,0.00057
7377,2048,137,女性,34歲,0.0004
7378,2048,137,總計,35歲,0.00053
7379,2048,137,男性,35歲,0.00063
7380,2048,137,女性,35歲,0.00042
7381,2048,137,總計,36歲,0.00058
7382,2048,137,男性,36歲,0.0007
7383,2048,137,女性,36歲,0.00046
7384,2048,137,總計,37歲,0.00064
7385,2048,137,男性,37歲,0.00079
7386,2048,137,女性,37歲,0.00049
7387,2048,137,總計,38歲,0.00071
7388,2048,137,男性,38歲,0.00088
7389,2048,137,女性,38歲,0.00053
7390,2048,137,總計,39歲,0.00078
7391,2048,137,男性,39歲,0.00099
7392,2048,137,女性,39歲,0.00057
7393,2048,137,總計,40歲,0.00087
7394,2048,137,男性,40歲,0.00111
7395,2048,137,女性,40歲,0.00062
7396,2048,137,總計,41歲,0.00096
7397,2048,137,男性,41歲,0.00126
7398,2048,137,女性,41歲,0.00067
7399,2048,137,總計,42歲,0.00107
7400,2048,137,男性,42歲,0.00141
7401,2048,137,女性,42歲,0.00073
7402,2048,137,總計,43歲,0.0012
7403,2048,137,男性,43歲,0.00159
7404,2048,137,女性,43歲,0.0008
7405,2048,137,總計,44歲,0.00133
7406,2048,137,男性,44歲,0.00179
7407,2048,137,女性,44歲,0.00088
7408,2048,137,總計,45歲,0.00148
7409,2048,137,男性,45歲,0.002
7410,2048,137,女性,45歲,0.00096
7411,2048,137,總計,46歲,0.00164
7412,2048,137,男性,46歲,0.00224
7413,2048,137,女性,46歲,0.00105
7414,2048,137,總計,47歲,0.00182
7415,2048,137,男性,47歲,0.0025
7416,2048,137,女性,47歲,0.00114
7417,2048,137,總計,48歲,0.00201
7418,2048,137,男性,48歲,0.00278
7419,2048,137,女性,48歲,0.00124
7420,2048,137,總計,49歲,0.00222
7421,2048,137,男性,49歲,0.0031
7422,2048,137,女性,49歲,0.00135
7423,2048,137,總計,50歲,0.00245
7424,2048,137,男性,50歲,0.00345
7425,2048,137,女性,50歲,0.00146
7426,2048,137,總計,51歲,0.00269
7427,2048,137,男性,51歲,0.00383
7428,2048,137,女性,51歲,0.00157
7429,2048,137,總計,52歲,0.00294
7430,2048,137,男性,52歲,0.00422
7431,2048,137,女性,52歲,0.00168
7432,2048,137,總計,53歲,0.0032
7433,2048,137,男性,53歲,0.00463
7434,2048,137,女性,53歲,0.00181
7435,2048,137,總計,54歲,0.00343
7436,2048,137,男性,54歲,0.00498
7437,2048,137,女性,54歲,0.00192
7438,2048,137,總計,55歲,0.00367
7439,2048,137,男性,55歲,0.00535
7440,2048,137,女性,55歲,0.00203
7441,2048,137,總計,56歲,0.00392
7442,2048,137,男性,56歲,0.00573
7443,2048,137,女性,56歲,0.00217
7444,2048,137,總計,57歲,0.00421
7445,2048,137,男性,57歲,0.00618
7446,2048,137,女性,57歲,0.00232
7447,2048,137,總計,58歲,0.00452
7448,2048,137,男性,58歲,0.00664
7449,2048,137,女性,58歲,0.00248
7450,2048,137,總計,59歲,0.00484
7451,2048,137,男性,59歲,0.00712
7452,2048,137,女性,59歲,0.00266
7453,2048,137,總計,60歲,0.00518
7454,2048,137,男性,60歲,0.0076
7455,2048,137,女性,60歲,0.00286
7456,2048,137,總計,61歲,0.00553
7457,2048,137,男性,61歲,0.0081
7458,2048,137,女性,61歲,0.00309
7459,2048,137,總計,62歲,0.00593
7460,2048,137,男性,62歲,0.00866
7461,2048,137,女性,62歲,0.00334
7462,2048,137,總計,63歲,0.00637
7463,2048,137,男性,63歲,0.00929
7464,2048,137,女性,63歲,0.00362
7465,2048,137,總計,64歲,0.00687
7466,2048,137,男性,64歲,0.00999
7467,2048,137,女性,64歲,0.00395
7468,2048,137,總計,65歲,0.00742
7469,2048,137,男性,65歲,0.01075
7470,2048,137,女性,65歲,0.00433
7471,2048,137,總計,66歲,0.00806
7472,2048,137,男性,66歲,0.01162
7473,2048,137,女性,66歲,0.00478
7474,2048,137,總計,67歲,0.0088
7475,2048,137,男性,67歲,0.01263
7476,2048,137,女性,67歲,0.00529
7477,2048,137,總計,68歲,0.00963
7478,2048,137,男性,68歲,0.01375
7479,2048,137,女性,68歲,0.00588
7480,2048,137,總計,69歲,0.01056
7481,2048,137,男性,69歲,0.015
7482,2048,137,女性,69歲,0.00656
7483,2048,137,總計,70歲,0.0116
7484,2048,137,男性,70歲,0.01637
7485,2048,137,女性,70歲,0.00734
7486,2048,137,總計,71歲,0.01275
7487,2048,137,男性,71歲,0.01788
7488,2048,137,女性,71歲,0.00821
7489,2048,137,總計,72歲,0.01403
7490,2048,137,男性,72歲,0.01955
7491,2048,137,女性,72歲,0.00918
7492,2048,137,總計,73歲,0.01548
7493,2048,137,男性,73歲,0.02147
7494,2048,137,女性,73歲,0.01027
7495,2048,137,總計,74歲,0.01712
7496,2048,137,男性,74歲,0.02366
7497,2048,137,女性,74歲,0.01151
7498,2048,137,總計,75歲,0.01896
7499,2048,137,男性,75歲,0.0261
7500,2048,137,女性,75歲,0.0129
7501,2048,137,總計,76歲,0.02097
7502,2048,137,男性,76歲,0.02879
7503,2048,137,女性,76歲,0.01443
7504,2048,137,總計,77歲,0.0232
7505,2048,137,男性,77歲,0.03175
7506,2048,137,女性,77歲,0.01615
7507,2048,137,總計,78歲,0.02569
7508,2048,137,男性,78歲,0.03505
7509,2048,137,女性,78歲,0.0181
7510,2048,137,總計,79歲,0.02844
7511,2048,137,男性,79歲,0.03867
7512,2048,137,女性,79歲,0.02027
7513,2048,137,總計,80歲,0.03163
7514,2048,137,男性,80歲,0.04258
7515,2048,137,女性,80歲,0.02307
7516,2048,137,總計,81歲,0.03517
7517,2048,137,男性,81歲,0.04687
7518,2048,137,女性,81歲,0.0262
7519,2048,137,總計,82歲,0.03907
7520,2048,137,男性,82歲,0.05157
7521,2048,137,女性,82歲,0.02968
7522,2048,137,總計,83歲,0.04333
7523,2048,137,男性,83歲,0.05664
7524,2048,137,女性,83歲,0.03356
7525,2048,137,總計,84歲,0.04797
7526,2048,137,男性,84歲,0.0621
7527,2048,137,女性,84歲,0.03785
7528,2048,137,總計,85歲,0.05473
7529,2048,137,男性,85歲,0.06942
7530,2048,137,女性,85歲,0.04448
7531,2048,137,總計,86歲,0.06034
7532,2048,137,男性,86歲,0.0759
7533,2048,137,女性,86歲,0.04976
7534,2048,137,總計,87歲,0.06647
7535,2048,137,男性,87歲,0.08293
7536,2048,137,女性,87歲,0.05559
7537,2048,137,總計,88歲,0.07316
7538,2048,137,男性,88歲,0.09051
7539,2048,137,女性,88歲,0.06201
7540,2048,137,總計,89歲,0.08046
7541,2048,137,男性,89歲,0.09868
7542,2048,137,女性,89歲,0.06911
7543,2048,137,總計,90歲,0.08846
7544,2048,137,男性,90歲,0.10752
7545,2048,137,女性,90歲,0.07697
7546,2048,137,總計,91歲,0.09729
7547,2048,137,男性,91歲,0.1171
7548,2048,137,女性,91歲,0.08573
7549,2048,137,總計,92歲,0.10696
7550,2048,137,男性,92歲,0.12742
7551,2048,137,女性,92歲,0.09543
7552,2048,137,總計,93歲,0.11749
7553,2048,137,男性,93歲,0.13848
7554,2048,137,女性,93歲,0.10609
7555,2048,137,總計,94歲,0.12892
7556,2048,137,男性,94歲,0.15028
7557,2048,137,女性,94歲,0.11775
7558,2048,137,總計,95歲,0.14182
7559,2048,137,男性,95歲,0.1632
7560,2048,137,女性,95歲,0.13104
7561,2048,137,總計,96歲,0.15528
7562,2048,137,男性,96歲,0.17647
7563,2048,137,女性,96歲,0.14499
7564,2048,137,總計,97歲,0.1694
7565,2048,137,男性,97歲,0.19025
7566,2048,137,女性,97歲,0.15965
7567,2048,137,總計,98歲,0.18482
7568,2048,137,男性,98歲,0.20499
7569,2048,137,女性,98歲,0.17573
7570,2048,137,總計,99歲,0.20161
7571,2048,137,男性,99歲,0.22073
7572,2048,137,女性,99歲,0.1933
7573,2048,137,總計,100歲及以上,1
7574,2048,137,男性,100歲及以上,1
7575,2048,137,女性,100歲及以上,1
7576,2049,138,總計,0歲,0.00296
7577,2049,138,男性,0歲,0.00316
7578,2049,138,女性,0歲,0.00276
7579,2049,138,總計,1歲,0.00013
7580,2049,138,男性,1歲,0.00014
7581,2049,138,女性,1歲,0.00012
7582,2049,138,總計,2歲,7E-05
7583,2049,138,男性,2歲,8E-05
7584,2049,138,女性,2歲,7E-05
7585,2049,138,總計,3歲,6E-05
7586,2049,138,男性,3歲,7E-05
7587,2049,138,女性,3歲,5E-05
7588,2049,138,總計,4歲,5E-05
7589,2049,138,男性,4歲,5E-05
7590,2049,138,女性,4歲,5E-05
7591,2049,138,總計,5歲,5E-05
7592,2049,138,男性,5歲,5E-05
7593,2049,138,女性,5歲,4E-05
7594,2049,138,總計,6歲,5E-05
7595,2049,138,男性,6歲,5E-05
7596,2049,138,女性,6歲,4E-05
7597,2049,138,總計,7歲,4E-05
7598,2049,138,男性,7歲,4E-05
7599,2049,138,女性,7歲,4E-05
7600,2049,138,總計,8歲,4E-05
7601,2049,138,男性,8歲,4E-05
7602,2049,138,女性,8歲,4E-05
7603,2049,138,總計,9歲,4E-05
7604,2049,138,男性,9歲,4E-05
7605,2049,138,女性,9歲,4E-05
7606,2049,138,總計,10歲,5E-05
7607,2049,138,男性,10歲,5E-05
7608,2049,138,女性,10歲,5E-05
7609,2049,138,總計,11歲,5E-05
7610,2049,138,男性,11歲,5E-05
7611,2049,138,女性,11歲,5E-05
7612,2049,138,總計,12歲,6E-05
7613,2049,138,男性,12歲,6E-05
7614,2049,138,女性,12歲,6E-05
7615,2049,138,總計,13歲,8E-05
7616,2049,138,男性,13歲,8E-05
7617,2049,138,女性,13歲,7E-05
7618,2049,138,總計,14歲,0.0001
7619,2049,138,男性,14歲,0.00012
7620,2049,138,女性,14歲,8E-05
7621,2049,138,總計,15歲,0.00013
7622,2049,138,男性,15歲,0.00017
7623,2049,138,女性,15歲,0.0001
7624,2049,138,總計,16歲,0.00016
7625,2049,138,男性,16歲,0.00021
7626,2049,138,女性,16歲,0.00011
7627,2049,138,總計,17歲,0.00019
7628,2049,138,男性,17歲,0.00026
7629,2049,138,女性,17歲,0.00013
7630,2049,138,總計,18歲,0.00022
7631,2049,138,男性,18歲,0.0003
7632,2049,138,女性,18歲,0.00015
7633,2049,138,總計,19歲,0.00024
7634,2049,138,男性,19歲,0.00032
7635,2049,138,女性,19歲,0.00016
7636,2049,138,總計,20歲,0.00025
7637,2049,138,男性,20歲,0.00033
7638,2049,138,女性,20歲,0.00017
7639,2049,138,總計,21歲,0.00026
7640,2049,138,男性,21歲,0.00033
7641,2049,138,女性,21歲,0.00018
7642,2049,138,總計,22歲,0.00026
7643,2049,138,男性,22歲,0.00034
7644,2049,138,女性,22歲,0.00019
7645,2049,138,總計,23歲,0.00027
7646,2049,138,男性,23歲,0.00033
7647,2049,138,女性,23歲,0.0002
7648,2049,138,總計,24歲,0.00027
7649,2049,138,男性,24歲,0.00033
7650,2049,138,女性,24歲,0.00021
7651,2049,138,總計,25歲,0.00027
7652,2049,138,男性,25歲,0.00032
7653,2049,138,女性,25歲,0.00021
7654,2049,138,總計,26歲,0.00027
7655,2049,138,男性,26歲,0.00031
7656,2049,138,女性,26歲,0.00022
7657,2049,138,總計,27歲,0.00028
7658,2049,138,男性,27歲,0.00032
7659,2049,138,女性,27歲,0.00024
7660,2049,138,總計,28歲,0.00029
7661,2049,138,男性,28歲,0.00033
7662,2049,138,女性,28歲,0.00025
7663,2049,138,總計,29歲,0.00031
7664,2049,138,男性,29歲,0.00036
7665,2049,138,女性,29歲,0.00027
7666,2049,138,總計,30歲,0.00034
7667,2049,138,男性,30歲,0.00039
7668,2049,138,女性,30歲,0.0003
7669,2049,138,總計,31歲,0.00037
7670,2049,138,男性,31歲,0.00042
7671,2049,138,女性,31歲,0.00032
7672,2049,138,總計,32歲,0.00041
7673,2049,138,男性,32歲,0.00047
7674,2049,138,女性,32歲,0.00035
7675,2049,138,總計,33歲,0.00044
7676,2049,138,男性,33歲,0.00051
7677,2049,138,女性,33歲,0.00037
7678,2049,138,總計,34歲,0.00048
7679,2049,138,男性,34歲,0.00056
7680,2049,138,女性,34歲,0.00039
7681,2049,138,總計,35歲,0.00052
7682,2049,138,男性,35歲,0.00062
7683,2049,138,女性,35歲,0.00042
7684,2049,138,總計,36歲,0.00057
7685,2049,138,男性,36歲,0.00069
7686,2049,138,女性,36歲,0.00045
7687,2049,138,總計,37歲,0.00063
7688,2049,138,男性,37歲,0.00077
7689,2049,138,女性,37歲,0.00048
7690,2049,138,總計,38歲,0.00069
7691,2049,138,男性,38歲,0.00086
7692,2049,138,女性,38歲,0.00052
7693,2049,138,總計,39歲,0.00077
7694,2049,138,男性,39歲,0.00096
7695,2049,138,女性,39歲,0.00057
7696,2049,138,總計,40歲,0.00085
7697,2049,138,男性,40歲,0.00109
7698,2049,138,女性,40歲,0.00062
7699,2049,138,總計,41歲,0.00095
7700,2049,138,男性,41歲,0.00123
7701,2049,138,女性,41歲,0.00066
7702,2049,138,總計,42歲,0.00105
7703,2049,138,男性,42歲,0.00138
7704,2049,138,女性,42歲,0.00072
7705,2049,138,總計,43歲,0.00117
7706,2049,138,男性,43歲,0.00156
7707,2049,138,女性,43歲,0.00079
7708,2049,138,總計,44歲,0.00131
7709,2049,138,男性,44歲,0.00175
7710,2049,138,女性,44歲,0.00087
7711,2049,138,總計,45歲,0.00145
7712,2049,138,男性,45歲,0.00196
7713,2049,138,女性,45歲,0.00095
7714,2049,138,總計,46歲,0.00162
7715,2049,138,男性,46歲,0.0022
7716,2049,138,女性,46歲,0.00104
7717,2049,138,總計,47歲,0.00179
7718,2049,138,男性,47歲,0.00245
7719,2049,138,女性,47歲,0.00113
7720,2049,138,總計,48歲,0.00198
7721,2049,138,男性,48歲,0.00273
7722,2049,138,女性,48歲,0.00123
7723,2049,138,總計,49歲,0.00219
7724,2049,138,男性,49歲,0.00305
7725,2049,138,女性,49歲,0.00133
7726,2049,138,總計,50歲,0.00241
7727,2049,138,男性,50歲,0.0034
7728,2049,138,女性,50歲,0.00145
7729,2049,138,總計,51歲,0.00266
7730,2049,138,男性,51歲,0.00377
7731,2049,138,女性,51歲,0.00156
7732,2049,138,總計,52歲,0.0029
7733,2049,138,男性,52歲,0.00416
7734,2049,138,女性,52歲,0.00166
7735,2049,138,總計,53歲,0.00316
7736,2049,138,男性,53歲,0.00457
7737,2049,138,女性,53歲,0.00178
7738,2049,138,總計,54歲,0.00339
7739,2049,138,男性,54歲,0.00492
7740,2049,138,女性,54歲,0.0019
7741,2049,138,總計,55歲,0.00362
7742,2049,138,男性,55歲,0.00528
7743,2049,138,女性,55歲,0.00201
7744,2049,138,總計,56歲,0.00388
7745,2049,138,男性,56歲,0.00567
7746,2049,138,女性,56歲,0.00214
7747,2049,138,總計,57歲,0.00417
7748,2049,138,男性,57歲,0.00611
7749,2049,138,女性,57歲,0.00229
7750,2049,138,總計,58歲,0.00447
7751,2049,138,男性,58歲,0.00657
7752,2049,138,女性,58歲,0.00245
7753,2049,138,總計,59歲,0.00479
7754,2049,138,男性,59歲,0.00704
7755,2049,138,女性,59歲,0.00262
7756,2049,138,總計,60歲,0.00512
7757,2049,138,男性,60歲,0.00752
7758,2049,138,女性,60歲,0.00282
7759,2049,138,總計,61歲,0.00547
7760,2049,138,男性,61歲,0.00802
7761,2049,138,女性,61歲,0.00305
7762,2049,138,總計,62歲,0.00586
7763,2049,138,男性,62歲,0.00858
7764,2049,138,女性,62歲,0.00329
7765,2049,138,總計,63歲,0.0063
7766,2049,138,男性,63歲,0.0092
7767,2049,138,女性,63歲,0.00357
7768,2049,138,總計,64歲,0.00679
7769,2049,138,男性,64歲,0.00989
7770,2049,138,女性,64歲,0.00389
7771,2049,138,總計,65歲,0.00734
7772,2049,138,男性,65歲,0.01065
7773,2049,138,女性,65歲,0.00426
7774,2049,138,總計,66歲,0.00797
7775,2049,138,男性,66歲,0.01151
7776,2049,138,女性,66歲,0.0047
7777,2049,138,總計,67歲,0.0087
7778,2049,138,男性,67歲,0.0125
7779,2049,138,女性,67歲,0.00521
7780,2049,138,總計,68歲,0.00951
7781,2049,138,男性,68歲,0.0136
7782,2049,138,女性,68歲,0.00579
7783,2049,138,總計,69歲,0.01044
7784,2049,138,男性,69歲,0.01484
7785,2049,138,女性,69歲,0.00646
7786,2049,138,總計,70歲,0.01146
7787,2049,138,男性,70歲,0.01619
7788,2049,138,女性,70歲,0.00722
7789,2049,138,總計,71歲,0.0126
7790,2049,138,男性,71歲,0.01769
7791,2049,138,女性,71歲,0.00808
7792,2049,138,總計,72歲,0.01386
7793,2049,138,男性,72歲,0.01934
7794,2049,138,女性,72歲,0.00904
7795,2049,138,總計,73歲,0.01529
7796,2049,138,男性,73歲,0.02124
7797,2049,138,女性,73歲,0.01011
7798,2049,138,總計,74歲,0.01691
7799,2049,138,男性,74歲,0.0234
7800,2049,138,女性,74歲,0.01133
7801,2049,138,總計,75歲,0.01873
7802,2049,138,男性,75歲,0.02582
7803,2049,138,女性,75歲,0.0127
7804,2049,138,總計,76歲,0.02071
7805,2049,138,男性,76歲,0.02848
7806,2049,138,女性,76歲,0.0142
7807,2049,138,總計,77歲,0.02292
7808,2049,138,男性,77歲,0.03142
7809,2049,138,女性,77歲,0.0159
7810,2049,138,總計,78歲,0.02538
7811,2049,138,男性,78歲,0.03468
7812,2049,138,女性,78歲,0.01782
7813,2049,138,總計,79歲,0.0281
7814,2049,138,男性,79歲,0.03827
7815,2049,138,女性,79歲,0.01997
7816,2049,138,總計,80歲,0.03126
7817,2049,138,男性,80歲,0.04214
7818,2049,138,女性,80歲,0.02272
7819,2049,138,總計,81歲,0.03476
7820,2049,138,男性,81歲,0.0464
7821,2049,138,女性,81歲,0.02581
7822,2049,138,總計,82歲,0.03862
7823,2049,138,男性,82歲,0.05106
7824,2049,138,女性,82歲,0.02925
7825,2049,138,總計,83歲,0.04283
7826,2049,138,男性,83歲,0.05609
7827,2049,138,女性,83歲,0.03308
7828,2049,138,總計,84歲,0.04744
7829,2049,138,男性,84歲,0.06151
7830,2049,138,女性,84歲,0.03733
7831,2049,138,總計,85歲,0.05413
7832,2049,138,男性,85歲,0.06878
7833,2049,138,女性,85歲,0.04388
7834,2049,138,總計,86歲,0.05969
7835,2049,138,男性,86歲,0.07521
7836,2049,138,女性,86歲,0.04911
7837,2049,138,總計,87歲,0.06578
7838,2049,138,男性,87歲,0.0822
7839,2049,138,女性,87歲,0.05488
7840,2049,138,總計,88歲,0.07241
7841,2049,138,男性,88歲,0.08974
7842,2049,138,女性,88歲,0.06125
7843,2049,138,總計,89歲,0.07966
7844,2049,138,男性,89歲,0.09787
7845,2049,138,女性,89歲,0.06829
7846,2049,138,總計,90歲,0.08762
7847,2049,138,男性,90歲,0.10667
7848,2049,138,女性,90歲,0.0761
7849,2049,138,總計,91歲,0.09639
7850,2049,138,男性,91歲,0.11621
7851,2049,138,女性,91歲,0.0848
7852,2049,138,總計,92歲,0.10601
7853,2049,138,男性,92歲,0.1265
7854,2049,138,女性,92歲,0.09445
7855,2049,138,總計,93歲,0.1165
7856,2049,138,男性,93歲,0.13752
7857,2049,138,女性,93歲,0.10505
7858,2049,138,總計,94歲,0.12789
7859,2049,138,男性,94歲,0.1493
7860,2049,138,女性,94歲,0.11665
7861,2049,138,總計,95歲,0.14076
7862,2049,138,男性,95歲,0.16221
7863,2049,138,女性,95歲,0.12992
7864,2049,138,總計,96歲,0.15419
7865,2049,138,男性,96歲,0.17546
7866,2049,138,女性,96歲,0.14384
7867,2049,138,總計,97歲,0.16828
7868,2049,138,男性,97歲,0.18923
7869,2049,138,女性,97歲,0.15847
7870,2049,138,總計,98歲,0.1837
7871,2049,138,男性,98歲,0.20398
7872,2049,138,女性,98歲,0.17454
7873,2049,138,總計,99歲,0.2005
7874,2049,138,男性,99歲,0.21974
7875,2049,138,女性,99歲,0.19212
7876,2049,138,總計,100歲及以上,1
7877,2049,138,男性,100歲及以上,1
7878,2049,138,女性,100歲及以上,1
7879,2050,139,總計,0歲,0.00293
7880,2050,139,男性,0歲,0.00313
7881,2050,139,女性,0歲,0.00274
7882,2050,139,總計,1歲,0.00012
7883,2050,139,男性,1歲,0.00013
7884,2050,139,女性,1歲,0.00011
7885,2050,139,總計,2歲,7E-05
7886,2050,139,男性,2歲,8E-05
7887,2050,139,女性,2歲,7E-05
7888,2050,139,總計,3歲,6E-05
7889,2050,139,男性,3歲,6E-05
7890,2050,139,女性,3歲,5E-05
7891,2050,139,總計,4歲,5E-05
7892,2050,139,男性,4歲,5E-05
7893,2050,139,女性,4歲,5E-05
7894,2050,139,總計,5歲,5E-05
7895,2050,139,男性,5歲,5E-05
7896,2050,139,女性,5歲,4E-05
7897,2050,139,總計,6歲,4E-05
7898,2050,139,男性,6歲,5E-05
7899,2050,139,女性,6歲,4E-05
7900,2050,139,總計,7歲,4E-05
7901,2050,139,男性,7歲,4E-05
7902,2050,139,女性,7歲,4E-05
7903,2050,139,總計,8歲,4E-05
7904,2050,139,男性,8歲,4E-05
7905,2050,139,女性,8歲,4E-05
7906,2050,139,總計,9歲,4E-05
7907,2050,139,男性,9歲,4E-05
7908,2050,139,女性,9歲,4E-05
7909,2050,139,總計,10歲,5E-05
7910,2050,139,男性,10歲,4E-05
7911,2050,139,女性,10歲,5E-05
7912,2050,139,總計,11歲,5E-05
7913,2050,139,男性,11歲,5E-05
7914,2050,139,女性,11歲,5E-05
7915,2050,139,總計,12歲,6E-05
7916,2050,139,男性,12歲,6E-05
7917,2050,139,女性,12歲,6E-05
7918,2050,139,總計,13歲,8E-05
7919,2050,139,男性,13歲,8E-05
7920,2050,139,女性,13歲,7E-05
7921,2050,139,總計,14歲,0.0001
7922,2050,139,男性,14歲,0.00012
7923,2050,139,女性,14歲,8E-05
7924,2050,139,總計,15歲,0.00013
7925,2050,139,男性,15歲,0.00016
7926,2050,139,女性,15歲,9E-05
7927,2050,139,總計,16歲,0.00016
7928,2050,139,男性,16歲,0.00021
7929,2050,139,女性,16歲,0.00011
7930,2050,139,總計,17歲,0.00019
7931,2050,139,男性,17歲,0.00025
7932,2050,139,女性,17歲,0.00013
7933,2050,139,總計,18歲,0.00022
7934,2050,139,男性,18歲,0.00029
7935,2050,139,女性,18歲,0.00014
7936,2050,139,總計,19歲,0.00023
7937,2050,139,男性,19歲,0.00031
7938,2050,139,女性,19歲,0.00016
7939,2050,139,總計,20歲,0.00024
7940,2050,139,男性,20歲,0.00032
7941,2050,139,女性,20歲,0.00017
7942,2050,139,總計,21歲,0.00025
7943,2050,139,男性,21歲,0.00033
7944,2050,139,女性,21歲,0.00018
7945,2050,139,總計,22歲,0.00026
7946,2050,139,男性,22歲,0.00033
7947,2050,139,女性,22歲,0.00018
7948,2050,139,總計,23歲,0.00026
7949,2050,139,男性,23歲,0.00033
7950,2050,139,女性,23歲,0.0002
7951,2050,139,總計,24歲,0.00026
7952,2050,139,男性,24歲,0.00032
7953,2050,139,女性,24歲,0.0002
7954,2050,139,總計,25歲,0.00026
7955,2050,139,男性,25歲,0.00031
7956,2050,139,女性,25歲,0.00021
7957,2050,139,總計,26歲,0.00026
7958,2050,139,男性,26歲,0.00031
7959,2050,139,女性,26歲,0.00022
7960,2050,139,總計,27歲,0.00027
7961,2050,139,男性,27歲,0.00031
7962,2050,139,女性,27歲,0.00024
7963,2050,139,總計,28歲,0.00029
7964,2050,139,男性,28歲,0.00033
7965,2050,139,女性,28歲,0.00025
7966,2050,139,總計,29歲,0.00031
7967,2050,139,男性,29歲,0.00035
7968,2050,139,女性,29歲,0.00027
7969,2050,139,總計,30歲,0.00034
7970,2050,139,男性,30歲,0.00038
7971,2050,139,女性,30歲,0.00029
7972,2050,139,總計,31歲,0.00037
7973,2050,139,男性,31歲,0.00041
7974,2050,139,女性,31歲,0.00032
7975,2050,139,總計,32歲,0.0004
7976,2050,139,男性,32歲,0.00045
7977,2050,139,女性,32歲,0.00034
7978,2050,139,總計,33歲,0.00043
7979,2050,139,男性,33歲,0.0005
7980,2050,139,女性,33歲,0.00037
7981,2050,139,總計,34歲,0.00047
7982,2050,139,男性,34歲,0.00055
7983,2050,139,女性,34歲,0.00039
7984,2050,139,總計,35歲,0.00051
7985,2050,139,男性,35歲,0.0006
7986,2050,139,女性,35歲,0.00041
7987,2050,139,總計,36歲,0.00056
7988,2050,139,男性,36歲,0.00067
7989,2050,139,女性,36歲,0.00045
7990,2050,139,總計,37歲,0.00061
7991,2050,139,男性,37歲,0.00075
7992,2050,139,女性,37歲,0.00048
7993,2050,139,總計,38歲,0.00068
7994,2050,139,男性,38歲,0.00084
7995,2050,139,女性,38歲,0.00052
7996,2050,139,總計,39歲,0.00075
7997,2050,139,男性,39歲,0.00094
7998,2050,139,女性,39歲,0.00056
7999,2050,139,總計,40歲,0.00083
8000,2050,139,男性,40歲,0.00106
8001,2050,139,女性,40歲,0.00061
8002,2050,139,總計,41歲,0.00093
8003,2050,139,男性,41歲,0.0012
8004,2050,139,女性,41歲,0.00066
8005,2050,139,總計,42歲,0.00103
8006,2050,139,男性,42歲,0.00135
8007,2050,139,女性,42歲,0.00071
8008,2050,139,總計,43歲,0.00115
8009,2050,139,男性,43歲,0.00152
8010,2050,139,女性,43歲,0.00078
8011,2050,139,總計,44歲,0.00128
8012,2050,139,男性,44歲,0.00171
8013,2050,139,女性,44歲,0.00086
8014,2050,139,總計,45歲,0.00143
8015,2050,139,男性,45歲,0.00192
8016,2050,139,女性,45歲,0.00094
8017,2050,139,總計,46歲,0.00159
8018,2050,139,男性,46歲,0.00216
8019,2050,139,女性,46歲,0.00103
8020,2050,139,總計,47歲,0.00176
8021,2050,139,男性,47歲,0.00241
8022,2050,139,女性,47歲,0.00112
8023,2050,139,總計,48歲,0.00194
8024,2050,139,男性,48歲,0.00269
8025,2050,139,女性,48歲,0.00121
8026,2050,139,總計,49歲,0.00215
8027,2050,139,男性,49歲,0.003
8028,2050,139,女性,49歲,0.00132
8029,2050,139,總計,50歲,0.00238
8030,2050,139,男性,50歲,0.00334
8031,2050,139,女性,50歲,0.00143
8032,2050,139,總計,51歲,0.00262
8033,2050,139,男性,51歲,0.00372
8034,2050,139,女性,51歲,0.00154
8035,2050,139,總計,52歲,0.00286
8036,2050,139,男性,52歲,0.00411
8037,2050,139,女性,52歲,0.00164
8038,2050,139,總計,53歲,0.00312
8039,2050,139,男性,53歲,0.00451
8040,2050,139,女性,53歲,0.00176
8041,2050,139,總計,54歲,0.00335
8042,2050,139,男性,54歲,0.00486
8043,2050,139,女性,54歲,0.00188
8044,2050,139,總計,55歲,0.00358
8045,2050,139,男性,55歲,0.00522
8046,2050,139,女性,55歲,0.00198
8047,2050,139,總計,56歲,0.00383
8048,2050,139,男性,56歲,0.00561
8049,2050,139,女性,56歲,0.00211
8050,2050,139,總計,57歲,0.00412
8051,2050,139,男性,57歲,0.00605
8052,2050,139,女性,57歲,0.00226
8053,2050,139,總計,58歲,0.00442
8054,2050,139,男性,58歲,0.00651
8055,2050,139,女性,58歲,0.00241
8056,2050,139,總計,59歲,0.00474
8057,2050,139,男性,59歲,0.00697
8058,2050,139,女性,59歲,0.00259
8059,2050,139,總計,60歲,0.00506
8060,2050,139,男性,60歲,0.00745
8061,2050,139,女性,60歲,0.00278
8062,2050,139,總計,61歲,0.00541
8063,2050,139,男性,61歲,0.00795
8064,2050,139,女性,61歲,0.003
8065,2050,139,總計,62歲,0.0058
8066,2050,139,男性,62歲,0.0085
8067,2050,139,女性,62歲,0.00324
8068,2050,139,總計,63歲,0.00623
8069,2050,139,男性,63歲,0.00911
8070,2050,139,女性,63歲,0.00352
8071,2050,139,總計,64歲,0.00672
8072,2050,139,男性,64歲,0.0098
8073,2050,139,女性,64歲,0.00383
8074,2050,139,總計,65歲,0.00726
8075,2050,139,男性,65歲,0.01054
8076,2050,139,女性,65歲,0.0042
8077,2050,139,總計,66歲,0.00788
8078,2050,139,男性,66歲,0.01139
8079,2050,139,女性,66歲,0.00463
8080,2050,139,總計,67歲,0.0086
8081,2050,139,男性,67歲,0.01238
8082,2050,139,女性,67歲,0.00513
8083,2050,139,總計,68歲,0.0094
8084,2050,139,男性,68歲,0.01346
8085,2050,139,女性,68歲,0.0057
8086,2050,139,總計,69歲,0.01031
8087,2050,139,男性,69歲,0.01469
8088,2050,139,女性,69歲,0.00636
8089,2050,139,總計,70歲,0.01132
8090,2050,139,男性,70歲,0.01602
8091,2050,139,女性,70歲,0.00711
8092,2050,139,總計,71歲,0.01244
8093,2050,139,男性,71歲,0.0175
8094,2050,139,女性,71歲,0.00795
8095,2050,139,總計,72歲,0.01369
8096,2050,139,男性,72歲,0.01913
8097,2050,139,女性,72歲,0.00889
8098,2050,139,總計,73歲,0.0151
8099,2050,139,男性,73歲,0.02101
8100,2050,139,女性,73歲,0.00995
8101,2050,139,總計,74歲,0.01671
8102,2050,139,男性,74歲,0.02315
8103,2050,139,女性,74歲,0.01115
8104,2050,139,總計,75歲,0.0185
8105,2050,139,男性,75歲,0.02554
8106,2050,139,女性,75歲,0.0125
8107,2050,139,總計,76歲,0.02046
8108,2050,139,男性,76歲,0.02817
8109,2050,139,女性,76歲,0.01398
8110,2050,139,總計,77歲,0.02264
8111,2050,139,男性,77歲,0.03108
8112,2050,139,女性,77歲,0.01566
8113,2050,139,總計,78歲,0.02508
8114,2050,139,男性,78歲,0.03432
8115,2050,139,女性,78歲,0.01755
8116,2050,139,總計,79歲,0.02776
8117,2050,139,男性,79歲,0.03787
8118,2050,139,女性,79歲,0.01966
8119,2050,139,總計,80歲,0.03089
8120,2050,139,男性,80歲,0.04171
8121,2050,139,女性,80歲,0.02239
8122,2050,139,總計,81歲,0.03436
8123,2050,139,男性,81歲,0.04594
8124,2050,139,女性,81歲,0.02543
8125,2050,139,總計,82歲,0.03817
8126,2050,139,男性,82歲,0.05055
8127,2050,139,女性,82歲,0.02883
8128,2050,139,總計,83歲,0.04235
8129,2050,139,男性,83歲,0.05554
8130,2050,139,女性,83歲,0.03262
8131,2050,139,總計,84歲,0.04691
8132,2050,139,男性,84歲,0.06093
8133,2050,139,女性,84歲,0.03681
8134,2050,139,總計,85歲,0.05354
8135,2050,139,男性,85歲,0.06814
8136,2050,139,女性,85歲,0.04329
8137,2050,139,總計,86歲,0.05905
8138,2050,139,男性,86歲,0.07453
8139,2050,139,女性,86歲,0.04847
8140,2050,139,總計,87歲,0.06509
8141,2050,139,男性,87歲,0.08148
8142,2050,139,女性,87歲,0.05419
8143,2050,139,總計,88歲,0.07168
8144,2050,139,男性,88歲,0.08898
8145,2050,139,女性,88歲,0.0605
8146,2050,139,總計,89歲,0.07888
8147,2050,139,男性,89歲,0.09707
8148,2050,139,女性,89歲,0.06748
8149,2050,139,總計,90歲,0.08678
8150,2050,139,男性,90歲,0.10583
8151,2050,139,女性,90歲,0.07524
8152,2050,139,總計,91歲,0.0955
8153,2050,139,男性,91歲,0.11533
8154,2050,139,女性,91歲,0.08388
8155,2050,139,總計,92歲,0.10508
8156,2050,139,男性,92歲,0.12558
8157,2050,139,女性,92歲,0.09347
8158,2050,139,總計,93歲,0.11552
8159,2050,139,男性,93歲,0.13657
8160,2050,139,女性,93歲,0.10402
8161,2050,139,總計,94歲,0.12686
8162,2050,139,男性,94歲,0.14832
8163,2050,139,女性,94歲,0.11557
8164,2050,139,總計,95歲,0.13971
8165,2050,139,男性,95歲,0.16123
8166,2050,139,女性,95歲,0.12881
8167,2050,139,總計,96歲,0.15311
8168,2050,139,男性,96歲,0.17446
8169,2050,139,女性,96歲,0.14269
8170,2050,139,總計,97歲,0.16718
8171,2050,139,男性,97歲,0.18822
8172,2050,139,女性,97歲,0.15729
8173,2050,139,總計,98歲,0.18258
8174,2050,139,男性,98歲,0.20298
8175,2050,139,女性,98歲,0.17335
8176,2050,139,總計,99歲,0.1994
8177,2050,139,男性,99歲,0.21876
8178,2050,139,女性,99歲,0.19095
8179,2050,139,總計,100歲及以上,1
8180,2050,139,男性,100歲及以上,1
8181,2050,139,女性,100歲及以上,1
8182,2051,140,總計,0歲,0.00291
8183,2051,140,男性,0歲,0.0031
8184,2051,140,女性,0歲,0.00272
8185,2051,140,總計,1歲,0.00012
8186,2051,140,男性,1歲,0.00013
8187,2051,140,女性,1歲,0.00011
8188,2051,140,總計,2歲,7E-05
8189,2051,140,男性,2歲,8E-05
8190,2051,140,女性,2歲,6E-05
8191,2051,140,總計,3歲,6E-05
8192,2051,140,男性,3歲,6E-05
8193,2051,140,女性,3歲,5E-05
8194,2051,140,總計,4歲,5E-05
8195,2051,140,男性,4歲,5E-05
8196,2051,140,女性,4歲,4E-05
8197,2051,140,總計,5歲,4E-05
8198,2051,140,男性,5歲,5E-05
8199,2051,140,女性,5歲,4E-05
8200,2051,140,總計,6歲,4E-05
8201,2051,140,男性,6歲,5E-05
8202,2051,140,女性,6歲,4E-05
8203,2051,140,總計,7歲,4E-05
8204,2051,140,男性,7歲,4E-05
8205,2051,140,女性,7歲,4E-05
8206,2051,140,總計,8歲,4E-05
8207,2051,140,男性,8歲,4E-05
8208,2051,140,女性,8歲,4E-05
8209,2051,140,總計,9歲,4E-05
8210,2051,140,男性,9歲,4E-05
8211,2051,140,女性,9歲,4E-05
8212,2051,140,總計,10歲,4E-05
8213,2051,140,男性,10歲,4E-05
8214,2051,140,女性,10歲,4E-05
8215,2051,140,總計,11歲,5E-05
8216,2051,140,男性,11歲,5E-05
8217,2051,140,女性,11歲,5E-05
8218,2051,140,總計,12歲,6E-05
8219,2051,140,男性,12歲,6E-05
8220,2051,140,女性,12歲,6E-05
8221,2051,140,總計,13歲,8E-05
8222,2051,140,男性,13歲,8E-05
8223,2051,140,女性,13歲,7E-05
8224,2051,140,總計,14歲,0.0001
8225,2051,140,男性,14歲,0.00011
8226,2051,140,女性,14歲,8E-05
8227,2051,140,總計,15歲,0.00013
8228,2051,140,男性,15歲,0.00016
8229,2051,140,女性,15歲,9E-05
8230,2051,140,總計,16歲,0.00015
8231,2051,140,男性,16歲,0.0002
8232,2051,140,女性,16歲,0.00011
8233,2051,140,總計,17歲,0.00018
8234,2051,140,男性,17歲,0.00024
8235,2051,140,女性,17歲,0.00012
8236,2051,140,總計,18歲,0.00021
8237,2051,140,男性,18歲,0.00028
8238,2051,140,女性,18歲,0.00014
8239,2051,140,總計,19歲,0.00023
8240,2051,140,男性,19歲,0.0003
8241,2051,140,女性,19歲,0.00016
8242,2051,140,總計,20歲,0.00024
8243,2051,140,男性,20歲,0.00031
8244,2051,140,女性,20歲,0.00017
8245,2051,140,總計,21歲,0.00025
8246,2051,140,男性,21歲,0.00032
8247,2051,140,女性,21歲,0.00017
8248,2051,140,總計,22歲,0.00025
8249,2051,140,男性,22歲,0.00032
8250,2051,140,女性,22歲,0.00018
8251,2051,140,總計,23歲,0.00026
8252,2051,140,男性,23歲,0.00032
8253,2051,140,女性,23歲,0.00019
8254,2051,140,總計,24歲,0.00026
8255,2051,140,男性,24歲,0.00032
8256,2051,140,女性,24歲,0.0002
8257,2051,140,總計,25歲,0.00026
8258,2051,140,男性,25歲,0.00031
8259,2051,140,女性,25歲,0.00021
8260,2051,140,總計,26歲,0.00026
8261,2051,140,男性,26歲,0.0003
8262,2051,140,女性,26歲,0.00022
8263,2051,140,總計,27歲,0.00027
8264,2051,140,男性,27歲,0.0003
8265,2051,140,女性,27歲,0.00023
8266,2051,140,總計,28歲,0.00028
8267,2051,140,男性,28歲,0.00032
8268,2051,140,女性,28歲,0.00025
8269,2051,140,總計,29歲,0.0003
8270,2051,140,男性,29歲,0.00034
8271,2051,140,女性,29歲,0.00027
8272,2051,140,總計,30歲,0.00033
8273,2051,140,男性,30歲,0.00037
8274,2051,140,女性,30歲,0.00029
8275,2051,140,總計,31歲,0.00036
8276,2051,140,男性,31歲,0.0004
8277,2051,140,女性,31歲,0.00031
8278,2051,140,總計,32歲,0.00039
8279,2051,140,男性,32歲,0.00044
8280,2051,140,女性,32歲,0.00034
8281,2051,140,總計,33歲,0.00042
8282,2051,140,男性,33歲,0.00049
8283,2051,140,女性,33歲,0.00036
8284,2051,140,總計,34歲,0.00046
8285,2051,140,男性,34歲,0.00053
8286,2051,140,女性,34歲,0.00038
8287,2051,140,總計,35歲,0.0005
8288,2051,140,男性,35歲,0.00059
8289,2051,140,女性,35歲,0.00041
8290,2051,140,總計,36歲,0.00055
8291,2051,140,男性,36歲,0.00065
8292,2051,140,女性,36歲,0.00044
8293,2051,140,總計,37歲,0.0006
8294,2051,140,男性,37歲,0.00073
8295,2051,140,女性,37歲,0.00047
8296,2051,140,總計,38歲,0.00066
8297,2051,140,男性,38歲,0.00082
8298,2051,140,女性,38歲,0.00051
8299,2051,140,總計,39歲,0.00074
8300,2051,140,男性,39歲,0.00092
8301,2051,140,女性,39歲,0.00055
8302,2051,140,總計,40歲,0.00082
8303,2051,140,男性,40歲,0.00103
8304,2051,140,女性,40歲,0.0006
8305,2051,140,總計,41歲,0.00091
8306,2051,140,男性,41歲,0.00117
8307,2051,140,女性,41歲,0.00065
8308,2051,140,總計,42歲,0.00101
8309,2051,140,男性,42歲,0.00131
8310,2051,140,女性,42歲,0.00071
8311,2051,140,總計,43歲,0.00113
8312,2051,140,男性,43歲,0.00149
8313,2051,140,女性,43歲,0.00077
8314,2051,140,總計,44歲,0.00126
8315,2051,140,男性,44歲,0.00168
8316,2051,140,女性,44歲,0.00085
8317,2051,140,總計,45歲,0.0014
8318,2051,140,男性,45歲,0.00188
8319,2051,140,女性,45歲,0.00093
8320,2051,140,總計,46歲,0.00156
8321,2051,140,男性,46歲,0.00211
8322,2051,140,女性,46歲,0.00101
8323,2051,140,總計,47歲,0.00173
8324,2051,140,男性,47歲,0.00236
8325,2051,140,女性,47歲,0.0011
8326,2051,140,總計,48歲,0.00191
8327,2051,140,男性,48歲,0.00264
8328,2051,140,女性,48歲,0.0012
8329,2051,140,總計,49歲,0.00212
8330,2051,140,男性,49歲,0.00295
8331,2051,140,女性,49歲,0.0013
8332,2051,140,總計,50歲,0.00234
8333,2051,140,男性,50歲,0.00329
8334,2051,140,女性,50歲,0.00141
8335,2051,140,總計,51歲,0.00258
8336,2051,140,男性,51歲,0.00366
8337,2051,140,女性,51歲,0.00152
8338,2051,140,總計,52歲,0.00283
8339,2051,140,男性,52歲,0.00405
8340,2051,140,女性,52歲,0.00162
8341,2051,140,總計,53歲,0.00308
8342,2051,140,男性,53歲,0.00445
8343,2051,140,女性,53歲,0.00174
8344,2051,140,總計,54歲,0.00331
8345,2051,140,男性,54歲,0.0048
8346,2051,140,女性,54歲,0.00185
8347,2051,140,總計,55歲,0.00354
8348,2051,140,男性,55歲,0.00516
8349,2051,140,女性,55歲,0.00196
8350,2051,140,總計,56歲,0.00379
8351,2051,140,男性,56歲,0.00555
8352,2051,140,女性,56歲,0.00208
8353,2051,140,總計,57歲,0.00408
8354,2051,140,男性,57歲,0.00598
8355,2051,140,女性,57歲,0.00223
8356,2051,140,總計,58歲,0.00437
8357,2051,140,男性,58歲,0.00644
8358,2051,140,女性,58歲,0.00238
8359,2051,140,總計,59歲,0.00468
8360,2051,140,男性,59歲,0.0069
8361,2051,140,女性,59歲,0.00255
8362,2051,140,總計,60歲,0.00501
8363,2051,140,男性,60歲,0.00738
8364,2051,140,女性,60歲,0.00275
8365,2051,140,總計,61歲,0.00535
8366,2051,140,男性,61歲,0.00787
8367,2051,140,女性,61歲,0.00296
8368,2051,140,總計,62歲,0.00573
8369,2051,140,男性,62歲,0.00841
8370,2051,140,女性,62歲,0.0032
8371,2051,140,總計,63歲,0.00616
8372,2051,140,男性,63歲,0.00902
8373,2051,140,女性,63歲,0.00346
8374,2051,140,總計,64歲,0.00664
8375,2051,140,男性,64歲,0.0097
8376,2051,140,女性,64歲,0.00378
8377,2051,140,總計,65歲,0.00718
8378,2051,140,男性,65歲,0.01044
8379,2051,140,女性,65歲,0.00414
8380,2051,140,總計,66歲,0.00779
8381,2051,140,男性,66歲,0.01128
8382,2051,140,女性,66歲,0.00456
8383,2051,140,總計,67歲,0.0085
8384,2051,140,男性,67歲,0.01225
8385,2051,140,女性,67歲,0.00505
8386,2051,140,總計,68歲,0.00929
8387,2051,140,男性,68歲,0.01333
8388,2051,140,女性,68歲,0.00561
8389,2051,140,總計,69歲,0.01019
8390,2051,140,男性,69歲,0.01453
8391,2051,140,女性,69歲,0.00626
8392,2051,140,總計,70歲,0.01119
8393,2051,140,男性,70歲,0.01585
8394,2051,140,女性,70歲,0.007
8395,2051,140,總計,71歲,0.01229
8396,2051,140,男性,71歲,0.01732
8397,2051,140,女性,71歲,0.00782
8398,2051,140,總計,72歲,0.01352
8399,2051,140,男性,72歲,0.01893
8400,2051,140,女性,72歲,0.00875
8401,2051,140,總計,73歲,0.01492
8402,2051,140,男性,73歲,0.02079
8403,2051,140,女性,73歲,0.00979
8404,2051,140,總計,74歲,0.0165
8405,2051,140,男性,74歲,0.0229
8406,2051,140,女性,74歲,0.01098
8407,2051,140,總計,75歲,0.01827
8408,2051,140,男性,75歲,0.02527
8409,2051,140,女性,75歲,0.0123
8410,2051,140,總計,76歲,0.02021
8411,2051,140,男性,76歲,0.02787
8412,2051,140,女性,76歲,0.01376
8413,2051,140,總計,77歲,0.02237
8414,2051,140,男性,77歲,0.03075
8415,2051,140,女性,77歲,0.01541
8416,2051,140,總計,78歲,0.02477
8417,2051,140,男性,78歲,0.03396
8418,2051,140,女性,78歲,0.01728
8419,2051,140,總計,79歲,0.02743
8420,2051,140,男性,79歲,0.03748
8421,2051,140,女性,79歲,0.01937
8422,2051,140,總計,80歲,0.03053
8423,2051,140,男性,80歲,0.04129
8424,2051,140,女性,80歲,0.02205
8425,2051,140,總計,81歲,0.03396
8426,2051,140,男性,81歲,0.04547
8427,2051,140,女性,81歲,0.02506
8428,2051,140,總計,82歲,0.03773
8429,2051,140,男性,82歲,0.05005
8430,2051,140,女性,82歲,0.02842
8431,2051,140,總計,83歲,0.04187
8432,2051,140,男性,83歲,0.055
8433,2051,140,女性,83歲,0.03216
8434,2051,140,總計,84歲,0.04638
8435,2051,140,男性,84歲,0.06035
8436,2051,140,女性,84歲,0.03631
8437,2051,140,總計,85歲,0.05295
8438,2051,140,男性,85歲,0.06751
8439,2051,140,女性,85歲,0.04271
8440,2051,140,總計,86歲,0.05842
8441,2051,140,男性,86歲,0.07385
8442,2051,140,女性,86歲,0.04784
8443,2051,140,總計,87歲,0.06441
8444,2051,140,男性,87歲,0.08076
8445,2051,140,女性,87歲,0.0535
8446,2051,140,總計,88歲,0.07095
8447,2051,140,男性,88歲,0.08822
8448,2051,140,女性,88歲,0.05976
8449,2051,140,總計,89歲,0.0781
8450,2051,140,男性,89歲,0.09627
8451,2051,140,女性,89歲,0.06669
8452,2051,140,總計,90歲,0.08595
8453,2051,140,男性,90歲,0.10499
8454,2051,140,女性,90歲,0.07438
8455,2051,140,總計,91歲,0.09463
8456,2051,140,男性,91歲,0.11445
8457,2051,140,女性,91歲,0.08297
8458,2051,140,總計,92歲,0.10415
8459,2051,140,男性,92歲,0.12467
8460,2051,140,女性,92歲,0.0925
8461,2051,140,總計,93歲,0.11454
8462,2051,140,男性,93歲,0.13563
8463,2051,140,女性,93歲,0.10299
8464,2051,140,總計,94歲,0.12584
8465,2051,140,男性,94歲,0.14735
8466,2051,140,女性,94歲,0.1145
8467,2051,140,總計,95歲,0.13867
8468,2051,140,男性,95歲,0.16024
8469,2051,140,女性,95歲,0.1277
8470,2051,140,總計,96歲,0.15204
8471,2051,140,男性,96歲,0.17347
8472,2051,140,女性,96歲,0.14156
8473,2051,140,總計,97歲,0.16608
8474,2051,140,男性,97歲,0.18721
8475,2051,140,女性,97歲,0.15612
8476,2051,140,總計,98歲,0.18147
8477,2051,140,男性,98歲,0.20197
8478,2051,140,女性,98歲,0.17217
8479,2051,140,總計,99歲,0.1983
8480,2051,140,男性,99歲,0.21778
8481,2051,140,女性,99歲,0.18979
8482,2051,140,總計,100歲及以上,1
8483,2051,140,男性,100歲及以上,1
8484,2051,140,女性,100歲及以上,1
8485,2052,141,總計,0歲,0.00288
8486,2052,141,男性,0歲,0.00307
8487,2052,141,女性,0歲,0.00269
8488,2052,141,總計,1歲,0.00012
8489,2052,141,男性,1歲,0.00013
8490,2052,141,女性,1歲,0.00011
8491,2052,141,總計,2歲,7E-05
8492,2052,141,男性,2歲,7E-05
8493,2052,141,女性,2歲,6E-05
8494,2052,141,總計,3歲,5E-05
8495,2052,141,男性,3歲,6E-05
8496,2052,141,女性,3歲,5E-05
8497,2052,141,總計,4歲,5E-05
8498,2052,141,男性,4歲,5E-05
8499,2052,141,女性,4歲,4E-05
8500,2052,141,總計,5歲,4E-05
8501,2052,141,男性,5歲,5E-05
8502,2052,141,女性,5歲,4E-05
8503,2052,141,總計,6歲,4E-05
8504,2052,141,男性,6歲,4E-05
8505,2052,141,女性,6歲,4E-05
8506,2052,141,總計,7歲,4E-05
8507,2052,141,男性,7歲,4E-05
8508,2052,141,女性,7歲,4E-05
8509,2052,141,總計,8歲,4E-05
8510,2052,141,男性,8歲,4E-05
8511,2052,141,女性,8歲,4E-05
8512,2052,141,總計,9歲,4E-05
8513,2052,141,男性,9歲,4E-05
8514,2052,141,女性,9歲,4E-05
8515,2052,141,總計,10歲,4E-05
8516,2052,141,男性,10歲,4E-05
8517,2052,141,女性,10歲,4E-05
8518,2052,141,總計,11歲,5E-05
8519,2052,141,男性,11歲,5E-05
8520,2052,141,女性,11歲,5E-05
8521,2052,141,總計,12歲,6E-05
8522,2052,141,男性,12歲,6E-05
8523,2052,141,女性,12歲,6E-05
8524,2052,141,總計,13歲,7E-05
8525,2052,141,男性,13歲,8E-05
8526,2052,141,女性,13歲,7E-05
8527,2052,141,總計,14歲,0.0001
8528,2052,141,男性,14歲,0.00011
8529,2052,141,女性,14歲,8E-05
8530,2052,141,總計,15歲,0.00012
8531,2052,141,男性,15歲,0.00015
8532,2052,141,女性,15歲,9E-05
8533,2052,141,總計,16歲,0.00015
8534,2052,141,男性,16歲,0.0002
8535,2052,141,女性,16歲,0.0001
8536,2052,141,總計,17歲,0.00018
8537,2052,141,男性,17歲,0.00024
8538,2052,141,女性,17歲,0.00012
8539,2052,141,總計,18歲,0.00021
8540,2052,141,男性,18歲,0.00028
8541,2052,141,女性,18歲,0.00014
8542,2052,141,總計,19歲,0.00023
8543,2052,141,男性,19歲,0.0003
8544,2052,141,女性,19歲,0.00016
8545,2052,141,總計,20歲,0.00023
8546,2052,141,男性,20歲,0.00031
8547,2052,141,女性,20歲,0.00016
8548,2052,141,總計,21歲,0.00024
8549,2052,141,男性,21歲,0.00031
8550,2052,141,女性,21歲,0.00017
8551,2052,141,總計,22歲,0.00025
8552,2052,141,男性,22歲,0.00031
8553,2052,141,女性,22歲,0.00018
8554,2052,141,總計,23歲,0.00025
8555,2052,141,男性,23歲,0.00031
8556,2052,141,女性,23歲,0.00019
8557,2052,141,總計,24歲,0.00025
8558,2052,141,男性,24歲,0.00031
8559,2052,141,女性,24歲,0.0002
8560,2052,141,總計,25歲,0.00025
8561,2052,141,男性,25歲,0.0003
8562,2052,141,女性,25歲,0.0002
8563,2052,141,總計,26歲,0.00025
8564,2052,141,男性,26歲,0.00029
8565,2052,141,女性,26歲,0.00022
8566,2052,141,總計,27歲,0.00026
8567,2052,141,男性,27歲,0.0003
8568,2052,141,女性,27歲,0.00023
8569,2052,141,總計,28歲,0.00028
8570,2052,141,男性,28歲,0.00031
8571,2052,141,女性,28歲,0.00025
8572,2052,141,總計,29歲,0.0003
8573,2052,141,男性,29歲,0.00033
8574,2052,141,女性,29歲,0.00026
8575,2052,141,總計,30歲,0.00032
8576,2052,141,男性,30歲,0.00036
8577,2052,141,女性,30歲,0.00029
8578,2052,141,總計,31歲,0.00035
8579,2052,141,男性,31歲,0.00039
8580,2052,141,女性,31歲,0.00031
8581,2052,141,總計,32歲,0.00038
8582,2052,141,男性,32歲,0.00043
8583,2052,141,女性,32歲,0.00034
8584,2052,141,總計,33歲,0.00042
8585,2052,141,男性,33歲,0.00047
8586,2052,141,女性,33歲,0.00036
8587,2052,141,總計,34歲,0.00045
8588,2052,141,男性,34歲,0.00052
8589,2052,141,女性,34歲,0.00038
8590,2052,141,總計,35歲,0.00049
8591,2052,141,男性,35歲,0.00057
8592,2052,141,女性,35歲,0.0004
8593,2052,141,總計,36歲,0.00053
8594,2052,141,男性,36歲,0.00063
8595,2052,141,女性,36歲,0.00043
8596,2052,141,總計,37歲,0.00059
8597,2052,141,男性,37歲,0.00071
8598,2052,141,女性,37歲,0.00047
8599,2052,141,總計,38歲,0.00065
8600,2052,141,男性,38歲,0.0008
8601,2052,141,女性,38歲,0.0005
8602,2052,141,總計,39歲,0.00072
8603,2052,141,男性,39歲,0.00089
8604,2052,141,女性,39歲,0.00055
8605,2052,141,總計,40歲,0.0008
8606,2052,141,男性,40歲,0.00101
8607,2052,141,女性,40歲,0.00059
8608,2052,141,總計,41歲,0.00089
8609,2052,141,男性,41歲,0.00114
8610,2052,141,女性,41歲,0.00064
8611,2052,141,總計,42歲,0.00099
8612,2052,141,男性,42歲,0.00128
8613,2052,141,女性,42歲,0.0007
8614,2052,141,總計,43歲,0.00111
8615,2052,141,男性,43歲,0.00145
8616,2052,141,女性,43歲,0.00076
8617,2052,141,總計,44歲,0.00124
8618,2052,141,男性,44歲,0.00164
8619,2052,141,女性,44歲,0.00084
8620,2052,141,總計,45歲,0.00138
8621,2052,141,男性,45歲,0.00184
8622,2052,141,女性,45歲,0.00092
8623,2052,141,總計,46歲,0.00153
8624,2052,141,男性,46歲,0.00207
8625,2052,141,女性,46歲,0.001
8626,2052,141,總計,47歲,0.0017
8627,2052,141,男性,47歲,0.00232
8628,2052,141,女性,47歲,0.00109
8629,2052,141,總計,48歲,0.00188
8630,2052,141,男性,48歲,0.00259
8631,2052,141,女性,48歲,0.00118
8632,2052,141,總計,49歲,0.00209
8633,2052,141,男性,49歲,0.0029
8634,2052,141,女性,49歲,0.00129
8635,2052,141,總計,50歲,0.00231
8636,2052,141,男性,50歲,0.00324
8637,2052,141,女性,50歲,0.00139
8638,2052,141,總計,51歲,0.00255
8639,2052,141,男性,51歲,0.00361
8640,2052,141,女性,51歲,0.0015
8641,2052,141,總計,52歲,0.00279
8642,2052,141,男性,52歲,0.00399
8643,2052,141,女性,52歲,0.0016
8644,2052,141,總計,53歲,0.00304
8645,2052,141,男性,53歲,0.00439
8646,2052,141,女性,53歲,0.00172
8647,2052,141,總計,54歲,0.00327
8648,2052,141,男性,54歲,0.00474
8649,2052,141,女性,54歲,0.00183
8650,2052,141,總計,55歲,0.0035
8651,2052,141,男性,55歲,0.0051
8652,2052,141,女性,55歲,0.00193
8653,2052,141,總計,56歲,0.00375
8654,2052,141,男性,56歲,0.00548
8655,2052,141,女性,56歲,0.00206
8656,2052,141,總計,57歲,0.00403
8657,2052,141,男性,57歲,0.00592
8658,2052,141,女性,57歲,0.0022
8659,2052,141,總計,58歲,0.00433
8660,2052,141,男性,58歲,0.00637
8661,2052,141,女性,58歲,0.00235
8662,2052,141,總計,59歲,0.00463
8663,2052,141,男性,59歲,0.00684
8664,2052,141,女性,59歲,0.00252
8665,2052,141,總計,60歲,0.00496
8666,2052,141,男性,60歲,0.0073
8667,2052,141,女性,60歲,0.00271
8668,2052,141,總計,61歲,0.0053
8669,2052,141,男性,61歲,0.00779
8670,2052,141,女性,61歲,0.00292
8671,2052,141,總計,62歲,0.00567
8672,2052,141,男性,62歲,0.00833
8673,2052,141,女性,62歲,0.00315
8674,2052,141,總計,63歲,0.00609
8675,2052,141,男性,63歲,0.00894
8676,2052,141,女性,63歲,0.00341
8677,2052,141,總計,64歲,0.00657
8678,2052,141,男性,64歲,0.0096
8679,2052,141,女性,64歲,0.00372
8680,2052,141,總計,65歲,0.00709
8681,2052,141,男性,65歲,0.01033
8682,2052,141,女性,65歲,0.00407
8683,2052,141,總計,66歲,0.0077
8684,2052,141,男性,66歲,0.01116
8685,2052,141,女性,66歲,0.00449
8686,2052,141,總計,67歲,0.0084
8687,2052,141,男性,67歲,0.01213
8688,2052,141,女性,67歲,0.00498
8689,2052,141,總計,68歲,0.00918
8690,2052,141,男性,68歲,0.01319
8691,2052,141,女性,68歲,0.00552
8692,2052,141,總計,69歲,0.01007
8693,2052,141,男性,69歲,0.01438
8694,2052,141,女性,69歲,0.00616
8695,2052,141,總計,70歲,0.01105
8696,2052,141,男性,70歲,0.01569
8697,2052,141,女性,70歲,0.00689
8698,2052,141,總計,71歲,0.01214
8699,2052,141,男性,71歲,0.01713
8700,2052,141,女性,71歲,0.0077
8701,2052,141,總計,72歲,0.01336
8702,2052,141,男性,72歲,0.01873
8703,2052,141,女性,72歲,0.00861
8704,2052,141,總計,73歲,0.01473
8705,2052,141,男性,73歲,0.02056
8706,2052,141,女性,73歲,0.00964
8707,2052,141,總計,74歲,0.0163
8708,2052,141,男性,74歲,0.02265
8709,2052,141,女性,74歲,0.01081
8710,2052,141,總計,75歲,0.01804
8711,2052,141,男性,75歲,0.025
8712,2052,141,女性,75歲,0.01211
8713,2052,141,總計,76歲,0.01996
8714,2052,141,男性,76歲,0.02757
8715,2052,141,女性,76歲,0.01355
8716,2052,141,總計,77歲,0.0221
8717,2052,141,男性,77歲,0.03043
8718,2052,141,女性,77歲,0.01518
8719,2052,141,總計,78歲,0.02448
8720,2052,141,男性,78歲,0.0336
8721,2052,141,女性,78歲,0.01701
8722,2052,141,總計,79歲,0.02711
8723,2052,141,男性,79歲,0.03709
8724,2052,141,女性,79歲,0.01907
8725,2052,141,總計,80歲,0.03017
8726,2052,141,男性,80歲,0.04087
8727,2052,141,女性,80歲,0.02172
8728,2052,141,總計,81歲,0.03356
8729,2052,141,男性,81歲,0.04502
8730,2052,141,女性,81歲,0.02469
8731,2052,141,總計,82歲,0.0373
8732,2052,141,男性,82歲,0.04956
8733,2052,141,女性,82歲,0.02801
8734,2052,141,總計,83歲,0.04139
8735,2052,141,男性,83歲,0.05447
8736,2052,141,女性,83歲,0.0317
8737,2052,141,總計,84歲,0.04587
8738,2052,141,男性,84歲,0.05977
8739,2052,141,女性,84歲,0.03581
8740,2052,141,總計,85歲,0.05237
8741,2052,141,男性,85歲,0.06688
8742,2052,141,女性,85歲,0.04214
8743,2052,141,總計,86歲,0.05779
8744,2052,141,男性,86歲,0.07318
8745,2052,141,女性,86歲,0.04721
8746,2052,141,總計,87歲,0.06373
8747,2052,141,男性,87歲,0.08005
8748,2052,141,女性,87歲,0.05282
8749,2052,141,總計,88歲,0.07022
8750,2052,141,男性,88歲,0.08747
8751,2052,141,女性,88歲,0.05903
8752,2052,141,總計,89歲,0.07732
8753,2052,141,男性,89歲,0.09547
8754,2052,141,女性,89歲,0.0659
8755,2052,141,總計,90歲,0.08513
8756,2052,141,男性,90歲,0.10415
8757,2052,141,女性,90歲,0.07354
8758,2052,141,總計,91歲,0.09375
8759,2052,141,男性,91歲,0.11358
8760,2052,141,女性,91歲,0.08207
8761,2052,141,總計,92歲,0.10323
8762,2052,141,男性,92歲,0.12376
8763,2052,141,女性,92歲,0.09154
8764,2052,141,總計,93歲,0.11357
8765,2052,141,男性,93歲,0.13469
8766,2052,141,女性,93歲,0.10198
8767,2052,141,總計,94歲,0.12483
8768,2052,141,男性,94歲,0.14638
8769,2052,141,女性,94歲,0.11343
8770,2052,141,總計,95歲,0.13763
8771,2052,141,男性,95歲,0.15927
8772,2052,141,女性,95歲,0.1266
8773,2052,141,總計,96歲,0.15097
8774,2052,141,男性,96歲,0.17247
8775,2052,141,女性,96歲,0.14043
8776,2052,141,總計,97歲,0.16498
8777,2052,141,男性,97歲,0.18621
8778,2052,141,女性,97歲,0.15496
8779,2052,141,總計,98歲,0.18037
8780,2052,141,男性,98歲,0.20097
8781,2052,141,女性,98歲,0.171
8782,2052,141,總計,99歲,0.19721
8783,2052,141,男性,99歲,0.2168
8784,2052,141,女性,99歲,0.18863
8785,2052,141,總計,100歲及以上,1
8786,2052,141,男性,100歲及以上,1
8787,2052,141,女性,100歲及以上,1
8788,2053,142,總計,0歲,0.00286
8789,2053,142,男性,0歲,0.00305
8790,2053,142,女性,0歲,0.00267
8791,2053,142,總計,1歲,0.00011
8792,2053,142,男性,1歲,0.00012
8793,2053,142,女性,1歲,0.0001
8794,2053,142,總計,2歲,7E-05
8795,2053,142,男性,2歲,7E-05
8796,2053,142,女性,2歲,6E-05
8797,2053,142,總計,3歲,5E-05
8798,2053,142,男性,3歲,6E-05
8799,2053,142,女性,3歲,5E-05
8800,2053,142,總計,4歲,4E-05
8801,2053,142,男性,4歲,5E-05
8802,2053,142,女性,4歲,4E-05
8803,2053,142,總計,5歲,4E-05
8804,2053,142,男性,5歲,4E-05
8805,2053,142,女性,5歲,4E-05
8806,2053,142,總計,6歲,4E-05
8807,2053,142,男性,6歲,4E-05
8808,2053,142,女性,6歲,4E-05
8809,2053,142,總計,7歲,4E-05
8810,2053,142,男性,7歲,4E-05
8811,2053,142,女性,7歲,4E-05
8812,2053,142,總計,8歲,4E-05
8813,2053,142,男性,8歲,4E-05
8814,2053,142,女性,8歲,4E-05
8815,2053,142,總計,9歲,4E-05
8816,2053,142,男性,9歲,4E-05
8817,2053,142,女性,9歲,4E-05
8818,2053,142,總計,10歲,4E-05
8819,2053,142,男性,10歲,4E-05
8820,2053,142,女性,10歲,4E-05
8821,2053,142,總計,11歲,5E-05
8822,2053,142,男性,11歲,5E-05
8823,2053,142,女性,11歲,5E-05
8824,2053,142,總計,12歲,6E-05
8825,2053,142,男性,12歲,6E-05
8826,2053,142,女性,12歲,6E-05
8827,2053,142,總計,13歲,7E-05
8828,2053,142,男性,13歲,8E-05
8829,2053,142,女性,13歲,7E-05
8830,2053,142,總計,14歲,9E-05
8831,2053,142,男性,14歲,0.00011
8832,2053,142,女性,14歲,8E-05
8833,2053,142,總計,15歲,0.00012
8834,2053,142,男性,15歲,0.00015
8835,2053,142,女性,15歲,9E-05
8836,2053,142,總計,16歲,0.00015
8837,2053,142,男性,16歲,0.00019
8838,2053,142,女性,16歲,0.0001
8839,2053,142,總計,17歲,0.00018
8840,2053,142,男性,17歲,0.00023
8841,2053,142,女性,17歲,0.00012
8842,2053,142,總計,18歲,0.00021
8843,2053,142,男性,18歲,0.00027
8844,2053,142,女性,18歲,0.00014
8845,2053,142,總計,19歲,0.00022
8846,2053,142,男性,19歲,0.00029
8847,2053,142,女性,19歲,0.00015
8848,2053,142,總計,20歲,0.00023
8849,2053,142,男性,20歲,0.0003
8850,2053,142,女性,20歲,0.00016
8851,2053,142,總計,21歲,0.00024
8852,2053,142,男性,21歲,0.0003
8853,2053,142,女性,21歲,0.00017
8854,2053,142,總計,22歲,0.00024
8855,2053,142,男性,22歲,0.00031
8856,2053,142,女性,22歲,0.00018
8857,2053,142,總計,23歲,0.00025
8858,2053,142,男性,23歲,0.00031
8859,2053,142,女性,23歲,0.00019
8860,2053,142,總計,24歲,0.00025
8861,2053,142,男性,24歲,0.0003
8862,2053,142,女性,24歲,0.0002
8863,2053,142,總計,25歲,0.00025
8864,2053,142,男性,25歲,0.00029
8865,2053,142,女性,25歲,0.0002
8866,2053,142,總計,26歲,0.00025
8867,2053,142,男性,26歲,0.00029
8868,2053,142,女性,26歲,0.00021
8869,2053,142,總計,27歲,0.00026
8870,2053,142,男性,27歲,0.00029
8871,2053,142,女性,27歲,0.00023
8872,2053,142,總計,28歲,0.00027
8873,2053,142,男性,28歲,0.0003
8874,2053,142,女性,28歲,0.00024
8875,2053,142,總計,29歲,0.00029
8876,2053,142,男性,29歲,0.00032
8877,2053,142,女性,29歲,0.00026
8878,2053,142,總計,30歲,0.00032
8879,2053,142,男性,30歲,0.00035
8880,2053,142,女性,30歲,0.00028
8881,2053,142,總計,31歲,0.00035
8882,2053,142,男性,31歲,0.00038
8883,2053,142,女性,31歲,0.00031
8884,2053,142,總計,32歲,0.00038
8885,2053,142,男性,32歲,0.00042
8886,2053,142,女性,32歲,0.00033
8887,2053,142,總計,33歲,0.00041
8888,2053,142,男性,33歲,0.00046
8889,2053,142,女性,33歲,0.00035
8890,2053,142,總計,34歲,0.00044
8891,2053,142,男性,34歲,0.0005
8892,2053,142,女性,34歲,0.00037
8893,2053,142,總計,35歲,0.00048
8894,2053,142,男性,35歲,0.00056
8895,2053,142,女性,35歲,0.0004
8896,2053,142,總計,36歲,0.00052
8897,2053,142,男性,36歲,0.00062
8898,2053,142,女性,36歲,0.00043
8899,2053,142,總計,37歲,0.00058
8900,2053,142,男性,37歲,0.00069
8901,2053,142,女性,37歲,0.00046
8902,2053,142,總計,38歲,0.00064
8903,2053,142,男性,38歲,0.00077
8904,2053,142,女性,38歲,0.0005
8905,2053,142,總計,39歲,0.00071
8906,2053,142,男性,39歲,0.00087
8907,2053,142,女性,39歲,0.00054
8908,2053,142,總計,40歲,0.00079
8909,2053,142,男性,40歲,0.00098
8910,2053,142,女性,40歲,0.00059
8911,2053,142,總計,41歲,0.00087
8912,2053,142,男性,41歲,0.00111
8913,2053,142,女性,41歲,0.00063
8914,2053,142,總計,42歲,0.00097
8915,2053,142,男性,42歲,0.00125
8916,2053,142,女性,42歲,0.00069
8917,2053,142,總計,43歲,0.00109
8918,2053,142,男性,43歲,0.00142
8919,2053,142,女性,43歲,0.00076
8920,2053,142,總計,44歲,0.00121
8921,2053,142,男性,44歲,0.0016
8922,2053,142,女性,44歲,0.00083
8923,2053,142,總計,45歲,0.00135
8924,2053,142,男性,45歲,0.0018
8925,2053,142,女性,45歲,0.00091
8926,2053,142,總計,46歲,0.00151
8927,2053,142,男性,46歲,0.00203
8928,2053,142,女性,46歲,0.00099
8929,2053,142,總計,47歲,0.00167
8930,2053,142,男性,47歲,0.00228
8931,2053,142,女性,47歲,0.00108
8932,2053,142,總計,48歲,0.00185
8933,2053,142,男性,48歲,0.00255
8934,2053,142,女性,48歲,0.00117
8935,2053,142,總計,49歲,0.00206
8936,2053,142,男性,49歲,0.00285
8937,2053,142,女性,49歲,0.00127
8938,2053,142,總計,50歲,0.00228
8939,2053,142,男性,50歲,0.00319
8940,2053,142,女性,50歲,0.00138
8941,2053,142,總計,51歲,0.00251
8942,2053,142,男性,51歲,0.00356
8943,2053,142,女性,51歲,0.00148
8944,2053,142,總計,52歲,0.00275
8945,2053,142,男性,52歲,0.00394
8946,2053,142,女性,52歲,0.00158
8947,2053,142,總計,53歲,0.003
8948,2053,142,男性,53歲,0.00433
8949,2053,142,女性,53歲,0.0017
8950,2053,142,總計,54歲,0.00323
8951,2053,142,男性,54歲,0.00469
8952,2053,142,女性,54歲,0.00181
8953,2053,142,總計,55歲,0.00346
8954,2053,142,男性,55歲,0.00504
8955,2053,142,女性,55歲,0.00191
8956,2053,142,總計,56歲,0.0037
8957,2053,142,男性,56歲,0.00542
8958,2053,142,女性,56歲,0.00203
8959,2053,142,總計,57歲,0.00399
8960,2053,142,男性,57歲,0.00586
8961,2053,142,女性,57歲,0.00217
8962,2053,142,總計,58歲,0.00428
8963,2053,142,男性,58歲,0.00631
8964,2053,142,女性,58歲,0.00232
8965,2053,142,總計,59歲,0.00458
8966,2053,142,男性,59歲,0.00677
8967,2053,142,女性,59歲,0.00248
8968,2053,142,總計,60歲,0.0049
8969,2053,142,男性,60歲,0.00723
8970,2053,142,女性,60歲,0.00267
8971,2053,142,總計,61歲,0.00524
8972,2053,142,男性,61歲,0.00772
8973,2053,142,女性,61歲,0.00288
8974,2053,142,總計,62歲,0.00561
8975,2053,142,男性,62歲,0.00825
8976,2053,142,女性,62歲,0.00311
8977,2053,142,總計,63歲,0.00603
8978,2053,142,男性,63歲,0.00885
8979,2053,142,女性,63歲,0.00336
8980,2053,142,總計,64歲,0.0065
8981,2053,142,男性,64歲,0.00951
8982,2053,142,女性,64歲,0.00367
8983,2053,142,總計,65歲,0.00701
8984,2053,142,男性,65歲,0.01023
8985,2053,142,女性,65歲,0.00401
8986,2053,142,總計,66歲,0.00761
8987,2053,142,男性,66歲,0.01105
8988,2053,142,女性,66歲,0.00442
8989,2053,142,總計,67歲,0.0083
8990,2053,142,男性,67歲,0.012
8991,2053,142,女性,67歲,0.0049
8992,2053,142,總計,68歲,0.00908
8993,2053,142,男性,68歲,0.01305
8994,2053,142,女性,68歲,0.00544
8995,2053,142,總計,69歲,0.00995
8996,2053,142,男性,69歲,0.01423
8997,2053,142,女性,69歲,0.00606
8998,2053,142,總計,70歲,0.01092
8999,2053,142,男性,70歲,0.01552
9000,2053,142,女性,70歲,0.00678
9001,2053,142,總計,71歲,0.012
9002,2053,142,男性,71歲,0.01695
9003,2053,142,女性,71歲,0.00758
9004,2053,142,總計,72歲,0.01319
9005,2053,142,男性,72歲,0.01853
9006,2053,142,女性,72歲,0.00848
9007,2053,142,總計,73歲,0.01455
9008,2053,142,男性,73歲,0.02034
9009,2053,142,女性,73歲,0.00949
9010,2053,142,總計,74歲,0.0161
9011,2053,142,男性,74歲,0.02241
9012,2053,142,女性,74歲,0.01064
9013,2053,142,總計,75歲,0.01782
9014,2053,142,男性,75歲,0.02473
9015,2053,142,女性,75歲,0.01192
9016,2053,142,總計,76歲,0.01972
9017,2053,142,男性,76歲,0.02728
9018,2053,142,女性,76歲,0.01334
9019,2053,142,總計,77歲,0.02183
9020,2053,142,男性,77歲,0.0301
9021,2053,142,女性,77歲,0.01494
9022,2053,142,總計,78歲,0.02418
9023,2053,142,男性,78歲,0.03325
9024,2053,142,女性,78歲,0.01675
9025,2053,142,總計,79歲,0.02678
9026,2053,142,男性,79歲,0.03671
9027,2053,142,女性,79歲,0.01879
9028,2053,142,總計,80歲,0.02981
9029,2053,142,男性,80歲,0.04045
9030,2053,142,女性,80歲,0.0214
9031,2053,142,總計,81歲,0.03317
9032,2053,142,男性,81歲,0.04456
9033,2053,142,女性,81歲,0.02433
9034,2053,142,總計,82歲,0.03687
9035,2053,142,男性,82歲,0.04907
9036,2053,142,女性,82歲,0.02761
9037,2053,142,總計,83歲,0.04092
9038,2053,142,男性,83歲,0.05394
9039,2053,142,女性,83歲,0.03126
9040,2053,142,總計,84歲,0.04535
9041,2053,142,男性,84歲,0.0592
9042,2053,142,女性,84歲,0.03531
9043,2053,142,總計,85歲,0.0518
9044,2053,142,男性,85歲,0.06626
9045,2053,142,女性,85歲,0.04157
9046,2053,142,總計,86歲,0.05717
9047,2053,142,男性,86歲,0.07252
9048,2053,142,女性,86歲,0.04659
9049,2053,142,總計,87歲,0.06306
9050,2053,142,男性,87歲,0.07934
9051,2053,142,女性,87歲,0.05215
9052,2053,142,總計,88歲,0.06951
9053,2053,142,男性,88歲,0.08672
9054,2053,142,女性,88歲,0.0583
9055,2053,142,總計,89歲,0.07656
9056,2053,142,男性,89歲,0.09469
9057,2053,142,女性,89歲,0.06512
9058,2053,142,總計,90歲,0.08432
9059,2053,142,男性,90歲,0.10333
9060,2053,142,女性,90歲,0.0727
9061,2053,142,總計,91歲,0.09289
9062,2053,142,男性,91歲,0.11271
9063,2053,142,女性,91歲,0.08117
9064,2053,142,總計,92歲,0.10232
9065,2053,142,男性,92歲,0.12286
9066,2053,142,女性,92歲,0.09059
9067,2053,142,總計,93歲,0.11262
9068,2053,142,男性,93歲,0.13376
9069,2053,142,女性,93歲,0.10097
9070,2053,142,總計,94歲,0.12383
9071,2053,142,男性,94歲,0.14542
9072,2053,142,女性,94歲,0.11237
9073,2053,142,總計,95歲,0.1366
9074,2053,142,男性,95歲,0.15829
9075,2053,142,女性,95歲,0.12551
9076,2053,142,總計,96歲,0.14991
9077,2053,142,男性,96歲,0.17149
9078,2053,142,女性,96歲,0.1393
9079,2053,142,總計,97歲,0.16389
9080,2053,142,男性,97歲,0.18521
9081,2053,142,女性,97歲,0.1538
9082,2053,142,總計,98歲,0.17927
9083,2053,142,男性,98歲,0.19998
9084,2053,142,女性,98歲,0.16983
9085,2053,142,總計,99歲,0.19613
9086,2053,142,男性,99歲,0.21583
9087,2053,142,女性,99歲,0.18747
9088,2053,142,總計,100歲及以上,1
9089,2053,142,男性,100歲及以上,1
9090,2053,142,女性,100歲及以上,1
9091,2054,143,總計,0歲,0.00283
9092,2054,143,男性,0歲,0.00302
9093,2054,143,女性,0歲,0.00265
9094,2054,143,總計,1歲,0.00011
9095,2054,143,男性,1歲,0.00012
9096,2054,143,女性,1歲,0.0001
9097,2054,143,總計,2歲,6E-05
9098,2054,143,男性,2歲,7E-05
9099,2054,143,女性,2歲,6E-05
9100,2054,143,總計,3歲,5E-05
9101,2054,143,男性,3歲,6E-05
9102,2054,143,女性,3歲,5E-05
9103,2054,143,總計,4歲,4E-05
9104,2054,143,男性,4歲,5E-05
9105,2054,143,女性,4歲,4E-05
9106,2054,143,總計,5歲,4E-05
9107,2054,143,男性,5歲,4E-05
9108,2054,143,女性,5歲,4E-05
9109,2054,143,總計,6歲,4E-05
9110,2054,143,男性,6歲,4E-05
9111,2054,143,女性,6歲,4E-05
9112,2054,143,總計,7歲,4E-05
9113,2054,143,男性,7歲,4E-05
9114,2054,143,女性,7歲,4E-05
9115,2054,143,總計,8歲,4E-05
9116,2054,143,男性,8歲,4E-05
9117,2054,143,女性,8歲,4E-05
9118,2054,143,總計,9歲,4E-05
9119,2054,143,男性,9歲,4E-05
9120,2054,143,女性,9歲,4E-05
9121,2054,143,總計,10歲,4E-05
9122,2054,143,男性,10歲,4E-05
9123,2054,143,女性,10歲,4E-05
9124,2054,143,總計,11歲,5E-05
9125,2054,143,男性,11歲,5E-05
9126,2054,143,女性,11歲,5E-05
9127,2054,143,總計,12歲,6E-05
9128,2054,143,男性,12歲,6E-05
9129,2054,143,女性,12歲,6E-05
9130,2054,143,總計,13歲,7E-05
9131,2054,143,男性,13歲,7E-05
9132,2054,143,女性,13歲,7E-05
9133,2054,143,總計,14歲,9E-05
9134,2054,143,男性,14歲,0.00011
9135,2054,143,女性,14歲,8E-05
9136,2054,143,總計,15歲,0.00012
9137,2054,143,男性,15歲,0.00015
9138,2054,143,女性,15歲,9E-05
9139,2054,143,總計,16歲,0.00015
9140,2054,143,男性,16歲,0.00019
9141,2054,143,女性,16歲,0.0001
9142,2054,143,總計,17歲,0.00017
9143,2054,143,男性,17歲,0.00023
9144,2054,143,女性,17歲,0.00012
9145,2054,143,總計,18歲,0.0002
9146,2054,143,男性,18歲,0.00027
9147,2054,143,女性,18歲,0.00014
9148,2054,143,總計,19歲,0.00022
9149,2054,143,男性,19歲,0.00028
9150,2054,143,女性,19歲,0.00015
9151,2054,143,總計,20歲,0.00023
9152,2054,143,男性,20歲,0.00029
9153,2054,143,女性,20歲,0.00016
9154,2054,143,總計,21歲,0.00023
9155,2054,143,男性,21歲,0.0003
9156,2054,143,女性,21歲,0.00017
9157,2054,143,總計,22歲,0.00024
9158,2054,143,男性,22歲,0.0003
9159,2054,143,女性,22歲,0.00018
9160,2054,143,總計,23歲,0.00024
9161,2054,143,男性,23歲,0.0003
9162,2054,143,女性,23歲,0.00019
9163,2054,143,總計,24歲,0.00024
9164,2054,143,男性,24歲,0.00029
9165,2054,143,女性,24歲,0.00019
9166,2054,143,總計,25歲,0.00024
9167,2054,143,男性,25歲,0.00029
9168,2054,143,女性,25歲,0.0002
9169,2054,143,總計,26歲,0.00025
9170,2054,143,男性,26歲,0.00028
9171,2054,143,女性,26歲,0.00021
9172,2054,143,總計,27歲,0.00026
9173,2054,143,男性,27歲,0.00028
9174,2054,143,女性,27歲,0.00023
9175,2054,143,總計,28歲,0.00027
9176,2054,143,男性,28歲,0.0003
9177,2054,143,女性,28歲,0.00024
9178,2054,143,總計,29歲,0.00029
9179,2054,143,男性,29歲,0.00032
9180,2054,143,女性,29歲,0.00026
9181,2054,143,總計,30歲,0.00031
9182,2054,143,男性,30歲,0.00034
9183,2054,143,女性,30歲,0.00028
9184,2054,143,總計,31歲,0.00034
9185,2054,143,男性,31歲,0.00037
9186,2054,143,女性,31歲,0.0003
9187,2054,143,總計,32歲,0.00037
9188,2054,143,男性,32歲,0.00041
9189,2054,143,女性,32歲,0.00033
9190,2054,143,總計,33歲,0.0004
9191,2054,143,男性,33歲,0.00045
9192,2054,143,女性,33歲,0.00035
9193,2054,143,總計,34歲,0.00043
9194,2054,143,男性,34歲,0.00049
9195,2054,143,女性,34歲,0.00037
9196,2054,143,總計,35歲,0.00047
9197,2054,143,男性,35歲,0.00054
9198,2054,143,女性,35歲,0.00039
9199,2054,143,總計,36歲,0.00051
9200,2054,143,男性,36歲,0.0006
9201,2054,143,女性,36歲,0.00042
9202,2054,143,總計,37歲,0.00056
9203,2054,143,男性,37歲,0.00067
9204,2054,143,女性,37歲,0.00046
9205,2054,143,總計,38歲,0.00062
9206,2054,143,男性,38歲,0.00076
9207,2054,143,女性,38歲,0.00049
9208,2054,143,總計,39歲,0.00069
9209,2054,143,男性,39歲,0.00085
9210,2054,143,女性,39歲,0.00054
9211,2054,143,總計,40歲,0.00077
9212,2054,143,男性,40歲,0.00096
9213,2054,143,女性,40歲,0.00058
9214,2054,143,總計,41歲,0.00086
9215,2054,143,男性,41歲,0.00109
9216,2054,143,女性,41歲,0.00063
9217,2054,143,總計,42歲,0.00095
9218,2054,143,男性,42歲,0.00122
9219,2054,143,女性,42歲,0.00068
9220,2054,143,總計,43歲,0.00107
9221,2054,143,男性,43歲,0.00139
9222,2054,143,女性,43歲,0.00075
9223,2054,143,總計,44歲,0.00119
9224,2054,143,男性,44歲,0.00157
9225,2054,143,女性,44歲,0.00082
9226,2054,143,總計,45歲,0.00133
9227,2054,143,男性,45歲,0.00177
9228,2054,143,女性,45歲,0.00089
9229,2054,143,總計,46歲,0.00148
9230,2054,143,男性,46歲,0.00199
9231,2054,143,女性,46歲,0.00098
9232,2054,143,總計,47歲,0.00165
9233,2054,143,男性,47歲,0.00223
9234,2054,143,女性,47歲,0.00107
9235,2054,143,總計,48歲,0.00183
9236,2054,143,男性,48歲,0.0025
9237,2054,143,女性,48歲,0.00116
9238,2054,143,總計,49歲,0.00203
9239,2054,143,男性,49歲,0.00281
9240,2054,143,女性,49歲,0.00126
9241,2054,143,總計,50歲,0.00224
9242,2054,143,男性,50歲,0.00314
9243,2054,143,女性,50歲,0.00136
9244,2054,143,總計,51歲,0.00248
9245,2054,143,男性,51歲,0.0035
9246,2054,143,女性,51歲,0.00147
9247,2054,143,總計,52歲,0.00272
9248,2054,143,男性,52歲,0.00388
9249,2054,143,女性,52歲,0.00156
9250,2054,143,總計,53歲,0.00297
9251,2054,143,男性,53歲,0.00428
9252,2054,143,女性,53歲,0.00168
9253,2054,143,總計,54歲,0.00319
9254,2054,143,男性,54歲,0.00463
9255,2054,143,女性,54歲,0.00179
9256,2054,143,總計,55歲,0.00342
9257,2054,143,男性,55歲,0.00499
9258,2054,143,女性,55歲,0.00188
9259,2054,143,總計,56歲,0.00366
9260,2054,143,男性,56歲,0.00536
9261,2054,143,女性,56歲,0.00201
9262,2054,143,總計,57歲,0.00394
9263,2054,143,男性,57歲,0.0058
9264,2054,143,女性,57歲,0.00214
9265,2054,143,總計,58歲,0.00423
9266,2054,143,男性,58歲,0.00625
9267,2054,143,女性,58歲,0.00229
9268,2054,143,總計,59歲,0.00453
9269,2054,143,男性,59歲,0.0067
9270,2054,143,女性,59歲,0.00245
9271,2054,143,總計,60歲,0.00485
9272,2054,143,男性,60歲,0.00716
9273,2054,143,女性,60歲,0.00263
9274,2054,143,總計,61歲,0.00518
9275,2054,143,男性,61歲,0.00764
9276,2054,143,女性,61歲,0.00284
9277,2054,143,總計,62歲,0.00555
9278,2054,143,男性,62歲,0.00817
9279,2054,143,女性,62歲,0.00306
9280,2054,143,總計,63歲,0.00596
9281,2054,143,男性,63歲,0.00876
9282,2054,143,女性,63歲,0.00331
9283,2054,143,總計,64歲,0.00642
9284,2054,143,男性,64歲,0.00942
9285,2054,143,女性,64歲,0.00361
9286,2054,143,總計,65歲,0.00694
9287,2054,143,男性,65歲,0.01013
9288,2054,143,女性,65歲,0.00395
9289,2054,143,總計,66歲,0.00753
9290,2054,143,男性,66歲,0.01094
9291,2054,143,女性,66歲,0.00436
9292,2054,143,總計,67歲,0.00821
9293,2054,143,男性,67歲,0.01188
9294,2054,143,女性,67歲,0.00482
9295,2054,143,總計,68歲,0.00897
9296,2054,143,男性,68歲,0.01292
9297,2054,143,女性,68歲,0.00535
9298,2054,143,總計,69歲,0.00983
9299,2054,143,男性,69歲,0.01408
9300,2054,143,女性,69歲,0.00597
9301,2054,143,總計,70歲,0.01079
9302,2054,143,男性,70歲,0.01536
9303,2054,143,女性,70歲,0.00667
9304,2054,143,總計,71歲,0.01185
9305,2054,143,男性,71歲,0.01677
9306,2054,143,女性,71歲,0.00746
9307,2054,143,總計,72歲,0.01303
9308,2054,143,男性,72歲,0.01833
9309,2054,143,女性,72歲,0.00834
9310,2054,143,總計,73歲,0.01437
9311,2054,143,男性,73歲,0.02012
9312,2054,143,女性,73歲,0.00934
9313,2054,143,總計,74歲,0.0159
9314,2054,143,男性,74歲,0.02217
9315,2054,143,女性,74歲,0.01047
9316,2054,143,總計,75歲,0.0176
9317,2054,143,男性,75歲,0.02446
9318,2054,143,女性,75歲,0.01173
9319,2054,143,總計,76歲,0.01948
9320,2054,143,男性,76歲,0.02699
9321,2054,143,女性,76歲,0.01313
9322,2054,143,總計,77歲,0.02156
9323,2054,143,男性,77歲,0.02978
9324,2054,143,女性,77歲,0.01471
9325,2054,143,總計,78歲,0.02389
9326,2054,143,男性,78歲,0.0329
9327,2054,143,女性,78歲,0.0165
9328,2054,143,總計,79歲,0.02646
9329,2054,143,男性,79歲,0.03633
9330,2054,143,女性,79歲,0.0185
9331,2054,143,總計,80歲,0.02946
9332,2054,143,男性,80歲,0.04003
9333,2054,143,女性,80歲,0.02108
9334,2054,143,總計,81歲,0.03278
9335,2054,143,男性,81歲,0.04411
9336,2054,143,女性,81歲,0.02397
9337,2054,143,總計,82歲,0.03644
9338,2054,143,男性,82歲,0.04858
9339,2054,143,女性,82歲,0.02721
9340,2054,143,總計,83歲,0.04046
9341,2054,143,男性,83歲,0.05341
9342,2054,143,女性,83歲,0.03081
9343,2054,143,總計,84歲,0.04485
9344,2054,143,男性,84歲,0.05864
9345,2054,143,女性,84歲,0.03483
9346,2054,143,總計,85歲,0.05123
9347,2054,143,男性,85歲,0.06564
9348,2054,143,女性,85歲,0.04101
9349,2054,143,總計,86歲,0.05656
9350,2054,143,男性,86歲,0.07186
9351,2054,143,女性,86歲,0.04598
9352,2054,143,總計,87歲,0.06241
9353,2054,143,男性,87歲,0.07864
9354,2054,143,女性,87歲,0.05149
9355,2054,143,總計,88歲,0.0688
9356,2054,143,男性,88歲,0.08598
9357,2054,143,女性,88歲,0.05759
9358,2054,143,總計,89歲,0.0758
9359,2054,143,男性,89歲,0.0939
9360,2054,143,女性,89歲,0.06435
9361,2054,143,總計,90歲,0.08351
9362,2054,143,男性,90歲,0.1025
9363,2054,143,女性,90歲,0.07187
9364,2054,143,總計,91歲,0.09204
9365,2054,143,男性,91歲,0.11185
9366,2054,143,女性,91歲,0.08029
9367,2054,143,總計,92歲,0.10141
9368,2054,143,男性,92歲,0.12196
9369,2054,143,女性,92歲,0.08965
9370,2054,143,總計,93歲,0.11166
9371,2054,143,男性,93歲,0.13283
9372,2054,143,女性,93歲,0.09998
9373,2054,143,總計,94歲,0.12283
9374,2054,143,男性,94歲,0.14446
9375,2054,143,女性,94歲,0.11133
9376,2054,143,總計,95歲,0.13558
9377,2054,143,男性,95歲,0.15733
9378,2054,143,女性,95歲,0.12443
9379,2054,143,總計,96歲,0.14886
9380,2054,143,男性,96歲,0.1705
9381,2054,143,女性,96歲,0.13819
9382,2054,143,總計,97歲,0.16281
9383,2054,143,男性,97歲,0.18422
9384,2054,143,女性,97歲,0.15266
9385,2054,143,總計,98歲,0.17818
9386,2054,143,男性,98歲,0.19899
9387,2054,143,女性,98歲,0.16867
9388,2054,143,總計,99歲,0.19505
9389,2054,143,男性,99歲,0.21486
9390,2054,143,女性,99歲,0.18632
9391,2054,143,總計,100歲及以上,1
9392,2054,143,男性,100歲及以上,1
9393,2054,143,女性,100歲及以上,1
9394,2055,144,總計,0歲,0.00281
9395,2055,144,男性,0歲,0.00299
9396,2055,144,女性,0歲,0.00262
9397,2055,144,總計,1歲,0.00011
9398,2055,144,男性,1歲,0.00012
9399,2055,144,女性,1歲,0.0001
9400,2055,144,總計,2歲,6E-05
9401,2055,144,男性,2歲,7E-05
9402,2055,144,女性,2歲,6E-05
9403,2055,144,總計,3歲,5E-05
9404,2055,144,男性,3歲,6E-05
9405,2055,144,女性,3歲,4E-05
9406,2055,144,總計,4歲,4E-05
9407,2055,144,男性,4歲,5E-05
9408,2055,144,女性,4歲,4E-05
9409,2055,144,總計,5歲,4E-05
9410,2055,144,男性,5歲,4E-05
9411,2055,144,女性,5歲,4E-05
9412,2055,144,總計,6歲,4E-05
9413,2055,144,男性,6歲,4E-05
9414,2055,144,女性,6歲,4E-05
9415,2055,144,總計,7歲,4E-05
9416,2055,144,男性,7歲,4E-05
9417,2055,144,女性,7歲,4E-05
9418,2055,144,總計,8歲,4E-05
9419,2055,144,男性,8歲,4E-05
9420,2055,144,女性,8歲,4E-05
9421,2055,144,總計,9歲,4E-05
9422,2055,144,男性,9歲,4E-05
9423,2055,144,女性,9歲,4E-05
9424,2055,144,總計,10歲,4E-05
9425,2055,144,男性,10歲,4E-05
9426,2055,144,女性,10歲,4E-05
9427,2055,144,總計,11歲,5E-05
9428,2055,144,男性,11歲,4E-05
9429,2055,144,女性,11歲,5E-05
9430,2055,144,總計,12歲,6E-05
9431,2055,144,男性,12歲,5E-05
9432,2055,144,女性,12歲,6E-05
9433,2055,144,總計,13歲,7E-05
9434,2055,144,男性,13歲,7E-05
9435,2055,144,女性,13歲,7E-05
9436,2055,144,總計,14歲,9E-05
9437,2055,144,男性,14歲,0.0001
9438,2055,144,女性,14歲,8E-05
9439,2055,144,總計,15歲,0.00011
9440,2055,144,男性,15歲,0.00014
9441,2055,144,女性,15歲,9E-05
9442,2055,144,總計,16歲,0.00014
9443,2055,144,男性,16歲,0.00019
9444,2055,144,女性,16歲,0.0001
9445,2055,144,總計,17歲,0.00017
9446,2055,144,男性,17歲,0.00022
9447,2055,144,女性,17歲,0.00012
9448,2055,144,總計,18歲,0.0002
9449,2055,144,男性,18歲,0.00026
9450,2055,144,女性,18歲,0.00013
9451,2055,144,總計,19歲,0.00021
9452,2055,144,男性,19歲,0.00028
9453,2055,144,女性,19歲,0.00015
9454,2055,144,總計,20歲,0.00022
9455,2055,144,男性,20歲,0.00029
9456,2055,144,女性,20歲,0.00016
9457,2055,144,總計,21歲,0.00023
9458,2055,144,男性,21歲,0.00029
9459,2055,144,女性,21歲,0.00017
9460,2055,144,總計,22歲,0.00023
9461,2055,144,男性,22歲,0.00029
9462,2055,144,女性,22歲,0.00017
9463,2055,144,總計,23歲,0.00024
9464,2055,144,男性,23歲,0.00029
9465,2055,144,女性,23歲,0.00018
9466,2055,144,總計,24歲,0.00024
9467,2055,144,男性,24歲,0.00029
9468,2055,144,女性,24歲,0.00019
9469,2055,144,總計,25歲,0.00024
9470,2055,144,男性,25歲,0.00028
9471,2055,144,女性,25歲,0.0002
9472,2055,144,總計,26歲,0.00024
9473,2055,144,男性,26歲,0.00027
9474,2055,144,女性,26歲,0.00021
9475,2055,144,總計,27歲,0.00025
9476,2055,144,男性,27歲,0.00028
9477,2055,144,女性,27歲,0.00022
9478,2055,144,總計,28歲,0.00026
9479,2055,144,男性,28歲,0.00029
9480,2055,144,女性,28歲,0.00024
9481,2055,144,總計,29歲,0.00028
9482,2055,144,男性,29歲,0.00031
9483,2055,144,女性,29歲,0.00026
9484,2055,144,總計,30歲,0.00031
9485,2055,144,男性,30歲,0.00033
9486,2055,144,女性,30歲,0.00028
9487,2055,144,總計,31歲,0.00033
9488,2055,144,男性,31歲,0.00036
9489,2055,144,女性,31歲,0.0003
9490,2055,144,總計,32歲,0.00036
9491,2055,144,男性,32歲,0.0004
9492,2055,144,女性,32歲,0.00032
9493,2055,144,總計,33歲,0.00039
9494,2055,144,男性,33歲,0.00044
9495,2055,144,女性,33歲,0.00035
9496,2055,144,總計,34歲,0.00042
9497,2055,144,男性,34歲,0.00048
9498,2055,144,女性,34歲,0.00037
9499,2055,144,總計,35歲,0.00046
9500,2055,144,男性,35歲,0.00053
9501,2055,144,女性,35歲,0.00039
9502,2055,144,總計,36歲,0.0005
9503,2055,144,男性,36歲,0.00059
9504,2055,144,女性,36歲,0.00042
9505,2055,144,總計,37歲,0.00055
9506,2055,144,男性,37歲,0.00066
9507,2055,144,女性,37歲,0.00045
9508,2055,144,總計,38歲,0.00061
9509,2055,144,男性,38歲,0.00074
9510,2055,144,女性,38歲,0.00049
9511,2055,144,總計,39歲,0.00068
9512,2055,144,男性,39歲,0.00083
9513,2055,144,女性,39歲,0.00053
9514,2055,144,總計,40歲,0.00075
9515,2055,144,男性,40歲,0.00094
9516,2055,144,女性,40歲,0.00057
9517,2055,144,總計,41歲,0.00084
9518,2055,144,男性,41歲,0.00106
9519,2055,144,女性,41歲,0.00062
9520,2055,144,總計,42歲,0.00093
9521,2055,144,男性,42歲,0.0012
9522,2055,144,女性,42歲,0.00067
9523,2055,144,總計,43歲,0.00105
9524,2055,144,男性,43歲,0.00136
9525,2055,144,女性,43歲,0.00074
9526,2055,144,總計,44歲,0.00117
9527,2055,144,男性,44歲,0.00153
9528,2055,144,女性,44歲,0.00081
9529,2055,144,總計,45歲,0.00131
9530,2055,144,男性,45歲,0.00173
9531,2055,144,女性,45歲,0.00088
9532,2055,144,總計,46歲,0.00146
9533,2055,144,男性,46歲,0.00195
9534,2055,144,女性,46歲,0.00097
9535,2055,144,總計,47歲,0.00162
9536,2055,144,男性,47歲,0.00219
9537,2055,144,女性,47歲,0.00105
9538,2055,144,總計,48歲,0.0018
9539,2055,144,男性,48歲,0.00246
9540,2055,144,女性,48歲,0.00114
9541,2055,144,總計,49歲,0.002
9542,2055,144,男性,49歲,0.00276
9543,2055,144,女性,49歲,0.00124
9544,2055,144,總計,50歲,0.00221
9545,2055,144,男性,50歲,0.00309
9546,2055,144,女性,50歲,0.00135
9547,2055,144,總計,51歲,0.00244
9548,2055,144,男性,51歲,0.00345
9549,2055,144,女性,51歲,0.00145
9550,2055,144,總計,52歲,0.00268
9551,2055,144,男性,52歲,0.00383
9552,2055,144,女性,52歲,0.00155
9553,2055,144,總計,53歲,0.00293
9554,2055,144,男性,53歲,0.00422
9555,2055,144,女性,53歲,0.00166
9556,2055,144,總計,54歲,0.00315
9557,2055,144,男性,54歲,0.00457
9558,2055,144,女性,54歲,0.00176
9559,2055,144,總計,55歲,0.00338
9560,2055,144,男性,55歲,0.00493
9561,2055,144,女性,55歲,0.00186
9562,2055,144,總計,56歲,0.00362
9563,2055,144,男性,56歲,0.00531
9564,2055,144,女性,56歲,0.00198
9565,2055,144,總計,57歲,0.0039
9566,2055,144,男性,57歲,0.00573
9567,2055,144,女性,57歲,0.00211
9568,2055,144,總計,58歲,0.00419
9569,2055,144,男性,58歲,0.00618
9570,2055,144,女性,58歲,0.00226
9571,2055,144,總計,59歲,0.00448
9572,2055,144,男性,59歲,0.00663
9573,2055,144,女性,59歲,0.00242
9574,2055,144,總計,60歲,0.0048
9575,2055,144,男性,60歲,0.00709
9576,2055,144,女性,60歲,0.0026
9577,2055,144,總計,61歲,0.00513
9578,2055,144,男性,61歲,0.00757
9579,2055,144,女性,61歲,0.0028
9580,2055,144,總計,62歲,0.00549
9581,2055,144,男性,62歲,0.00809
9582,2055,144,女性,62歲,0.00302
9583,2055,144,總計,63歲,0.0059
9584,2055,144,男性,63歲,0.00868
9585,2055,144,女性,63歲,0.00327
9586,2055,144,總計,64歲,0.00635
9587,2055,144,男性,64歲,0.00932
9588,2055,144,女性,64歲,0.00356
9589,2055,144,總計,65歲,0.00686
9590,2055,144,男性,65歲,0.01003
9591,2055,144,女性,65歲,0.00389
9592,2055,144,總計,66歲,0.00744
9593,2055,144,男性,66歲,0.01083
9594,2055,144,女性,66歲,0.00429
9595,2055,144,總計,67歲,0.00811
9596,2055,144,男性,67歲,0.01176
9597,2055,144,女性,67歲,0.00475
9598,2055,144,總計,68歲,0.00886
9599,2055,144,男性,68歲,0.01279
9600,2055,144,女性,68歲,0.00527
9601,2055,144,總計,69歲,0.00972
9602,2055,144,男性,69歲,0.01394
9603,2055,144,女性,69歲,0.00587
9604,2055,144,總計,70歲,0.01066
9605,2055,144,男性,70歲,0.0152
9606,2055,144,女性,70歲,0.00657
9607,2055,144,總計,71歲,0.01171
9608,2055,144,男性,71歲,0.01659
9609,2055,144,女性,71歲,0.00734
9610,2055,144,總計,72歲,0.01287
9611,2055,144,男性,72歲,0.01813
9612,2055,144,女性,72歲,0.00821
9613,2055,144,總計,73歲,0.0142
9614,2055,144,男性,73歲,0.0199
9615,2055,144,女性,73歲,0.00919
9616,2055,144,總計,74歲,0.0157
9617,2055,144,男性,74歲,0.02193
9618,2055,144,女性,74歲,0.0103
9619,2055,144,總計,75歲,0.01739
9620,2055,144,男性,75歲,0.0242
9621,2055,144,女性,75歲,0.01155
9622,2055,144,總計,76歲,0.01924
9623,2055,144,男性,76歲,0.0267
9624,2055,144,女性,76歲,0.01292
9625,2055,144,總計,77歲,0.0213
9626,2055,144,男性,77歲,0.02947
9627,2055,144,女性,77歲,0.01448
9628,2055,144,總計,78歲,0.0236
9629,2055,144,男性,78歲,0.03255
9630,2055,144,女性,78歲,0.01624
9631,2055,144,總計,79歲,0.02615
9632,2055,144,男性,79歲,0.03596
9633,2055,144,女性,79歲,0.01822
9634,2055,144,總計,80歲,0.02911
9635,2055,144,男性,80歲,0.03963
9636,2055,144,女性,80歲,0.02076
9637,2055,144,總計,81歲,0.0324
9638,2055,144,男性,81歲,0.04367
9639,2055,144,女性,81歲,0.02362
9640,2055,144,總計,82歲,0.03602
9641,2055,144,男性,82歲,0.0481
9642,2055,144,女性,82歲,0.02682
9643,2055,144,總計,83歲,0.04
9644,2055,144,男性,83歲,0.05289
9645,2055,144,女性,83歲,0.03038
9646,2055,144,總計,84歲,0.04435
9647,2055,144,男性,84歲,0.05808
9648,2055,144,女性,84歲,0.03435
9649,2055,144,總計,85歲,0.05067
9650,2055,144,男性,85歲,0.06503
9651,2055,144,女性,85歲,0.04046
9652,2055,144,總計,86歲,0.05595
9653,2055,144,男性,86歲,0.07121
9654,2055,144,女性,86歲,0.04538
9655,2055,144,總計,87歲,0.06175
9656,2055,144,男性,87歲,0.07795
9657,2055,144,女性,87歲,0.05084
9658,2055,144,總計,88歲,0.0681
9659,2055,144,男性,88歲,0.08524
9660,2055,144,女性,88歲,0.05688
9661,2055,144,總計,89歲,0.07506
9662,2055,144,男性,89歲,0.09313
9663,2055,144,女性,89歲,0.06358
9664,2055,144,總計,90歲,0.08272
9665,2055,144,男性,90歲,0.10169
9666,2055,144,女性,90歲,0.07105
9667,2055,144,總計,91歲,0.09119
9668,2055,144,男性,91歲,0.111
9669,2055,144,女性,91歲,0.07941
9670,2055,144,總計,92歲,0.10052
9671,2055,144,男性,92歲,0.12107
9672,2055,144,女性,92歲,0.08871
9673,2055,144,總計,93歲,0.11072
9674,2055,144,男性,93歲,0.13191
9675,2055,144,女性,93歲,0.09899
9676,2055,144,總計,94歲,0.12185
9677,2055,144,男性,94歲,0.14351
9678,2055,144,女性,94歲,0.11029
9679,2055,144,總計,95歲,0.13456
9680,2055,144,男性,95歲,0.15636
9681,2055,144,女性,95歲,0.12336
9682,2055,144,總計,96歲,0.14781
9683,2055,144,男性,96歲,0.16953
9684,2055,144,女性,96歲,0.13708
9685,2055,144,總計,97歲,0.16174
9686,2055,144,男性,97歲,0.18323
9687,2055,144,女性,97歲,0.15152
9688,2055,144,總計,98歲,0.17709
9689,2055,144,男性,98歲,0.198
9690,2055,144,女性,98歲,0.16752
9691,2055,144,總計,99歲,0.19397
9692,2055,144,男性,99歲,0.2139
9693,2055,144,女性,99歲,0.18518
9694,2055,144,總計,100歲及以上,1
9695,2055,144,男性,100歲及以上,1
9696,2055,144,女性,100歲及以上,1
9697,2056,145,總計,0歲,0.00278
9698,2056,145,男性,0歲,0.00297
9699,2056,145,女性,0歲,0.0026
9700,2056,145,總計,1歲,0.0001
9701,2056,145,男性,1歲,0.00011
9702,2056,145,女性,1歲,0.0001
9703,2056,145,總計,2歲,6E-05
9704,2056,145,男性,2歲,6E-05
9705,2056,145,女性,2歲,6E-05
9706,2056,145,總計,3歲,5E-05
9707,2056,145,男性,3歲,5E-05
9708,2056,145,女性,3歲,4E-05
9709,2056,145,總計,4歲,4E-05
9710,2056,145,男性,4歲,4E-05
9711,2056,145,女性,4歲,4E-05
9712,2056,145,總計,5歲,4E-05
9713,2056,145,男性,5歲,4E-05
9714,2056,145,女性,5歲,4E-05
9715,2056,145,總計,6歲,4E-05
9716,2056,145,男性,6歲,4E-05
9717,2056,145,女性,6歲,4E-05
9718,2056,145,總計,7歲,4E-05
9719,2056,145,男性,7歲,4E-05
9720,2056,145,女性,7歲,4E-05
9721,2056,145,總計,8歲,4E-05
9722,2056,145,男性,8歲,4E-05
9723,2056,145,女性,8歲,4E-05
9724,2056,145,總計,9歲,4E-05
9725,2056,145,男性,9歲,4E-05
9726,2056,145,女性,9歲,4E-05
9727,2056,145,總計,10歲,4E-05
9728,2056,145,男性,10歲,4E-05
9729,2056,145,女性,10歲,4E-05
9730,2056,145,總計,11歲,4E-05
9731,2056,145,男性,11歲,4E-05
9732,2056,145,女性,11歲,5E-05
9733,2056,145,總計,12歲,5E-05
9734,2056,145,男性,12歲,5E-05
9735,2056,145,女性,12歲,6E-05
9736,2056,145,總計,13歲,7E-05
9737,2056,145,男性,13歲,7E-05
9738,2056,145,女性,13歲,6E-05
9739,2056,145,總計,14歲,9E-05
9740,2056,145,男性,14歲,0.0001
9741,2056,145,女性,14歲,7E-05
9742,2056,145,總計,15歲,0.00011
9743,2056,145,男性,15歲,0.00014
9744,2056,145,女性,15歲,8E-05
9745,2056,145,總計,16歲,0.00014
9746,2056,145,男性,16歲,0.00018
9747,2056,145,女性,16歲,0.0001
9748,2056,145,總計,17歲,0.00017
9749,2056,145,男性,17歲,0.00022
9750,2056,145,女性,17歲,0.00011
9751,2056,145,總計,18歲,0.00019
9752,2056,145,男性,18歲,0.00025
9753,2056,145,女性,18歲,0.00013
9754,2056,145,總計,19歲,0.00021
9755,2056,145,男性,19歲,0.00027
9756,2056,145,女性,19歲,0.00015
9757,2056,145,總計,20歲,0.00022
9758,2056,145,男性,20歲,0.00028
9759,2056,145,女性,20歲,0.00016
9760,2056,145,總計,21歲,0.00022
9761,2056,145,男性,21歲,0.00028
9762,2056,145,女性,21歲,0.00016
9763,2056,145,總計,22歲,0.00023
9764,2056,145,男性,22歲,0.00029
9765,2056,145,女性,22歲,0.00017
9766,2056,145,總計,23歲,0.00023
9767,2056,145,男性,23歲,0.00029
9768,2056,145,女性,23歲,0.00018
9769,2056,145,總計,24歲,0.00024
9770,2056,145,男性,24歲,0.00028
9771,2056,145,女性,24歲,0.00019
9772,2056,145,總計,25歲,0.00023
9773,2056,145,男性,25歲,0.00027
9774,2056,145,女性,25歲,0.0002
9775,2056,145,總計,26歲,0.00024
9776,2056,145,男性,26歲,0.00027
9777,2056,145,女性,26歲,0.00021
9778,2056,145,總計,27歲,0.00025
9779,2056,145,男性,27歲,0.00027
9780,2056,145,女性,27歲,0.00022
9781,2056,145,總計,28歲,0.00026
9782,2056,145,男性,28歲,0.00028
9783,2056,145,女性,28歲,0.00024
9784,2056,145,總計,29歲,0.00028
9785,2056,145,男性,29歲,0.0003
9786,2056,145,女性,29歲,0.00025
9787,2056,145,總計,30歲,0.0003
9788,2056,145,男性,30歲,0.00033
9789,2056,145,女性,30歲,0.00027
9790,2056,145,總計,31歲,0.00033
9791,2056,145,男性,31歲,0.00036
9792,2056,145,女性,31歲,0.0003
9793,2056,145,總計,32歲,0.00036
9794,2056,145,男性,32歲,0.00039
9795,2056,145,女性,32歲,0.00032
9796,2056,145,總計,33歲,0.00038
9797,2056,145,男性,33歲,0.00043
9798,2056,145,女性,33歲,0.00034
9799,2056,145,總計,34歲,0.00041
9800,2056,145,男性,34歲,0.00047
9801,2056,145,女性,34歲,0.00036
9802,2056,145,總計,35歲,0.00045
9803,2056,145,男性,35歲,0.00052
9804,2056,145,女性,35歲,0.00038
9805,2056,145,總計,36歲,0.00049
9806,2056,145,男性,36歲,0.00057
9807,2056,145,女性,36歲,0.00041
9808,2056,145,總計,37歲,0.00054
9809,2056,145,男性,37歲,0.00064
9810,2056,145,女性,37歲,0.00045
9811,2056,145,總計,38歲,0.0006
9812,2056,145,男性,38歲,0.00072
9813,2056,145,女性,38歲,0.00048
9814,2056,145,總計,39歲,0.00066
9815,2056,145,男性,39歲,0.00081
9816,2056,145,女性,39歲,0.00052
9817,2056,145,總計,40歲,0.00074
9818,2056,145,男性,40歲,0.00091
9819,2056,145,女性,40歲,0.00057
9820,2056,145,總計,41歲,0.00082
9821,2056,145,男性,41歲,0.00103
9822,2056,145,女性,41歲,0.00061
9823,2056,145,總計,42歲,0.00092
9824,2056,145,男性,42歲,0.00117
9825,2056,145,女性,42歲,0.00066
9826,2056,145,總計,43歲,0.00103
9827,2056,145,男性,43歲,0.00133
9828,2056,145,女性,43歲,0.00073
9829,2056,145,總計,44歲,0.00115
9830,2056,145,男性,44歲,0.0015
9831,2056,145,女性,44歲,0.0008
9832,2056,145,總計,45歲,0.00128
9833,2056,145,男性,45歲,0.00169
9834,2056,145,女性,45歲,0.00087
9835,2056,145,總計,46歲,0.00143
9836,2056,145,男性,46歲,0.00191
9837,2056,145,女性,46歲,0.00096
9838,2056,145,總計,47歲,0.00159
9839,2056,145,男性,47歲,0.00215
9840,2056,145,女性,47歲,0.00104
9841,2056,145,總計,48歲,0.00177
9842,2056,145,男性,48歲,0.00241
9843,2056,145,女性,48歲,0.00113
9844,2056,145,總計,49歲,0.00197
9845,2056,145,男性,49歲,0.00271
9846,2056,145,女性,49歲,0.00123
9847,2056,145,總計,50歲,0.00218
9848,2056,145,男性,50歲,0.00304
9849,2056,145,女性,50歲,0.00133
9850,2056,145,總計,51歲,0.00241
9851,2056,145,男性,51歲,0.0034
9852,2056,145,女性,51歲,0.00143
9853,2056,145,總計,52歲,0.00264
9854,2056,145,男性,52歲,0.00378
9855,2056,145,女性,52歲,0.00153
9856,2056,145,總計,53歲,0.00289
9857,2056,145,男性,53歲,0.00417
9858,2056,145,女性,53歲,0.00164
9859,2056,145,總計,54歲,0.00312
9860,2056,145,男性,54歲,0.00452
9861,2056,145,女性,54歲,0.00174
9862,2056,145,總計,55歲,0.00334
9863,2056,145,男性,55歲,0.00487
9864,2056,145,女性,55歲,0.00184
9865,2056,145,總計,56歲,0.00358
9866,2056,145,男性,56歲,0.00525
9867,2056,145,女性,56歲,0.00195
9868,2056,145,總計,57歲,0.00385
9869,2056,145,男性,57歲,0.00567
9870,2056,145,女性,57歲,0.00209
9871,2056,145,總計,58歲,0.00414
9872,2056,145,男性,58歲,0.00612
9873,2056,145,女性,58歲,0.00223
9874,2056,145,總計,59歲,0.00444
9875,2056,145,男性,59歲,0.00657
9876,2056,145,女性,59歲,0.00238
9877,2056,145,總計,60歲,0.00475
9878,2056,145,男性,60歲,0.00702
9879,2056,145,女性,60歲,0.00256
9880,2056,145,總計,61歲,0.00507
9881,2056,145,男性,61歲,0.00749
9882,2056,145,女性,61歲,0.00276
9883,2056,145,總計,62歲,0.00543
9884,2056,145,男性,62歲,0.00801
9885,2056,145,女性,62歲,0.00297
9886,2056,145,總計,63歲,0.00583
9887,2056,145,男性,63歲,0.00859
9888,2056,145,女性,63歲,0.00322
9889,2056,145,總計,64歲,0.00628
9890,2056,145,男性,64歲,0.00923
9891,2056,145,女性,64歲,0.00351
9892,2056,145,總計,65歲,0.00678
9893,2056,145,男性,65歲,0.00993
9894,2056,145,女性,65歲,0.00383
9895,2056,145,總計,66歲,0.00736
9896,2056,145,男性,66歲,0.01072
9897,2056,145,女性,66歲,0.00423
9898,2056,145,總計,67歲,0.00802
9899,2056,145,男性,67歲,0.01164
9900,2056,145,女性,67歲,0.00468
9901,2056,145,總計,68歲,0.00876
9902,2056,145,男性,68歲,0.01265
9903,2056,145,女性,68歲,0.00519
9904,2056,145,總計,69歲,0.0096
9905,2056,145,男性,69歲,0.01379
9906,2056,145,女性,69歲,0.00578
9907,2056,145,總計,70歲,0.01053
9908,2056,145,男性,70歲,0.01504
9909,2056,145,女性,70歲,0.00646
9910,2056,145,總計,71歲,0.01157
9911,2056,145,男性,71歲,0.01641
9912,2056,145,女性,71歲,0.00722
9913,2056,145,總計,72歲,0.01272
9914,2056,145,男性,72歲,0.01794
9915,2056,145,女性,72歲,0.00808
9916,2056,145,總計,73歲,0.01402
9917,2056,145,男性,73歲,0.01969
9918,2056,145,女性,73歲,0.00904
9919,2056,145,總計,74歲,0.01551
9920,2056,145,男性,74歲,0.02169
9921,2056,145,女性,74歲,0.01014
9922,2056,145,總計,75歲,0.01717
9923,2056,145,男性,75歲,0.02394
9924,2056,145,女性,75歲,0.01137
9925,2056,145,總計,76歲,0.019
9926,2056,145,男性,76歲,0.02641
9927,2056,145,女性,76歲,0.01272
9928,2056,145,總計,77歲,0.02104
9929,2056,145,男性,77歲,0.02915
9930,2056,145,女性,77歲,0.01426
9931,2056,145,總計,78歲,0.02332
9932,2056,145,男性,78歲,0.03221
9933,2056,145,女性,78歲,0.01599
9934,2056,145,總計,79歲,0.02584
9935,2056,145,男性,79歲,0.03558
9936,2056,145,女性,79歲,0.01795
9937,2056,145,總計,80歲,0.02877
9938,2056,145,男性,80歲,0.03922
9939,2056,145,女性,80歲,0.02045
9940,2056,145,總計,81歲,0.03202
9941,2056,145,男性,81歲,0.04323
9942,2056,145,女性,81歲,0.02328
9943,2056,145,總計,82歲,0.03561
9944,2056,145,男性,82歲,0.04762
9945,2056,145,女性,82歲,0.02643
9946,2056,145,總計,83歲,0.03955
9947,2056,145,男性,83歲,0.05238
9948,2056,145,女性,83歲,0.02995
9949,2056,145,總計,84歲,0.04385
9950,2056,145,男性,84歲,0.05752
9951,2056,145,女性,84歲,0.03387
9952,2056,145,總計,85歲,0.05011
9953,2056,145,男性,85歲,0.06442
9954,2056,145,女性,85歲,0.03992
9955,2056,145,總計,86歲,0.05535
9956,2056,145,男性,86歲,0.07056
9957,2056,145,女性,86歲,0.04479
9958,2056,145,總計,87歲,0.06111
9959,2056,145,男性,87歲,0.07726
9960,2056,145,女性,87歲,0.05019
9961,2056,145,總計,88歲,0.06741
9962,2056,145,男性,88歲,0.08451
9963,2056,145,女性,88歲,0.05618
9964,2056,145,總計,89歲,0.07431
9965,2056,145,男性,89歲,0.09236
9966,2056,145,女性,89歲,0.06283
9967,2056,145,總計,90歲,0.08193
9968,2056,145,男性,90歲,0.10088
9969,2056,145,女性,90歲,0.07024
9970,2056,145,總計,91歲,0.09035
9971,2056,145,男性,91歲,0.11015
9972,2056,145,女性,91歲,0.07854
9973,2056,145,總計,92歲,0.09963
9974,2056,145,男性,92歲,0.12019
9975,2056,145,女性,92歲,0.08779
9976,2056,145,總計,93歲,0.10978
9977,2056,145,男性,93歲,0.13099
9978,2056,145,女性,93歲,0.09801
9979,2056,145,總計,94歲,0.12087
9980,2056,145,男性,94歲,0.14257
9981,2056,145,女性,94歲,0.10925
9982,2056,145,總計,95歲,0.13355
9983,2056,145,男性,95歲,0.15541
9984,2056,145,女性,95歲,0.12229
9985,2056,145,總計,96歲,0.14677
9986,2056,145,男性,96歲,0.16855
9987,2056,145,女性,96歲,0.13598
9988,2056,145,總計,97歲,0.16067
9989,2056,145,男性,97歲,0.18224
9990,2056,145,女性,97歲,0.15038
9991,2056,145,總計,98歲,0.17601
9992,2056,145,男性,98歲,0.19701
9993,2056,145,女性,98歲,0.16637
9994,2056,145,總計,99歲,0.1929
9995,2056,145,男性,99歲,0.21293
9996,2056,145,女性,99歲,0.18404
9997,2056,145,總計,100歲及以上,1
9998,2056,145,男性,100歲及以上,1
9999,2056,145,女性,100歲及以上,1
10000,2057,146,總計,0歲,0.00276
10001,2057,146,男性,0歲,0.00294
10002,2057,146,女性,0歲,0.00258
10003,2057,146,總計,1歲,0.0001
10004,2057,146,男性,1歲,0.00011
10005,2057,146,女性,1歲,9E-05
10006,2057,146,總計,2歲,6E-05
10007,2057,146,男性,2歲,6E-05
10008,2057,146,女性,2歲,5E-05
10009,2057,146,總計,3歲,5E-05
10010,2057,146,男性,3歲,5E-05
10011,2057,146,女性,3歲,4E-05
10012,2057,146,總計,4歲,4E-05
10013,2057,146,男性,4歲,4E-05
10014,2057,146,女性,4歲,4E-05
10015,2057,146,總計,5歲,4E-05
10016,2057,146,男性,5歲,4E-05
10017,2057,146,女性,5歲,4E-05
10018,2057,146,總計,6歲,4E-05
10019,2057,146,男性,6歲,4E-05
10020,2057,146,女性,6歲,4E-05
10021,2057,146,總計,7歲,4E-05
10022,2057,146,男性,7歲,4E-05
10023,2057,146,女性,7歲,3E-05
10024,2057,146,總計,8歲,3E-05
10025,2057,146,男性,8歲,3E-05
10026,2057,146,女性,8歲,3E-05
10027,2057,146,總計,9歲,3E-05
10028,2057,146,男性,9歲,3E-05
10029,2057,146,女性,9歲,4E-05
10030,2057,146,總計,10歲,4E-05
10031,2057,146,男性,10歲,4E-05
10032,2057,146,女性,10歲,4E-05
10033,2057,146,總計,11歲,4E-05
10034,2057,146,男性,11歲,4E-05
10035,2057,146,女性,11歲,4E-05
10036,2057,146,總計,12歲,5E-05
10037,2057,146,男性,12歲,5E-05
10038,2057,146,女性,12歲,5E-05
10039,2057,146,總計,13歲,7E-05
10040,2057,146,男性,13歲,7E-05
10041,2057,146,女性,13歲,6E-05
10042,2057,146,總計,14歲,9E-05
10043,2057,146,男性,14歲,0.0001
10044,2057,146,女性,14歲,7E-05
10045,2057,146,總計,15歲,0.00011
10046,2057,146,男性,15歲,0.00014
10047,2057,146,女性,15歲,8E-05
10048,2057,146,總計,16歲,0.00014
10049,2057,146,男性,16歲,0.00018
10050,2057,146,女性,16歲,0.0001
10051,2057,146,總計,17歲,0.00016
10052,2057,146,男性,17歲,0.00021
10053,2057,146,女性,17歲,0.00011
10054,2057,146,總計,18歲,0.00019
10055,2057,146,男性,18歲,0.00025
10056,2057,146,女性,18歲,0.00013
10057,2057,146,總計,19歲,0.00021
10058,2057,146,男性,19歲,0.00027
10059,2057,146,女性,19歲,0.00014
10060,2057,146,總計,20歲,0.00021
10061,2057,146,男性,20歲,0.00027
10062,2057,146,女性,20歲,0.00015
10063,2057,146,總計,21歲,0.00022
10064,2057,146,男性,21歲,0.00028
10065,2057,146,女性,21歲,0.00016
10066,2057,146,總計,22歲,0.00022
10067,2057,146,男性,22歲,0.00028
10068,2057,146,女性,22歲,0.00017
10069,2057,146,總計,23歲,0.00023
10070,2057,146,男性,23歲,0.00028
10071,2057,146,女性,23歲,0.00018
10072,2057,146,總計,24歲,0.00023
10073,2057,146,男性,24歲,0.00028
10074,2057,146,女性,24歲,0.00019
10075,2057,146,總計,25歲,0.00023
10076,2057,146,男性,25歲,0.00027
10077,2057,146,女性,25歲,0.00019
10078,2057,146,總計,26歲,0.00023
10079,2057,146,男性,26歲,0.00026
10080,2057,146,女性,26歲,0.0002
10081,2057,146,總計,27歲,0.00024
10082,2057,146,男性,27歲,0.00026
10083,2057,146,女性,27歲,0.00022
10084,2057,146,總計,28歲,0.00025
10085,2057,146,男性,28歲,0.00028
10086,2057,146,女性,28歲,0.00023
10087,2057,146,總計,29歲,0.00027
10088,2057,146,男性,29歲,0.00029
10089,2057,146,女性,29歲,0.00025
10090,2057,146,總計,30歲,0.00029
10091,2057,146,男性,30歲,0.00032
10092,2057,146,女性,30歲,0.00027
10093,2057,146,總計,31歲,0.00032
10094,2057,146,男性,31歲,0.00035
10095,2057,146,女性,31歲,0.00029
10096,2057,146,總計,32歲,0.00035
10097,2057,146,男性,32歲,0.00038
10098,2057,146,女性,32歲,0.00032
10099,2057,146,總計,33歲,0.00038
10100,2057,146,男性,33歲,0.00042
10101,2057,146,女性,33歲,0.00034
10102,2057,146,總計,34歲,0.00041
10103,2057,146,男性,34歲,0.00046
10104,2057,146,女性,34歲,0.00036
10105,2057,146,總計,35歲,0.00044
10106,2057,146,男性,35歲,0.0005
10107,2057,146,女性,35歲,0.00038
10108,2057,146,總計,36歲,0.00048
10109,2057,146,男性,36歲,0.00056
10110,2057,146,女性,36歲,0.00041
10111,2057,146,總計,37歲,0.00053
10112,2057,146,男性,37歲,0.00062
10113,2057,146,女性,37歲,0.00044
10114,2057,146,總計,38歲,0.00059
10115,2057,146,男性,38歲,0.0007
10116,2057,146,女性,38歲,0.00048
10117,2057,146,總計,39歲,0.00065
10118,2057,146,男性,39歲,0.00079
10119,2057,146,女性,39歲,0.00052
10120,2057,146,總計,40歲,0.00072
10121,2057,146,男性,40歲,0.00089
10122,2057,146,女性,40歲,0.00056
10123,2057,146,總計,41歲,0.00081
10124,2057,146,男性,41歲,0.00101
10125,2057,146,女性,41歲,0.0006
10126,2057,146,總計,42歲,0.0009
10127,2057,146,男性,42歲,0.00114
10128,2057,146,女性,42歲,0.00066
10129,2057,146,總計,43歲,0.00101
10130,2057,146,男性,43歲,0.0013
10131,2057,146,女性,43歲,0.00072
10132,2057,146,總計,44歲,0.00113
10133,2057,146,男性,44歲,0.00147
10134,2057,146,女性,44歲,0.00079
10135,2057,146,總計,45歲,0.00126
10136,2057,146,男性,45歲,0.00166
10137,2057,146,女性,45歲,0.00086
10138,2057,146,總計,46歲,0.00141
10139,2057,146,男性,46歲,0.00187
10140,2057,146,女性,46歲,0.00095
10141,2057,146,總計,47歲,0.00157
10142,2057,146,男性,47歲,0.00211
10143,2057,146,女性,47歲,0.00103
10144,2057,146,總計,48歲,0.00174
10145,2057,146,男性,48歲,0.00237
10146,2057,146,女性,48歲,0.00112
10147,2057,146,總計,49歲,0.00194
10148,2057,146,男性,49歲,0.00267
10149,2057,146,女性,49歲,0.00121
10150,2057,146,總計,50歲,0.00215
10151,2057,146,男性,50歲,0.00299
10152,2057,146,女性,50歲,0.00131
10153,2057,146,總計,51歲,0.00238
10154,2057,146,男性,51歲,0.00335
10155,2057,146,女性,51歲,0.00141
10156,2057,146,總計,52歲,0.00261
10157,2057,146,男性,52歲,0.00373
10158,2057,146,女性,52歲,0.00151
10159,2057,146,總計,53歲,0.00286
10160,2057,146,男性,53歲,0.00411
10161,2057,146,女性,53歲,0.00162
10162,2057,146,總計,54歲,0.00308
10163,2057,146,男性,54歲,0.00446
10164,2057,146,女性,54歲,0.00172
10165,2057,146,總計,55歲,0.0033
10166,2057,146,男性,55歲,0.00481
10167,2057,146,女性,55歲,0.00181
10168,2057,146,總計,56歲,0.00354
10169,2057,146,男性,56歲,0.00519
10170,2057,146,女性,56歲,0.00193
10171,2057,146,總計,57歲,0.00381
10172,2057,146,男性,57歲,0.00561
10173,2057,146,女性,57歲,0.00206
10174,2057,146,總計,58歲,0.0041
10175,2057,146,男性,58歲,0.00606
10176,2057,146,女性,58歲,0.0022
10177,2057,146,總計,59歲,0.00439
10178,2057,146,男性,59歲,0.0065
10179,2057,146,女性,59歲,0.00235
10180,2057,146,總計,60歲,0.0047
10181,2057,146,男性,60歲,0.00695
10182,2057,146,女性,60歲,0.00253
10183,2057,146,總計,61歲,0.00502
10184,2057,146,男性,61歲,0.00742
10185,2057,146,女性,61歲,0.00272
10186,2057,146,總計,62歲,0.00537
10187,2057,146,男性,62歲,0.00794
10188,2057,146,女性,62歲,0.00293
10189,2057,146,總計,63歲,0.00577
10190,2057,146,男性,63歲,0.00851
10191,2057,146,女性,63歲,0.00317
10192,2057,146,總計,64歲,0.00621
10193,2057,146,男性,64歲,0.00914
10194,2057,146,女性,64歲,0.00345
10195,2057,146,總計,65歲,0.0067
10196,2057,146,男性,65歲,0.00983
10197,2057,146,女性,65歲,0.00378
10198,2057,146,總計,66歲,0.00727
10199,2057,146,男性,66歲,0.01061
10200,2057,146,女性,66歲,0.00416
10201,2057,146,總計,67歲,0.00793
10202,2057,146,男性,67歲,0.01152
10203,2057,146,女性,67歲,0.0046
10204,2057,146,總計,68歲,0.00866
10205,2057,146,男性,68歲,0.01252
10206,2057,146,女性,68歲,0.00511
10207,2057,146,總計,69歲,0.00949
10208,2057,146,男性,69歲,0.01365
10209,2057,146,女性,69歲,0.00569
10210,2057,146,總計,70歲,0.01041
10211,2057,146,男性,70歲,0.01488
10212,2057,146,女性,70歲,0.00636
10213,2057,146,總計,71歲,0.01143
10214,2057,146,男性,71歲,0.01624
10215,2057,146,女性,71歲,0.00711
10216,2057,146,總計,72歲,0.01256
10217,2057,146,男性,72歲,0.01774
10218,2057,146,女性,72歲,0.00795
10219,2057,146,總計,73歲,0.01385
10220,2057,146,男性,73歲,0.01948
10221,2057,146,女性,73歲,0.0089
10222,2057,146,總計,74歲,0.01532
10223,2057,146,男性,74歲,0.02145
10224,2057,146,女性,74歲,0.00998
10225,2057,146,總計,75歲,0.01696
10226,2057,146,男性,75歲,0.02368
10227,2057,146,女性,75歲,0.01119
10228,2057,146,總計,76歲,0.01877
10229,2057,146,男性,76歲,0.02613
10230,2057,146,女性,76歲,0.01252
10231,2057,146,總計,77歲,0.02079
10232,2057,146,男性,77歲,0.02884
10233,2057,146,女性,77歲,0.01404
10234,2057,146,總計,78歲,0.02304
10235,2057,146,男性,78歲,0.03187
10236,2057,146,女性,78歲,0.01575
10237,2057,146,總計,79歲,0.02553
10238,2057,146,男性,79歲,0.03521
10239,2057,146,女性,79歲,0.01767
10240,2057,146,總計,80歲,0.02843
10241,2057,146,男性,80歲,0.03882
10242,2057,146,女性,80歲,0.02015
10243,2057,146,總計,81歲,0.03165
10244,2057,146,男性,81歲,0.04279
10245,2057,146,女性,81歲,0.02293
10246,2057,146,總計,82歲,0.0352
10247,2057,146,男性,82歲,0.04715
10248,2057,146,女性,82歲,0.02605
10249,2057,146,總計,83歲,0.0391
10250,2057,146,男性,83歲,0.05187
10251,2057,146,女性,83歲,0.02953
10252,2057,146,總計,84歲,0.04337
10253,2057,146,男性,84歲,0.05697
10254,2057,146,女性,84歲,0.0334
10255,2057,146,總計,85歲,0.04956
10256,2057,146,男性,85歲,0.06382
10257,2057,146,女性,85歲,0.03938
10258,2057,146,總計,86歲,0.05476
10259,2057,146,男性,86歲,0.06992
10260,2057,146,女性,86歲,0.0442
10261,2057,146,總計,87歲,0.06047
10262,2057,146,男性,87歲,0.07658
10263,2057,146,女性,87歲,0.04955
10264,2057,146,總計,88歲,0.06672
10265,2057,146,男性,88歲,0.08379
10266,2057,146,女性,88歲,0.05549
10267,2057,146,總計,89歲,0.07358
10268,2057,146,男性,89歲,0.09159
10269,2057,146,女性,89歲,0.06208
10270,2057,146,總計,90歲,0.08114
10271,2057,146,男性,90歲,0.10007
10272,2057,146,女性,90歲,0.06944
10273,2057,146,總計,91歲,0.08952
10274,2057,146,男性,91歲,0.10931
10275,2057,146,女性,91歲,0.07768
10276,2057,146,總計,92歲,0.09875
10277,2057,146,男性,92歲,0.11931
10278,2057,146,女性,92歲,0.08687
10279,2057,146,總計,93歲,0.10886
10280,2057,146,男性,93歲,0.13008
10281,2057,146,女性,93歲,0.09704
10282,2057,146,總計,94歲,0.11989
10283,2057,146,男性,94歲,0.14163
10284,2057,146,女性,94歲,0.10823
10285,2057,146,總計,95歲,0.13255
10286,2057,146,男性,95歲,0.15445
10287,2057,146,女性,95歲,0.12124
10288,2057,146,總計,96歲,0.14574
10289,2057,146,男性,96歲,0.16758
10290,2057,146,女性,96歲,0.13489
10291,2057,146,總計,97歲,0.15961
10292,2057,146,男性,97歲,0.18126
10293,2057,146,女性,97歲,0.14926
10294,2057,146,總計,98歲,0.17493
10295,2057,146,男性,98歲,0.19603
10296,2057,146,女性,98歲,0.16523
10297,2057,146,總計,99歲,0.19183
10298,2057,146,男性,99歲,0.21197
10299,2057,146,女性,99歲,0.18291
10300,2057,146,總計,100歲及以上,1
10301,2057,146,男性,100歲及以上,1
10302,2057,146,女性,100歲及以上,1
10303,2058,147,總計,0歲,0.00274
10304,2058,147,男性,0歲,0.00292
10305,2058,147,女性,0歲,0.00256
10306,2058,147,總計,1歲,0.0001
10307,2058,147,男性,1歲,0.00011
10308,2058,147,女性,1歲,9E-05
10309,2058,147,總計,2歲,6E-05
10310,2058,147,男性,2歲,6E-05
10311,2058,147,女性,2歲,5E-05
10312,2058,147,總計,3歲,5E-05
10313,2058,147,男性,3歲,5E-05
10314,2058,147,女性,3歲,4E-05
10315,2058,147,總計,4歲,4E-05
10316,2058,147,男性,4歲,4E-05
10317,2058,147,女性,4歲,4E-05
10318,2058,147,總計,5歲,4E-05
10319,2058,147,男性,5歲,4E-05
10320,2058,147,女性,5歲,3E-05
10321,2058,147,總計,6歲,4E-05
10322,2058,147,男性,6歲,4E-05
10323,2058,147,女性,6歲,3E-05
10324,2058,147,總計,7歲,3E-05
10325,2058,147,男性,7歲,3E-05
10326,2058,147,女性,7歲,3E-05
10327,2058,147,總計,8歲,3E-05
10328,2058,147,男性,8歲,3E-05
10329,2058,147,女性,8歲,3E-05
10330,2058,147,總計,9歲,3E-05
10331,2058,147,男性,9歲,3E-05
10332,2058,147,女性,9歲,3E-05
10333,2058,147,總計,10歲,4E-05
10334,2058,147,男性,10歲,4E-05
10335,2058,147,女性,10歲,4E-05
10336,2058,147,總計,11歲,4E-05
10337,2058,147,男性,11歲,4E-05
10338,2058,147,女性,11歲,4E-05
10339,2058,147,總計,12歲,5E-05
10340,2058,147,男性,12歲,5E-05
10341,2058,147,女性,12歲,5E-05
10342,2058,147,總計,13歲,6E-05
10343,2058,147,男性,13歲,7E-05
10344,2058,147,女性,13歲,6E-05
10345,2058,147,總計,14歲,8E-05
10346,2058,147,男性,14歲,0.0001
10347,2058,147,女性,14歲,7E-05
10348,2058,147,總計,15歲,0.00011
10349,2058,147,男性,15歲,0.00013
10350,2058,147,女性,15歲,8E-05
10351,2058,147,總計,16歲,0.00013
10352,2058,147,男性,16歲,0.00017
10353,2058,147,女性,16歲,9E-05
10354,2058,147,總計,17歲,0.00016
10355,2058,147,男性,17歲,0.00021
10356,2058,147,女性,17歲,0.00011
10357,2058,147,總計,18歲,0.00019
10358,2058,147,男性,18歲,0.00024
10359,2058,147,女性,18歲,0.00013
10360,2058,147,總計,19歲,0.0002
10361,2058,147,男性,19歲,0.00026
10362,2058,147,女性,19歲,0.00014
10363,2058,147,總計,20歲,0.00021
10364,2058,147,男性,20歲,0.00027
10365,2058,147,女性,20歲,0.00015
10366,2058,147,總計,21歲,0.00022
10367,2058,147,男性,21歲,0.00027
10368,2058,147,女性,21歲,0.00016
10369,2058,147,總計,22歲,0.00022
10370,2058,147,男性,22歲,0.00027
10371,2058,147,女性,22歲,0.00017
10372,2058,147,總計,23歲,0.00023
10373,2058,147,男性,23歲,0.00027
10374,2058,147,女性,23歲,0.00018
10375,2058,147,總計,24歲,0.00023
10376,2058,147,男性,24歲,0.00027
10377,2058,147,女性,24歲,0.00019
10378,2058,147,總計,25歲,0.00023
10379,2058,147,男性,25歲,0.00026
10380,2058,147,女性,25歲,0.00019
10381,2058,147,總計,26歲,0.00023
10382,2058,147,男性,26歲,0.00026
10383,2058,147,女性,26歲,0.0002
10384,2058,147,總計,27歲,0.00024
10385,2058,147,男性,27歲,0.00026
10386,2058,147,女性,27歲,0.00022
10387,2058,147,總計,28歲,0.00025
10388,2058,147,男性,28歲,0.00027
10389,2058,147,女性,28歲,0.00023
10390,2058,147,總計,29歲,0.00027
10391,2058,147,男性,29歲,0.00029
10392,2058,147,女性,29歲,0.00025
10393,2058,147,總計,30歲,0.00029
10394,2058,147,男性,30歲,0.00031
10395,2058,147,女性,30歲,0.00027
10396,2058,147,總計,31歲,0.00031
10397,2058,147,男性,31歲,0.00034
10398,2058,147,女性,31歲,0.00029
10399,2058,147,總計,32歲,0.00034
10400,2058,147,男性,32歲,0.00037
10401,2058,147,女性,32歲,0.00031
10402,2058,147,總計,33歲,0.00037
10403,2058,147,男性,33歲,0.00041
10404,2058,147,女性,33歲,0.00033
10405,2058,147,總計,34歲,0.0004
10406,2058,147,男性,34歲,0.00044
10407,2058,147,女性,34歲,0.00035
10408,2058,147,總計,35歲,0.00043
10409,2058,147,男性,35歲,0.00049
10410,2058,147,女性,35歲,0.00038
10411,2058,147,總計,36歲,0.00047
10412,2058,147,男性,36歲,0.00054
10413,2058,147,女性,36歲,0.0004
10414,2058,147,總計,37歲,0.00052
10415,2058,147,男性,37歲,0.00061
10416,2058,147,女性,37歲,0.00044
10417,2058,147,總計,38歲,0.00058
10418,2058,147,男性,38歲,0.00068
10419,2058,147,女性,38歲,0.00047
10420,2058,147,總計,39歲,0.00064
10421,2058,147,男性,39歲,0.00077
10422,2058,147,女性,39歲,0.00051
10423,2058,147,總計,40歲,0.00071
10424,2058,147,男性,40歲,0.00087
10425,2058,147,女性,40歲,0.00055
10426,2058,147,總計,41歲,0.00079
10427,2058,147,男性,41歲,0.00098
10428,2058,147,女性,41歲,0.0006
10429,2058,147,總計,42歲,0.00088
10430,2058,147,男性,42歲,0.00111
10431,2058,147,女性,42歲,0.00065
10432,2058,147,總計,43歲,0.00099
10433,2058,147,男性,43歲,0.00127
10434,2058,147,女性,43歲,0.00071
10435,2058,147,總計,44歲,0.00111
10436,2058,147,男性,44歲,0.00144
10437,2058,147,女性,44歲,0.00078
10438,2058,147,總計,45歲,0.00124
10439,2058,147,男性,45歲,0.00162
10440,2058,147,女性,45歲,0.00085
10441,2058,147,總計,46歲,0.00138
10442,2058,147,男性,46歲,0.00184
10443,2058,147,女性,46歲,0.00093
10444,2058,147,總計,47歲,0.00154
10445,2058,147,男性,47歲,0.00207
10446,2058,147,女性,47歲,0.00102
10447,2058,147,總計,48歲,0.00171
10448,2058,147,男性,48歲,0.00233
10449,2058,147,女性,48歲,0.0011
10450,2058,147,總計,49歲,0.00191
10451,2058,147,男性,49歲,0.00262
10452,2058,147,女性,49歲,0.0012
10453,2058,147,總計,50歲,0.00212
10454,2058,147,男性,50歲,0.00295
10455,2058,147,女性,50歲,0.0013
10456,2058,147,總計,51歲,0.00234
10457,2058,147,男性,51歲,0.0033
10458,2058,147,女性,51歲,0.0014
10459,2058,147,總計,52歲,0.00258
10460,2058,147,男性,52歲,0.00367
10461,2058,147,女性,52歲,0.00149
10462,2058,147,總計,53歲,0.00282
10463,2058,147,男性,53歲,0.00406
10464,2058,147,女性,53歲,0.0016
10465,2058,147,總計,54歲,0.00304
10466,2058,147,男性,54歲,0.00441
10467,2058,147,女性,54歲,0.0017
10468,2058,147,總計,55歲,0.00326
10469,2058,147,男性,55歲,0.00476
10470,2058,147,女性,55歲,0.00179
10471,2058,147,總計,56歲,0.0035
10472,2058,147,男性,56歲,0.00513
10473,2058,147,女性,56歲,0.0019
10474,2058,147,總計,57歲,0.00377
10475,2058,147,男性,57歲,0.00555
10476,2058,147,女性,57歲,0.00203
10477,2058,147,總計,58歲,0.00405
10478,2058,147,男性,58歲,0.00599
10479,2058,147,女性,58歲,0.00217
10480,2058,147,總計,59歲,0.00434
10481,2058,147,男性,59歲,0.00644
10482,2058,147,女性,59歲,0.00232
10483,2058,147,總計,60歲,0.00464
10484,2058,147,男性,60歲,0.00688
10485,2058,147,女性,60歲,0.00249
10486,2058,147,總計,61歲,0.00496
10487,2058,147,男性,61歲,0.00735
10488,2058,147,女性,61歲,0.00268
10489,2058,147,總計,62歲,0.00531
10490,2058,147,男性,62歲,0.00786
10491,2058,147,女性,62歲,0.00289
10492,2058,147,總計,63歲,0.0057
10493,2058,147,男性,63歲,0.00843
10494,2058,147,女性,63歲,0.00313
10495,2058,147,總計,64歲,0.00614
10496,2058,147,男性,64歲,0.00905
10497,2058,147,女性,64歲,0.0034
10498,2058,147,總計,65歲,0.00663
10499,2058,147,男性,65歲,0.00973
10500,2058,147,女性,65歲,0.00372
10501,2058,147,總計,66歲,0.00719
10502,2058,147,男性,66歲,0.01051
10503,2058,147,女性,66歲,0.0041
10504,2058,147,總計,67歲,0.00784
10505,2058,147,男性,67歲,0.0114
10506,2058,147,女性,67歲,0.00453
10507,2058,147,總計,68歲,0.00856
10508,2058,147,男性,68歲,0.01239
10509,2058,147,女性,68歲,0.00503
10510,2058,147,總計,69歲,0.00937
10511,2058,147,男性,69歲,0.01351
10512,2058,147,女性,69歲,0.0056
10513,2058,147,總計,70歲,0.01028
10514,2058,147,男性,70歲,0.01472
10515,2058,147,女性,70歲,0.00626
10516,2058,147,總計,71歲,0.01129
10517,2058,147,男性,71歲,0.01607
10518,2058,147,女性,71歲,0.007
10519,2058,147,總計,72歲,0.01241
10520,2058,147,男性,72歲,0.01755
10521,2058,147,女性,72歲,0.00783
10522,2058,147,總計,73歲,0.01368
10523,2058,147,男性,73歲,0.01927
10524,2058,147,女性,73歲,0.00876
10525,2058,147,總計,74歲,0.01513
10526,2058,147,男性,74歲,0.02122
10527,2058,147,女性,74歲,0.00982
10528,2058,147,總計,75歲,0.01676
10529,2058,147,男性,75歲,0.02342
10530,2058,147,女性,75歲,0.01101
10531,2058,147,總計,76歲,0.01854
10532,2058,147,男性,76歲,0.02585
10533,2058,147,女性,76歲,0.01233
10534,2058,147,總計,77歲,0.02053
10535,2058,147,男性,77歲,0.02854
10536,2058,147,女性,77歲,0.01382
10537,2058,147,總計,78歲,0.02276
10538,2058,147,男性,78歲,0.03154
10539,2058,147,女性,78歲,0.01551
10540,2058,147,總計,79歲,0.02523
10541,2058,147,男性,79歲,0.03485
10542,2058,147,女性,79歲,0.01741
10543,2058,147,總計,80歲,0.02809
10544,2058,147,男性,80歲,0.03842
10545,2058,147,女性,80歲,0.01985
10546,2058,147,總計,81歲,0.03128
10547,2058,147,男性,81歲,0.04236
10548,2058,147,女性,81歲,0.0226
10549,2058,147,總計,82歲,0.03479
10550,2058,147,男性,82歲,0.04668
10551,2058,147,女性,82歲,0.02567
10552,2058,147,總計,83歲,0.03865
10553,2058,147,男性,83歲,0.05136
10554,2058,147,女性,83歲,0.02911
10555,2058,147,總計,84歲,0.04288
10556,2058,147,男性,84歲,0.05643
10557,2058,147,女性,84歲,0.03294
10558,2058,147,總計,85歲,0.04902
10559,2058,147,男性,85歲,0.06322
10560,2058,147,女性,85歲,0.03885
10561,2058,147,總計,86歲,0.05417
10562,2058,147,男性,86歲,0.06928
10563,2058,147,女性,86歲,0.04362
10564,2058,147,總計,87歲,0.05983
10565,2058,147,男性,87歲,0.0759
10566,2058,147,女性,87歲,0.04892
10567,2058,147,總計,88歲,0.06604
10568,2058,147,男性,88歲,0.08307
10569,2058,147,女性,88歲,0.0548
10570,2058,147,總計,89歲,0.07285
10571,2058,147,男性,89歲,0.09083
10572,2058,147,女性,89歲,0.06134
10573,2058,147,總計,90歲,0.08037
10574,2058,147,男性,90歲,0.09927
10575,2058,147,女性,90歲,0.06865
10576,2058,147,總計,91歲,0.08869
10577,2058,147,男性,91歲,0.10847
10578,2058,147,女性,91歲,0.07683
10579,2058,147,總計,92歲,0.09787
10580,2058,147,男性,92歲,0.11843
10581,2058,147,女性,92歲,0.08596
10582,2058,147,總計,93歲,0.10794
10583,2058,147,男性,93歲,0.12917
10584,2058,147,女性,93歲,0.09607
10585,2058,147,總計,94歲,0.11893
10586,2058,147,男性,94歲,0.14069
10587,2058,147,女性,94歲,0.10722
10588,2058,147,總計,95歲,0.13156
10589,2058,147,男性,95歲,0.1535
10590,2058,147,女性,95歲,0.12019
10591,2058,147,總計,96歲,0.14472
10592,2058,147,男性,96歲,0.16662
10593,2058,147,女性,96歲,0.1338
10594,2058,147,總計,97歲,0.15855
10595,2058,147,男性,97歲,0.18028
10596,2058,147,女性,97歲,0.14814
10597,2058,147,總計,98歲,0.17387
10598,2058,147,男性,98歲,0.19506
10599,2058,147,女性,98歲,0.16409
10600,2058,147,總計,99歲,0.19077
10601,2058,147,男性,99歲,0.21101
10602,2058,147,女性,99歲,0.18178
10603,2058,147,總計,100歲及以上,1
10604,2058,147,男性,100歲及以上,1
10605,2058,147,女性,100歲及以上,1
10606,2059,148,總計,0歲,0.00271
10607,2059,148,男性,0歲,0.00289
10608,2059,148,女性,0歲,0.00254
10609,2059,148,總計,1歲,0.0001
10610,2059,148,男性,1歲,0.0001
10611,2059,148,女性,1歲,9E-05
10612,2059,148,總計,2歲,5E-05
10613,2059,148,男性,2歲,6E-05
10614,2059,148,女性,2歲,5E-05
10615,2059,148,總計,3歲,4E-05
10616,2059,148,男性,3歲,5E-05
10617,2059,148,女性,3歲,4E-05
10618,2059,148,總計,4歲,4E-05
10619,2059,148,男性,4歲,4E-05
10620,2059,148,女性,4歲,3E-05
10621,2059,148,總計,5歲,4E-05
10622,2059,148,男性,5歲,4E-05
10623,2059,148,女性,5歲,3E-05
10624,2059,148,總計,6歲,3E-05
10625,2059,148,男性,6歲,4E-05
10626,2059,148,女性,6歲,3E-05
10627,2059,148,總計,7歲,3E-05
10628,2059,148,男性,7歲,3E-05
10629,2059,148,女性,7歲,3E-05
10630,2059,148,總計,8歲,3E-05
10631,2059,148,男性,8歲,3E-05
10632,2059,148,女性,8歲,3E-05
10633,2059,148,總計,9歲,3E-05
10634,2059,148,男性,9歲,3E-05
10635,2059,148,女性,9歲,3E-05
10636,2059,148,總計,10歲,4E-05
10637,2059,148,男性,10歲,4E-05
10638,2059,148,女性,10歲,4E-05
10639,2059,148,總計,11歲,4E-05
10640,2059,148,男性,11歲,4E-05
10641,2059,148,女性,11歲,4E-05
10642,2059,148,總計,12歲,5E-05
10643,2059,148,男性,12歲,5E-05
10644,2059,148,女性,12歲,5E-05
10645,2059,148,總計,13歲,6E-05
10646,2059,148,男性,13歲,7E-05
10647,2059,148,女性,13歲,6E-05
10648,2059,148,總計,14歲,8E-05
10649,2059,148,男性,14歲,9E-05
10650,2059,148,女性,14歲,7E-05
10651,2059,148,總計,15歲,0.00011
10652,2059,148,男性,15歲,0.00013
10653,2059,148,女性,15歲,8E-05
10654,2059,148,總計,16歲,0.00013
10655,2059,148,男性,16歲,0.00017
10656,2059,148,女性,16歲,9E-05
10657,2059,148,總計,17歲,0.00016
10658,2059,148,男性,17歲,0.0002
10659,2059,148,女性,17歲,0.00011
10660,2059,148,總計,18歲,0.00018
10661,2059,148,男性,18歲,0.00024
10662,2059,148,女性,18歲,0.00013
10663,2059,148,總計,19歲,0.0002
10664,2059,148,男性,19歲,0.00025
10665,2059,148,女性,19歲,0.00014
10666,2059,148,總計,20歲,0.00021
10667,2059,148,男性,20歲,0.00026
10668,2059,148,女性,20歲,0.00015
10669,2059,148,總計,21歲,0.00021
10670,2059,148,男性,21歲,0.00027
10671,2059,148,女性,21歲,0.00016
10672,2059,148,總計,22歲,0.00022
10673,2059,148,男性,22歲,0.00027
10674,2059,148,女性,22歲,0.00017
10675,2059,148,總計,23歲,0.00022
10676,2059,148,男性,23歲,0.00027
10677,2059,148,女性,23歲,0.00018
10678,2059,148,總計,24歲,0.00022
10679,2059,148,男性,24歲,0.00026
10680,2059,148,女性,24歲,0.00018
10681,2059,148,總計,25歲,0.00022
10682,2059,148,男性,25歲,0.00026
10683,2059,148,女性,25歲,0.00019
10684,2059,148,總計,26歲,0.00022
10685,2059,148,男性,26歲,0.00025
10686,2059,148,女性,26歲,0.0002
10687,2059,148,總計,27歲,0.00023
10688,2059,148,男性,27歲,0.00025
10689,2059,148,女性,27歲,0.00021
10690,2059,148,總計,28歲,0.00025
10691,2059,148,男性,28歲,0.00026
10692,2059,148,女性,28歲,0.00023
10693,2059,148,總計,29歲,0.00026
10694,2059,148,男性,29歲,0.00028
10695,2059,148,女性,29歲,0.00024
10696,2059,148,總計,30歲,0.00028
10697,2059,148,男性,30歲,0.0003
10698,2059,148,女性,30歲,0.00027
10699,2059,148,總計,31歲,0.00031
10700,2059,148,男性,31歲,0.00033
10701,2059,148,女性,31歲,0.00029
10702,2059,148,總計,32歲,0.00034
10703,2059,148,男性,32歲,0.00036
10704,2059,148,女性,32歲,0.00031
10705,2059,148,總計,33歲,0.00036
10706,2059,148,男性,33歲,0.0004
10707,2059,148,女性,33歲,0.00033
10708,2059,148,總計,34歲,0.00039
10709,2059,148,男性,34歲,0.00043
10710,2059,148,女性,34歲,0.00035
10711,2059,148,總計,35歲,0.00042
10712,2059,148,男性,35歲,0.00048
10713,2059,148,女性,35歲,0.00037
10714,2059,148,總計,36歲,0.00046
10715,2059,148,男性,36歲,0.00053
10716,2059,148,女性,36歲,0.0004
10717,2059,148,總計,37歲,0.00051
10718,2059,148,男性,37歲,0.00059
10719,2059,148,女性,37歲,0.00043
10720,2059,148,總計,38歲,0.00056
10721,2059,148,男性,38歲,0.00066
10722,2059,148,女性,38歲,0.00046
10723,2059,148,總計,39歲,0.00063
10724,2059,148,男性,39歲,0.00075
10725,2059,148,女性,39歲,0.0005
10726,2059,148,總計,40歲,0.0007
10727,2059,148,男性,40歲,0.00085
10728,2059,148,女性,40歲,0.00055
10729,2059,148,總計,41歲,0.00078
10730,2059,148,男性,41歲,0.00096
10731,2059,148,女性,41歲,0.00059
10732,2059,148,總計,42歲,0.00086
10733,2059,148,男性,42歲,0.00109
10734,2059,148,女性,42歲,0.00064
10735,2059,148,總計,43歲,0.00097
10736,2059,148,男性,43歲,0.00124
10737,2059,148,女性,43歲,0.0007
10738,2059,148,總計,44歲,0.00109
10739,2059,148,男性,44歲,0.00141
10740,2059,148,女性,44歲,0.00077
10741,2059,148,總計,45歲,0.00122
10742,2059,148,男性,45歲,0.00159
10743,2059,148,女性,45歲,0.00084
10744,2059,148,總計,46歲,0.00136
10745,2059,148,男性,46歲,0.0018
10746,2059,148,女性,46歲,0.00092
10747,2059,148,總計,47歲,0.00152
10748,2059,148,男性,47歲,0.00203
10749,2059,148,女性,47歲,0.001
10750,2059,148,總計,48歲,0.00169
10751,2059,148,男性,48歲,0.00229
10752,2059,148,女性,48歲,0.00109
10753,2059,148,總計,49歲,0.00188
10754,2059,148,男性,49歲,0.00258
10755,2059,148,女性,49歲,0.00119
10756,2059,148,總計,50歲,0.00209
10757,2059,148,男性,50歲,0.0029
10758,2059,148,女性,50歲,0.00128
10759,2059,148,總計,51歲,0.00231
10760,2059,148,男性,51歲,0.00325
10761,2059,148,女性,51歲,0.00138
10762,2059,148,總計,52歲,0.00254
10763,2059,148,男性,52歲,0.00362
10764,2059,148,女性,52歲,0.00147
10765,2059,148,總計,53歲,0.00278
10766,2059,148,男性,53歲,0.00401
10767,2059,148,女性,53歲,0.00158
10768,2059,148,總計,54歲,0.003
10769,2059,148,男性,54歲,0.00435
10770,2059,148,女性,54歲,0.00168
10771,2059,148,總計,55歲,0.00322
10772,2059,148,男性,55歲,0.0047
10773,2059,148,女性,55歲,0.00177
10774,2059,148,總計,56歲,0.00346
10775,2059,148,男性,56歲,0.00507
10776,2059,148,女性,56歲,0.00188
10777,2059,148,總計,57歲,0.00373
10778,2059,148,男性,57歲,0.0055
10779,2059,148,女性,57歲,0.00201
10780,2059,148,總計,58歲,0.00401
10781,2059,148,男性,58歲,0.00593
10782,2059,148,女性,58歲,0.00214
10783,2059,148,總計,59歲,0.00429
10784,2059,148,男性,59歲,0.00637
10785,2059,148,女性,59歲,0.00229
10786,2059,148,總計,60歲,0.00459
10787,2059,148,男性,60歲,0.00682
10788,2059,148,女性,60歲,0.00246
10789,2059,148,總計,61歲,0.00491
10790,2059,148,男性,61歲,0.00728
10791,2059,148,女性,61歲,0.00264
10792,2059,148,總計,62歲,0.00526
10793,2059,148,男性,62歲,0.00778
10794,2059,148,女性,62歲,0.00285
10795,2059,148,總計,63歲,0.00564
10796,2059,148,男性,63歲,0.00834
10797,2059,148,女性,63歲,0.00308
10798,2059,148,總計,64歲,0.00608
10799,2059,148,男性,64歲,0.00896
10800,2059,148,女性,64歲,0.00335
10801,2059,148,總計,65歲,0.00655
10802,2059,148,男性,65歲,0.00964
10803,2059,148,女性,65歲,0.00366
10804,2059,148,總計,66歲,0.00711
10805,2059,148,男性,66歲,0.0104
10806,2059,148,女性,66歲,0.00403
10807,2059,148,總計,67歲,0.00775
10808,2059,148,男性,67歲,0.01129
10809,2059,148,女性,67歲,0.00446
10810,2059,148,總計,68歲,0.00846
10811,2059,148,男性,68歲,0.01227
10812,2059,148,女性,68歲,0.00495
10813,2059,148,總計,69歲,0.00926
10814,2059,148,男性,69歲,0.01337
10815,2059,148,女性,69歲,0.00551
10816,2059,148,總計,70歲,0.01016
10817,2059,148,男性,70歲,0.01457
10818,2059,148,女性,70歲,0.00616
10819,2059,148,總計,71歲,0.01115
10820,2059,148,男性,71歲,0.0159
10821,2059,148,女性,71歲,0.00689
10822,2059,148,總計,72歲,0.01226
10823,2059,148,男性,72歲,0.01737
10824,2059,148,女性,72歲,0.0077
10825,2059,148,總計,73歲,0.01351
10826,2059,148,男性,73歲,0.01906
10827,2059,148,女性,73歲,0.00862
10828,2059,148,總計,74歲,0.01495
10829,2059,148,男性,74歲,0.02099
10830,2059,148,女性,74歲,0.00967
10831,2059,148,總計,75歲,0.01655
10832,2059,148,男性,75歲,0.02317
10833,2059,148,女性,75歲,0.01084
10834,2059,148,總計,76歲,0.01832
10835,2059,148,男性,76歲,0.02557
10836,2059,148,女性,76歲,0.01214
10837,2059,148,總計,77歲,0.02029
10838,2059,148,男性,77歲,0.02823
10839,2059,148,女性,77歲,0.01361
10840,2059,148,總計,78歲,0.02249
10841,2059,148,男性,78歲,0.03121
10842,2059,148,女性,78歲,0.01527
10843,2059,148,總計,79歲,0.02493
10844,2059,148,男性,79歲,0.03449
10845,2059,148,女性,79歲,0.01714
10846,2059,148,總計,80歲,0.02776
10847,2059,148,男性,80歲,0.03803
10848,2059,148,女性,80歲,0.01955
10849,2059,148,總計,81歲,0.03091
10850,2059,148,男性,81歲,0.04193
10851,2059,148,女性,81歲,0.02226
10852,2059,148,總計,82歲,0.03439
10853,2059,148,男性,82歲,0.04621
10854,2059,148,女性,82歲,0.0253
10855,2059,148,總計,83歲,0.03822
10856,2059,148,男性,83歲,0.05086
10857,2059,148,女性,83歲,0.0287
10858,2059,148,總計,84歲,0.0424
10859,2059,148,男性,84歲,0.05589
10860,2059,148,女性,84歲,0.03249
10861,2059,148,總計,85歲,0.04848
10862,2059,148,男性,85歲,0.06263
10863,2059,148,女性,85歲,0.03832
10864,2059,148,總計,86歲,0.05359
10865,2059,148,男性,86歲,0.06865
10866,2059,148,女性,86歲,0.04305
10867,2059,148,總計,87歲,0.05921
10868,2059,148,男性,87歲,0.07523
10869,2059,148,女性,87歲,0.0483
10870,2059,148,總計,88歲,0.06537
10871,2059,148,男性,88歲,0.08236
10872,2059,148,女性,88歲,0.05413
10873,2059,148,總計,89歲,0.07213
10874,2059,148,男性,89歲,0.09008
10875,2059,148,女性,89歲,0.06061
10876,2059,148,總計,90歲,0.0796
10877,2059,148,男性,90歲,0.09848
10878,2059,148,女性,90歲,0.06786
10879,2059,148,總計,91歲,0.08788
10880,2059,148,男性,91歲,0.10764
10881,2059,148,女性,91歲,0.07599
10882,2059,148,總計,92歲,0.09701
10883,2059,148,男性,92歲,0.11757
10884,2059,148,女性,92歲,0.08507
10885,2059,148,總計,93歲,0.10702
10886,2059,148,男性,93歲,0.12827
10887,2059,148,女性,93歲,0.09512
10888,2059,148,總計,94歲,0.11797
10889,2059,148,男性,94歲,0.13976
10890,2059,148,女性,94歲,0.10621
10891,2059,148,總計,95歲,0.13057
10892,2059,148,男性,95歲,0.15256
10893,2059,148,女性,95歲,0.11915
10894,2059,148,總計,96歲,0.1437
10895,2059,148,男性,96歲,0.16566
10896,2059,148,女性,96歲,0.13273
10897,2059,148,總計,97歲,0.1575
10898,2059,148,男性,97歲,0.1793
10899,2059,148,女性,97歲,0.14702
10900,2059,148,總計,98歲,0.1728
10901,2059,148,男性,98歲,0.19408
10902,2059,148,女性,98歲,0.16296
10903,2059,148,總計,99歲,0.18972
10904,2059,148,男性,99歲,0.21006
10905,2059,148,女性,99歲,0.18066
10906,2059,148,總計,100歲及以上,1
10907,2059,148,男性,100歲及以上,1
10908,2059,148,女性,100歲及以上,1
10909,2060,149,總計,0歲,0.00269
10910,2060,149,男性,0歲,0.00286
10911,2060,149,女性,0歲,0.00252
10912,2060,149,總計,1歲,9E-05
10913,2060,149,男性,1歲,0.0001
10914,2060,149,女性,1歲,9E-05
10915,2060,149,總計,2歲,5E-05
10916,2060,149,男性,2歲,6E-05
10917,2060,149,女性,2歲,5E-05
10918,2060,149,總計,3歲,4E-05
10919,2060,149,男性,3歲,5E-05
10920,2060,149,女性,3歲,4E-05
10921,2060,149,總計,4歲,4E-05
10922,2060,149,男性,4歲,4E-05
10923,2060,149,女性,4歲,3E-05
10924,2060,149,總計,5歲,3E-05
10925,2060,149,男性,5歲,4E-05
10926,2060,149,女性,5歲,3E-05
10927,2060,149,總計,6歲,3E-05
10928,2060,149,男性,6歲,3E-05
10929,2060,149,女性,6歲,3E-05
10930,2060,149,總計,7歲,3E-05
10931,2060,149,男性,7歲,3E-05
10932,2060,149,女性,7歲,3E-05
10933,2060,149,總計,8歲,3E-05
10934,2060,149,男性,8歲,3E-05
10935,2060,149,女性,8歲,3E-05
10936,2060,149,總計,9歲,3E-05
10937,2060,149,男性,9歲,3E-05
10938,2060,149,女性,9歲,3E-05
10939,2060,149,總計,10歲,4E-05
10940,2060,149,男性,10歲,3E-05
10941,2060,149,女性,10歲,4E-05
10942,2060,149,總計,11歲,4E-05
10943,2060,149,男性,11歲,4E-05
10944,2060,149,女性,11歲,4E-05
10945,2060,149,總計,12歲,5E-05
10946,2060,149,男性,12歲,5E-05
10947,2060,149,女性,12歲,5E-05
10948,2060,149,總計,13歲,6E-05
10949,2060,149,男性,13歲,6E-05
10950,2060,149,女性,13歲,6E-05
10951,2060,149,總計,14歲,8E-05
10952,2060,149,男性,14歲,9E-05
10953,2060,149,女性,14歲,7E-05
10954,2060,149,總計,15歲,0.0001
10955,2060,149,男性,15歲,0.00013
10956,2060,149,女性,15歲,8E-05
10957,2060,149,總計,16歲,0.00013
10958,2060,149,男性,16歲,0.00017
10959,2060,149,女性,16歲,9E-05
10960,2060,149,總計,17歲,0.00015
10961,2060,149,男性,17歲,0.0002
10962,2060,149,女性,17歲,0.00011
10963,2060,149,總計,18歲,0.00018
10964,2060,149,男性,18歲,0.00023
10965,2060,149,女性,18歲,0.00012
10966,2060,149,總計,19歲,0.00019
10967,2060,149,男性,19歲,0.00025
10968,2060,149,女性,19歲,0.00014
10969,2060,149,總計,20歲,0.0002
10970,2060,149,男性,20歲,0.00026
10971,2060,149,女性,20歲,0.00015
10972,2060,149,總計,21歲,0.00021
10973,2060,149,男性,21歲,0.00026
10974,2060,149,女性,21歲,0.00016
10975,2060,149,總計,22歲,0.00021
10976,2060,149,男性,22歲,0.00026
10977,2060,149,女性,22歲,0.00016
10978,2060,149,總計,23歲,0.00022
10979,2060,149,男性,23歲,0.00026
10980,2060,149,女性,23歲,0.00017
10981,2060,149,總計,24歲,0.00022
10982,2060,149,男性,24歲,0.00026
10983,2060,149,女性,24歲,0.00018
10984,2060,149,總計,25歲,0.00022
10985,2060,149,男性,25歲,0.00025
10986,2060,149,女性,25歲,0.00019
10987,2060,149,總計,26歲,0.00022
10988,2060,149,男性,26歲,0.00024
10989,2060,149,女性,26歲,0.0002
10990,2060,149,總計,27歲,0.00023
10991,2060,149,男性,27歲,0.00025
10992,2060,149,女性,27歲,0.00021
10993,2060,149,總計,28歲,0.00024
10994,2060,149,男性,28歲,0.00026
10995,2060,149,女性,28歲,0.00023
10996,2060,149,總計,29歲,0.00026
10997,2060,149,男性,29歲,0.00027
10998,2060,149,女性,29歲,0.00024
10999,2060,149,總計,30歲,0.00028
11000,2060,149,男性,30歲,0.00029
11001,2060,149,女性,30歲,0.00026
11002,2060,149,總計,31歲,0.0003
11003,2060,149,男性,31歲,0.00032
11004,2060,149,女性,31歲,0.00028
11005,2060,149,總計,32歲,0.00033
11006,2060,149,男性,32歲,0.00035
11007,2060,149,女性,32歲,0.00031
11008,2060,149,總計,33歲,0.00036
11009,2060,149,男性,33歲,0.00039
11010,2060,149,女性,33歲,0.00033
11011,2060,149,總計,34歲,0.00038
11012,2060,149,男性,34歲,0.00042
11013,2060,149,女性,34歲,0.00035
11014,2060,149,總計,35歲,0.00042
11015,2060,149,男性,35歲,0.00046
11016,2060,149,女性,35歲,0.00037
11017,2060,149,總計,36歲,0.00045
11018,2060,149,男性,36歲,0.00051
11019,2060,149,女性,36歲,0.0004
11020,2060,149,總計,37歲,0.0005
11021,2060,149,男性,37歲,0.00058
11022,2060,149,女性,37歲,0.00043
11023,2060,149,總計,38歲,0.00055
11024,2060,149,男性,38歲,0.00065
11025,2060,149,女性,38歲,0.00046
11026,2060,149,總計,39歲,0.00061
11027,2060,149,男性,39歲,0.00073
11028,2060,149,女性,39歲,0.0005
11029,2060,149,總計,40歲,0.00068
11030,2060,149,男性,40歲,0.00083
11031,2060,149,女性,40歲,0.00054
11032,2060,149,總計,41歲,0.00076
11033,2060,149,男性,41歲,0.00094
11034,2060,149,女性,41歲,0.00058
11035,2060,149,總計,42歲,0.00085
11036,2060,149,男性,42歲,0.00106
11037,2060,149,女性,42歲,0.00063
11038,2060,149,總計,43歲,0.00095
11039,2060,149,男性,43歲,0.00121
11040,2060,149,女性,43歲,0.0007
11041,2060,149,總計,44歲,0.00107
11042,2060,149,男性,44歲,0.00137
11043,2060,149,女性,44歲,0.00076
11044,2060,149,總計,45歲,0.00119
11045,2060,149,男性,45歲,0.00156
11046,2060,149,女性,45歲,0.00083
11047,2060,149,總計,46歲,0.00134
11048,2060,149,男性,46歲,0.00177
11049,2060,149,女性,46歲,0.00091
11050,2060,149,總計,47歲,0.00149
11051,2060,149,男性,47歲,0.00199
11052,2060,149,女性,47歲,0.00099
11053,2060,149,總計,48歲,0.00166
11054,2060,149,男性,48歲,0.00225
11055,2060,149,女性,48歲,0.00108
11056,2060,149,總計,49歲,0.00185
11057,2060,149,男性,49歲,0.00254
11058,2060,149,女性,49歲,0.00117
11059,2060,149,總計,50歲,0.00206
11060,2060,149,男性,50歲,0.00285
11061,2060,149,女性,50歲,0.00127
11062,2060,149,總計,51歲,0.00228
11063,2060,149,男性,51歲,0.00321
11064,2060,149,女性,51歲,0.00137
11065,2060,149,總計,52歲,0.00251
11066,2060,149,男性,52歲,0.00357
11067,2060,149,女性,52歲,0.00146
11068,2060,149,總計,53歲,0.00275
11069,2060,149,男性,53歲,0.00396
11070,2060,149,女性,53歲,0.00156
11071,2060,149,總計,54歲,0.00297
11072,2060,149,男性,54歲,0.0043
11073,2060,149,女性,54歲,0.00166
11074,2060,149,總計,55歲,0.00318
11075,2060,149,男性,55歲,0.00465
11076,2060,149,女性,55歲,0.00175
11077,2060,149,總計,56歲,0.00342
11078,2060,149,男性,56歲,0.00502
11079,2060,149,女性,56歲,0.00186
11080,2060,149,總計,57歲,0.00369
11081,2060,149,男性,57歲,0.00544
11082,2060,149,女性,57歲,0.00198
11083,2060,149,總計,58歲,0.00396
11084,2060,149,男性,58歲,0.00587
11085,2060,149,女性,58歲,0.00211
11086,2060,149,總計,59歲,0.00425
11087,2060,149,男性,59歲,0.00631
11088,2060,149,女性,59歲,0.00226
11089,2060,149,總計,60歲,0.00454
11090,2060,149,男性,60歲,0.00675
11091,2060,149,女性,60歲,0.00242
11092,2060,149,總計,61歲,0.00486
11093,2060,149,男性,61歲,0.0072
11094,2060,149,女性,61歲,0.00261
11095,2060,149,總計,62歲,0.0052
11096,2060,149,男性,62歲,0.00771
11097,2060,149,女性,62歲,0.00281
11098,2060,149,總計,63歲,0.00558
11099,2060,149,男性,63歲,0.00826
11100,2060,149,女性,63歲,0.00303
11101,2060,149,總計,64歲,0.00601
11102,2060,149,男性,64歲,0.00887
11103,2060,149,女性,64歲,0.0033
11104,2060,149,總計,65歲,0.00648
11105,2060,149,男性,65歲,0.00954
11106,2060,149,女性,65歲,0.00361
11107,2060,149,總計,66歲,0.00703
11108,2060,149,男性,66歲,0.0103
11109,2060,149,女性,66歲,0.00397
11110,2060,149,總計,67歲,0.00766
11111,2060,149,男性,67歲,0.01117
11112,2060,149,女性,67歲,0.00439
11113,2060,149,總計,68歲,0.00836
11114,2060,149,男性,68歲,0.01214
11115,2060,149,女性,68歲,0.00487
11116,2060,149,總計,69歲,0.00915
11117,2060,149,男性,69歲,0.01323
11118,2060,149,女性,69歲,0.00543
11119,2060,149,總計,70歲,0.01004
11120,2060,149,男性,70歲,0.01441
11121,2060,149,女性,70歲,0.00606
11122,2060,149,總計,71歲,0.01102
11123,2060,149,男性,71歲,0.01573
11124,2060,149,女性,71歲,0.00678
11125,2060,149,總計,72歲,0.01211
11126,2060,149,男性,72歲,0.01718
11127,2060,149,女性,72歲,0.00758
11128,2060,149,總計,73歲,0.01335
11129,2060,149,男性,73歲,0.01885
11130,2060,149,女性,73歲,0.00848
11131,2060,149,總計,74歲,0.01476
11132,2060,149,男性,74歲,0.02077
11133,2060,149,女性,74歲,0.00951
11134,2060,149,總計,75歲,0.01635
11135,2060,149,男性,75歲,0.02292
11136,2060,149,女性,75歲,0.01067
11137,2060,149,總計,76歲,0.01809
11138,2060,149,男性,76歲,0.0253
11139,2060,149,女性,76歲,0.01195
11140,2060,149,總計,77歲,0.02004
11141,2060,149,男性,77歲,0.02793
11142,2060,149,女性,77歲,0.0134
11143,2060,149,總計,78歲,0.02222
11144,2060,149,男性,78歲,0.03088
11145,2060,149,女性,78歲,0.01504
11146,2060,149,總計,79歲,0.02463
11147,2060,149,男性,79歲,0.03413
11148,2060,149,女性,79歲,0.01688
11149,2060,149,總計,80歲,0.02744
11150,2060,149,男性,80歲,0.03764
11151,2060,149,女性,80歲,0.01926
11152,2060,149,總計,81歲,0.03055
11153,2060,149,男性,81歲,0.04151
11154,2060,149,女性,81歲,0.02194
11155,2060,149,總計,82歲,0.034
11156,2060,149,男性,82歲,0.04575
11157,2060,149,女性,82歲,0.02494
11158,2060,149,總計,83歲,0.03778
11159,2060,149,男性,83歲,0.05036
11160,2060,149,女性,83歲,0.02829
11161,2060,149,總計,84歲,0.04193
11162,2060,149,男性,84歲,0.05535
11163,2060,149,女性,84歲,0.03204
11164,2060,149,總計,85歲,0.04795
11165,2060,149,男性,85歲,0.06205
11166,2060,149,女性,85歲,0.03781
11167,2060,149,總計,86歲,0.05301
11168,2060,149,男性,86歲,0.06803
11169,2060,149,女性,86歲,0.04248
11170,2060,149,總計,87歲,0.05859
11171,2060,149,男性,87歲,0.07456
11172,2060,149,女性,87歲,0.04768
11173,2060,149,總計,88歲,0.0647
11174,2060,149,男性,88歲,0.08165
11175,2060,149,女性,88歲,0.05346
11176,2060,149,總計,89歲,0.07142
11177,2060,149,男性,89歲,0.08933
11178,2060,149,女性,89歲,0.05989
11179,2060,149,總計,90歲,0.07884
11180,2060,149,男性,90歲,0.09769
11181,2060,149,女性,90歲,0.06708
11182,2060,149,總計,91歲,0.08707
11183,2060,149,男性,91歲,0.10681
11184,2060,149,女性,91歲,0.07516
11185,2060,149,總計,92歲,0.09615
11186,2060,149,男性,92歲,0.1167
11187,2060,149,女性,92歲,0.08418
11188,2060,149,總計,93歲,0.10612
11189,2060,149,男性,93歲,0.12737
11190,2060,149,女性,93歲,0.09418
11191,2060,149,總計,94歲,0.11702
11192,2060,149,男性,94歲,0.13884
11193,2060,149,女性,94歲,0.10521
11194,2060,149,總計,95歲,0.12959
11195,2060,149,男性,95歲,0.15162
11196,2060,149,女性,95歲,0.11811
11197,2060,149,總計,96歲,0.14269
11198,2060,149,男性,96歲,0.1647
11199,2060,149,女性,96歲,0.13165
11200,2060,149,總計,97歲,0.15646
11201,2060,149,男性,97歲,0.17833
11202,2060,149,女性,97歲,0.14592
11203,2060,149,總計,98歲,0.17175
11204,2060,149,男性,98歲,0.19311
11205,2060,149,女性,98歲,0.16184
11206,2060,149,總計,99歲,0.18867
11207,2060,149,男性,99歲,0.20911
11208,2060,149,女性,99歲,0.17954
11209,2060,149,總計,100歲及以上,1
11210,2060,149,男性,100歲及以上,1
11211,2060,149,女性,100歲及以上,1
11212,2061,150,總計,0歲,0.00267
11213,2061,150,男性,0歲,0.00284
11214,2061,150,女性,0歲,0.00249
11215,2061,150,總計,1歲,9E-05
11216,2061,150,男性,1歲,0.0001
11217,2061,150,女性,1歲,8E-05
11218,2061,150,總計,2歲,5E-05
11219,2061,150,男性,2歲,5E-05
11220,2061,150,女性,2歲,5E-05
11221,2061,150,總計,3歲,4E-05
11222,2061,150,男性,3歲,5E-05
11223,2061,150,女性,3歲,4E-05
11224,2061,150,總計,4歲,4E-05
11225,2061,150,男性,4歲,4E-05
11226,2061,150,女性,4歲,3E-05
11227,2061,150,總計,5歲,3E-05
11228,2061,150,男性,5歲,4E-05
11229,2061,150,女性,5歲,3E-05
11230,2061,150,總計,6歲,3E-05
11231,2061,150,男性,6歲,3E-05
11232,2061,150,女性,6歲,3E-05
11233,2061,150,總計,7歲,3E-05
11234,2061,150,男性,7歲,3E-05
11235,2061,150,女性,7歲,3E-05
11236,2061,150,總計,8歲,3E-05
11237,2061,150,男性,8歲,3E-05
11238,2061,150,女性,8歲,3E-05
11239,2061,150,總計,9歲,3E-05
11240,2061,150,男性,9歲,3E-05
11241,2061,150,女性,9歲,3E-05
11242,2061,150,總計,10歲,3E-05
11243,2061,150,男性,10歲,3E-05
11244,2061,150,女性,10歲,4E-05
11245,2061,150,總計,11歲,4E-05
11246,2061,150,男性,11歲,4E-05
11247,2061,150,女性,11歲,4E-05
11248,2061,150,總計,12歲,5E-05
11249,2061,150,男性,12歲,5E-05
11250,2061,150,女性,12歲,5E-05
11251,2061,150,總計,13歲,6E-05
11252,2061,150,男性,13歲,6E-05
11253,2061,150,女性,13歲,6E-05
11254,2061,150,總計,14歲,8E-05
11255,2061,150,男性,14歲,9E-05
11256,2061,150,女性,14歲,7E-05
11257,2061,150,總計,15歲,0.0001
11258,2061,150,男性,15歲,0.00013
11259,2061,150,女性,15歲,8E-05
11260,2061,150,總計,16歲,0.00013
11261,2061,150,男性,16歲,0.00016
11262,2061,150,女性,16歲,9E-05
11263,2061,150,總計,17歲,0.00015
11264,2061,150,男性,17歲,0.0002
11265,2061,150,女性,17歲,0.00011
11266,2061,150,總計,18歲,0.00018
11267,2061,150,男性,18歲,0.00023
11268,2061,150,女性,18歲,0.00012
11269,2061,150,總計,19歲,0.00019
11270,2061,150,男性,19歲,0.00024
11271,2061,150,女性,19歲,0.00014
11272,2061,150,總計,20歲,0.0002
11273,2061,150,男性,20歲,0.00025
11274,2061,150,女性,20歲,0.00015
11275,2061,150,總計,21歲,0.0002
11276,2061,150,男性,21歲,0.00025
11277,2061,150,女性,21歲,0.00015
11278,2061,150,總計,22歲,0.00021
11279,2061,150,男性,22歲,0.00026
11280,2061,150,女性,22歲,0.00016
11281,2061,150,總計,23歲,0.00021
11282,2061,150,男性,23歲,0.00026
11283,2061,150,女性,23歲,0.00017
11284,2061,150,總計,24歲,0.00022
11285,2061,150,男性,24歲,0.00025
11286,2061,150,女性,24歲,0.00018
11287,2061,150,總計,25歲,0.00021
11288,2061,150,男性,25歲,0.00024
11289,2061,150,女性,25歲,0.00018
11290,2061,150,總計,26歲,0.00022
11291,2061,150,男性,26歲,0.00024
11292,2061,150,女性,26歲,0.0002
11293,2061,150,總計,27歲,0.00023
11294,2061,150,男性,27歲,0.00024
11295,2061,150,女性,27歲,0.00021
11296,2061,150,總計,28歲,0.00024
11297,2061,150,男性,28歲,0.00025
11298,2061,150,女性,28歲,0.00022
11299,2061,150,總計,29歲,0.00025
11300,2061,150,男性,29歲,0.00027
11301,2061,150,女性,29歲,0.00024
11302,2061,150,總計,30歲,0.00027
11303,2061,150,男性,30歲,0.00029
11304,2061,150,女性,30歲,0.00026
11305,2061,150,總計,31歲,0.0003
11306,2061,150,男性,31歲,0.00031
11307,2061,150,女性,31歲,0.00028
11308,2061,150,總計,32歲,0.00032
11309,2061,150,男性,32歲,0.00034
11310,2061,150,女性,32歲,0.0003
11311,2061,150,總計,33歲,0.00035
11312,2061,150,男性,33歲,0.00038
11313,2061,150,女性,33歲,0.00032
11314,2061,150,總計,34歲,0.00038
11315,2061,150,男性,34歲,0.00041
11316,2061,150,女性,34歲,0.00034
11317,2061,150,總計,35歲,0.00041
11318,2061,150,男性,35歲,0.00045
11319,2061,150,女性,35歲,0.00036
11320,2061,150,總計,36歲,0.00045
11321,2061,150,男性,36歲,0.0005
11322,2061,150,女性,36歲,0.00039
11323,2061,150,總計,37歲,0.00049
11324,2061,150,男性,37歲,0.00056
11325,2061,150,女性,37歲,0.00042
11326,2061,150,總計,38歲,0.00054
11327,2061,150,男性,38歲,0.00063
11328,2061,150,女性,38歲,0.00045
11329,2061,150,總計,39歲,0.0006
11330,2061,150,男性,39歲,0.00071
11331,2061,150,女性,39歲,0.00049
11332,2061,150,總計,40歲,0.00067
11333,2061,150,男性,40歲,0.0008
11334,2061,150,女性,40歲,0.00053
11335,2061,150,總計,41歲,0.00075
11336,2061,150,男性,41歲,0.00092
11337,2061,150,女性,41歲,0.00058
11338,2061,150,總計,42歲,0.00083
11339,2061,150,男性,42歲,0.00104
11340,2061,150,女性,42歲,0.00063
11341,2061,150,總計,43歲,0.00093
11342,2061,150,男性,43歲,0.00118
11343,2061,150,女性,43歲,0.00069
11344,2061,150,總計,44歲,0.00105
11345,2061,150,男性,44歲,0.00134
11346,2061,150,女性,44歲,0.00075
11347,2061,150,總計,45歲,0.00117
11348,2061,150,男性,45歲,0.00153
11349,2061,150,女性,45歲,0.00082
11350,2061,150,總計,46歲,0.00132
11351,2061,150,男性,46歲,0.00173
11352,2061,150,女性,46歲,0.0009
11353,2061,150,總計,47歲,0.00147
11354,2061,150,男性,47歲,0.00196
11355,2061,150,女性,47歲,0.00098
11356,2061,150,總計,48歲,0.00163
11357,2061,150,男性,48歲,0.00221
11358,2061,150,女性,48歲,0.00107
11359,2061,150,總計,49歲,0.00182
11360,2061,150,男性,49歲,0.0025
11361,2061,150,女性,49歲,0.00116
11362,2061,150,總計,50歲,0.00203
11363,2061,150,男性,50歲,0.00281
11364,2061,150,女性,50歲,0.00125
11365,2061,150,總計,51歲,0.00225
11366,2061,150,男性,51歲,0.00316
11367,2061,150,女性,51歲,0.00135
11368,2061,150,總計,52歲,0.00247
11369,2061,150,男性,52歲,0.00352
11370,2061,150,女性,52歲,0.00144
11371,2061,150,總計,53歲,0.00271
11372,2061,150,男性,53歲,0.0039
11373,2061,150,女性,53歲,0.00154
11374,2061,150,總計,54歲,0.00293
11375,2061,150,男性,54歲,0.00425
11376,2061,150,女性,54歲,0.00164
11377,2061,150,總計,55歲,0.00315
11378,2061,150,男性,55歲,0.00459
11379,2061,150,女性,55歲,0.00173
11380,2061,150,總計,56歲,0.00338
11381,2061,150,男性,56歲,0.00496
11382,2061,150,女性,56歲,0.00183
11383,2061,150,總計,57歲,0.00364
11384,2061,150,男性,57歲,0.00538
11385,2061,150,女性,57歲,0.00195
11386,2061,150,總計,58歲,0.00392
11387,2061,150,男性,58歲,0.00581
11388,2061,150,女性,58歲,0.00208
11389,2061,150,總計,59歲,0.0042
11390,2061,150,男性,59歲,0.00624
11391,2061,150,女性,59歲,0.00223
11392,2061,150,總計,60歲,0.0045
11393,2061,150,男性,60歲,0.00668
11394,2061,150,女性,60歲,0.00239
11395,2061,150,總計,61歲,0.0048
11396,2061,150,男性,61歲,0.00713
11397,2061,150,女性,61歲,0.00257
11398,2061,150,總計,62歲,0.00514
11399,2061,150,男性,62歲,0.00763
11400,2061,150,女性,62歲,0.00277
11401,2061,150,總計,63歲,0.00552
11402,2061,150,男性,63歲,0.00818
11403,2061,150,女性,63歲,0.00299
11404,2061,150,總計,64歲,0.00594
11405,2061,150,男性,64歲,0.00879
11406,2061,150,女性,64歲,0.00325
11407,2061,150,總計,65歲,0.00641
11408,2061,150,男性,65歲,0.00944
11409,2061,150,女性,65歲,0.00355
11410,2061,150,總計,66歲,0.00695
11411,2061,150,男性,66歲,0.01019
11412,2061,150,女性,66歲,0.00391
11413,2061,150,總計,67歲,0.00757
11414,2061,150,男性,67歲,0.01106
11415,2061,150,女性,67歲,0.00433
11416,2061,150,總計,68歲,0.00826
11417,2061,150,男性,68歲,0.01202
11418,2061,150,女性,68歲,0.0048
11419,2061,150,總計,69歲,0.00905
11420,2061,150,男性,69歲,0.01309
11421,2061,150,女性,69歲,0.00534
11422,2061,150,總計,70歲,0.00992
11423,2061,150,男性,70歲,0.01426
11424,2061,150,女性,70歲,0.00597
11425,2061,150,總計,71歲,0.01088
11426,2061,150,男性,71歲,0.01556
11427,2061,150,女性,71歲,0.00667
11428,2061,150,總計,72歲,0.01196
11429,2061,150,男性,72歲,0.01699
11430,2061,150,女性,72歲,0.00746
11431,2061,150,總計,73歲,0.01318
11432,2061,150,男性,73歲,0.01865
11433,2061,150,女性,73歲,0.00835
11434,2061,150,總計,74歲,0.01458
11435,2061,150,男性,74歲,0.02054
11436,2061,150,女性,74歲,0.00936
11437,2061,150,總計,75歲,0.01615
11438,2061,150,男性,75歲,0.02267
11439,2061,150,女性,75歲,0.0105
11440,2061,150,總計,76歲,0.01787
11441,2061,150,男性,76歲,0.02502
11442,2061,150,女性,76歲,0.01176
11443,2061,150,總計,77歲,0.0198
11444,2061,150,男性,77歲,0.02764
11445,2061,150,女性,77歲,0.01319
11446,2061,150,總計,78歲,0.02195
11447,2061,150,男性,78歲,0.03055
11448,2061,150,女性,78歲,0.01481
11449,2061,150,總計,79歲,0.02434
11450,2061,150,男性,79歲,0.03378
11451,2061,150,女性,79歲,0.01663
11452,2061,150,總計,80歲,0.02711
11453,2061,150,男性,80歲,0.03725
11454,2061,150,女性,80歲,0.01897
11455,2061,150,總計,81歲,0.0302
11456,2061,150,男性,81歲,0.04109
11457,2061,150,女性,81歲,0.02161
11458,2061,150,總計,82歲,0.03361
11459,2061,150,男性,82歲,0.0453
11460,2061,150,女性,82歲,0.02458
11461,2061,150,總計,83歲,0.03735
11462,2061,150,男性,83歲,0.04987
11463,2061,150,女性,83歲,0.02789
11464,2061,150,總計,84歲,0.04146
11465,2061,150,男性,84歲,0.05482
11466,2061,150,女性,84歲,0.03159
11467,2061,150,總計,85歲,0.04742
11468,2061,150,男性,85歲,0.06147
11469,2061,150,女性,85歲,0.0373
11470,2061,150,總計,86歲,0.05245
11471,2061,150,男性,86歲,0.06741
11472,2061,150,女性,86歲,0.04192
11473,2061,150,總計,87歲,0.05798
11474,2061,150,男性,87歲,0.0739
11475,2061,150,女性,87歲,0.04708
11476,2061,150,總計,88歲,0.06405
11477,2061,150,男性,88歲,0.08095
11478,2061,150,女性,88歲,0.0528
11479,2061,150,總計,89歲,0.07072
11480,2061,150,男性,89歲,0.08859
11481,2061,150,女性,89歲,0.05918
11482,2061,150,總計,90歲,0.07809
11483,2061,150,男性,90歲,0.09691
11484,2061,150,女性,90歲,0.06632
11485,2061,150,總計,91歲,0.08626
11486,2061,150,男性,91歲,0.10599
11487,2061,150,女性,91歲,0.07433
11488,2061,150,總計,92歲,0.0953
11489,2061,150,男性,92歲,0.11585
11490,2061,150,女性,92歲,0.08329
11491,2061,150,總計,93歲,0.10522
11492,2061,150,男性,93歲,0.12648
11493,2061,150,女性,93歲,0.09324
11494,2061,150,總計,94歲,0.11608
11495,2061,150,男性,94歲,0.13792
11496,2061,150,女性,94歲,0.10422
11497,2061,150,總計,95歲,0.12862
11498,2061,150,男性,95歲,0.15069
11499,2061,150,女性,95歲,0.11709
11500,2061,150,總計,96歲,0.14168
11501,2061,150,男性,96歲,0.16375
11502,2061,150,女性,96歲,0.13059
11503,2061,150,總計,97歲,0.15542
11504,2061,150,男性,97歲,0.17737
11505,2061,150,女性,97歲,0.14482
11506,2061,150,總計,98歲,0.17069
11507,2061,150,男性,98歲,0.19215
11508,2061,150,女性,98歲,0.16072
11509,2061,150,總計,99歲,0.18762
11510,2061,150,男性,99歲,0.20816
11511,2061,150,女性,99歲,0.17843
11512,2061,150,總計,100歲及以上,1
11513,2061,150,男性,100歲及以上,1
11514,2061,150,女性,100歲及以上,1
11515,2062,151,總計,0歲,0.00264
11516,2062,151,男性,0歲,0.00281
11517,2062,151,女性,0歲,0.00247
11518,2062,151,總計,1歲,9E-05
11519,2062,151,男性,1歲,0.0001
11520,2062,151,女性,1歲,8E-05
11521,2062,151,總計,2歲,5E-05
11522,2062,151,男性,2歲,5E-05
11523,2062,151,女性,2歲,5E-05
11524,2062,151,總計,3歲,4E-05
11525,2062,151,男性,3歲,4E-05
11526,2062,151,女性,3歲,4E-05
11527,2062,151,總計,4歲,3E-05
11528,2062,151,男性,4歲,4E-05
11529,2062,151,女性,4歲,3E-05
11530,2062,151,總計,5歲,3E-05
11531,2062,151,男性,5歲,3E-05
11532,2062,151,女性,5歲,3E-05
11533,2062,151,總計,6歲,3E-05
11534,2062,151,男性,6歲,3E-05
11535,2062,151,女性,6歲,3E-05
11536,2062,151,總計,7歲,3E-05
11537,2062,151,男性,7歲,3E-05
11538,2062,151,女性,7歲,3E-05
11539,2062,151,總計,8歲,3E-05
11540,2062,151,男性,8歲,3E-05
11541,2062,151,女性,8歲,3E-05
11542,2062,151,總計,9歲,3E-05
11543,2062,151,男性,9歲,3E-05
11544,2062,151,女性,9歲,3E-05
11545,2062,151,總計,10歲,3E-05
11546,2062,151,男性,10歲,3E-05
11547,2062,151,女性,10歲,3E-05
11548,2062,151,總計,11歲,4E-05
11549,2062,151,男性,11歲,4E-05
11550,2062,151,女性,11歲,4E-05
11551,2062,151,總計,12歲,5E-05
11552,2062,151,男性,12歲,5E-05
11553,2062,151,女性,12歲,5E-05
11554,2062,151,總計,13歲,6E-05
11555,2062,151,男性,13歲,6E-05
11556,2062,151,女性,13歲,6E-05
11557,2062,151,總計,14歲,8E-05
11558,2062,151,男性,14歲,9E-05
11559,2062,151,女性,14歲,7E-05
11560,2062,151,總計,15歲,0.0001
11561,2062,151,男性,15歲,0.00012
11562,2062,151,女性,15歲,8E-05
11563,2062,151,總計,16歲,0.00012
11564,2062,151,男性,16歲,0.00016
11565,2062,151,女性,16歲,9E-05
11566,2062,151,總計,17歲,0.00015
11567,2062,151,男性,17歲,0.00019
11568,2062,151,女性,17歲,0.0001
11569,2062,151,總計,18歲,0.00017
11570,2062,151,男性,18歲,0.00022
11571,2062,151,女性,18歲,0.00012
11572,2062,151,總計,19歲,0.00019
11573,2062,151,男性,19歲,0.00024
11574,2062,151,女性,19歲,0.00014
11575,2062,151,總計,20歲,0.00019
11576,2062,151,男性,20歲,0.00024
11577,2062,151,女性,20歲,0.00014
11578,2062,151,總計,21歲,0.0002
11579,2062,151,男性,21歲,0.00025
11580,2062,151,女性,21歲,0.00015
11581,2062,151,總計,22歲,0.00021
11582,2062,151,男性,22歲,0.00025
11583,2062,151,女性,22歲,0.00016
11584,2062,151,總計,23歲,0.00021
11585,2062,151,男性,23歲,0.00025
11586,2062,151,女性,23歲,0.00017
11587,2062,151,總計,24歲,0.00021
11588,2062,151,男性,24歲,0.00025
11589,2062,151,女性,24歲,0.00018
11590,2062,151,總計,25歲,0.00021
11591,2062,151,男性,25歲,0.00024
11592,2062,151,女性,25歲,0.00018
11593,2062,151,總計,26歲,0.00021
11594,2062,151,男性,26歲,0.00023
11595,2062,151,女性,26歲,0.00019
11596,2062,151,總計,27歲,0.00022
11597,2062,151,男性,27歲,0.00024
11598,2062,151,女性,27歲,0.00021
11599,2062,151,總計,28歲,0.00023
11600,2062,151,男性,28歲,0.00024
11601,2062,151,女性,28歲,0.00022
11602,2062,151,總計,29歲,0.00025
11603,2062,151,男性,29歲,0.00026
11604,2062,151,女性,29歲,0.00024
11605,2062,151,總計,30歲,0.00027
11606,2062,151,男性,30歲,0.00028
11607,2062,151,女性,30歲,0.00026
11608,2062,151,總計,31歲,0.00029
11609,2062,151,男性,31歲,0.00031
11610,2062,151,女性,31歲,0.00028
11611,2062,151,總計,32歲,0.00032
11612,2062,151,男性,32歲,0.00034
11613,2062,151,女性,32歲,0.0003
11614,2062,151,總計,33歲,0.00034
11615,2062,151,男性,33歲,0.00037
11616,2062,151,女性,33歲,0.00032
11617,2062,151,總計,34歲,0.00037
11618,2062,151,男性,34歲,0.0004
11619,2062,151,女性,34歲,0.00034
11620,2062,151,總計,35歲,0.0004
11621,2062,151,男性,35歲,0.00044
11622,2062,151,女性,35歲,0.00036
11623,2062,151,總計,36歲,0.00044
11624,2062,151,男性,36歲,0.00049
11625,2062,151,女性,36歲,0.00039
11626,2062,151,總計,37歲,0.00048
11627,2062,151,男性,37歲,0.00055
11628,2062,151,女性,37歲,0.00042
11629,2062,151,總計,38歲,0.00053
11630,2062,151,男性,38歲,0.00061
11631,2062,151,女性,38歲,0.00045
11632,2062,151,總計,39歲,0.00059
11633,2062,151,男性,39歲,0.00069
11634,2062,151,女性,39歲,0.00049
11635,2062,151,總計,40歲,0.00066
11636,2062,151,男性,40歲,0.00079
11637,2062,151,女性,40歲,0.00053
11638,2062,151,總計,41歲,0.00073
11639,2062,151,男性,41歲,0.00089
11640,2062,151,女性,41歲,0.00057
11641,2062,151,總計,42歲,0.00082
11642,2062,151,男性,42歲,0.00101
11643,2062,151,女性,42歲,0.00062
11644,2062,151,總計,43歲,0.00092
11645,2062,151,男性,43歲,0.00116
11646,2062,151,女性,43歲,0.00068
11647,2062,151,總計,44歲,0.00103
11648,2062,151,男性,44歲,0.00132
11649,2062,151,女性,44歲,0.00074
11650,2062,151,總計,45歲,0.00115
11651,2062,151,男性,45歲,0.00149
11652,2062,151,女性,45歲,0.00081
11653,2062,151,總計,46歲,0.00129
11654,2062,151,男性,46歲,0.0017
11655,2062,151,女性,46歲,0.00089
11656,2062,151,總計,47歲,0.00144
11657,2062,151,男性,47歲,0.00192
11658,2062,151,女性,47歲,0.00097
11659,2062,151,總計,48歲,0.00161
11660,2062,151,男性,48歲,0.00217
11661,2062,151,女性,48歲,0.00105
11662,2062,151,總計,49歲,0.0018
11663,2062,151,男性,49歲,0.00245
11664,2062,151,女性,49歲,0.00115
11665,2062,151,總計,50歲,0.002
11666,2062,151,男性,50歲,0.00277
11667,2062,151,女性,50歲,0.00124
11668,2062,151,總計,51歲,0.00222
11669,2062,151,男性,51歲,0.00311
11670,2062,151,女性,51歲,0.00133
11671,2062,151,總計,52歲,0.00244
11672,2062,151,男性,52歲,0.00348
11673,2062,151,女性,52歲,0.00142
11674,2062,151,總計,53歲,0.00268
11675,2062,151,男性,53歲,0.00385
11676,2062,151,女性,53歲,0.00152
11677,2062,151,總計,54歲,0.00289
11678,2062,151,男性,54歲,0.00419
11679,2062,151,女性,54歲,0.00162
11680,2062,151,總計,55歲,0.00311
11681,2062,151,男性,55歲,0.00454
11682,2062,151,女性,55歲,0.0017
11683,2062,151,總計,56歲,0.00334
11684,2062,151,男性,56歲,0.00491
11685,2062,151,女性,56歲,0.00181
11686,2062,151,總計,57歲,0.0036
11687,2062,151,男性,57歲,0.00532
11688,2062,151,女性,57歲,0.00193
11689,2062,151,總計,58歲,0.00388
11690,2062,151,男性,58歲,0.00575
11691,2062,151,女性,58歲,0.00205
11692,2062,151,總計,59歲,0.00416
11693,2062,151,男性,59歲,0.00618
11694,2062,151,女性,59歲,0.0022
11695,2062,151,總計,60歲,0.00445
11696,2062,151,男性,60歲,0.00662
11697,2062,151,女性,60歲,0.00236
11698,2062,151,總計,61歲,0.00475
11699,2062,151,男性,61歲,0.00706
11700,2062,151,女性,61歲,0.00253
11701,2062,151,總計,62歲,0.00509
11702,2062,151,男性,62歲,0.00756
11703,2062,151,女性,62歲,0.00273
11704,2062,151,總計,63歲,0.00546
11705,2062,151,男性,63歲,0.0081
11706,2062,151,女性,63歲,0.00295
11707,2062,151,總計,64歲,0.00588
11708,2062,151,男性,64歲,0.0087
11709,2062,151,女性,64歲,0.0032
11710,2062,151,總計,65歲,0.00634
11711,2062,151,男性,65歲,0.00935
11712,2062,151,女性,65歲,0.0035
11713,2062,151,總計,66歲,0.00687
11714,2062,151,男性,66歲,0.01009
11715,2062,151,女性,66歲,0.00385
11716,2062,151,總計,67歲,0.00748
11717,2062,151,男性,67歲,0.01095
11718,2062,151,女性,67歲,0.00426
11719,2062,151,總計,68歲,0.00816
11720,2062,151,男性,68歲,0.01189
11721,2062,151,女性,68歲,0.00472
11722,2062,151,總計,69歲,0.00894
11723,2062,151,男性,69歲,0.01295
11724,2062,151,女性,69歲,0.00526
11725,2062,151,總計,70歲,0.0098
11726,2062,151,男性,70歲,0.01411
11727,2062,151,女性,70歲,0.00587
11728,2062,151,總計,71歲,0.01075
11729,2062,151,男性,71歲,0.01539
11730,2062,151,女性,71歲,0.00657
11731,2062,151,總計,72歲,0.01181
11732,2062,151,男性,72歲,0.01681
11733,2062,151,女性,72歲,0.00734
11734,2062,151,總計,73歲,0.01302
11735,2062,151,男性,73歲,0.01845
11736,2062,151,女性,73歲,0.00822
11737,2062,151,總計,74歲,0.0144
11738,2062,151,男性,74歲,0.02032
11739,2062,151,女性,74歲,0.00922
11740,2062,151,總計,75歲,0.01595
11741,2062,151,男性,75歲,0.02243
11742,2062,151,女性,75歲,0.01034
11743,2062,151,總計,76歲,0.01765
11744,2062,151,男性,76歲,0.02476
11745,2062,151,女性,76歲,0.01158
11746,2062,151,總計,77歲,0.01956
11747,2062,151,男性,77歲,0.02734
11748,2062,151,女性,77歲,0.01298
11749,2062,151,總計,78歲,0.02169
11750,2062,151,男性,78歲,0.03023
11751,2062,151,女性,78歲,0.01458
11752,2062,151,總計,79歲,0.02405
11753,2062,151,男性,79歲,0.03343
11754,2062,151,女性,79歲,0.01638
11755,2062,151,總計,80歲,0.02679
11756,2062,151,男性,80歲,0.03687
11757,2062,151,女性,80歲,0.01869
11758,2062,151,總計,81歲,0.02985
11759,2062,151,男性,81歲,0.04067
11760,2062,151,女性,81歲,0.0213
11761,2062,151,總計,82歲,0.03322
11762,2062,151,男性,82歲,0.04485
11763,2062,151,女性,82歲,0.02422
11764,2062,151,總計,83歲,0.03693
11765,2062,151,男性,83歲,0.04938
11766,2062,151,女性,83歲,0.0275
11767,2062,151,總計,84歲,0.041
11768,2062,151,男性,84歲,0.0543
11769,2062,151,女性,84歲,0.03115
11770,2062,151,總計,85歲,0.04691
11771,2062,151,男性,85歲,0.06089
11772,2062,151,女性,85歲,0.03679
11773,2062,151,總計,86歲,0.05188
11774,2062,151,男性,86歲,0.06679
11775,2062,151,女性,86歲,0.04137
11776,2062,151,總計,87歲,0.05737
11777,2062,151,男性,87歲,0.07325
11778,2062,151,女性,87歲,0.04647
11779,2062,151,總計,88歲,0.06339
11780,2062,151,男性,88歲,0.08025
11781,2062,151,女性,88歲,0.05215
11782,2062,151,總計,89歲,0.07002
11783,2062,151,男性,89歲,0.08785
11784,2062,151,女性,89歲,0.05847
11785,2062,151,總計,90歲,0.07734
11786,2062,151,男性,90歲,0.09613
11787,2062,151,女性,90歲,0.06555
11788,2062,151,總計,91歲,0.08547
11789,2062,151,男性,91歲,0.10518
11790,2062,151,女性,91歲,0.07352
11791,2062,151,總計,92歲,0.09445
11792,2062,151,男性,92歲,0.11499
11793,2062,151,女性,92歲,0.08242
11794,2062,151,總計,93歲,0.10433
11795,2062,151,男性,93歲,0.1256
11796,2062,151,女性,93歲,0.09231
11797,2062,151,總計,94歲,0.11514
11798,2062,151,男性,94歲,0.13701
11799,2062,151,女性,94歲,0.10324
11800,2062,151,總計,95歲,0.12765
11801,2062,151,男性,95歲,0.14976
11802,2062,151,女性,95歲,0.11607
11803,2062,151,總計,96歲,0.14068
11804,2062,151,男性,96歲,0.1628
11805,2062,151,女性,96歲,0.12954
11806,2062,151,總計,97歲,0.15439
11807,2062,151,男性,97歲,0.1764
11808,2062,151,女性,97歲,0.14373
11809,2062,151,總計,98歲,0.16965
11810,2062,151,男性,98歲,0.19118
11811,2062,151,女性,98歲,0.15961
11812,2062,151,總計,99歲,0.18658
11813,2062,151,男性,99歲,0.20722
11814,2062,151,女性,99歲,0.17732
11815,2062,151,總計,100歲及以上,1
11816,2062,151,男性,100歲及以上,1
11817,2062,151,女性,100歲及以上,1
11818,2063,152,總計,0歲,0.00262
11819,2063,152,男性,0歲,0.00279
11820,2063,152,女性,0歲,0.00245
11821,2063,152,總計,1歲,9E-05
11822,2063,152,男性,1歲,9E-05
11823,2063,152,女性,1歲,8E-05
11824,2063,152,總計,2歲,5E-05
11825,2063,152,男性,2歲,5E-05
11826,2063,152,女性,2歲,4E-05
11827,2063,152,總計,3歲,4E-05
11828,2063,152,男性,3歲,4E-05
11829,2063,152,女性,3歲,3E-05
11830,2063,152,總計,4歲,3E-05
11831,2063,152,男性,4歲,4E-05
11832,2063,152,女性,4歲,3E-05
11833,2063,152,總計,5歲,3E-05
11834,2063,152,男性,5歲,3E-05
11835,2063,152,女性,5歲,3E-05
11836,2063,152,總計,6歲,3E-05
11837,2063,152,男性,6歲,3E-05
11838,2063,152,女性,6歲,3E-05
11839,2063,152,總計,7歲,3E-05
11840,2063,152,男性,7歲,3E-05
11841,2063,152,女性,7歲,3E-05
11842,2063,152,總計,8歲,3E-05
11843,2063,152,男性,8歲,3E-05
11844,2063,152,女性,8歲,3E-05
11845,2063,152,總計,9歲,3E-05
11846,2063,152,男性,9歲,3E-05
11847,2063,152,女性,9歲,3E-05
11848,2063,152,總計,10歲,3E-05
11849,2063,152,男性,10歲,3E-05
11850,2063,152,女性,10歲,3E-05
11851,2063,152,總計,11歲,4E-05
11852,2063,152,男性,11歲,4E-05
11853,2063,152,女性,11歲,4E-05
11854,2063,152,總計,12歲,5E-05
11855,2063,152,男性,12歲,4E-05
11856,2063,152,女性,12歲,5E-05
11857,2063,152,總計,13歲,6E-05
11858,2063,152,男性,13歲,6E-05
11859,2063,152,女性,13歲,6E-05
11860,2063,152,總計,14歲,8E-05
11861,2063,152,男性,14歲,9E-05
11862,2063,152,女性,14歲,7E-05
11863,2063,152,總計,15歲,0.0001
11864,2063,152,男性,15歲,0.00012
11865,2063,152,女性,15歲,7E-05
11866,2063,152,總計,16歲,0.00012
11867,2063,152,男性,16歲,0.00015
11868,2063,152,女性,16歲,9E-05
11869,2063,152,總計,17歲,0.00014
11870,2063,152,男性,17歲,0.00019
11871,2063,152,女性,17歲,0.0001
11872,2063,152,總計,18歲,0.00017
11873,2063,152,男性,18歲,0.00022
11874,2063,152,女性,18歲,0.00012
11875,2063,152,總計,19歲,0.00018
11876,2063,152,男性,19歲,0.00023
11877,2063,152,女性,19歲,0.00013
11878,2063,152,總計,20歲,0.00019
11879,2063,152,男性,20歲,0.00024
11880,2063,152,女性,20歲,0.00014
11881,2063,152,總計,21歲,0.0002
11882,2063,152,男性,21歲,0.00024
11883,2063,152,女性,21歲,0.00015
11884,2063,152,總計,22歲,0.0002
11885,2063,152,男性,22歲,0.00025
11886,2063,152,女性,22歲,0.00016
11887,2063,152,總計,23歲,0.00021
11888,2063,152,男性,23歲,0.00024
11889,2063,152,女性,23歲,0.00017
11890,2063,152,總計,24歲,0.00021
11891,2063,152,男性,24歲,0.00024
11892,2063,152,女性,24歲,0.00018
11893,2063,152,總計,25歲,0.00021
11894,2063,152,男性,25歲,0.00023
11895,2063,152,女性,25歲,0.00018
11896,2063,152,總計,26歲,0.00021
11897,2063,152,男性,26歲,0.00023
11898,2063,152,女性,26歲,0.00019
11899,2063,152,總計,27歲,0.00022
11900,2063,152,男性,27歲,0.00023
11901,2063,152,女性,27歲,0.00021
11902,2063,152,總計,28歲,0.00023
11903,2063,152,男性,28歲,0.00024
11904,2063,152,女性,28歲,0.00022
11905,2063,152,總計,29歲,0.00024
11906,2063,152,男性,29歲,0.00025
11907,2063,152,女性,29歲,0.00023
11908,2063,152,總計,30歲,0.00026
11909,2063,152,男性,30歲,0.00027
11910,2063,152,女性,30歲,0.00025
11911,2063,152,總計,31歲,0.00029
11912,2063,152,男性,31歲,0.0003
11913,2063,152,女性,31歲,0.00027
11914,2063,152,總計,32歲,0.00031
11915,2063,152,男性,32歲,0.00033
11916,2063,152,女性,32歲,0.0003
11917,2063,152,總計,33歲,0.00034
11918,2063,152,男性,33歲,0.00036
11919,2063,152,女性,33歲,0.00032
11920,2063,152,總計,34歲,0.00036
11921,2063,152,男性,34歲,0.00039
11922,2063,152,女性,34歲,0.00033
11923,2063,152,總計,35歲,0.00039
11924,2063,152,男性,35歲,0.00043
11925,2063,152,女性,35歲,0.00035
11926,2063,152,總計,36歲,0.00043
11927,2063,152,男性,36歲,0.00048
11928,2063,152,女性,36歲,0.00038
11929,2063,152,總計,37歲,0.00047
11930,2063,152,男性,37歲,0.00053
11931,2063,152,女性,37歲,0.00041
11932,2063,152,總計,38歲,0.00052
11933,2063,152,男性,38歲,0.0006
11934,2063,152,女性,38歲,0.00044
11935,2063,152,總計,39歲,0.00058
11936,2063,152,男性,39歲,0.00067
11937,2063,152,女性,39歲,0.00048
11938,2063,152,總計,40歲,0.00064
11939,2063,152,男性,40歲,0.00077
11940,2063,152,女性,40歲,0.00052
11941,2063,152,總計,41歲,0.00072
11942,2063,152,男性,41歲,0.00087
11943,2063,152,女性,41歲,0.00056
11944,2063,152,總計,42歲,0.0008
11945,2063,152,男性,42歲,0.00099
11946,2063,152,女性,42歲,0.00061
11947,2063,152,總計,43歲,0.0009
11948,2063,152,男性,43歲,0.00113
11949,2063,152,女性,43歲,0.00067
11950,2063,152,總計,44歲,0.00101
11951,2063,152,男性,44歲,0.00129
11952,2063,152,女性,44歲,0.00073
11953,2063,152,總計,45歲,0.00113
11954,2063,152,男性,45歲,0.00146
11955,2063,152,女性,45歲,0.0008
11956,2063,152,總計,46歲,0.00127
11957,2063,152,男性,46歲,0.00166
11958,2063,152,女性,46歲,0.00088
11959,2063,152,總計,47歲,0.00142
11960,2063,152,男性,47歲,0.00188
11961,2063,152,女性,47歲,0.00096
11962,2063,152,總計,48歲,0.00158
11963,2063,152,男性,48歲,0.00213
11964,2063,152,女性,48歲,0.00104
11965,2063,152,總計,49歲,0.00177
11966,2063,152,男性,49歲,0.00241
11967,2063,152,女性,49歲,0.00113
11968,2063,152,總計,50歲,0.00197
11969,2063,152,男性,50歲,0.00272
11970,2063,152,女性,50歲,0.00122
11971,2063,152,總計,51歲,0.00219
11972,2063,152,男性,51歲,0.00307
11973,2063,152,女性,51歲,0.00132
11974,2063,152,總計,52歲,0.00241
11975,2063,152,男性,52歲,0.00343
11976,2063,152,女性,52歲,0.0014
11977,2063,152,總計,53歲,0.00265
11978,2063,152,男性,53歲,0.0038
11979,2063,152,女性,53歲,0.0015
11980,2063,152,總計,54歲,0.00286
11981,2063,152,男性,54歲,0.00414
11982,2063,152,女性,54歲,0.0016
11983,2063,152,總計,55歲,0.00307
11984,2063,152,男性,55歲,0.00449
11985,2063,152,女性,55歲,0.00168
11986,2063,152,總計,56歲,0.0033
11987,2063,152,男性,56歲,0.00485
11988,2063,152,女性,56歲,0.00179
11989,2063,152,總計,57歲,0.00356
11990,2063,152,男性,57歲,0.00527
11991,2063,152,女性,57歲,0.0019
11992,2063,152,總計,58歲,0.00383
11993,2063,152,男性,58歲,0.00569
11994,2063,152,女性,58歲,0.00203
11995,2063,152,總計,59歲,0.00411
11996,2063,152,男性,59歲,0.00612
11997,2063,152,女性,59歲,0.00217
11998,2063,152,總計,60歲,0.0044
11999,2063,152,男性,60歲,0.00655
12000,2063,152,女性,60歲,0.00232
12001,2063,152,總計,61歲,0.0047
12002,2063,152,男性,61歲,0.007
12003,2063,152,女性,61歲,0.0025
12004,2063,152,總計,62歲,0.00503
12005,2063,152,男性,62歲,0.00748
12006,2063,152,女性,62歲,0.00269
12007,2063,152,總計,63歲,0.0054
12008,2063,152,男性,63歲,0.00802
12009,2063,152,女性,63歲,0.0029
12010,2063,152,總計,64歲,0.00581
12011,2063,152,男性,64歲,0.00862
12012,2063,152,女性,64歲,0.00316
12013,2063,152,總計,65歲,0.00627
12014,2063,152,男性,65歲,0.00926
12015,2063,152,女性,65歲,0.00345
12016,2063,152,總計,66歲,0.00679
12017,2063,152,男性,66歲,0.00999
12018,2063,152,女性,66歲,0.00379
12019,2063,152,總計,67歲,0.00739
12020,2063,152,男性,67歲,0.01084
12021,2063,152,女性,67歲,0.00419
12022,2063,152,總計,68歲,0.00807
12023,2063,152,男性,68歲,0.01177
12024,2063,152,女性,68歲,0.00465
12025,2063,152,總計,69歲,0.00883
12026,2063,152,男性,69歲,0.01282
12027,2063,152,女性,69歲,0.00518
12028,2063,152,總計,70歲,0.00968
12029,2063,152,男性,70歲,0.01396
12030,2063,152,女性,70歲,0.00578
12031,2063,152,總計,71歲,0.01062
12032,2063,152,男性,71歲,0.01523
12033,2063,152,女性,71歲,0.00646
12034,2063,152,總計,72歲,0.01167
12035,2063,152,男性,72歲,0.01663
12036,2063,152,女性,72歲,0.00723
12037,2063,152,總計,73歲,0.01286
12038,2063,152,男性,73歲,0.01825
12039,2063,152,女性,73歲,0.00809
12040,2063,152,總計,74歲,0.01423
12041,2063,152,男性,74歲,0.0201
12042,2063,152,女性,74歲,0.00907
12043,2063,152,總計,75歲,0.01575
12044,2063,152,男性,75歲,0.02219
12045,2063,152,女性,75歲,0.01017
12046,2063,152,總計,76歲,0.01744
12047,2063,152,男性,76歲,0.02449
12048,2063,152,女性,76歲,0.0114
12049,2063,152,總計,77歲,0.01932
12050,2063,152,男性,77歲,0.02705
12051,2063,152,女性,77歲,0.01278
12052,2063,152,總計,78歲,0.02143
12053,2063,152,男性,78歲,0.02991
12054,2063,152,女性,78歲,0.01436
12055,2063,152,總計,79歲,0.02377
12056,2063,152,男性,79歲,0.03308
12057,2063,152,女性,79歲,0.01613
12058,2063,152,總計,80歲,0.02648
12059,2063,152,男性,80歲,0.03649
12060,2063,152,女性,80歲,0.01841
12061,2063,152,總計,81歲,0.0295
12062,2063,152,男性,81歲,0.04026
12063,2063,152,女性,81歲,0.02098
12064,2063,152,總計,82歲,0.03284
12065,2063,152,男性,82歲,0.0444
12066,2063,152,女性,82歲,0.02387
12067,2063,152,總計,83歲,0.03651
12068,2063,152,男性,83歲,0.0489
12069,2063,152,女性,83歲,0.02711
12070,2063,152,總計,84歲,0.04055
12071,2063,152,男性,84歲,0.05378
12072,2063,152,女性,84歲,0.03072
12073,2063,152,總計,85歲,0.04639
12074,2063,152,男性,85歲,0.06032
12075,2063,152,女性,85歲,0.03629
12076,2063,152,總計,86歲,0.05133
12077,2063,152,男性,86歲,0.06618
12078,2063,152,女性,86歲,0.04083
12079,2063,152,總計,87歲,0.05677
12080,2063,152,男性,87歲,0.0726
12081,2063,152,女性,87歲,0.04588
12082,2063,152,總計,88歲,0.06275
12083,2063,152,男性,88歲,0.07956
12084,2063,152,女性,88歲,0.0515
12085,2063,152,總計,89歲,0.06933
12086,2063,152,男性,89歲,0.08712
12087,2063,152,女性,89歲,0.05778
12088,2063,152,總計,90歲,0.0766
12089,2063,152,男性,90歲,0.09536
12090,2063,152,女性,90歲,0.0648
12091,2063,152,總計,91歲,0.08468
12092,2063,152,男性,91歲,0.10437
12093,2063,152,女性,91歲,0.07271
12094,2063,152,總計,92歲,0.09362
12095,2063,152,男性,92歲,0.11415
12096,2063,152,女性,92歲,0.08156
12097,2063,152,總計,93歲,0.10344
12098,2063,152,男性,93歲,0.12472
12099,2063,152,女性,93歲,0.09139
12100,2063,152,總計,94歲,0.11422
12101,2063,152,男性,94歲,0.1361
12102,2063,152,女性,94歲,0.10227
12103,2063,152,總計,95歲,0.12669
12104,2063,152,男性,95歲,0.14883
12105,2063,152,女性,95歲,0.11506
12106,2063,152,總計,96歲,0.13969
12107,2063,152,男性,96歲,0.16186
12108,2063,152,女性,96歲,0.12849
12109,2063,152,總計,97歲,0.15337
12110,2063,152,男性,97歲,0.17545
12111,2063,152,女性,97歲,0.14264
12112,2063,152,總計,98歲,0.16861
12113,2063,152,男性,98歲,0.19023
12114,2063,152,女性,98歲,0.15851
12115,2063,152,總計,99歲,0.18555
12116,2063,152,男性,99歲,0.20628
12117,2063,152,女性,99歲,0.17622
12118,2063,152,總計,100歲及以上,1
12119,2063,152,男性,100歲及以上,1
12120,2063,152,女性,100歲及以上,1
12121,2064,153,總計,0歲,0.0026
12122,2064,153,男性,0歲,0.00277
12123,2064,153,女性,0歲,0.00243
12124,2064,153,總計,1歲,8E-05
12125,2064,153,男性,1歲,9E-05
12126,2064,153,女性,1歲,8E-05
12127,2064,153,總計,2歲,5E-05
12128,2064,153,男性,2歲,5E-05
12129,2064,153,女性,2歲,4E-05
12130,2064,153,總計,3歲,4E-05
12131,2064,153,男性,3歲,4E-05
12132,2064,153,女性,3歲,3E-05
12133,2064,153,總計,4歲,3E-05
12134,2064,153,男性,4歲,3E-05
12135,2064,153,女性,4歲,3E-05
12136,2064,153,總計,5歲,3E-05
12137,2064,153,男性,5歲,3E-05
12138,2064,153,女性,5歲,3E-05
12139,2064,153,總計,6歲,3E-05
12140,2064,153,男性,6歲,3E-05
12141,2064,153,女性,6歲,3E-05
12142,2064,153,總計,7歲,3E-05
12143,2064,153,男性,7歲,3E-05
12144,2064,153,女性,7歲,3E-05
12145,2064,153,總計,8歲,3E-05
12146,2064,153,男性,8歲,3E-05
12147,2064,153,女性,8歲,3E-05
12148,2064,153,總計,9歲,3E-05
12149,2064,153,男性,9歲,3E-05
12150,2064,153,女性,9歲,3E-05
12151,2064,153,總計,10歲,3E-05
12152,2064,153,男性,10歲,3E-05
12153,2064,153,女性,10歲,3E-05
12154,2064,153,總計,11歲,4E-05
12155,2064,153,男性,11歲,4E-05
12156,2064,153,女性,11歲,4E-05
12157,2064,153,總計,12歲,5E-05
12158,2064,153,男性,12歲,4E-05
12159,2064,153,女性,12歲,5E-05
12160,2064,153,總計,13歲,6E-05
12161,2064,153,男性,13歲,6E-05
12162,2064,153,女性,13歲,6E-05
12163,2064,153,總計,14歲,7E-05
12164,2064,153,男性,14歲,8E-05
12165,2064,153,女性,14歲,6E-05
12166,2064,153,總計,15歲,0.0001
12167,2064,153,男性,15歲,0.00012
12168,2064,153,女性,15歲,7E-05
12169,2064,153,總計,16歲,0.00012
12170,2064,153,男性,16歲,0.00015
12171,2064,153,女性,16歲,9E-05
12172,2064,153,總計,17歲,0.00014
12173,2064,153,男性,17歲,0.00018
12174,2064,153,女性,17歲,0.0001
12175,2064,153,總計,18歲,0.00017
12176,2064,153,男性,18歲,0.00021
12177,2064,153,女性,18歲,0.00012
12178,2064,153,總計,19歲,0.00018
12179,2064,153,男性,19歲,0.00023
12180,2064,153,女性,19歲,0.00013
12181,2064,153,總計,20歲,0.00019
12182,2064,153,男性,20歲,0.00023
12183,2064,153,女性,20歲,0.00014
12184,2064,153,總計,21歲,0.00019
12185,2064,153,男性,21歲,0.00024
12186,2064,153,女性,21歲,0.00015
12187,2064,153,總計,22歲,0.0002
12188,2064,153,男性,22歲,0.00024
12189,2064,153,女性,22歲,0.00016
12190,2064,153,總計,23歲,0.0002
12191,2064,153,男性,23歲,0.00024
12192,2064,153,女性,23歲,0.00017
12193,2064,153,總計,24歲,0.0002
12194,2064,153,男性,24歲,0.00023
12195,2064,153,女性,24歲,0.00017
12196,2064,153,總計,25歲,0.0002
12197,2064,153,男性,25歲,0.00023
12198,2064,153,女性,25歲,0.00018
12199,2064,153,總計,26歲,0.00021
12200,2064,153,男性,26歲,0.00022
12201,2064,153,女性,26歲,0.00019
12202,2064,153,總計,27歲,0.00021
12203,2064,153,男性,27歲,0.00022
12204,2064,153,女性,27歲,0.0002
12205,2064,153,總計,28歲,0.00022
12206,2064,153,男性,28歲,0.00023
12207,2064,153,女性,28歲,0.00022
12208,2064,153,總計,29歲,0.00024
12209,2064,153,男性,29歲,0.00025
12210,2064,153,女性,29歲,0.00023
12211,2064,153,總計,30歲,0.00026
12212,2064,153,男性,30歲,0.00027
12213,2064,153,女性,30歲,0.00025
12214,2064,153,總計,31歲,0.00028
12215,2064,153,男性,31歲,0.00029
12216,2064,153,女性,31歲,0.00027
12217,2064,153,總計,32歲,0.00031
12218,2064,153,男性,32歲,0.00032
12219,2064,153,女性,32歲,0.00029
12220,2064,153,總計,33歲,0.00033
12221,2064,153,男性,33歲,0.00035
12222,2064,153,女性,33歲,0.00031
12223,2064,153,總計,34歲,0.00035
12224,2064,153,男性,34歲,0.00038
12225,2064,153,女性,34歲,0.00033
12226,2064,153,總計,35歲,0.00038
12227,2064,153,男性,35歲,0.00042
12228,2064,153,女性,35歲,0.00035
12229,2064,153,總計,36歲,0.00042
12230,2064,153,男性,36歲,0.00046
12231,2064,153,女性,36歲,0.00038
12232,2064,153,總計,37歲,0.00046
12233,2064,153,男性,37歲,0.00052
12234,2064,153,女性,37歲,0.00041
12235,2064,153,總計,38歲,0.00051
12236,2064,153,男性,38歲,0.00058
12237,2064,153,女性,38歲,0.00044
12238,2064,153,總計,39歲,0.00057
12239,2064,153,男性,39歲,0.00066
12240,2064,153,女性,39歲,0.00047
12241,2064,153,總計,40歲,0.00063
12242,2064,153,男性,40歲,0.00075
12243,2064,153,女性,40歲,0.00052
12244,2064,153,總計,41歲,0.0007
12245,2064,153,男性,41歲,0.00085
12246,2064,153,女性,41歲,0.00056
12247,2064,153,總計,42歲,0.00078
12248,2064,153,男性,42歲,0.00097
12249,2064,153,女性,42歲,0.0006
12250,2064,153,總計,43歲,0.00088
12251,2064,153,男性,43歲,0.0011
12252,2064,153,女性,43歲,0.00066
12253,2064,153,總計,44歲,0.00099
12254,2064,153,男性,44歲,0.00126
12255,2064,153,女性,44歲,0.00073
12256,2064,153,總計,45歲,0.00111
12257,2064,153,男性,45歲,0.00143
12258,2064,153,女性,45歲,0.0008
12259,2064,153,總計,46歲,0.00125
12260,2064,153,男性,46歲,0.00163
12261,2064,153,女性,46歲,0.00087
12262,2064,153,總計,47歲,0.0014
12263,2064,153,男性,47歲,0.00185
12264,2064,153,女性,47歲,0.00095
12265,2064,153,總計,48歲,0.00156
12266,2064,153,男性,48歲,0.00209
12267,2064,153,女性,48歲,0.00103
12268,2064,153,總計,49歲,0.00174
12269,2064,153,男性,49歲,0.00237
12270,2064,153,女性,49歲,0.00112
12271,2064,153,總計,50歲,0.00194
12272,2064,153,男性,50歲,0.00268
12273,2064,153,女性,50歲,0.00121
12274,2064,153,總計,51歲,0.00216
12275,2064,153,男性,51歲,0.00302
12276,2064,153,女性,51歲,0.0013
12277,2064,153,總計,52歲,0.00238
12278,2064,153,男性,52歲,0.00338
12279,2064,153,女性,52歲,0.00139
12280,2064,153,總計,53歲,0.00261
12281,2064,153,男性,53歲,0.00375
12282,2064,153,女性,53歲,0.00149
12283,2064,153,總計,54歲,0.00282
12284,2064,153,男性,54歲,0.00409
12285,2064,153,女性,54歲,0.00158
12286,2064,153,總計,55歲,0.00304
12287,2064,153,男性,55歲,0.00444
12288,2064,153,女性,55歲,0.00166
12289,2064,153,總計,56歲,0.00327
12290,2064,153,男性,56歲,0.0048
12291,2064,153,女性,56歲,0.00176
12292,2064,153,總計,57歲,0.00352
12293,2064,153,男性,57歲,0.00521
12294,2064,153,女性,57歲,0.00188
12295,2064,153,總計,58歲,0.00379
12296,2064,153,男性,58歲,0.00563
12297,2064,153,女性,58歲,0.002
12298,2064,153,總計,59歲,0.00407
12299,2064,153,男性,59歲,0.00606
12300,2064,153,女性,59歲,0.00214
12301,2064,153,總計,60歲,0.00435
12302,2064,153,男性,60歲,0.00649
12303,2064,153,女性,60歲,0.00229
12304,2064,153,總計,61歲,0.00465
12305,2064,153,男性,61歲,0.00693
12306,2064,153,女性,61歲,0.00246
12307,2064,153,總計,62歲,0.00498
12308,2064,153,男性,62歲,0.00741
12309,2064,153,女性,62歲,0.00265
12310,2064,153,總計,63歲,0.00534
12311,2064,153,男性,63歲,0.00794
12312,2064,153,女性,63歲,0.00286
12313,2064,153,總計,64歲,0.00575
12314,2064,153,男性,64歲,0.00853
12315,2064,153,女性,64歲,0.00311
12316,2064,153,總計,65歲,0.0062
12317,2064,153,男性,65歲,0.00917
12318,2064,153,女性,65歲,0.0034
12319,2064,153,總計,66歲,0.00671
12320,2064,153,男性,66歲,0.00989
12321,2064,153,女性,66歲,0.00374
12322,2064,153,總計,67歲,0.00731
12323,2064,153,男性,67歲,0.01072
12324,2064,153,女性,67歲,0.00413
12325,2064,153,總計,68歲,0.00797
12326,2064,153,男性,68歲,0.01165
12327,2064,153,女性,68歲,0.00458
12328,2064,153,總計,69歲,0.00873
12329,2064,153,男性,69歲,0.01268
12330,2064,153,女性,69歲,0.0051
12331,2064,153,總計,70歲,0.00956
12332,2064,153,男性,70歲,0.01382
12333,2064,153,女性,70歲,0.00569
12334,2064,153,總計,71歲,0.01049
12335,2064,153,男性,71歲,0.01507
12336,2064,153,女性,71歲,0.00636
12337,2064,153,總計,72歲,0.01153
12338,2064,153,男性,72歲,0.01645
12339,2064,153,女性,72歲,0.00711
12340,2064,153,總計,73歲,0.01271
12341,2064,153,男性,73歲,0.01805
12342,2064,153,女性,73歲,0.00796
12343,2064,153,總計,74歲,0.01405
12344,2064,153,男性,74歲,0.01988
12345,2064,153,女性,74歲,0.00893
12346,2064,153,總計,75歲,0.01556
12347,2064,153,男性,75歲,0.02195
12348,2064,153,女性,75歲,0.01001
12349,2064,153,總計,76歲,0.01723
12350,2064,153,男性,76歲,0.02423
12351,2064,153,女性,76歲,0.01122
12352,2064,153,總計,77歲,0.01909
12353,2064,153,男性,77歲,0.02676
12354,2064,153,女性,77歲,0.01258
12355,2064,153,總計,78歲,0.02117
12356,2064,153,男性,78歲,0.0296
12357,2064,153,女性,78歲,0.01413
12358,2064,153,總計,79歲,0.02348
12359,2064,153,男性,79歲,0.03274
12360,2064,153,女性,79歲,0.01588
12361,2064,153,總計,80歲,0.02617
12362,2064,153,男性,80歲,0.03612
12363,2064,153,女性,80歲,0.01813
12364,2064,153,總計,81歲,0.02916
12365,2064,153,男性,81歲,0.03985
12366,2064,153,女性,81歲,0.02067
12367,2064,153,總計,82歲,0.03246
12368,2064,153,男性,82歲,0.04396
12369,2064,153,女性,82歲,0.02353
12370,2064,153,總計,83歲,0.0361
12371,2064,153,男性,83歲,0.04842
12372,2064,153,女性,83歲,0.02672
12373,2064,153,總計,84歲,0.04009
12374,2064,153,男性,84歲,0.05326
12375,2064,153,女性,84歲,0.0303
12376,2064,153,總計,85歲,0.04588
12377,2064,153,男性,85歲,0.05976
12378,2064,153,女性,85歲,0.0358
12379,2064,153,總計,86歲,0.05078
12380,2064,153,男性,86歲,0.06558
12381,2064,153,女性,86歲,0.04029
12382,2064,153,總計,87歲,0.05618
12383,2064,153,男性,87歲,0.07195
12384,2064,153,女性,87歲,0.04529
12385,2064,153,總計,88歲,0.06211
12386,2064,153,男性,88歲,0.07888
12387,2064,153,女性,88歲,0.05087
12388,2064,153,總計,89歲,0.06864
12389,2064,153,男性,89歲,0.0864
12390,2064,153,女性,89歲,0.05709
12391,2064,153,總計,90歲,0.07587
12392,2064,153,男性,90歲,0.0946
12393,2064,153,女性,90歲,0.06406
12394,2064,153,總計,91歲,0.0839
12395,2064,153,男性,91歲,0.10356
12396,2064,153,女性,91歲,0.07191
12397,2064,153,總計,92歲,0.09279
12398,2064,153,男性,92歲,0.11331
12399,2064,153,女性,92歲,0.0807
12400,2064,153,總計,93歲,0.10257
12401,2064,153,男性,93歲,0.12384
12402,2064,153,女性,93歲,0.09048
12403,2064,153,總計,94歲,0.11329
12404,2064,153,男性,94歲,0.13519
12405,2064,153,女性,94歲,0.10131
12406,2064,153,總計,95歲,0.12574
12407,2064,153,男性,95歲,0.14791
12408,2064,153,女性,95歲,0.11405
12409,2064,153,總計,96歲,0.1387
12410,2064,153,男性,96歲,0.16092
12411,2064,153,女性,96歲,0.12745
12412,2064,153,總計,97歲,0.15235
12413,2064,153,男性,97歲,0.17449
12414,2064,153,女性,97歲,0.14157
12415,2064,153,總計,98歲,0.16757
12416,2064,153,男性,98歲,0.18927
12417,2064,153,女性,98歲,0.15741
12418,2064,153,總計,99歲,0.18452
12419,2064,153,男性,99歲,0.20534
12420,2064,153,女性,99歲,0.17513
12421,2064,153,總計,100歲及以上,1
12422,2064,153,男性,100歲及以上,1
12423,2064,153,女性,100歲及以上,1
12424,2065,154,總計,0歲,0.00258
12425,2065,154,男性,0歲,0.00274
12426,2065,154,女性,0歲,0.00241
12427,2065,154,總計,1歲,8E-05
12428,2065,154,男性,1歲,9E-05
12429,2065,154,女性,1歲,8E-05
12430,2065,154,總計,2歲,4E-05
12431,2065,154,男性,2歲,5E-05
12432,2065,154,女性,2歲,4E-05
12433,2065,154,總計,3歲,4E-05
12434,2065,154,男性,3歲,4E-05
12435,2065,154,女性,3歲,3E-05
12436,2065,154,總計,4歲,3E-05
12437,2065,154,男性,4歲,3E-05
12438,2065,154,女性,4歲,3E-05
12439,2065,154,總計,5歲,3E-05
12440,2065,154,男性,5歲,3E-05
12441,2065,154,女性,5歲,3E-05
12442,2065,154,總計,6歲,3E-05
12443,2065,154,男性,6歲,3E-05
12444,2065,154,女性,6歲,3E-05
12445,2065,154,總計,7歲,3E-05
12446,2065,154,男性,7歲,3E-05
12447,2065,154,女性,7歲,3E-05
12448,2065,154,總計,8歲,3E-05
12449,2065,154,男性,8歲,3E-05
12450,2065,154,女性,8歲,3E-05
12451,2065,154,總計,9歲,3E-05
12452,2065,154,男性,9歲,3E-05
12453,2065,154,女性,9歲,3E-05
12454,2065,154,總計,10歲,3E-05
12455,2065,154,男性,10歲,3E-05
12456,2065,154,女性,10歲,3E-05
12457,2065,154,總計,11歲,4E-05
12458,2065,154,男性,11歲,3E-05
12459,2065,154,女性,11歲,4E-05
12460,2065,154,總計,12歲,4E-05
12461,2065,154,男性,12歲,4E-05
12462,2065,154,女性,12歲,5E-05
12463,2065,154,總計,13歲,6E-05
12464,2065,154,男性,13歲,6E-05
12465,2065,154,女性,13歲,5E-05
12466,2065,154,總計,14歲,7E-05
12467,2065,154,男性,14歲,8E-05
12468,2065,154,女性,14歲,6E-05
12469,2065,154,總計,15歲,9E-05
12470,2065,154,男性,15歲,0.00011
12471,2065,154,女性,15歲,7E-05
12472,2065,154,總計,16歲,0.00012
12473,2065,154,男性,16歲,0.00015
12474,2065,154,女性,16歲,8E-05
12475,2065,154,總計,17歲,0.00014
12476,2065,154,男性,17歲,0.00018
12477,2065,154,女性,17歲,0.0001
12478,2065,154,總計,18歲,0.00016
12479,2065,154,男性,18歲,0.00021
12480,2065,154,女性,18歲,0.00012
12481,2065,154,總計,19歲,0.00018
12482,2065,154,男性,19歲,0.00022
12483,2065,154,女性,19歲,0.00013
12484,2065,154,總計,20歲,0.00018
12485,2065,154,男性,20歲,0.00023
12486,2065,154,女性,20歲,0.00014
12487,2065,154,總計,21歲,0.00019
12488,2065,154,男性,21歲,0.00023
12489,2065,154,女性,21歲,0.00015
12490,2065,154,總計,22歲,0.00019
12491,2065,154,男性,22歲,0.00023
12492,2065,154,女性,22歲,0.00015
12493,2065,154,總計,23歲,0.0002
12494,2065,154,男性,23歲,0.00023
12495,2065,154,女性,23歲,0.00016
12496,2065,154,總計,24歲,0.0002
12497,2065,154,男性,24歲,0.00023
12498,2065,154,女性,24歲,0.00017
12499,2065,154,總計,25歲,0.0002
12500,2065,154,男性,25歲,0.00022
12501,2065,154,女性,25歲,0.00018
12502,2065,154,總計,26歲,0.0002
12503,2065,154,男性,26歲,0.00022
12504,2065,154,女性,26歲,0.00019
12505,2065,154,總計,27歲,0.00021
12506,2065,154,男性,27歲,0.00022
12507,2065,154,女性,27歲,0.0002
12508,2065,154,總計,28歲,0.00022
12509,2065,154,男性,28歲,0.00023
12510,2065,154,女性,28歲,0.00021
12511,2065,154,總計,29歲,0.00024
12512,2065,154,男性,29歲,0.00024
12513,2065,154,女性,29歲,0.00023
12514,2065,154,總計,30歲,0.00025
12515,2065,154,男性,30歲,0.00026
12516,2065,154,女性,30歲,0.00025
12517,2065,154,總計,31歲,0.00028
12518,2065,154,男性,31歲,0.00028
12519,2065,154,女性,31歲,0.00027
12520,2065,154,總計,32歲,0.0003
12521,2065,154,男性,32歲,0.00031
12522,2065,154,女性,32歲,0.00029
12523,2065,154,總計,33歲,0.00032
12524,2065,154,男性,33歲,0.00034
12525,2065,154,女性,33歲,0.00031
12526,2065,154,總計,34歲,0.00035
12527,2065,154,男性,34歲,0.00037
12528,2065,154,女性,34歲,0.00033
12529,2065,154,總計,35歲,0.00038
12530,2065,154,男性,35歲,0.00041
12531,2065,154,女性,35歲,0.00035
12532,2065,154,總計,36歲,0.00041
12533,2065,154,男性,36歲,0.00045
12534,2065,154,女性,36歲,0.00037
12535,2065,154,總計,37歲,0.00045
12536,2065,154,男性,37歲,0.0005
12537,2065,154,女性,37歲,0.0004
12538,2065,154,總計,38歲,0.0005
12539,2065,154,男性,38歲,0.00057
12540,2065,154,女性,38歲,0.00043
12541,2065,154,總計,39歲,0.00056
12542,2065,154,男性,39歲,0.00064
12543,2065,154,女性,39歲,0.00047
12544,2065,154,總計,40歲,0.00062
12545,2065,154,男性,40歲,0.00073
12546,2065,154,女性,40歲,0.00051
12547,2065,154,總計,41歲,0.00069
12548,2065,154,男性,41歲,0.00083
12549,2065,154,女性,41歲,0.00055
12550,2065,154,總計,42歲,0.00077
12551,2065,154,男性,42歲,0.00094
12552,2065,154,女性,42歲,0.0006
12553,2065,154,總計,43歲,0.00087
12554,2065,154,男性,43歲,0.00108
12555,2065,154,女性,43歲,0.00066
12556,2065,154,總計,44歲,0.00097
12557,2065,154,男性,44歲,0.00123
12558,2065,154,女性,44歲,0.00072
12559,2065,154,總計,45歲,0.00109
12560,2065,154,男性,45歲,0.0014
12561,2065,154,女性,45歲,0.00079
12562,2065,154,總計,46歲,0.00123
12563,2065,154,男性,46歲,0.0016
12564,2065,154,女性,46歲,0.00086
12565,2065,154,總計,47歲,0.00137
12566,2065,154,男性,47歲,0.00181
12567,2065,154,女性,47歲,0.00094
12568,2065,154,總計,48歲,0.00153
12569,2065,154,男性,48歲,0.00206
12570,2065,154,女性,48歲,0.00102
12571,2065,154,總計,49歲,0.00172
12572,2065,154,男性,49歲,0.00233
12573,2065,154,女性,49歲,0.00111
12574,2065,154,總計,50歲,0.00191
12575,2065,154,男性,50歲,0.00264
12576,2065,154,女性,50歲,0.0012
12577,2065,154,總計,51歲,0.00213
12578,2065,154,男性,51歲,0.00298
12579,2065,154,女性,51歲,0.00129
12580,2065,154,總計,52歲,0.00235
12581,2065,154,男性,52歲,0.00333
12582,2065,154,女性,52歲,0.00137
12583,2065,154,總計,53歲,0.00258
12584,2065,154,男性,53歲,0.00371
12585,2065,154,女性,53歲,0.00147
12586,2065,154,總計,54歲,0.00279
12587,2065,154,男性,54歲,0.00404
12588,2065,154,女性,54歲,0.00156
12589,2065,154,總計,55歲,0.003
12590,2065,154,男性,55歲,0.00439
12591,2065,154,女性,55歲,0.00164
12592,2065,154,總計,56歲,0.00323
12593,2065,154,男性,56歲,0.00475
12594,2065,154,女性,56歲,0.00174
12595,2065,154,總計,57歲,0.00348
12596,2065,154,男性,57歲,0.00516
12597,2065,154,女性,57歲,0.00185
12598,2065,154,總計,58歲,0.00375
12599,2065,154,男性,58歲,0.00558
12600,2065,154,女性,58歲,0.00197
12601,2065,154,總計,59歲,0.00402
12602,2065,154,男性,59歲,0.006
12603,2065,154,女性,59歲,0.00211
12604,2065,154,總計,60歲,0.00431
12605,2065,154,男性,60歲,0.00642
12606,2065,154,女性,60歲,0.00226
12607,2065,154,總計,61歲,0.0046
12608,2065,154,男性,61歲,0.00686
12609,2065,154,女性,61歲,0.00243
12610,2065,154,總計,62歲,0.00492
12611,2065,154,男性,62歲,0.00734
12612,2065,154,女性,62歲,0.00261
12613,2065,154,總計,63歲,0.00528
12614,2065,154,男性,63歲,0.00787
12615,2065,154,女性,63歲,0.00282
12616,2065,154,總計,64歲,0.00568
12617,2065,154,男性,64歲,0.00845
12618,2065,154,女性,64歲,0.00306
12619,2065,154,總計,65歲,0.00613
12620,2065,154,男性,65歲,0.00907
12621,2065,154,女性,65歲,0.00334
12622,2065,154,總計,66歲,0.00664
12623,2065,154,男性,66歲,0.00979
12624,2065,154,女性,66歲,0.00368
12625,2065,154,總計,67歲,0.00722
12626,2065,154,男性,67歲,0.01062
12627,2065,154,女性,67歲,0.00407
12628,2065,154,總計,68歲,0.00788
12629,2065,154,男性,68歲,0.01153
12630,2065,154,女性,68歲,0.0045
12631,2065,154,總計,69歲,0.00862
12632,2065,154,男性,69歲,0.01255
12633,2065,154,女性,69歲,0.00502
12634,2065,154,總計,70歲,0.00945
12635,2065,154,男性,70歲,0.01367
12636,2065,154,女性,70歲,0.0056
12637,2065,154,總計,71歲,0.01037
12638,2065,154,男性,71歲,0.01491
12639,2065,154,女性,71歲,0.00626
12640,2065,154,總計,72歲,0.01139
12641,2065,154,男性,72歲,0.01628
12642,2065,154,女性,72歲,0.007
12643,2065,154,總計,73歲,0.01255
12644,2065,154,男性,73歲,0.01786
12645,2065,154,女性,73歲,0.00783
12646,2065,154,總計,74歲,0.01388
12647,2065,154,男性,74歲,0.01967
12648,2065,154,女性,74歲,0.00879
12649,2065,154,總計,75歲,0.01537
12650,2065,154,男性,75歲,0.02171
12651,2065,154,女性,75歲,0.00986
12652,2065,154,總計,76歲,0.01702
12653,2065,154,男性,76歲,0.02397
12654,2065,154,女性,76歲,0.01104
12655,2065,154,總計,77歲,0.01886
12656,2065,154,男性,77歲,0.02648
12657,2065,154,女性,77歲,0.01239
12658,2065,154,總計,78歲,0.02092
12659,2065,154,男性,78歲,0.02929
12660,2065,154,女性,78歲,0.01392
12661,2065,154,總計,79歲,0.02321
12662,2065,154,男性,79歲,0.0324
12663,2065,154,女性,79歲,0.01564
12664,2065,154,總計,80歲,0.02586
12665,2065,154,男性,80歲,0.03575
12666,2065,154,女性,80歲,0.01786
12667,2065,154,總計,81歲,0.02882
12668,2065,154,男性,81歲,0.03945
12669,2065,154,女性,81歲,0.02037
12670,2065,154,總計,82歲,0.03209
12671,2065,154,男性,82歲,0.04352
12672,2065,154,女性,82歲,0.02318
12673,2065,154,總計,83歲,0.03569
12674,2065,154,男性,83歲,0.04795
12675,2065,154,女性,83歲,0.02634
12676,2065,154,總計,84歲,0.03965
12677,2065,154,男性,84歲,0.05275
12678,2065,154,女性,84歲,0.02988
12679,2065,154,總計,85歲,0.04538
12680,2065,154,男性,85歲,0.0592
12681,2065,154,女性,85歲,0.03532
12682,2065,154,總計,86歲,0.05023
12683,2065,154,男性,86歲,0.06498
12684,2065,154,女性,86歲,0.03976
12685,2065,154,總計,87歲,0.05559
12686,2065,154,男性,87歲,0.07131
12687,2065,154,女性,87歲,0.04472
12688,2065,154,總計,88歲,0.06148
12689,2065,154,男性,88歲,0.0782
12690,2065,154,女性,88歲,0.05024
12691,2065,154,總計,89歲,0.06796
12692,2065,154,男性,89歲,0.08567
12693,2065,154,女性,89歲,0.0564
12694,2065,154,總計,90歲,0.07514
12695,2065,154,男性,90歲,0.09384
12696,2065,154,女性,90歲,0.06332
12697,2065,154,總計,91歲,0.08313
12698,2065,154,男性,91歲,0.10276
12699,2065,154,女性,91歲,0.07112
12700,2065,154,總計,92歲,0.09197
12701,2065,154,男性,92歲,0.11247
12702,2065,154,女性,92歲,0.07985
12703,2065,154,總計,93歲,0.1017
12704,2065,154,男性,93歲,0.12298
12705,2065,154,女性,93歲,0.08957
12706,2065,154,總計,94歲,0.11238
12707,2065,154,男性,94歲,0.13429
12708,2065,154,女性,94歲,0.10035
12709,2065,154,總計,95歲,0.12479
12710,2065,154,男性,95歲,0.147
12711,2065,154,女性,95歲,0.11306
12712,2065,154,總計,96歲,0.13773
12713,2065,154,男性,96歲,0.15999
12714,2065,154,女性,96歲,0.12641
12715,2065,154,總計,97歲,0.15134
12716,2065,154,男性,97歲,0.17354
12717,2065,154,女性,97歲,0.14049
12718,2065,154,總計,98歲,0.16655
12719,2065,154,男性,98歲,0.18832
12720,2065,154,女性,98歲,0.15632
12721,2065,154,總計,99歲,0.18349
12722,2065,154,男性,99歲,0.2044
12723,2065,154,女性,99歲,0.17404
12724,2065,154,總計,100歲及以上,1
12725,2065,154,男性,100歲及以上,1
12726,2065,154,女性,100歲及以上,1
12727,2066,155,總計,0歲,0.00255
12728,2066,155,男性,0歲,0.00272
12729,2066,155,女性,0歲,0.00239
12730,2066,155,總計,1歲,8E-05
12731,2066,155,男性,1歲,9E-05
12732,2066,155,女性,1歲,7E-05
12733,2066,155,總計,2歲,4E-05
12734,2066,155,男性,2歲,5E-05
12735,2066,155,女性,2歲,4E-05
12736,2066,155,總計,3歲,4E-05
12737,2066,155,男性,3歲,4E-05
12738,2066,155,女性,3歲,3E-05
12739,2066,155,總計,4歲,3E-05
12740,2066,155,男性,4歲,3E-05
12741,2066,155,女性,4歲,3E-05
12742,2066,155,總計,5歲,3E-05
12743,2066,155,男性,5歲,3E-05
12744,2066,155,女性,5歲,3E-05
12745,2066,155,總計,6歲,3E-05
12746,2066,155,男性,6歲,3E-05
12747,2066,155,女性,6歲,3E-05
12748,2066,155,總計,7歲,3E-05
12749,2066,155,男性,7歲,3E-05
12750,2066,155,女性,7歲,3E-05
12751,2066,155,總計,8歲,3E-05
12752,2066,155,男性,8歲,3E-05
12753,2066,155,女性,8歲,3E-05
12754,2066,155,總計,9歲,3E-05
12755,2066,155,男性,9歲,3E-05
12756,2066,155,女性,9歲,3E-05
12757,2066,155,總計,10歲,3E-05
12758,2066,155,男性,10歲,3E-05
12759,2066,155,女性,10歲,3E-05
12760,2066,155,總計,11歲,4E-05
12761,2066,155,男性,11歲,3E-05
12762,2066,155,女性,11歲,4E-05
12763,2066,155,總計,12歲,4E-05
12764,2066,155,男性,12歲,4E-05
12765,2066,155,女性,12歲,5E-05
12766,2066,155,總計,13歲,5E-05
12767,2066,155,男性,13歲,6E-05
12768,2066,155,女性,13歲,5E-05
12769,2066,155,總計,14歲,7E-05
12770,2066,155,男性,14歲,8E-05
12771,2066,155,女性,14歲,6E-05
12772,2066,155,總計,15歲,9E-05
12773,2066,155,男性,15歲,0.00011
12774,2066,155,女性,15歲,7E-05
12775,2066,155,總計,16歲,0.00011
12776,2066,155,男性,16歲,0.00014
12777,2066,155,女性,16歲,8E-05
12778,2066,155,總計,17歲,0.00014
12779,2066,155,男性,17歲,0.00017
12780,2066,155,女性,17歲,0.0001
12781,2066,155,總計,18歲,0.00016
12782,2066,155,男性,18歲,0.0002
12783,2066,155,女性,18歲,0.00011
12784,2066,155,總計,19歲,0.00017
12785,2066,155,男性,19歲,0.00022
12786,2066,155,女性,19歲,0.00013
12787,2066,155,總計,20歲,0.00018
12788,2066,155,男性,20歲,0.00022
12789,2066,155,女性,20歲,0.00014
12790,2066,155,總計,21歲,0.00019
12791,2066,155,男性,21歲,0.00023
12792,2066,155,女性,21歲,0.00014
12793,2066,155,總計,22歲,0.00019
12794,2066,155,男性,22歲,0.00023
12795,2066,155,女性,22歲,0.00015
12796,2066,155,總計,23歲,0.0002
12797,2066,155,男性,23歲,0.00023
12798,2066,155,女性,23歲,0.00016
12799,2066,155,總計,24歲,0.0002
12800,2066,155,男性,24歲,0.00022
12801,2066,155,女性,24歲,0.00017
12802,2066,155,總計,25歲,0.0002
12803,2066,155,男性,25歲,0.00022
12804,2066,155,女性,25歲,0.00017
12805,2066,155,總計,26歲,0.0002
12806,2066,155,男性,26歲,0.00021
12807,2066,155,女性,26歲,0.00018
12808,2066,155,總計,27歲,0.00021
12809,2066,155,男性,27歲,0.00021
12810,2066,155,女性,27歲,0.0002
12811,2066,155,總計,28歲,0.00022
12812,2066,155,男性,28歲,0.00022
12813,2066,155,女性,28歲,0.00021
12814,2066,155,總計,29歲,0.00023
12815,2066,155,男性,29歲,0.00024
12816,2066,155,女性,29歲,0.00023
12817,2066,155,總計,30歲,0.00025
12818,2066,155,男性,30歲,0.00025
12819,2066,155,女性,30歲,0.00025
12820,2066,155,總計,31歲,0.00027
12821,2066,155,男性,31歲,0.00028
12822,2066,155,女性,31歲,0.00027
12823,2066,155,總計,32歲,0.00029
12824,2066,155,男性,32歲,0.0003
12825,2066,155,女性,32歲,0.00029
12826,2066,155,總計,33歲,0.00032
12827,2066,155,男性,33歲,0.00033
12828,2066,155,女性,33歲,0.0003
12829,2066,155,總計,34歲,0.00034
12830,2066,155,男性,34歲,0.00036
12831,2066,155,女性,34歲,0.00032
12832,2066,155,總計,35歲,0.00037
12833,2066,155,男性,35歲,0.0004
12834,2066,155,女性,35歲,0.00034
12835,2066,155,總計,36歲,0.0004
12836,2066,155,男性,36歲,0.00044
12837,2066,155,女性,36歲,0.00037
12838,2066,155,總計,37歲,0.00044
12839,2066,155,男性,37歲,0.00049
12840,2066,155,女性,37歲,0.0004
12841,2066,155,總計,38歲,0.00049
12842,2066,155,男性,38歲,0.00055
12843,2066,155,女性,38歲,0.00043
12844,2066,155,總計,39歲,0.00054
12845,2066,155,男性,39歲,0.00062
12846,2066,155,女性,39歲,0.00046
12847,2066,155,總計,40歲,0.00061
12848,2066,155,男性,40歲,0.00071
12849,2066,155,女性,40歲,0.0005
12850,2066,155,總計,41歲,0.00068
12851,2066,155,男性,41歲,0.00081
12852,2066,155,女性,41歲,0.00054
12853,2066,155,總計,42歲,0.00076
12854,2066,155,男性,42歲,0.00092
12855,2066,155,女性,42歲,0.00059
12856,2066,155,總計,43歲,0.00085
12857,2066,155,男性,43歲,0.00105
12858,2066,155,女性,43歲,0.00065
12859,2066,155,總計,44歲,0.00096
12860,2066,155,男性,44歲,0.0012
12861,2066,155,女性,44歲,0.00071
12862,2066,155,總計,45歲,0.00107
12863,2066,155,男性,45歲,0.00137
12864,2066,155,女性,45歲,0.00078
12865,2066,155,總計,46歲,0.00121
12866,2066,155,男性,46歲,0.00157
12867,2066,155,女性,46歲,0.00085
12868,2066,155,總計,47歲,0.00135
12869,2066,155,男性,47歲,0.00178
12870,2066,155,女性,47歲,0.00093
12871,2066,155,總計,48歲,0.00151
12872,2066,155,男性,48歲,0.00202
12873,2066,155,女性,48歲,0.00101
12874,2066,155,總計,49歲,0.00169
12875,2066,155,男性,49歲,0.0023
12876,2066,155,女性,49歲,0.00109
12877,2066,155,總計,50歲,0.00189
12878,2066,155,男性,50歲,0.0026
12879,2066,155,女性,50歲,0.00118
12880,2066,155,總計,51歲,0.0021
12881,2066,155,男性,51歲,0.00293
12882,2066,155,女性,51歲,0.00127
12883,2066,155,總計,52歲,0.00232
12884,2066,155,男性,52歲,0.00329
12885,2066,155,女性,52歲,0.00135
12886,2066,155,總計,53歲,0.00255
12887,2066,155,男性,53歲,0.00366
12888,2066,155,女性,53歲,0.00145
12889,2066,155,總計,54歲,0.00276
12890,2066,155,男性,54歲,0.00399
12891,2066,155,女性,54歲,0.00154
12892,2066,155,總計,55歲,0.00296
12893,2066,155,男性,55歲,0.00433
12894,2066,155,女性,55歲,0.00162
12895,2066,155,總計,56歲,0.00319
12896,2066,155,男性,56歲,0.0047
12897,2066,155,女性,56歲,0.00172
12898,2066,155,總計,57歲,0.00345
12899,2066,155,男性,57歲,0.0051
12900,2066,155,女性,57歲,0.00183
12901,2066,155,總計,58歲,0.00371
12902,2066,155,男性,58歲,0.00552
12903,2066,155,女性,58歲,0.00195
12904,2066,155,總計,59歲,0.00398
12905,2066,155,男性,59歲,0.00594
12906,2066,155,女性,59歲,0.00208
12907,2066,155,總計,60歲,0.00426
12908,2066,155,男性,60歲,0.00636
12909,2066,155,女性,60歲,0.00223
12910,2066,155,總計,61歲,0.00455
12911,2066,155,男性,61歲,0.00679
12912,2066,155,女性,61歲,0.00239
12913,2066,155,總計,62歲,0.00487
12914,2066,155,男性,62歲,0.00727
12915,2066,155,女性,62歲,0.00257
12916,2066,155,總計,63歲,0.00522
12917,2066,155,男性,63歲,0.00779
12918,2066,155,女性,63歲,0.00278
12919,2066,155,總計,64歲,0.00562
12920,2066,155,男性,64歲,0.00836
12921,2066,155,女性,64歲,0.00302
12922,2066,155,總計,65歲,0.00606
12923,2066,155,男性,65歲,0.00898
12924,2066,155,女性,65歲,0.00329
12925,2066,155,總計,66歲,0.00656
12926,2066,155,男性,66歲,0.00969
12927,2066,155,女性,66歲,0.00362
12928,2066,155,總計,67歲,0.00714
12929,2066,155,男性,67歲,0.01051
12930,2066,155,女性,67歲,0.004
12931,2066,155,總計,68歲,0.00779
12932,2066,155,男性,68歲,0.01141
12933,2066,155,女性,68歲,0.00443
12934,2066,155,總計,69歲,0.00852
12935,2066,155,男性,69歲,0.01242
12936,2066,155,女性,69歲,0.00494
12937,2066,155,總計,70歲,0.00934
12938,2066,155,男性,70歲,0.01353
12939,2066,155,女性,70歲,0.00551
12940,2066,155,總計,71歲,0.01024
12941,2066,155,男性,71歲,0.01475
12942,2066,155,女性,71歲,0.00616
12943,2066,155,總計,72歲,0.01125
12944,2066,155,男性,72歲,0.0161
12945,2066,155,女性,72歲,0.00689
12946,2066,155,總計,73歲,0.0124
12947,2066,155,男性,73歲,0.01766
12948,2066,155,女性,73歲,0.00771
12949,2066,155,總計,74歲,0.01371
12950,2066,155,男性,74歲,0.01945
12951,2066,155,女性,74歲,0.00865
12952,2066,155,總計,75歲,0.01518
12953,2066,155,男性,75歲,0.02147
12954,2066,155,女性,75歲,0.0097
12955,2066,155,總計,76歲,0.01681
12956,2066,155,男性,76歲,0.02371
12957,2066,155,女性,76歲,0.01087
12958,2066,155,總計,77歲,0.01863
12959,2066,155,男性,77歲,0.02619
12960,2066,155,女性,77歲,0.0122
12961,2066,155,總計,78歲,0.02067
12962,2066,155,男性,78歲,0.02898
12963,2066,155,女性,78歲,0.0137
12964,2066,155,總計,79歲,0.02293
12965,2066,155,男性,79歲,0.03206
12966,2066,155,女性,79歲,0.0154
12967,2066,155,總計,80歲,0.02556
12968,2066,155,男性,80歲,0.03538
12969,2066,155,女性,80歲,0.01759
12970,2066,155,總計,81歲,0.02848
12971,2066,155,男性,81歲,0.03905
12972,2066,155,女性,81歲,0.02007
12973,2066,155,總計,82歲,0.03172
12974,2066,155,男性,82歲,0.04308
12975,2066,155,女性,82歲,0.02285
12976,2066,155,總計,83歲,0.03529
12977,2066,155,男性,83歲,0.04748
12978,2066,155,女性,83歲,0.02597
12979,2066,155,總計,84歲,0.03921
12980,2066,155,男性,84歲,0.05224
12981,2066,155,女性,84歲,0.02946
12982,2066,155,總計,85歲,0.04488
12983,2066,155,男性,85歲,0.05864
12984,2066,155,女性,85歲,0.03484
12985,2066,155,總計,86歲,0.0497
12986,2066,155,男性,86歲,0.06438
12987,2066,155,女性,86歲,0.03924
12988,2066,155,總計,87歲,0.05501
12989,2066,155,男性,87歲,0.07068
12990,2066,155,女性,87歲,0.04414
12991,2066,155,總計,88歲,0.06085
12992,2066,155,男性,88歲,0.07752
12993,2066,155,女性,88歲,0.04961
12994,2066,155,總計,89歲,0.06729
12995,2066,155,男性,89歲,0.08496
12996,2066,155,女性,89歲,0.05573
12997,2066,155,總計,90歲,0.07442
12998,2066,155,男性,90歲,0.09308
12999,2066,155,女性,90歲,0.06259
13000,2066,155,總計,91歲,0.08236
13001,2066,155,男性,91歲,0.10197
13002,2066,155,女性,91歲,0.07033
13003,2066,155,總計,92歲,0.09115
13004,2066,155,男性,92歲,0.11164
13005,2066,155,女性,92歲,0.07901
13006,2066,155,總計,93歲,0.10084
13007,2066,155,男性,93歲,0.12211
13008,2066,155,女性,93歲,0.08868
13009,2066,155,總計,94歲,0.11147
13010,2066,155,男性,94歲,0.1334
13011,2066,155,女性,94歲,0.0994
13012,2066,155,總計,95歲,0.12385
13013,2066,155,男性,95歲,0.14609
13014,2066,155,女性,95歲,0.11207
13015,2066,155,總計,96歲,0.13675
13016,2066,155,男性,96歲,0.15906
13017,2066,155,女性,96歲,0.12539
13018,2066,155,總計,97歲,0.15034
13019,2066,155,男性,97歲,0.1726
13020,2066,155,女性,97歲,0.13943
13021,2066,155,總計,98歲,0.16552
13022,2066,155,男性,98歲,0.18737
13023,2066,155,女性,98歲,0.15523
13024,2066,155,總計,99歲,0.18247
13025,2066,155,男性,99歲,0.20347
13026,2066,155,女性,99歲,0.17295
13027,2066,155,總計,100歲及以上,1
13028,2066,155,男性,100歲及以上,1
13029,2066,155,女性,100歲及以上,1
13030,2067,156,總計,0歲,0.00253
13031,2067,156,男性,0歲,0.00269
13032,2067,156,女性,0歲,0.00237
13033,2067,156,總計,1歲,8E-05
13034,2067,156,男性,1歲,8E-05
13035,2067,156,女性,1歲,7E-05
13036,2067,156,總計,2歲,4E-05
13037,2067,156,男性,2歲,5E-05
13038,2067,156,女性,2歲,4E-05
13039,2067,156,總計,3歲,3E-05
13040,2067,156,男性,3歲,4E-05
13041,2067,156,女性,3歲,3E-05
13042,2067,156,總計,4歲,3E-05
13043,2067,156,男性,4歲,3E-05
13044,2067,156,女性,4歲,3E-05
13045,2067,156,總計,5歲,3E-05
13046,2067,156,男性,5歲,3E-05
13047,2067,156,女性,5歲,3E-05
13048,2067,156,總計,6歲,3E-05
13049,2067,156,男性,6歲,3E-05
13050,2067,156,女性,6歲,3E-05
13051,2067,156,總計,7歲,3E-05
13052,2067,156,男性,7歲,3E-05
13053,2067,156,女性,7歲,3E-05
13054,2067,156,總計,8歲,3E-05
13055,2067,156,男性,8歲,3E-05
13056,2067,156,女性,8歲,3E-05
13057,2067,156,總計,9歲,3E-05
13058,2067,156,男性,9歲,3E-05
13059,2067,156,女性,9歲,3E-05
13060,2067,156,總計,10歲,3E-05
13061,2067,156,男性,10歲,3E-05
13062,2067,156,女性,10歲,3E-05
13063,2067,156,總計,11歲,3E-05
13064,2067,156,男性,11歲,3E-05
13065,2067,156,女性,11歲,4E-05
13066,2067,156,總計,12歲,4E-05
13067,2067,156,男性,12歲,4E-05
13068,2067,156,女性,12歲,4E-05
13069,2067,156,總計,13歲,5E-05
13070,2067,156,男性,13歲,5E-05
13071,2067,156,女性,13歲,5E-05
13072,2067,156,總計,14歲,7E-05
13073,2067,156,男性,14歲,8E-05
13074,2067,156,女性,14歲,6E-05
13075,2067,156,總計,15歲,9E-05
13076,2067,156,男性,15歲,0.00011
13077,2067,156,女性,15歲,7E-05
13078,2067,156,總計,16歲,0.00011
13079,2067,156,男性,16歲,0.00014
13080,2067,156,女性,16歲,8E-05
13081,2067,156,總計,17歲,0.00013
13082,2067,156,男性,17歲,0.00017
13083,2067,156,女性,17歲,0.0001
13084,2067,156,總計,18歲,0.00016
13085,2067,156,男性,18歲,0.0002
13086,2067,156,女性,18歲,0.00011
13087,2067,156,總計,19歲,0.00017
13088,2067,156,男性,19歲,0.00021
13089,2067,156,女性,19歲,0.00013
13090,2067,156,總計,20歲,0.00018
13091,2067,156,男性,20歲,0.00022
13092,2067,156,女性,20歲,0.00013
13093,2067,156,總計,21歲,0.00018
13094,2067,156,男性,21歲,0.00022
13095,2067,156,女性,21歲,0.00014
13096,2067,156,總計,22歲,0.00019
13097,2067,156,男性,22歲,0.00022
13098,2067,156,女性,22歲,0.00015
13099,2067,156,總計,23歲,0.00019
13100,2067,156,男性,23歲,0.00022
13101,2067,156,女性,23歲,0.00016
13102,2067,156,總計,24歲,0.00019
13103,2067,156,男性,24歲,0.00022
13104,2067,156,女性,24歲,0.00017
13105,2067,156,總計,25歲,0.00019
13106,2067,156,男性,25歲,0.00021
13107,2067,156,女性,25歲,0.00017
13108,2067,156,總計,26歲,0.00019
13109,2067,156,男性,26歲,0.00021
13110,2067,156,女性,26歲,0.00018
13111,2067,156,總計,27歲,0.0002
13112,2067,156,男性,27歲,0.00021
13113,2067,156,女性,27歲,0.0002
13114,2067,156,總計,28歲,0.00021
13115,2067,156,男性,28歲,0.00022
13116,2067,156,女性,28歲,0.00021
13117,2067,156,總計,29歲,0.00023
13118,2067,156,男性,29歲,0.00023
13119,2067,156,女性,29歲,0.00022
13120,2067,156,總計,30歲,0.00025
13121,2067,156,男性,30歲,0.00025
13122,2067,156,女性,30歲,0.00024
13123,2067,156,總計,31歲,0.00027
13124,2067,156,男性,31歲,0.00027
13125,2067,156,女性,31歲,0.00026
13126,2067,156,總計,32歲,0.00029
13127,2067,156,男性,32歲,0.0003
13128,2067,156,女性,32歲,0.00028
13129,2067,156,總計,33歲,0.00031
13130,2067,156,男性,33歲,0.00032
13131,2067,156,女性,33歲,0.0003
13132,2067,156,總計,34歲,0.00033
13133,2067,156,男性,34歲,0.00035
13134,2067,156,女性,34歲,0.00032
13135,2067,156,總計,35歲,0.00036
13136,2067,156,男性,35歲,0.00039
13137,2067,156,女性,35歲,0.00034
13138,2067,156,總計,36歲,0.0004
13139,2067,156,男性,36歲,0.00043
13140,2067,156,女性,36歲,0.00036
13141,2067,156,總計,37歲,0.00044
13142,2067,156,男性,37歲,0.00048
13143,2067,156,女性,37歲,0.00039
13144,2067,156,總計,38歲,0.00048
13145,2067,156,男性,38歲,0.00054
13146,2067,156,女性,38歲,0.00042
13147,2067,156,總計,39歲,0.00053
13148,2067,156,男性,39歲,0.00061
13149,2067,156,女性,39歲,0.00046
13150,2067,156,總計,40歲,0.00059
13151,2067,156,男性,40歲,0.00069
13152,2067,156,女性,40歲,0.0005
13153,2067,156,總計,41歲,0.00066
13154,2067,156,男性,41歲,0.00079
13155,2067,156,女性,41歲,0.00054
13156,2067,156,總計,42歲,0.00074
13157,2067,156,男性,42歲,0.0009
13158,2067,156,女性,42歲,0.00058
13159,2067,156,總計,43歲,0.00083
13160,2067,156,男性,43歲,0.00103
13161,2067,156,女性,43歲,0.00064
13162,2067,156,總計,44歲,0.00094
13163,2067,156,男性,44歲,0.00118
13164,2067,156,女性,44歲,0.0007
13165,2067,156,總計,45歲,0.00106
13166,2067,156,男性,45歲,0.00134
13167,2067,156,女性,45歲,0.00077
13168,2067,156,總計,46歲,0.00119
13169,2067,156,男性,46歲,0.00154
13170,2067,156,女性,46歲,0.00084
13171,2067,156,總計,47歲,0.00133
13172,2067,156,男性,47歲,0.00175
13173,2067,156,女性,47歲,0.00091
13174,2067,156,總計,48歲,0.00149
13175,2067,156,男性,48歲,0.00198
13176,2067,156,女性,48歲,0.00099
13177,2067,156,總計,49歲,0.00167
13178,2067,156,男性,49歲,0.00226
13179,2067,156,女性,49歲,0.00108
13180,2067,156,總計,50歲,0.00186
13181,2067,156,男性,50歲,0.00256
13182,2067,156,女性,50歲,0.00117
13183,2067,156,總計,51歲,0.00207
13184,2067,156,男性,51歲,0.00289
13185,2067,156,女性,51歲,0.00126
13186,2067,156,總計,52歲,0.00229
13187,2067,156,男性,52歲,0.00324
13188,2067,156,女性,52歲,0.00134
13189,2067,156,總計,53歲,0.00251
13190,2067,156,男性,53歲,0.00361
13191,2067,156,女性,53歲,0.00143
13192,2067,156,總計,54歲,0.00272
13193,2067,156,男性,54歲,0.00394
13194,2067,156,女性,54歲,0.00152
13195,2067,156,總計,55歲,0.00293
13196,2067,156,男性,55歲,0.00428
13197,2067,156,女性,55歲,0.0016
13198,2067,156,總計,56歲,0.00316
13199,2067,156,男性,56歲,0.00464
13200,2067,156,女性,56歲,0.0017
13201,2067,156,總計,57歲,0.00341
13202,2067,156,男性,57歲,0.00505
13203,2067,156,女性,57歲,0.00181
13204,2067,156,總計,58歲,0.00367
13205,2067,156,男性,58歲,0.00546
13206,2067,156,女性,58歲,0.00192
13207,2067,156,總計,59歲,0.00394
13208,2067,156,男性,59歲,0.00588
13209,2067,156,女性,59歲,0.00205
13210,2067,156,總計,60歲,0.00421
13211,2067,156,男性,60歲,0.0063
13212,2067,156,女性,60歲,0.0022
13213,2067,156,總計,61歲,0.0045
13214,2067,156,男性,61歲,0.00673
13215,2067,156,女性,61歲,0.00236
13216,2067,156,總計,62歲,0.00482
13217,2067,156,男性,62歲,0.0072
13218,2067,156,女性,62歲,0.00254
13219,2067,156,總計,63歲,0.00517
13220,2067,156,男性,63歲,0.00771
13221,2067,156,女性,63歲,0.00274
13222,2067,156,總計,64歲,0.00556
13223,2067,156,男性,64歲,0.00828
13224,2067,156,女性,64歲,0.00297
13225,2067,156,總計,65歲,0.00599
13226,2067,156,男性,65歲,0.0089
13227,2067,156,女性,65歲,0.00324
13228,2067,156,總計,66歲,0.00649
13229,2067,156,男性,66歲,0.00959
13230,2067,156,女性,66歲,0.00357
13231,2067,156,總計,67歲,0.00706
13232,2067,156,男性,67歲,0.0104
13233,2067,156,女性,67歲,0.00394
13234,2067,156,總計,68歲,0.0077
13235,2067,156,男性,68歲,0.01129
13236,2067,156,女性,68歲,0.00436
13237,2067,156,總計,69歲,0.00842
13238,2067,156,男性,69歲,0.01229
13239,2067,156,女性,69歲,0.00486
13240,2067,156,總計,70歲,0.00923
13241,2067,156,男性,70歲,0.01338
13242,2067,156,女性,70歲,0.00543
13243,2067,156,總計,71歲,0.01012
13244,2067,156,男性,71歲,0.01459
13245,2067,156,女性,71歲,0.00606
13246,2067,156,總計,72歲,0.01111
13247,2067,156,男性,72歲,0.01593
13248,2067,156,女性,72歲,0.00678
13249,2067,156,總計,73歲,0.01224
13250,2067,156,男性,73歲,0.01747
13251,2067,156,女性,73歲,0.00759
13252,2067,156,總計,74歲,0.01354
13253,2067,156,男性,74歲,0.01924
13254,2067,156,女性,74歲,0.00851
13255,2067,156,總計,75歲,0.015
13256,2067,156,男性,75歲,0.02124
13257,2067,156,女性,75歲,0.00955
13258,2067,156,總計,76歲,0.0166
13259,2067,156,男性,76歲,0.02345
13260,2067,156,女性,76歲,0.0107
13261,2067,156,總計,77歲,0.0184
13262,2067,156,男性,77歲,0.02592
13263,2067,156,女性,77歲,0.01201
13264,2067,156,總計,78歲,0.02042
13265,2067,156,男性,78歲,0.02867
13266,2067,156,女性,78歲,0.01349
13267,2067,156,總計,79歲,0.02266
13268,2067,156,男性,79歲,0.03173
13269,2067,156,女性,79歲,0.01517
13270,2067,156,總計,80歲,0.02526
13271,2067,156,男性,80歲,0.03501
13272,2067,156,女性,80歲,0.01733
13273,2067,156,總計,81歲,0.02815
13274,2067,156,男性,81歲,0.03865
13275,2067,156,女性,81歲,0.01977
13276,2067,156,總計,82歲,0.03136
13277,2067,156,男性,82歲,0.04265
13278,2067,156,女性,82歲,0.02252
13279,2067,156,總計,83歲,0.03489
13280,2067,156,男性,83歲,0.04701
13281,2067,156,女性,83歲,0.0256
13282,2067,156,總計,84歲,0.03877
13283,2067,156,男性,84歲,0.05174
13284,2067,156,女性,84歲,0.02905
13285,2067,156,總計,85歲,0.04439
13286,2067,156,男性,85歲,0.05809
13287,2067,156,女性,85歲,0.03437
13288,2067,156,總計,86歲,0.04916
13289,2067,156,男性,86歲,0.06379
13290,2067,156,女性,86歲,0.03872
13291,2067,156,總計,87歲,0.05443
13292,2067,156,男性,87歲,0.07005
13293,2067,156,女性,87歲,0.04358
13294,2067,156,總計,88歲,0.06023
13295,2067,156,男性,88歲,0.07685
13296,2067,156,女性,88歲,0.049
13297,2067,156,總計,89歲,0.06663
13298,2067,156,男性,89歲,0.08425
13299,2067,156,女性,89歲,0.05506
13300,2067,156,總計,90歲,0.07371
13301,2067,156,男性,90歲,0.09233
13302,2067,156,女性,90歲,0.06187
13303,2067,156,總計,91歲,0.0816
13304,2067,156,男性,91歲,0.10118
13305,2067,156,女性,91歲,0.06956
13306,2067,156,總計,92歲,0.09035
13307,2067,156,男性,92歲,0.11082
13308,2067,156,女性,92歲,0.07818
13309,2067,156,總計,93歲,0.09998
13310,2067,156,男性,93歲,0.12125
13311,2067,156,女性,93歲,0.08779
13312,2067,156,總計,94歲,0.11057
13313,2067,156,男性,94歲,0.13251
13314,2067,156,女性,94歲,0.09846
13315,2067,156,總計,95歲,0.12292
13316,2067,156,男性,95歲,0.14518
13317,2067,156,女性,95歲,0.11109
13318,2067,156,總計,96歲,0.13579
13319,2067,156,男性,96歲,0.15814
13320,2067,156,女性,96歲,0.12437
13321,2067,156,總計,97歲,0.14934
13322,2067,156,男性,97歲,0.17166
13323,2067,156,女性,97歲,0.13837
13324,2067,156,總計,98歲,0.16451
13325,2067,156,男性,98歲,0.18643
13326,2067,156,女性,98歲,0.15415
13327,2067,156,總計,99歲,0.18145
13328,2067,156,男性,99歲,0.20254
13329,2067,156,女性,99歲,0.17187
13330,2067,156,總計,100歲及以上,1
13331,2067,156,男性,100歲及以上,1
13332,2067,156,女性,100歲及以上,1
13333,2068,157,總計,0歲,0.00251
13334,2068,157,男性,0歲,0.00267
13335,2068,157,女性,0歲,0.00235
13336,2068,157,總計,1歲,8E-05
13337,2068,157,男性,1歲,8E-05
13338,2068,157,女性,1歲,7E-05
13339,2068,157,總計,2歲,4E-05
13340,2068,157,男性,2歲,4E-05
13341,2068,157,女性,2歲,4E-05
13342,2068,157,總計,3歲,3E-05
13343,2068,157,男性,3歲,4E-05
13344,2068,157,女性,3歲,3E-05
13345,2068,157,總計,4歲,3E-05
13346,2068,157,男性,4歲,3E-05
13347,2068,157,女性,4歲,3E-05
13348,2068,157,總計,5歲,3E-05
13349,2068,157,男性,5歲,3E-05
13350,2068,157,女性,5歲,3E-05
13351,2068,157,總計,6歲,3E-05
13352,2068,157,男性,6歲,3E-05
13353,2068,157,女性,6歲,3E-05
13354,2068,157,總計,7歲,3E-05
13355,2068,157,男性,7歲,3E-05
13356,2068,157,女性,7歲,3E-05
13357,2068,157,總計,8歲,3E-05
13358,2068,157,男性,8歲,3E-05
13359,2068,157,女性,8歲,3E-05
13360,2068,157,總計,9歲,3E-05
13361,2068,157,男性,9歲,3E-05
13362,2068,157,女性,9歲,3E-05
13363,2068,157,總計,10歲,3E-05
13364,2068,157,男性,10歲,3E-05
13365,2068,157,女性,10歲,3E-05
13366,2068,157,總計,11歲,3E-05
13367,2068,157,男性,11歲,3E-05
13368,2068,157,女性,11歲,4E-05
13369,2068,157,總計,12歲,4E-05
13370,2068,157,男性,12歲,4E-05
13371,2068,157,女性,12歲,4E-05
13372,2068,157,總計,13歲,5E-05
13373,2068,157,男性,13歲,5E-05
13374,2068,157,女性,13歲,5E-05
13375,2068,157,總計,14歲,7E-05
13376,2068,157,男性,14歲,8E-05
13377,2068,157,女性,14歲,6E-05
13378,2068,157,總計,15歲,9E-05
13379,2068,157,男性,15歲,0.00011
13380,2068,157,女性,15歲,7E-05
13381,2068,157,總計,16歲,0.00011
13382,2068,157,男性,16歲,0.00014
13383,2068,157,女性,16歲,8E-05
13384,2068,157,總計,17歲,0.00013
13385,2068,157,男性,17歲,0.00017
13386,2068,157,女性,17歲,9E-05
13387,2068,157,總計,18歲,0.00015
13388,2068,157,男性,18歲,0.0002
13389,2068,157,女性,18歲,0.00011
13390,2068,157,總計,19歲,0.00017
13391,2068,157,男性,19歲,0.00021
13392,2068,157,女性,19歲,0.00012
13393,2068,157,總計,20歲,0.00017
13394,2068,157,男性,20歲,0.00021
13395,2068,157,女性,20歲,0.00013
13396,2068,157,總計,21歲,0.00018
13397,2068,157,男性,21歲,0.00022
13398,2068,157,女性,21歲,0.00014
13399,2068,157,總計,22歲,0.00018
13400,2068,157,男性,22歲,0.00022
13401,2068,157,女性,22歲,0.00015
13402,2068,157,總計,23歲,0.00019
13403,2068,157,男性,23歲,0.00022
13404,2068,157,女性,23歲,0.00016
13405,2068,157,總計,24歲,0.00019
13406,2068,157,男性,24歲,0.00021
13407,2068,157,女性,24歲,0.00017
13408,2068,157,總計,25歲,0.00019
13409,2068,157,男性,25歲,0.00021
13410,2068,157,女性,25歲,0.00017
13411,2068,157,總計,26歲,0.00019
13412,2068,157,男性,26歲,0.0002
13413,2068,157,女性,26歲,0.00018
13414,2068,157,總計,27歲,0.0002
13415,2068,157,男性,27歲,0.0002
13416,2068,157,女性,27歲,0.00019
13417,2068,157,總計,28歲,0.00021
13418,2068,157,男性,28歲,0.00021
13419,2068,157,女性,28歲,0.00021
13420,2068,157,總計,29歲,0.00022
13421,2068,157,男性,29歲,0.00022
13422,2068,157,女性,29歲,0.00022
13423,2068,157,總計,30歲,0.00024
13424,2068,157,男性,30歲,0.00024
13425,2068,157,女性,30歲,0.00024
13426,2068,157,總計,31歲,0.00026
13427,2068,157,男性,31歲,0.00026
13428,2068,157,女性,31歲,0.00026
13429,2068,157,總計,32歲,0.00028
13430,2068,157,男性,32歲,0.00029
13431,2068,157,女性,32歲,0.00028
13432,2068,157,總計,33歲,0.00031
13433,2068,157,男性,33歲,0.00031
13434,2068,157,女性,33歲,0.0003
13435,2068,157,總計,34歲,0.00033
13436,2068,157,男性,34歲,0.00034
13437,2068,157,女性,34歲,0.00031
13438,2068,157,總計,35歲,0.00036
13439,2068,157,男性,35歲,0.00038
13440,2068,157,女性,35歲,0.00033
13441,2068,157,總計,36歲,0.00039
13442,2068,157,男性,36歲,0.00042
13443,2068,157,女性,36歲,0.00036
13444,2068,157,總計,37歲,0.00043
13445,2068,157,男性,37歲,0.00047
13446,2068,157,女性,37歲,0.00039
13447,2068,157,總計,38歲,0.00047
13448,2068,157,男性,38歲,0.00053
13449,2068,157,女性,38歲,0.00042
13450,2068,157,總計,39歲,0.00052
13451,2068,157,男性,39歲,0.00059
13452,2068,157,女性,39歲,0.00045
13453,2068,157,總計,40歲,0.00058
13454,2068,157,男性,40歲,0.00068
13455,2068,157,女性,40歲,0.00049
13456,2068,157,總計,41歲,0.00065
13457,2068,157,男性,41歲,0.00077
13458,2068,157,女性,41歲,0.00053
13459,2068,157,總計,42歲,0.00073
13460,2068,157,男性,42歲,0.00088
13461,2068,157,女性,42歲,0.00058
13462,2068,157,總計,43歲,0.00082
13463,2068,157,男性,43歲,0.00101
13464,2068,157,女性,43歲,0.00063
13465,2068,157,總計,44歲,0.00092
13466,2068,157,男性,44歲,0.00115
13467,2068,157,女性,44歲,0.00069
13468,2068,157,總計,45歲,0.00104
13469,2068,157,男性,45歲,0.00132
13470,2068,157,女性,45歲,0.00076
13471,2068,157,總計,46歲,0.00117
13472,2068,157,男性,46歲,0.00151
13473,2068,157,女性,46歲,0.00083
13474,2068,157,總計,47歲,0.00131
13475,2068,157,男性,47歲,0.00171
13476,2068,157,女性,47歲,0.0009
13477,2068,157,總計,48歲,0.00146
13478,2068,157,男性,48歲,0.00195
13479,2068,157,女性,48歲,0.00098
13480,2068,157,總計,49歲,0.00164
13481,2068,157,男性,49歲,0.00222
13482,2068,157,女性,49歲,0.00107
13483,2068,157,總計,50歲,0.00183
13484,2068,157,男性,50歲,0.00252
13485,2068,157,女性,50歲,0.00115
13486,2068,157,總計,51歲,0.00204
13487,2068,157,男性,51歲,0.00285
13488,2068,157,女性,51歲,0.00124
13489,2068,157,總計,52歲,0.00225
13490,2068,157,男性,52歲,0.0032
13491,2068,157,女性,52歲,0.00132
13492,2068,157,總計,53歲,0.00248
13493,2068,157,男性,53歲,0.00356
13494,2068,157,女性,53歲,0.00141
13495,2068,157,總計,54歲,0.00269
13496,2068,157,男性,54歲,0.0039
13497,2068,157,女性,54歲,0.0015
13498,2068,157,總計,55歲,0.0029
13499,2068,157,男性,55歲,0.00423
13500,2068,157,女性,55歲,0.00158
13501,2068,157,總計,56歲,0.00312
13502,2068,157,男性,56歲,0.00459
13503,2068,157,女性,56歲,0.00167
13504,2068,157,總計,57歲,0.00337
13505,2068,157,男性,57歲,0.00499
13506,2068,157,女性,57歲,0.00178
13507,2068,157,總計,58歲,0.00363
13508,2068,157,男性,58歲,0.00541
13509,2068,157,女性,58歲,0.0019
13510,2068,157,總計,59歲,0.00389
13511,2068,157,男性,59歲,0.00582
13512,2068,157,女性,59歲,0.00202
13513,2068,157,總計,60歲,0.00417
13514,2068,157,男性,60歲,0.00624
13515,2068,157,女性,60歲,0.00217
13516,2068,157,總計,61歲,0.00445
13517,2068,157,男性,61歲,0.00666
13518,2068,157,女性,61歲,0.00233
13519,2068,157,總計,62歲,0.00477
13520,2068,157,男性,62歲,0.00713
13521,2068,157,女性,62歲,0.0025
13522,2068,157,總計,63歲,0.00511
13523,2068,157,男性,63歲,0.00764
13524,2068,157,女性,63歲,0.0027
13525,2068,157,總計,64歲,0.0055
13526,2068,157,男性,64歲,0.0082
13527,2068,157,女性,64歲,0.00293
13528,2068,157,總計,65歲,0.00592
13529,2068,157,男性,65歲,0.00881
13530,2068,157,女性,65歲,0.0032
13531,2068,157,總計,66歲,0.00641
13532,2068,157,男性,66歲,0.0095
13533,2068,157,女性,66歲,0.00351
13534,2068,157,總計,67歲,0.00698
13535,2068,157,男性,67歲,0.01029
13536,2068,157,女性,67歲,0.00388
13537,2068,157,總計,68歲,0.00761
13538,2068,157,男性,68歲,0.01118
13539,2068,157,女性,68歲,0.0043
13540,2068,157,總計,69歲,0.00832
13541,2068,157,男性,69歲,0.01216
13542,2068,157,女性,69歲,0.00478
13543,2068,157,總計,70歲,0.00912
13544,2068,157,男性,70歲,0.01324
13545,2068,157,女性,70歲,0.00534
13546,2068,157,總計,71歲,0.01
13547,2068,157,男性,71歲,0.01443
13548,2068,157,女性,71歲,0.00597
13549,2068,157,總計,72歲,0.01098
13550,2068,157,男性,72歲,0.01576
13551,2068,157,女性,72歲,0.00667
13552,2068,157,總計,73歲,0.0121
13553,2068,157,男性,73歲,0.01728
13554,2068,157,女性,73歲,0.00747
13555,2068,157,總計,74歲,0.01337
13556,2068,157,男性,74歲,0.01903
13557,2068,157,女性,74歲,0.00838
13558,2068,157,總計,75歲,0.01481
13559,2068,157,男性,75歲,0.02101
13560,2068,157,女性,75歲,0.0094
13561,2068,157,總計,76歲,0.0164
13562,2068,157,男性,76歲,0.0232
13563,2068,157,女性,76歲,0.01053
13564,2068,157,總計,77歲,0.01818
13565,2068,157,男性,77歲,0.02564
13566,2068,157,女性,77歲,0.01182
13567,2068,157,總計,78歲,0.02017
13568,2068,157,男性,78歲,0.02837
13569,2068,157,女性,78歲,0.01329
13570,2068,157,總計,79歲,0.02239
13571,2068,157,男性,79歲,0.0314
13572,2068,157,女性,79歲,0.01494
13573,2068,157,總計,80歲,0.02496
13574,2068,157,男性,80歲,0.03465
13575,2068,157,女性,80歲,0.01707
13576,2068,157,總計,81歲,0.02782
13577,2068,157,男性,81歲,0.03826
13578,2068,157,女性,81歲,0.01948
13579,2068,157,總計,82歲,0.031
13580,2068,157,男性,82歲,0.04223
13581,2068,157,女性,82歲,0.02219
13582,2068,157,總計,83歲,0.03449
13583,2068,157,男性,83歲,0.04655
13584,2068,157,女性,83歲,0.02524
13585,2068,157,總計,84歲,0.03834
13586,2068,157,男性,84歲,0.05124
13587,2068,157,女性,84歲,0.02865
13588,2068,157,總計,85歲,0.04391
13589,2068,157,男性,85歲,0.05754
13590,2068,157,女性,85歲,0.0339
13591,2068,157,總計,86歲,0.04864
13592,2068,157,男性,86歲,0.06321
13593,2068,157,女性,86歲,0.03821
13594,2068,157,總計,87歲,0.05386
13595,2068,157,男性,87歲,0.06942
13596,2068,157,女性,87歲,0.04302
13597,2068,157,總計,88歲,0.05962
13598,2068,157,男性,88歲,0.07619
13599,2068,157,女性,88歲,0.04839
13600,2068,157,總計,89歲,0.06597
13601,2068,157,男性,89歲,0.08355
13602,2068,157,女性,89歲,0.0544
13603,2068,157,總計,90歲,0.07301
13604,2068,157,男性,90歲,0.09159
13605,2068,157,女性,90歲,0.06116
13606,2068,157,總計,91歲,0.08085
13607,2068,157,男性,91歲,0.1004
13608,2068,157,女性,91歲,0.06879
13609,2068,157,總計,92歲,0.08954
13610,2068,157,男性,92歲,0.11
13611,2068,157,女性,92歲,0.07735
13612,2068,157,總計,93歲,0.09914
13613,2068,157,男性,93歲,0.1204
13614,2068,157,女性,93歲,0.08691
13615,2068,157,總計,94歲,0.10968
13616,2068,157,男性,94歲,0.13163
13617,2068,157,女性,94歲,0.09753
13618,2068,157,總計,95歲,0.122
13619,2068,157,男性,95歲,0.14428
13620,2068,157,女性,95歲,0.11012
13621,2068,157,總計,96歲,0.13483
13622,2068,157,男性,96歲,0.15721
13623,2068,157,女性,96歲,0.12335
13624,2068,157,總計,97歲,0.14834
13625,2068,157,男性,97歲,0.17072
13626,2068,157,女性,97歲,0.13732
13627,2068,157,總計,98歲,0.1635
13628,2068,157,男性,98歲,0.18549
13629,2068,157,女性,98歲,0.15308
13630,2068,157,總計,99歲,0.18044
13631,2068,157,男性,99歲,0.20162
13632,2068,157,女性,99歲,0.1708
13633,2068,157,總計,100歲及以上,1
13634,2068,157,男性,100歲及以上,1
13635,2068,157,女性,100歲及以上,1
13636,2069,158,總計,0歲,0.00249
13637,2069,158,男性,0歲,0.00265
13638,2069,158,女性,0歲,0.00233
13639,2069,158,總計,1歲,7E-05
13640,2069,158,男性,1歲,8E-05
13641,2069,158,女性,1歲,7E-05
13642,2069,158,總計,2歲,4E-05
13643,2069,158,男性,2歲,4E-05
13644,2069,158,女性,2歲,4E-05
13645,2069,158,總計,3歲,3E-05
13646,2069,158,男性,3歲,4E-05
13647,2069,158,女性,3歲,3E-05
13648,2069,158,總計,4歲,3E-05
13649,2069,158,男性,4歲,3E-05
13650,2069,158,女性,4歲,3E-05
13651,2069,158,總計,5歲,3E-05
13652,2069,158,男性,5歲,3E-05
13653,2069,158,女性,5歲,3E-05
13654,2069,158,總計,6歲,3E-05
13655,2069,158,男性,6歲,3E-05
13656,2069,158,女性,6歲,3E-05
13657,2069,158,總計,7歲,3E-05
13658,2069,158,男性,7歲,3E-05
13659,2069,158,女性,7歲,3E-05
13660,2069,158,總計,8歲,3E-05
13661,2069,158,男性,8歲,2E-05
13662,2069,158,女性,8歲,3E-05
13663,2069,158,總計,9歲,3E-05
13664,2069,158,男性,9歲,2E-05
13665,2069,158,女性,9歲,3E-05
13666,2069,158,總計,10歲,3E-05
13667,2069,158,男性,10歲,3E-05
13668,2069,158,女性,10歲,3E-05
13669,2069,158,總計,11歲,3E-05
13670,2069,158,男性,11歲,3E-05
13671,2069,158,女性,11歲,3E-05
13672,2069,158,總計,12歲,4E-05
13673,2069,158,男性,12歲,4E-05
13674,2069,158,女性,12歲,4E-05
13675,2069,158,總計,13歲,5E-05
13676,2069,158,男性,13歲,5E-05
13677,2069,158,女性,13歲,5E-05
13678,2069,158,總計,14歲,7E-05
13679,2069,158,男性,14歲,7E-05
13680,2069,158,女性,14歲,6E-05
13681,2069,158,總計,15歲,9E-05
13682,2069,158,男性,15歲,0.0001
13683,2069,158,女性,15歲,7E-05
13684,2069,158,總計,16歲,0.00011
13685,2069,158,男性,16歲,0.00013
13686,2069,158,女性,16歲,8E-05
13687,2069,158,總計,17歲,0.00013
13688,2069,158,男性,17歲,0.00016
13689,2069,158,女性,17歲,9E-05
13690,2069,158,總計,18歲,0.00015
13691,2069,158,男性,18歲,0.00019
13692,2069,158,女性,18歲,0.00011
13693,2069,158,總計,19歲,0.00016
13694,2069,158,男性,19歲,0.0002
13695,2069,158,女性,19歲,0.00012
13696,2069,158,總計,20歲,0.00017
13697,2069,158,男性,20歲,0.00021
13698,2069,158,女性,20歲,0.00013
13699,2069,158,總計,21歲,0.00018
13700,2069,158,男性,21歲,0.00021
13701,2069,158,女性,21歲,0.00014
13702,2069,158,總計,22歲,0.00018
13703,2069,158,男性,22歲,0.00021
13704,2069,158,女性,22歲,0.00015
13705,2069,158,總計,23歲,0.00018
13706,2069,158,男性,23歲,0.00021
13707,2069,158,女性,23歲,0.00016
13708,2069,158,總計,24歲,0.00019
13709,2069,158,男性,24歲,0.00021
13710,2069,158,女性,24歲,0.00016
13711,2069,158,總計,25歲,0.00019
13712,2069,158,男性,25歲,0.0002
13713,2069,158,女性,25歲,0.00017
13714,2069,158,總計,26歲,0.00019
13715,2069,158,男性,26歲,0.0002
13716,2069,158,女性,26歲,0.00018
13717,2069,158,總計,27歲,0.0002
13718,2069,158,男性,27歲,0.0002
13719,2069,158,女性,27歲,0.00019
13720,2069,158,總計,28歲,0.00021
13721,2069,158,男性,28歲,0.00021
13722,2069,158,女性,28歲,0.0002
13723,2069,158,總計,29歲,0.00022
13724,2069,158,男性,29歲,0.00022
13725,2069,158,女性,29歲,0.00022
13726,2069,158,總計,30歲,0.00024
13727,2069,158,男性,30歲,0.00024
13728,2069,158,女性,30歲,0.00024
13729,2069,158,總計,31歲,0.00026
13730,2069,158,男性,31歲,0.00026
13731,2069,158,女性,31歲,0.00026
13732,2069,158,總計,32歲,0.00028
13733,2069,158,男性,32歲,0.00028
13734,2069,158,女性,32歲,0.00028
13735,2069,158,總計,33歲,0.0003
13736,2069,158,男性,33歲,0.00031
13737,2069,158,女性,33歲,0.00029
13738,2069,158,總計,34歲,0.00032
13739,2069,158,男性,34歲,0.00033
13740,2069,158,女性,34歲,0.00031
13741,2069,158,總計,35歲,0.00035
13742,2069,158,男性,35歲,0.00037
13743,2069,158,女性,35歲,0.00033
13744,2069,158,總計,36歲,0.00038
13745,2069,158,男性,36歲,0.00041
13746,2069,158,女性,36歲,0.00036
13747,2069,158,總計,37歲,0.00042
13748,2069,158,男性,37歲,0.00045
13749,2069,158,女性,37歲,0.00038
13750,2069,158,總計,38歲,0.00046
13751,2069,158,男性,38歲,0.00051
13752,2069,158,女性,38歲,0.00041
13753,2069,158,總計,39歲,0.00051
13754,2069,158,男性,39歲,0.00058
13755,2069,158,女性,39歲,0.00045
13756,2069,158,總計,40歲,0.00057
13757,2069,158,男性,40歲,0.00066
13758,2069,158,女性,40歲,0.00049
13759,2069,158,總計,41歲,0.00064
13760,2069,158,男性,41歲,0.00075
13761,2069,158,女性,41歲,0.00052
13762,2069,158,總計,42歲,0.00071
13763,2069,158,男性,42歲,0.00086
13764,2069,158,女性,42歲,0.00057
13765,2069,158,總計,43歲,0.0008
13766,2069,158,男性,43歲,0.00098
13767,2069,158,女性,43歲,0.00062
13768,2069,158,總計,44歲,0.00091
13769,2069,158,男性,44歲,0.00113
13770,2069,158,女性,44歲,0.00068
13771,2069,158,總計,45歲,0.00102
13772,2069,158,男性,45歲,0.00129
13773,2069,158,女性,45歲,0.00075
13774,2069,158,總計,46歲,0.00115
13775,2069,158,男性,46歲,0.00148
13776,2069,158,女性,46歲,0.00082
13777,2069,158,總計,47歲,0.00129
13778,2069,158,男性,47歲,0.00168
13779,2069,158,女性,47歲,0.00089
13780,2069,158,總計,48歲,0.00144
13781,2069,158,男性,48歲,0.00191
13782,2069,158,女性,48歲,0.00097
13783,2069,158,總計,49歲,0.00162
13784,2069,158,男性,49歲,0.00218
13785,2069,158,女性,49歲,0.00105
13786,2069,158,總計,50歲,0.00181
13787,2069,158,男性,50歲,0.00248
13788,2069,158,女性,50歲,0.00114
13789,2069,158,總計,51歲,0.00201
13790,2069,158,男性,51歲,0.0028
13791,2069,158,女性,51歲,0.00123
13792,2069,158,總計,52歲,0.00223
13793,2069,158,男性,52歲,0.00315
13794,2069,158,女性,52歲,0.00131
13795,2069,158,總計,53歲,0.00245
13796,2069,158,男性,53歲,0.00352
13797,2069,158,女性,53歲,0.0014
13798,2069,158,總計,54歲,0.00266
13799,2069,158,男性,54歲,0.00385
13800,2069,158,女性,54歲,0.00148
13801,2069,158,總計,55歲,0.00286
13802,2069,158,男性,55歲,0.00419
13803,2069,158,女性,55歲,0.00156
13804,2069,158,總計,56歲,0.00308
13805,2069,158,男性,56歲,0.00454
13806,2069,158,女性,56歲,0.00165
13807,2069,158,總計,57歲,0.00333
13808,2069,158,男性,57歲,0.00494
13809,2069,158,女性,57歲,0.00176
13810,2069,158,總計,58歲,0.00359
13811,2069,158,男性,58歲,0.00535
13812,2069,158,女性,58歲,0.00187
13813,2069,158,總計,59歲,0.00385
13814,2069,158,男性,59歲,0.00576
13815,2069,158,女性,59歲,0.00199
13816,2069,158,總計,60歲,0.00412
13817,2069,158,男性,60歲,0.00618
13818,2069,158,女性,60歲,0.00214
13819,2069,158,總計,61歲,0.00441
13820,2069,158,男性,61歲,0.0066
13821,2069,158,女性,61歲,0.00229
13822,2069,158,總計,62歲,0.00471
13823,2069,158,男性,62歲,0.00706
13824,2069,158,女性,62歲,0.00246
13825,2069,158,總計,63歲,0.00506
13826,2069,158,男性,63歲,0.00756
13827,2069,158,女性,63歲,0.00266
13828,2069,158,總計,64歲,0.00544
13829,2069,158,男性,64歲,0.00812
13830,2069,158,女性,64歲,0.00289
13831,2069,158,總計,65歲,0.00586
13832,2069,158,男性,65歲,0.00872
13833,2069,158,女性,65歲,0.00315
13834,2069,158,總計,66歲,0.00634
13835,2069,158,男性,66歲,0.0094
13836,2069,158,女性,66歲,0.00346
13837,2069,158,總計,67歲,0.0069
13838,2069,158,男性,67歲,0.01019
13839,2069,158,女性,67歲,0.00382
13840,2069,158,總計,68歲,0.00752
13841,2069,158,男性,68歲,0.01106
13842,2069,158,女性,68歲,0.00423
13843,2069,158,總計,69歲,0.00822
13844,2069,158,男性,69歲,0.01204
13845,2069,158,女性,69歲,0.00471
13846,2069,158,總計,70歲,0.00901
13847,2069,158,男性,70歲,0.0131
13848,2069,158,女性,70歲,0.00526
13849,2069,158,總計,71歲,0.00987
13850,2069,158,男性,71歲,0.01428
13851,2069,158,女性,71歲,0.00587
13852,2069,158,總計,72歲,0.01084
13853,2069,158,男性,72歲,0.01559
13854,2069,158,女性,72歲,0.00657
13855,2069,158,總計,73歲,0.01195
13856,2069,158,男性,73歲,0.0171
13857,2069,158,女性,73歲,0.00735
13858,2069,158,總計,74歲,0.01321
13859,2069,158,男性,74歲,0.01883
13860,2069,158,女性,74歲,0.00824
13861,2069,158,總計,75歲,0.01463
13862,2069,158,男性,75歲,0.02078
13863,2069,158,女性,75歲,0.00925
13864,2069,158,總計,76歲,0.0162
13865,2069,158,男性,76歲,0.02295
13866,2069,158,女性,76歲,0.01037
13867,2069,158,總計,77歲,0.01796
13868,2069,158,男性,77歲,0.02537
13869,2069,158,女性,77歲,0.01164
13870,2069,158,總計,78歲,0.01993
13871,2069,158,男性,78歲,0.02807
13872,2069,158,女性,78歲,0.01308
13873,2069,158,總計,79歲,0.02213
13874,2069,158,男性,79歲,0.03107
13875,2069,158,女性,79歲,0.01471
13876,2069,158,總計,80歲,0.02467
13877,2069,158,男性,80歲,0.0343
13878,2069,158,女性,80歲,0.01681
13879,2069,158,總計,81歲,0.0275
13880,2069,158,男性,81歲,0.03787
13881,2069,158,女性,81歲,0.01919
13882,2069,158,總計,82歲,0.03064
13883,2069,158,男性,82歲,0.04181
13884,2069,158,女性,82歲,0.02187
13885,2069,158,總計,83歲,0.0341
13886,2069,158,男性,83歲,0.04609
13887,2069,158,女性,83歲,0.02488
13888,2069,158,總計,84歲,0.03791
13889,2069,158,男性,84歲,0.05075
13890,2069,158,女性,84歲,0.02825
13891,2069,158,總計,85歲,0.04343
13892,2069,158,男性,85歲,0.057
13893,2069,158,女性,85歲,0.03344
13894,2069,158,總計,86歲,0.04812
13895,2069,158,男性,86歲,0.06263
13896,2069,158,女性,86歲,0.03771
13897,2069,158,總計,87歲,0.0533
13898,2069,158,男性,87歲,0.0688
13899,2069,158,女性,87歲,0.04247
13900,2069,158,總計,88歲,0.05901
13901,2069,158,男性,88歲,0.07553
13902,2069,158,女性,88歲,0.04779
13903,2069,158,總計,89歲,0.06532
13904,2069,158,男性,89歲,0.08285
13905,2069,158,女性,89歲,0.05375
13906,2069,158,總計,90歲,0.07231
13907,2069,158,男性,90歲,0.09085
13908,2069,158,女性,90歲,0.06046
13909,2069,158,總計,91歲,0.0801
13910,2069,158,男性,91歲,0.09962
13911,2069,158,女性,91歲,0.06803
13912,2069,158,總計,92歲,0.08875
13913,2069,158,男性,92歲,0.10918
13914,2069,158,女性,92歲,0.07654
13915,2069,158,總計,93歲,0.0983
13916,2069,158,男性,93歲,0.11955
13917,2069,158,女性,93歲,0.08604
13918,2069,158,總計,94歲,0.1088
13919,2069,158,男性,94歲,0.13075
13920,2069,158,女性,94歲,0.0966
13921,2069,158,總計,95歲,0.12108
13922,2069,158,男性,95歲,0.14339
13923,2069,158,女性,95歲,0.10915
13924,2069,158,總計,96歲,0.13387
13925,2069,158,男性,96歲,0.1563
13926,2069,158,女性,96歲,0.12235
13927,2069,158,總計,97歲,0.14736
13928,2069,158,男性,97歲,0.16978
13929,2069,158,女性,97歲,0.13628
13930,2069,158,總計,98歲,0.16249
13931,2069,158,男性,98歲,0.18455
13932,2069,158,女性,98歲,0.15201
13933,2069,158,總計,99歲,0.17944
13934,2069,158,男性,99歲,0.2007
13935,2069,158,女性,99歲,0.16973
13936,2069,158,總計,100歲及以上,1
13937,2069,158,男性,100歲及以上,1
13938,2069,158,女性,100歲及以上,1
13939,2070,159,總計,0歲,0.00247
13940,2070,159,男性,0歲,0.00262
13941,2070,159,女性,0歲,0.00231
13942,2070,159,總計,1歲,7E-05
13943,2070,159,男性,1歲,8E-05
13944,2070,159,女性,1歲,7E-05
13945,2070,159,總計,2歲,4E-05
13946,2070,159,男性,2歲,4E-05
13947,2070,159,女性,2歲,4E-05
13948,2070,159,總計,3歲,3E-05
13949,2070,159,男性,3歲,3E-05
13950,2070,159,女性,3歲,3E-05
13951,2070,159,總計,4歲,3E-05
13952,2070,159,男性,4歲,3E-05
13953,2070,159,女性,4歲,2E-05
13954,2070,159,總計,5歲,3E-05
13955,2070,159,男性,5歲,3E-05
13956,2070,159,女性,5歲,2E-05
13957,2070,159,總計,6歲,3E-05
13958,2070,159,男性,6歲,3E-05
13959,2070,159,女性,6歲,2E-05
13960,2070,159,總計,7歲,2E-05
13961,2070,159,男性,7歲,2E-05
13962,2070,159,女性,7歲,2E-05
13963,2070,159,總計,8歲,2E-05
13964,2070,159,男性,8歲,2E-05
13965,2070,159,女性,8歲,2E-05
13966,2070,159,總計,9歲,2E-05
13967,2070,159,男性,9歲,2E-05
13968,2070,159,女性,9歲,3E-05
13969,2070,159,總計,10歲,3E-05
13970,2070,159,男性,10歲,3E-05
13971,2070,159,女性,10歲,3E-05
13972,2070,159,總計,11歲,3E-05
13973,2070,159,男性,11歲,3E-05
13974,2070,159,女性,11歲,3E-05
13975,2070,159,總計,12歲,4E-05
13976,2070,159,男性,12歲,4E-05
13977,2070,159,女性,12歲,4E-05
13978,2070,159,總計,13歲,5E-05
13979,2070,159,男性,13歲,5E-05
13980,2070,159,女性,13歲,5E-05
13981,2070,159,總計,14歲,7E-05
13982,2070,159,男性,14歲,7E-05
13983,2070,159,女性,14歲,6E-05
13984,2070,159,總計,15歲,8E-05
13985,2070,159,男性,15歲,0.0001
13986,2070,159,女性,15歲,7E-05
13987,2070,159,總計,16歲,0.0001
13988,2070,159,男性,16歲,0.00013
13989,2070,159,女性,16歲,8E-05
13990,2070,159,總計,17歲,0.00013
13991,2070,159,男性,17歲,0.00016
13992,2070,159,女性,17歲,9E-05
13993,2070,159,總計,18歲,0.00015
13994,2070,159,男性,18歲,0.00019
13995,2070,159,女性,18歲,0.00011
13996,2070,159,總計,19歲,0.00016
13997,2070,159,男性,19歲,0.0002
13998,2070,159,女性,19歲,0.00012
13999,2070,159,總計,20歲,0.00017
14000,2070,159,男性,20歲,0.00021
14001,2070,159,女性,20歲,0.00013
14002,2070,159,總計,21歲,0.00017
14003,2070,159,男性,21歲,0.00021
14004,2070,159,女性,21歲,0.00014
14005,2070,159,總計,22歲,0.00018
14006,2070,159,男性,22歲,0.00021
14007,2070,159,女性,22歲,0.00014
14008,2070,159,總計,23歲,0.00018
14009,2070,159,男性,23歲,0.00021
14010,2070,159,女性,23歲,0.00015
14011,2070,159,總計,24歲,0.00018
14012,2070,159,男性,24歲,0.0002
14013,2070,159,女性,24歲,0.00016
14014,2070,159,總計,25歲,0.00018
14015,2070,159,男性,25歲,0.0002
14016,2070,159,女性,25歲,0.00017
14017,2070,159,總計,26歲,0.00018
14018,2070,159,男性,26歲,0.00019
14019,2070,159,女性,26歲,0.00018
14020,2070,159,總計,27歲,0.00019
14021,2070,159,男性,27歲,0.00019
14022,2070,159,女性,27歲,0.00019
14023,2070,159,總計,28歲,0.0002
14024,2070,159,男性,28歲,0.0002
14025,2070,159,女性,28歲,0.0002
14026,2070,159,總計,29歲,0.00022
14027,2070,159,男性,29歲,0.00021
14028,2070,159,女性,29歲,0.00022
14029,2070,159,總計,30歲,0.00023
14030,2070,159,男性,30歲,0.00023
14031,2070,159,女性,30歲,0.00024
14032,2070,159,總計,31歲,0.00025
14033,2070,159,男性,31歲,0.00025
14034,2070,159,女性,31歲,0.00025
14035,2070,159,總計,32歲,0.00027
14036,2070,159,男性,32歲,0.00027
14037,2070,159,女性,32歲,0.00027
14038,2070,159,總計,33歲,0.00029
14039,2070,159,男性,33歲,0.0003
14040,2070,159,女性,33歲,0.00029
14041,2070,159,總計,34歲,0.00032
14042,2070,159,男性,34歲,0.00033
14043,2070,159,女性,34歲,0.00031
14044,2070,159,總計,35歲,0.00034
14045,2070,159,男性,35歲,0.00036
14046,2070,159,女性,35歲,0.00033
14047,2070,159,總計,36歲,0.00037
14048,2070,159,男性,36歲,0.0004
14049,2070,159,女性,36歲,0.00035
14050,2070,159,總計,37歲,0.00041
14051,2070,159,男性,37歲,0.00044
14052,2070,159,女性,37歲,0.00038
14053,2070,159,總計,38歲,0.00045
14054,2070,159,男性,38歲,0.0005
14055,2070,159,女性,38歲,0.00041
14056,2070,159,總計,39歲,0.0005
14057,2070,159,男性,39歲,0.00056
14058,2070,159,女性,39歲,0.00044
14059,2070,159,總計,40歲,0.00056
14060,2070,159,男性,40歲,0.00064
14061,2070,159,女性,40歲,0.00048
14062,2070,159,總計,41歲,0.00063
14063,2070,159,男性,41歲,0.00073
14064,2070,159,女性,41歲,0.00052
14065,2070,159,總計,42歲,0.0007
14066,2070,159,男性,42歲,0.00084
14067,2070,159,女性,42歲,0.00056
14068,2070,159,總計,43歲,0.00079
14069,2070,159,男性,43歲,0.00096
14070,2070,159,女性,43歲,0.00062
14071,2070,159,總計,44歲,0.00089
14072,2070,159,男性,44歲,0.0011
14073,2070,159,女性,44歲,0.00068
14074,2070,159,總計,45歲,0.001
14075,2070,159,男性,45歲,0.00126
14076,2070,159,女性,45歲,0.00074
14077,2070,159,總計,46歲,0.00113
14078,2070,159,男性,46歲,0.00145
14079,2070,159,女性,46歲,0.00081
14080,2070,159,總計,47歲,0.00127
14081,2070,159,男性,47歲,0.00165
14082,2070,159,女性,47歲,0.00088
14083,2070,159,總計,48歲,0.00142
14084,2070,159,男性,48歲,0.00188
14085,2070,159,女性,48歲,0.00096
14086,2070,159,總計,49歲,0.00159
14087,2070,159,男性,49歲,0.00215
14088,2070,159,女性,49歲,0.00104
14089,2070,159,總計,50歲,0.00178
14090,2070,159,男性,50歲,0.00244
14091,2070,159,女性,50歲,0.00113
14092,2070,159,總計,51歲,0.00198
14093,2070,159,男性,51歲,0.00276
14094,2070,159,女性,51歲,0.00121
14095,2070,159,總計,52歲,0.0022
14096,2070,159,男性,52歲,0.00311
14097,2070,159,女性,52歲,0.00129
14098,2070,159,總計,53歲,0.00242
14099,2070,159,男性,53歲,0.00347
14100,2070,159,女性,53歲,0.00138
14101,2070,159,總計,54歲,0.00262
14102,2070,159,男性,54歲,0.0038
14103,2070,159,女性,54歲,0.00146
14104,2070,159,總計,55歲,0.00283
14105,2070,159,男性,55歲,0.00414
14106,2070,159,女性,55歲,0.00154
14107,2070,159,總計,56歲,0.00305
14108,2070,159,男性,56歲,0.00449
14109,2070,159,女性,56歲,0.00163
14110,2070,159,總計,57歲,0.0033
14111,2070,159,男性,57歲,0.00489
14112,2070,159,女性,57歲,0.00174
14113,2070,159,總計,58歲,0.00355
14114,2070,159,男性,58歲,0.0053
14115,2070,159,女性,58歲,0.00184
14116,2070,159,總計,59歲,0.00381
14117,2070,159,男性,59歲,0.0057
14118,2070,159,女性,59歲,0.00197
14119,2070,159,總計,60歲,0.00408
14120,2070,159,男性,60歲,0.00611
14121,2070,159,女性,60歲,0.00211
14122,2070,159,總計,61歲,0.00436
14123,2070,159,男性,61歲,0.00653
14124,2070,159,女性,61歲,0.00226
14125,2070,159,總計,62歲,0.00466
14126,2070,159,男性,62歲,0.00699
14127,2070,159,女性,62歲,0.00243
14128,2070,159,總計,63歲,0.005
14129,2070,159,男性,63歲,0.00749
14130,2070,159,女性,63歲,0.00262
14131,2070,159,總計,64歲,0.00538
14132,2070,159,男性,64歲,0.00804
14133,2070,159,女性,64歲,0.00284
14134,2070,159,總計,65歲,0.00579
14135,2070,159,男性,65歲,0.00863
14136,2070,159,女性,65歲,0.0031
14137,2070,159,總計,66歲,0.00627
14138,2070,159,男性,66歲,0.00931
14139,2070,159,女性,66歲,0.00341
14140,2070,159,總計,67歲,0.00682
14141,2070,159,男性,67歲,0.01009
14142,2070,159,女性,67歲,0.00376
14143,2070,159,總計,68歲,0.00743
14144,2070,159,男性,68歲,0.01095
14145,2070,159,女性,68歲,0.00416
14146,2070,159,總計,69歲,0.00813
14147,2070,159,男性,69歲,0.01191
14148,2070,159,女性,69歲,0.00463
14149,2070,159,總計,70歲,0.0089
14150,2070,159,男性,70歲,0.01296
14151,2070,159,女性,70歲,0.00517
14152,2070,159,總計,71歲,0.00976
14153,2070,159,男性,71歲,0.01413
14154,2070,159,女性,71歲,0.00578
14155,2070,159,總計,72歲,0.01071
14156,2070,159,男性,72歲,0.01542
14157,2070,159,女性,72歲,0.00646
14158,2070,159,總計,73歲,0.0118
14159,2070,159,男性,73歲,0.01691
14160,2070,159,女性,73歲,0.00723
14161,2070,159,總計,74歲,0.01305
14162,2070,159,男性,74歲,0.01862
14163,2070,159,女性,74歲,0.00811
14164,2070,159,總計,75歲,0.01445
14165,2070,159,男性,75歲,0.02056
14166,2070,159,女性,75歲,0.00911
14167,2070,159,總計,76歲,0.01601
14168,2070,159,男性,76歲,0.0227
14169,2070,159,女性,76歲,0.01021
14170,2070,159,總計,77歲,0.01774
14171,2070,159,男性,77歲,0.02509
14172,2070,159,女性,77歲,0.01146
14173,2070,159,總計,78歲,0.01969
14174,2070,159,男性,78歲,0.02777
14175,2070,159,女性,78歲,0.01288
14176,2070,159,總計,79歲,0.02186
14177,2070,159,男性,79歲,0.03075
14178,2070,159,女性,79歲,0.01449
14179,2070,159,總計,80歲,0.02438
14180,2070,159,男性,80歲,0.03395
14181,2070,159,女性,80歲,0.01656
14182,2070,159,總計,81歲,0.02718
14183,2070,159,男性,81歲,0.03749
14184,2070,159,女性,81歲,0.01891
14185,2070,159,總計,82歲,0.03029
14186,2070,159,男性,82歲,0.04139
14187,2070,159,女性,82歲,0.02155
14188,2070,159,總計,83歲,0.03372
14189,2070,159,男性,83歲,0.04564
14190,2070,159,女性,83歲,0.02453
14191,2070,159,總計,84歲,0.03749
14192,2070,159,男性,84歲,0.05026
14193,2070,159,女性,84歲,0.02786
14194,2070,159,總計,85歲,0.04295
14195,2070,159,男性,85歲,0.05647
14196,2070,159,女性,85歲,0.03299
14197,2070,159,總計,86歲,0.0476
14198,2070,159,男性,86歲,0.06206
14199,2070,159,女性,86歲,0.03721
14200,2070,159,總計,87歲,0.05274
14201,2070,159,男性,87歲,0.06819
14202,2070,159,女性,87歲,0.04192
14203,2070,159,總計,88歲,0.05841
14204,2070,159,男性,88歲,0.07488
14205,2070,159,女性,88歲,0.0472
14206,2070,159,總計,89歲,0.06467
14207,2070,159,男性,89歲,0.08216
14208,2070,159,女性,89歲,0.05311
14209,2070,159,總計,90歲,0.07162
14210,2070,159,男性,90歲,0.09012
14211,2070,159,女性,90歲,0.05976
14212,2070,159,總計,91歲,0.07937
14213,2070,159,男性,91歲,0.09885
14214,2070,159,女性,91歲,0.06727
14215,2070,159,總計,92歲,0.08797
14216,2070,159,男性,92歲,0.10838
14217,2070,159,女性,92歲,0.07573
14218,2070,159,總計,93歲,0.09746
14219,2070,159,男性,93歲,0.11871
14220,2070,159,女性,93歲,0.08518
14221,2070,159,總計,94歲,0.10792
14222,2070,159,男性,94歲,0.12988
14223,2070,159,女性,94歲,0.09569
14224,2070,159,總計,95歲,0.12017
14225,2070,159,男性,95歲,0.14249
14226,2070,159,女性,95歲,0.1082
14227,2070,159,總計,96歲,0.13293
14228,2070,159,男性,96歲,0.15539
14229,2070,159,女性,96歲,0.12135
14230,2070,159,總計,97歲,0.14638
14231,2070,159,男性,97歲,0.16886
14232,2070,159,女性,97歲,0.13524
14233,2070,159,總計,98歲,0.16149
14234,2070,159,男性,98歲,0.18362
14235,2070,159,女性,98歲,0.15095
14236,2070,159,總計,99歲,0.17844
14237,2070,159,男性,99歲,0.19978
14238,2070,159,女性,99歲,0.16867
14239,2070,159,總計,100歲及以上,1
14240,2070,159,男性,100歲及以上,1
14241,2070,159,女性,100歲及以上,1
