{
  "type": "FeatureCollection",
  "features": [
    {
      "type": "Feature",
      "geometry": {
        "type": "Point",
        "coordinates": [
          121.526706,
          25.025797
        ]
      },
      "properties": {
        "name": "國立臺灣師範大學校本部(和平東路1段162號) ",
        "address": "臺北市大安區和平東路1段162號"
      }
    },
    {
      "type": "Feature",
      "geometry": {
        "type": "Point",
        "coordinates": [
          121.548432,
          25.10235
        ]
      },
      "properties": {
        "name": "國立故宮博物院",
        "address": "臺北市士林區至善路2段221號"
      }
    },
    {
      "type": "Feature",
      "geometry": {
        "type": "Point",
        "coordinates": [
          121.548411,
          25.10234
        ]
      },
      "properties": {
        "name": "國立故宮博物院",
        "address": "臺北市士林區至善路2段221號"
      }
    },
    {
      "type": "Feature",
      "geometry": {
        "type": "Point",
        "coordinates": [
          121.539216,
          25.134499
        ]
      },
      "properties": {
        "name": "中國文化大學 大恩館",
        "address": "臺北市士林區華岡路55號"
      }
    },
    {
      "type": "Feature",
      "geometry": {
        "type": "Point",
        "coordinates": [
          121.53721,
          25.036628
        ]
      },
      "properties": {
        "name": "福容大飯店股份有限公司台北分公司",
        "address": "臺北市大安區建國南路一段266號"
      }
    },
    {
      "type": "Feature",
      "geometry": {
        "type": "Point",
        "coordinates": [
          121.521052,
          25.052266
        ]
      },
      "properties": {
        "name": "新光三越百貨（股）公司台北南西分公司",
        "address": "臺北市中山區南京西路12號"
      }
    },
    {
      "type": "Feature",
      "geometry": {
        "type": "Point",
        "coordinates": [
          121.565136,
          25.040914
        ]
      },
      "properties": {
        "name": "市府轉運站",
        "address": "臺北市信義區忠孝東路五段六號"
      }
    },
    {
      "type": "Feature",
      "geometry": {
        "type": "Point",
        "coordinates": [
          121.565888,
          25.040587
        ]
      },
      "properties": {
        "name": "統一百華股份有限公司(統一時代百貨公司台北店)",
        "address": "臺北市信義區忠孝東路5段8號"
      }
    },
    {
      "type": "Feature",
      "geometry": {
        "type": "Point",
        "coordinates": [
          121.553397,
          25.064205
        ]
      },
      "properties": {
        "name": "交通部民用航空局臺北國際航空站(松山機場)",
        "address": "臺北市松山區敦化北路340-9號"
      }
    },
    {
      "type": "Feature",
      "geometry": {
        "type": "Point",
        "coordinates": [
          121.52706036853,
          25.079147662781
        ]
      },
      "properties": {
        "name": "財團法人臺灣敦睦聯誼會所屬作業組織圓山大飯店",
        "address": "臺北市中山區中山北路4段1巷1號"
      }
    },
    {
      "type": "Feature",
      "geometry": {
        "type": "Point",
        "coordinates": [
          121.538728,
          25.013041
        ]
      },
      "properties": {
        "name": "國立臺灣大學(校總區)",
        "address": "臺北市大安區羅斯福路4段1號"
      }
    },
    {
      "type": "Feature",
      "geometry": {
        "type": "Point",
        "coordinates": [
          121.521315,
          25.040607
        ]
      },
      "properties": {
        "name": "國立臺灣大學(醫學校區)",
        "address": "臺北市中正區仁愛路1段1號"
      }
    },
    {
      "type": "Feature",
      "geometry": {
        "type": "Point",
        "coordinates": [
          121.519757,
          25.039724
        ]
      },
      "properties": {
        "name": "國立臺灣大學(醫學校區)",
        "address": "臺北市中正區仁愛路1段1號"
      }
    },
    {
      "type": "Feature",
      "geometry": {
        "type": "Point",
        "coordinates": [
          121.520655,
          25.040772
        ]
      },
      "properties": {
        "name": "國立臺灣大學(醫學校區)",
        "address": "臺北市中正區仁愛路1段1號"
      }
    },
    {
      "type": "Feature",
      "geometry": {
        "type": "Point",
        "coordinates": [
          121.520607,
          25.052708
        ]
      },
      "properties": {
        "name": "新光三越百貨(股)公司台北南西分公司三館",
        "address": "臺北市中山區南京西路15號"
      }
    },
    {
      "type": "Feature",
      "geometry": {
        "type": "Point",
        "coordinates": [
          121.50869,
          25.038274
        ]
      },
      "properties": {
        "name": "中國文化大學推廣教育部 大新館",
        "address": "臺北市中正區延平南路127號"
      }
    },
    {
      "type": "Feature",
      "geometry": {
        "type": "Point",
        "coordinates": [
          121.520679,
          25.117539
        ]
      },
      "properties": {
        "name": "國立臺北護理健康大學",
        "address": "臺北市北投區明德路365號"
      }
    },
    {
      "type": "Feature",
      "geometry": {
        "type": "Point",
        "coordinates": [
          121.538016,
          25.026078
        ]
      },
      "properties": {
        "name": "中國文化大學推廣教育部 大夏館",
        "address": "臺北市大安區建國南路2段231號"
      }
    },
    {
      "type": "Feature",
      "geometry": {
        "type": "Point",
        "coordinates": [
          121.581949,
          25.048941
        ]
      },
      "properties": {
        "name": "臺北市南港運動中心",
        "address": "臺北市南港區玉成街69號"
      }
    },
    {
      "type": "Feature",
      "geometry": {
        "type": "Point",
        "coordinates": [
          121.516422,
          25.046259
        ]
      },
      "properties": {
        "name": "台北凱撒大飯店",
        "address": "臺北市中正區忠孝西路1段38號"
      }
    },
    {
      "type": "Feature",
      "geometry": {
        "type": "Point",
        "coordinates": [
          121.52419740707,
          25.08471581567
        ]
      },
      "properties": {
        "name": "臺北表演藝術中心",
        "address": "臺北市士林區劍潭路1號"
      }
    },
    {
      "type": "Feature",
      "geometry": {
        "type": "Point",
        "coordinates": [
          121.5616731153,
          25.043927545955
        ]
      },
      "properties": {
        "name": "松山文創園區",
        "address": "臺北市信義區光復南路133號"
      }
    },
    {
      "type": "Feature",
      "geometry": {
        "type": "Point",
        "coordinates": [
          121.559901,
          25.044363
        ]
      },
      "properties": {
        "name": "松山文創園區",
        "address": "臺北市信義區光復南路133號"
      }
    },
    {
      "type": "Feature",
      "geometry": {
        "type": "Point",
        "coordinates": [
          121.55277417226,
          25.063737546839
        ]
      },
      "properties": {
        "name": "交通部民用航空局臺北國際航空站(松山機場)",
        "address": "臺北市松山區敦化北路340-9號"
      }
    },
    {
      "type": "Feature",
      "geometry": {
        "type": "Point",
        "coordinates": [
          121.572369,
          25.077252
        ]
      },
      "properties": {
        "name": "中租控股股份有限公司",
        "address": "臺北市內湖區瑞光路362號"
      }
    },
    {
      "type": "Feature",
      "geometry": {
        "type": "Point",
        "coordinates": [
          121.53261457226,
          25.051850897994
        ]
      },
      "properties": {
        "name": "寒居酒店",
        "address": "臺北市中山區松江路116號"
      }
    },
    {
      "type": "Feature",
      "geometry": {
        "type": "Point",
        "coordinates": [
          121.53261189124,
          25.051847065036
        ]
      },
      "properties": {
        "name": "寒居酒店",
        "address": "臺北市中山區松江路116號"
      }
    },
    {
      "type": "Feature",
      "geometry": {
        "type": "Point",
        "coordinates": [
          121.606124,
          25.052749
        ]
      },
      "properties": {
        "name": "潤泰旭展股份有限公司(CITYLINK南港店)",
        "address": "臺北市南港區忠孝東路七段369號"
      }
    },
    {
      "type": "Feature",
      "geometry": {
        "type": "Point",
        "coordinates": [
          121.52418668298,
          25.084676965213
        ]
      },
      "properties": {
        "name": "臺北表演藝術中心",
        "address": "臺北市士林區劍潭路1號"
      }
    },
    {
      "type": "Feature",
      "geometry": {
        "type": "Point",
        "coordinates": [
          121.565888,
          25.040587
        ]
      },
      "properties": {
        "name": "統一百華股份有限公司(統一時代百貨公司台北店)",
        "address": "臺北市信義區忠孝東路5段8號"
      }
    },
    {
      "type": "Feature",
      "geometry": {
        "type": "Point",
        "coordinates": [
          121.50689,
          25.135921
        ]
      },
      "properties": {
        "name": "日勝生加賀屋國際溫泉飯店",
        "address": "臺北市北投區光明路236號"
      }
    },
    {
      "type": "Feature",
      "geometry": {
        "type": "Point",
        "coordinates": [
          121.52419740707,
          25.084675811826
        ]
      },
      "properties": {
        "name": "臺北表演藝術中心",
        "address": "臺北市士林區劍潭路1號"
      }
    },
    {
      "type": "Feature",
      "geometry": {
        "type": "Point",
        "coordinates": [
          121.55935,
          25.043684
        ]
      },
      "properties": {
        "name": "松山文創園區",
        "address": "臺北市信義區光復南路133號"
      }
    },
    {
      "type": "Feature",
      "geometry": {
        "type": "Point",
        "coordinates": [
          121.52417595889,
          25.084632287188
        ]
      },
      "properties": {
        "name": "臺北表演藝術中心",
        "address": "臺北市士林區劍潭路1號"
      }
    },
    {
      "type": "Feature",
      "geometry": {
        "type": "Point",
        "coordinates": [
          121.52419338553,
          25.084637629093
        ]
      },
      "properties": {
        "name": "臺北表演藝術中心",
        "address": "臺北市士林區劍潭路1號"
      }
    },
    {
      "type": "Feature",
      "geometry": {
        "type": "Point",
        "coordinates": [
          121.52417059685,
          25.084659968135
        ]
      },
      "properties": {
        "name": "臺北表演藝術中心",
        "address": "臺北市士林區劍潭路1號"
      }
    },
    {
      "type": "Feature",
      "geometry": {
        "type": "Point",
        "coordinates": [
          121.55904500128,
          25.035032888644
        ]
      },
      "properties": {
        "name": "臺北市立信義幼兒園",
        "address": "臺北市信義區基隆路一段364巷24號"
      }
    },
    {
      "type": "Feature",
      "geometry": {
        "type": "Point",
        "coordinates": [
          121.561685,
          25.033962
        ]
      },
      "properties": {
        "name": "台北世貿中心展覽大樓",
        "address": "臺北市信義區信義路5段5號"
      }
    },
    {
      "type": "Feature",
      "geometry": {
        "type": "Point",
        "coordinates": [
          121.562324,
          25.033259
        ]
      },
      "properties": {
        "name": "台北世貿中心展覽大樓",
        "address": "臺北市信義區信義路5段5號"
      }
    },
    {
      "type": "Feature",
      "geometry": {
        "type": "Point",
        "coordinates": [
          121.562245,
          25.03317
        ]
      },
      "properties": {
        "name": "台北世貿中心展覽大樓",
        "address": "臺北市信義區信義路5段5號"
      }
    },
    {
      "type": "Feature",
      "geometry": {
        "type": "Point",
        "coordinates": [
          121.562324,
          25.033259
        ]
      },
      "properties": {
        "name": "台北世貿中心展覽大樓",
        "address": "臺北市信義區信義路5段5號"
      }
    },
    {
      "type": "Feature",
      "geometry": {
        "type": "Point",
        "coordinates": [
          121.561022,
          25.03369
        ]
      },
      "properties": {
        "name": "外貿協會台北國際會議中心",
        "address": "臺北市信義區信義路5段1號"
      }
    },
    {
      "type": "Feature",
      "geometry": {
        "type": "Point",
        "coordinates": [
          121.560814,
          25.034417
        ]
      },
      "properties": {
        "name": "台北世界貿易中心國際貿易大樓",
        "address": "臺北市信義區基隆路1段333號"
      }
    },
    {
      "type": "Feature",
      "geometry": {
        "type": "Point",
        "coordinates": [
          121.53671,
          25.067887
        ]
      },
      "properties": {
        "name": "臺北農產運銷股份有限公司",
        "address": "臺北市中山區民族東路336號"
      }
    },
    {
      "type": "Feature",
      "geometry": {
        "type": "Point",
        "coordinates": [
          121.496902,
          25.016648
        ]
      },
      "properties": {
        "name": "臺北農產運銷股份有限公司(第一果菜批發市場)",
        "address": "臺北市萬華區萬大路533號"
      }
    },
    {
      "type": "Feature",
      "geometry": {
        "type": "Point",
        "coordinates": [
          121.517719,
          25.052264
        ]
      },
      "properties": {
        "name": "Curves女性專用30分鐘健身中心捷運中山店",
        "address": "臺北市大同區承德路一段77-1號"
      }
    },
    {
      "type": "Feature",
      "geometry": {
        "type": "Point",
        "coordinates": [
          121.506498,
          25.045226
        ]
      },
      "properties": {
        "name": "香港商世界健身事業有限公司西門分公司",
        "address": "臺北市萬華區西寧南路36號"
      }
    },
    {
      "type": "Feature",
      "geometry": {
        "type": "Point",
        "coordinates": [
          121.51584,
          25.046387
        ]
      },
      "properties": {
        "name": "香港商世界健身事業有限公司台北分公司",
        "address": "臺北市中正區忠孝西路1段50號"
      }
    },
    {
      "type": "Feature",
      "geometry": {
        "type": "Point",
        "coordinates": [
          121.565783,
          25.032515
        ]
      },
      "properties": {
        "name": "信義房屋股份有限公司",
        "address": "臺北市信義區信義路五段100號"
      }
    },
    {
      "type": "Feature",
      "geometry": {
        "type": "Point",
        "coordinates": [
          121.575896,
          25.062902
        ]
      },
      "properties": {
        "name": "大潤發流通事業股份有限公司南湖分公司",
        "address": "臺北市內湖區舊宗路1段188號"
      }
    },
    {
      "type": "Feature",
      "geometry": {
        "type": "Point",
        "coordinates": [
          121.611276,
          25.070238
        ]
      },
      "properties": {
        "name": "香港商世界健身事業有限公司內湖分公司",
        "address": "臺北市內湖區康寧路3段72號"
      }
    },
    {
      "type": "Feature",
      "geometry": {
        "type": "Point",
        "coordinates": [
          121.542555,
          25.046873
        ]
      },
      "properties": {
        "name": "潤泰創新國際股份有限公司中崙分公司",
        "address": "臺北市中山區八德路二段306號"
      }
    },
    {
      "type": "Feature",
      "geometry": {
        "type": "Point",
        "coordinates": [
          121.61156320146,
          25.052330139593
        ]
      },
      "properties": {
        "name": "洛碁大飯店南港館",
        "address": "臺北市南港區忠孝東路七段528號"
      }
    },
    {
      "type": "Feature",
      "geometry": {
        "type": "Point",
        "coordinates": [
          121.53735928613,
          25.051781378637
        ]
      },
      "properties": {
        "name": "洛碁大飯店南京館",
        "address": "臺北市中山區南京東路三段8號"
      }
    },
    {
      "type": "Feature",
      "geometry": {
        "type": "Point",
        "coordinates": [
          121.547572,
          25.057461
        ]
      },
      "properties": {
        "name": "京庚健康世界股份有限公司民生分公司",
        "address": "臺北市松山區民生東路3段156號"
      }
    },
    {
      "type": "Feature",
      "geometry": {
        "type": "Point",
        "coordinates": [
          121.51909981431,
          25.042789601129
        ]
      },
      "properties": {
        "name": "教育部",
        "address": "臺北市中正區中山南路5號"
      }
    },
    {
      "type": "Feature",
      "geometry": {
        "type": "Point",
        "coordinates": [
          121.50686111206,
          25.036441562533
        ]
      },
      "properties": {
        "name": "台北花園大酒店股份有限公司",
        "address": "臺北市中正區中華路二段1號"
      }
    },
    {
      "type": "Feature",
      "geometry": {
        "type": "Point",
        "coordinates": [
          121.624862988,
          25.034035913817
        ]
      },
      "properties": {
        "name": "臺北市政府環境保護局山豬窟游泳池館",
        "address": "臺北市南港區舊莊街一段290巷32號"
      }
    },
    {
      "type": "Feature",
      "geometry": {
        "type": "Point",
        "coordinates": [
          121.5437670375,
          25.101585826486
        ]
      },
      "properties": {
        "name": "臺北市至善老人安養護中心",
        "address": "臺北市士林區仰德大道二段二巷50號"
      }
    },
    {
      "type": "Feature",
      "geometry": {
        "type": "Point",
        "coordinates": [
          121.57529372995,
          25.00032507923
        ]
      },
      "properties": {
        "name": "博嘉運動公園",
        "address": "臺北市文山區木柵路4段159巷16號"
      }
    },
    {
      "type": "Feature",
      "geometry": {
        "type": "Point",
        "coordinates": [
          121.52200462409,
          25.027218786995
        ]
      },
      "properties": {
        "name": "TutorABC  麥奇數位股份有限公司",
        "address": "臺北市中正區和平西路一段3號"
      }
    },
    {
      "type": "Feature",
      "geometry": {
        "type": "Point",
        "coordinates": [
          121.526814,
          25.112934
        ]
      },
      "properties": {
        "name": "臺北市士林區士東國民小學",
        "address": "臺北市士林區中山北路六段392號"
      }
    },
    {
      "type": "Feature",
      "geometry": {
        "type": "Point",
        "coordinates": [
          121.53419,
          25.014576
        ]
      },
      "properties": {
        "name": "Curves女性專用30分鐘健身中心台大公館店",
        "address": "臺北市中正區羅斯福路4段64號"
      }
    },
    {
      "type": "Feature",
      "geometry": {
        "type": "Point",
        "coordinates": [
          121.618022,
          25.056911
        ]
      },
      "properties": {
        "name": "臺北南港展覽館1館",
        "address": "臺北市南港區經貿二路1號"
      }
    },
    {
      "type": "Feature",
      "geometry": {
        "type": "Point",
        "coordinates": [
          121.618175,
          25.056902
        ]
      },
      "properties": {
        "name": "臺北南港展覽館1館",
        "address": "臺北市南港區經貿二路1號"
      }
    },
    {
      "type": "Feature",
      "geometry": {
        "type": "Point",
        "coordinates": [
          121.575896,
          25.062902
        ]
      },
      "properties": {
        "name": "大潤發流通事業股份有限公司南湖分公司",
        "address": "臺北市內湖區舊宗路1段188號"
      }
    },
    {
      "type": "Feature",
      "geometry": {
        "type": "Point",
        "coordinates": [
          121.505259,
          25.044067
        ]
      },
      "properties": {
        "name": "西門就業服務站",
        "address": "臺北市萬華區峨嵋街81號"
      }
    },
    {
      "type": "Feature",
      "geometry": {
        "type": "Point",
        "coordinates": [
          121.565037,
          25.050314
        ]
      },
      "properties": {
        "name": "統一大樓管理委員會",
        "address": "臺北市松山區東興路8號"
      }
    },
    {
      "type": "Feature",
      "geometry": {
        "type": "Point",
        "coordinates": [
          121.471255,
          25.108098
        ]
      },
      "properties": {
        "name": "台北海洋科技大學",
        "address": "臺北市士林區延平北路9段212號"
      }
    },
    {
      "type": "Feature",
      "geometry": {
        "type": "Point",
        "coordinates": [
          121.57996,
          24.984837
        ]
      },
      "properties": {
        "name": "國立政治大學附設實驗國民小學",
        "address": "臺北市文山區指南路三段12號"
      }
    },
    {
      "type": "Feature",
      "geometry": {
        "type": "Point",
        "coordinates": [
          121.605294,
          25.083426
        ]
      },
      "properties": {
        "name": "慈濟內湖聯絡處環保站",
        "address": "臺北市內湖區成功路5段168號"
      }
    },
    {
      "type": "Feature",
      "geometry": {
        "type": "Point",
        "coordinates": [
          121.605294,
          25.083426
        ]
      },
      "properties": {
        "name": "慈濟內湖聯絡處人文館",
        "address": "臺北市內湖區成功路5段168號"
      }
    },
    {
      "type": "Feature",
      "geometry": {
        "type": "Point",
        "coordinates": [
          121.52818518099,
          25.092375397763
        ]
      },
      "properties": {
        "name": "悅庭牙醫診所",
        "address": "臺北市士林區中山北路五段472號"
      }
    },
    {
      "type": "Feature",
      "geometry": {
        "type": "Point",
        "coordinates": [
          121.51333,
          25.037044
        ]
      },
      "properties": {
        "name": "臺北市立大學博愛校區",
        "address": "臺北市中正區愛國西路1號"
      }
    },
    {
      "type": "Feature",
      "geometry": {
        "type": "Point",
        "coordinates": [
          121.504789,
          25.025995
        ]
      },
      "properties": {
        "name": "Curves女性專用30分鐘健身中心萬華青年公園店",
        "address": "臺北市萬華區青年路30巷2-3號"
      }
    },
    {
      "type": "Feature",
      "geometry": {
        "type": "Point",
        "coordinates": [
          121.562251,
          25.038463
        ]
      },
      "properties": {
        "name": "臺北市議會",
        "address": "臺北市信義區仁愛路4段507號"
      }
    },
    {
      "type": "Feature",
      "geometry": {
        "type": "Point",
        "coordinates": [
          121.509748,
          25.040388
        ]
      },
      "properties": {
        "name": "最高法院第二辦公室寶慶院區",
        "address": "臺北市中正區長沙街一段27號"
      }
    },
    {
      "type": "Feature",
      "geometry": {
        "type": "Point",
        "coordinates": [
          121.516602,
          25.095757
        ]
      },
      "properties": {
        "name": "國立臺灣科學教育館",
        "address": "臺北市士林區士商路189號"
      }
    },
    {
      "type": "Feature",
      "geometry": {
        "type": "Point",
        "coordinates": [
          121.537984,
          25.052245
        ]
      },
      "properties": {
        "name": "凱羅斯健康有限公司（練健康)",
        "address": "臺北市中山區南京東路三段29號"
      }
    },
    {
      "type": "Feature",
      "geometry": {
        "type": "Point",
        "coordinates": [
          121.61369,
          25.052606
        ]
      },
      "properties": {
        "name": "國家文官學院",
        "address": "臺北市南港區忠孝東路7段576號"
      }
    },
    {
      "type": "Feature",
      "geometry": {
        "type": "Point",
        "coordinates": [
          121.548432,
          25.039435
        ]
      },
      "properties": {
        "name": "臺北市私立復興實驗高級中學",
        "address": "臺北市大安區敦化南路一段262號"
      }
    },
    {
      "type": "Feature",
      "geometry": {
        "type": "Point",
        "coordinates": [
          121.566075,
          25.035666
        ]
      },
      "properties": {
        "name": "吸引力生活事業股份有限公司 ATT 4 FUN",
        "address": "臺北市信義區松壽路12號"
      }
    },
    {
      "type": "Feature",
      "geometry": {
        "type": "Point",
        "coordinates": [
          121.49689,
          25.133393
        ]
      },
      "properties": {
        "name": "幼華學校財團法人臺北市幼華高級中等學校",
        "address": "臺北市北投區北投路二段55號"
      }
    },
    {
      "type": "Feature",
      "geometry": {
        "type": "Point",
        "coordinates": [
          121.512074,
          25.032293
        ]
      },
      "properties": {
        "name": "國立臺灣藝術教育館",
        "address": "臺北市中正區南海路43號"
      }
    },
    {
      "type": "Feature",
      "geometry": {
        "type": "Point",
        "coordinates": [
          121.5474971957,
          25.024849653375
        ]
      },
      "properties": {
        "name": "臺灣土地銀行和平分行",
        "address": "臺北市大安區和平東路三段15號"
      }
    },
    {
      "type": "Feature",
      "geometry": {
        "type": "Point",
        "coordinates": [
          121.549282,
          25.026612
        ]
      },
      "properties": {
        "name": "鼎鼎大飯店股份有限公司(香格里拉台北遠東國際大飯店)",
        "address": "臺北市大安區敦化南路二段201號"
      }
    },
    {
      "type": "Feature",
      "geometry": {
        "type": "Point",
        "coordinates": [
          121.557863,
          25.08324
        ]
      },
      "properties": {
        "name": "美麗華大直影城",
        "address": "臺北市中山區敬業三路22號"
      }
    },
    {
      "type": "Feature",
      "geometry": {
        "type": "Point",
        "coordinates": [
          121.5307463,
          25.0143914
        ]
      },
      "properties": {
        "name": "管家婆科技股份有限公司(禮客時尚館公館店)",
        "address": "臺北市中正區思源街16號"
      }
    },
    {
      "type": "Feature",
      "geometry": {
        "type": "Point",
        "coordinates": [
          121.57476,
          25.064243
        ]
      },
      "properties": {
        "name": "禮客Outlet內湖一館",
        "address": "臺北市內湖區民善街205號"
      }
    },
    {
      "type": "Feature",
      "geometry": {
        "type": "Point",
        "coordinates": [
          121.529829,
          25.016476
        ]
      },
      "properties": {
        "name": "三軍總醫院汀州院區",
        "address": "臺北市中正區汀州路三段40號"
      }
    },
    {
      "type": "Feature",
      "geometry": {
        "type": "Point",
        "coordinates": [
          121.529835,
          25.016364
        ]
      },
      "properties": {
        "name": "三軍總醫院汀州院區",
        "address": "臺北市中正區汀州路三段40號"
      }
    },
    {
      "type": "Feature",
      "geometry": {
        "type": "Point",
        "coordinates": [
          121.529158,
          25.016783
        ]
      },
      "properties": {
        "name": "三軍總醫院汀州院區",
        "address": "臺北市中正區汀州路三段40號"
      }
    },
    {
      "type": "Feature",
      "geometry": {
        "type": "Point",
        "coordinates": [
          121.523674,
          25.067245
        ]
      },
      "properties": {
        "name": "大同大學",
        "address": "臺北市中山區中山北路3段40號"
      }
    },
    {
      "type": "Feature",
      "geometry": {
        "type": "Point",
        "coordinates": [
          121.577742,
          25.051054
        ]
      },
      "properties": {
        "name": "財團法人台北市松山慈祐宮",
        "address": "臺北市松山區八德路4段761號"
      }
    },
    {
      "type": "Feature",
      "geometry": {
        "type": "Point",
        "coordinates": [
          121.587484,
          25.03652
        ]
      },
      "properties": {
        "name": "松山慈惠堂",
        "address": "臺北市信義區福德街251巷33號"
      }
    },
    {
      "type": "Feature",
      "geometry": {
        "type": "Point",
        "coordinates": [
          121.52991387585,
          25.116980629868
        ]
      },
      "properties": {
        "name": "台北美國學校",
        "address": "臺北市士林區11152 中山北路六段 800號"
      }
    },
    {
      "type": "Feature",
      "geometry": {
        "type": "Point",
        "coordinates": [
          121.52925401883,
          25.116358284909
        ]
      },
      "properties": {
        "name": "台北美國學校",
        "address": "臺北市士林區11152 中山北路六段 800號"
      }
    },
    {
      "type": "Feature",
      "geometry": {
        "type": "Point",
        "coordinates": [
          121.51031,
          25.137711
        ]
      },
      "properties": {
        "name": "彩色人生興業股份有限公司(三二行館)",
        "address": "臺北市北投區中山路32號"
      }
    },
    {
      "type": "Feature",
      "geometry": {
        "type": "Point",
        "coordinates": [
          121.510468,
          25.137714
        ]
      },
      "properties": {
        "name": "彩色人生興業股份有限公司(三二行館)",
        "address": "臺北市北投區中山路32號"
      }
    },
    {
      "type": "Feature",
      "geometry": {
        "type": "Point",
        "coordinates": [
          121.561213,
          25.047712
        ]
      },
      "properties": {
        "name": "台北偶戲館",
        "address": "臺北市松山區市民大道五段99號"
      }
    },
    {
      "type": "Feature",
      "geometry": {
        "type": "Point",
        "coordinates": [
          121.558914,
          25.000625
        ]
      },
      "properties": {
        "name": "臺北市立萬芳高級中學",
        "address": "臺北市文山區興隆路3段115巷1號"
      }
    },
    {
      "type": "Feature",
      "geometry": {
        "type": "Point",
        "coordinates": [
          121.55142,
          25.001586
        ]
      },
      "properties": {
        "name": "臺北市文山區戶政事務所（景美辦事處） ",
        "address": "臺北市文山區興隆路二段160號"
      }
    },
    {
      "type": "Feature",
      "geometry": {
        "type": "Point",
        "coordinates": [
          121.606781,
          25.054514
        ]
      },
      "properties": {
        "name": "臺北市南港區公所",
        "address": "臺北市南港區南港路1段360號"
      }
    },
    {
      "type": "Feature",
      "geometry": {
        "type": "Point",
        "coordinates": [
          121.575688,
          25.081617
        ]
      },
      "properties": {
        "name": "臺北市立麗山國民中學",
        "address": "臺北市內湖區內湖路一段629巷42號"
      }
    },
    {
      "type": "Feature",
      "geometry": {
        "type": "Point",
        "coordinates": [
          121.588885,
          25.069283
        ]
      },
      "properties": {
        "name": "臺北市內湖區公所",
        "address": "臺北市內湖區民權東路六段99號"
      }
    },
    {
      "type": "Feature",
      "geometry": {
        "type": "Point",
        "coordinates": [
          121.565588,
          25.043646
        ]
      },
      "properties": {
        "name": "臺北市立松山高級中學",
        "address": "臺北市信義區基隆路一段156號"
      }
    },
    {
      "type": "Feature",
      "geometry": {
        "type": "Point",
        "coordinates": [
          121.515106,
          25.066061
        ]
      },
      "properties": {
        "name": "臺北市大同區戶政事務所",
        "address": "臺北市大同區昌吉街57號"
      }
    },
    {
      "type": "Feature",
      "geometry": {
        "type": "Point",
        "coordinates": [
          121.515106,
          25.066061
        ]
      },
      "properties": {
        "name": "臺北市大同區公所",
        "address": "臺北市大同區昌吉街57號"
      }
    },
    {
      "type": "Feature",
      "geometry": {
        "type": "Point",
        "coordinates": [
          121.516262,
          25.065265
        ]
      },
      "properties": {
        "name": "臺北市大同運動中心",
        "address": "臺北市大同區大龍街51號"
      }
    },
    {
      "type": "Feature",
      "geometry": {
        "type": "Point",
        "coordinates": [
          121.57726,
          25.049849
        ]
      },
      "properties": {
        "name": "臺北市松山區戶政事務所",
        "address": "臺北市松山區八德路4段692號"
      }
    },
    {
      "type": "Feature",
      "geometry": {
        "type": "Point",
        "coordinates": [
          121.58184,
          25.048938
        ]
      },
      "properties": {
        "name": "臺北市南港運動中心",
        "address": "臺北市南港區玉成街69號"
      }
    },
    {
      "type": "Feature",
      "geometry": {
        "type": "Point",
        "coordinates": [
          121.577126,
          25.049768
        ]
      },
      "properties": {
        "name": "臺北市松山區公所",
        "address": "臺北市松山區八德路4段692號"
      }
    },
    {
      "type": "Feature",
      "geometry": {
        "type": "Point",
        "coordinates": [
          121.511306,
          25.062724
        ]
      },
      "properties": {
        "name": "臺北市寧夏商圈發展協會",
        "address": "臺北市大同區位於民生西路至南京西路間。"
      }
    },
    {
      "type": "Feature",
      "geometry": {
        "type": "Point",
        "coordinates": [
          121.56676688738,
          25.031865411221
        ]
      },
      "properties": {
        "name": "臺北市信義運動中心",
        "address": "臺北市信義區松勤街100號"
      }
    },
    {
      "type": "Feature",
      "geometry": {
        "type": "Point",
        "coordinates": [
          121.534511,
          25.02642
        ]
      },
      "properties": {
        "name": "臺北市大安區戶政事務所",
        "address": "臺北市大安區新生南路二段86號"
      }
    },
    {
      "type": "Feature",
      "geometry": {
        "type": "Point",
        "coordinates": [
          121.524689,
          25.044253
        ]
      },
      "properties": {
        "name": "臺北市中正區戶政事務所",
        "address": "臺北市中正區忠孝東路一段108號"
      }
    },
    {
      "type": "Feature",
      "geometry": {
        "type": "Point",
        "coordinates": [
          121.524604,
          25.044353
        ]
      },
      "properties": {
        "name": "臺北市中正區公所",
        "address": "臺北市中正區忠孝東路一段108號"
      }
    },
    {
      "type": "Feature",
      "geometry": {
        "type": "Point",
        "coordinates": [
          121.534511,
          25.02642
        ]
      },
      "properties": {
        "name": "臺北市大安區公所",
        "address": "臺北市大安區新生南路2段86號"
      }
    },
    {
      "type": "Feature",
      "geometry": {
        "type": "Point",
        "coordinates": [
          121.54336,
          25.032033
        ]
      },
      "properties": {
        "name": "臺北市立大安高級工業職業學校",
        "address": "臺北市大安區復興南路2段52號"
      }
    },
    {
      "type": "Feature",
      "geometry": {
        "type": "Point",
        "coordinates": [
          121.573763,
          24.985078
        ]
      },
      "properties": {
        "name": "國立政治大學",
        "address": "臺北市文山區指南路2段64號"
      }
    },
    {
      "type": "Feature",
      "geometry": {
        "type": "Point",
        "coordinates": [
          121.569994,
          24.989566
        ]
      },
      "properties": {
        "name": "臺北市文山區公所",
        "address": "臺北市文山區木柵路3段220號"
      }
    },
    {
      "type": "Feature",
      "geometry": {
        "type": "Point",
        "coordinates": [
          121.559673,
          24.997017
        ]
      },
      "properties": {
        "name": "臺北市文山運動中心",
        "address": "臺北市文山區興隆路三段222號"
      }
    },
    {
      "type": "Feature",
      "geometry": {
        "type": "Point",
        "coordinates": [
          121.561191,
          25.048712
        ]
      },
      "properties": {
        "name": "臺北市立中崙高級中學",
        "address": "臺北市松山區八德路四段101號"
      }
    },
    {
      "type": "Feature",
      "geometry": {
        "type": "Point",
        "coordinates": [
          121.53023562701,
          25.116710060664
        ]
      },
      "properties": {
        "name": "台北美國學校",
        "address": "臺北市士林區11152 中山北路六段 800號"
      }
    },
    {
      "type": "Feature",
      "geometry": {
        "type": "Point",
        "coordinates": [
          121.52993267153,
          25.115946565922
        ]
      },
      "properties": {
        "name": "台北美國學校",
        "address": "臺北市士林區11152 中山北路六段 800號"
      }
    },
    {
      "type": "Feature",
      "geometry": {
        "type": "Point",
        "coordinates": [
          121.52955732845,
          25.11514342909
        ]
      },
      "properties": {
        "name": "台北美國學校",
        "address": "臺北市士林區11152 中山北路六段 800號"
      }
    },
    {
      "type": "Feature",
      "geometry": {
        "type": "Point",
        "coordinates": [
          121.5296484832,
          25.116813837017
        ]
      },
      "properties": {
        "name": "台北美國學校",
        "address": "臺北市士林區11152 中山北路六段 800號"
      }
    },
    {
      "type": "Feature",
      "geometry": {
        "type": "Point",
        "coordinates": [
          121.52913597543,
          25.116003626793
        ]
      },
      "properties": {
        "name": "台北美國學校",
        "address": "臺北市士林區11152 中山北路六段 800號"
      }
    },
    {
      "type": "Feature",
      "geometry": {
        "type": "Point",
        "coordinates": [
          121.52998160445,
          25.116240498652
        ]
      },
      "properties": {
        "name": "台北美國學校",
        "address": "臺北市士林區11152 中山北路六段 800號"
      }
    },
    {
      "type": "Feature",
      "geometry": {
        "type": "Point",
        "coordinates": [
          121.539728,
          25.049685
        ]
      },
      "properties": {
        "name": "教育部體育署",
        "address": "臺北市中山區朱崙街20號"
      }
    },
    {
      "type": "Feature",
      "geometry": {
        "type": "Point",
        "coordinates": [
          121.501998,
          25.143721
        ]
      },
      "properties": {
        "name": "臺北市立復興高級中學",
        "address": "臺北市北投區復興四路70號"
      }
    },
    {
      "type": "Feature",
      "geometry": {
        "type": "Point",
        "coordinates": [
          121.540411,
          25.033674
        ]
      },
      "properties": {
        "name": "國立臺灣師範大學附屬高中",
        "address": "臺北市大安區信義路三段143號"
      }
    },
    {
      "type": "Feature",
      "geometry": {
        "type": "Point",
        "coordinates": [
          121.50674,
          25.047075
        ]
      },
      "properties": {
        "name": "臺北市萬華運動中心",
        "address": "臺北市萬華區西寧南路6-1號"
      }
    },
    {
      "type": "Feature",
      "geometry": {
        "type": "Point",
        "coordinates": [
          121.58290622848,
          25.037908975556
        ]
      },
      "properties": {
        "name": "臺北市信義區公所",
        "address": "臺北市信義區福德街86號"
      }
    },
    {
      "type": "Feature",
      "geometry": {
        "type": "Point",
        "coordinates": [
          121.551034,
          25.049461
        ]
      },
      "properties": {
        "name": "臺北體育園區田徑場",
        "address": "臺北市松山區敦化北路3號"
      }
    },
    {
      "type": "Feature",
      "geometry": {
        "type": "Point",
        "coordinates": [
          121.547793,
          25.030721
        ]
      },
      "properties": {
        "name": "臺北市立大安國民中學",
        "address": "臺北市大安區四維路156號"
      }
    },
    {
      "type": "Feature",
      "geometry": {
        "type": "Point",
        "coordinates": [
          121.57452501897,
          25.029123825994
        ]
      },
      "properties": {
        "name": "臺北市立聯合醫院松德院區",
        "address": "臺北市信義區松德路309號"
      }
    },
    {
      "type": "Feature",
      "geometry": {
        "type": "Point",
        "coordinates": [
          121.610643,
          25.07062
        ]
      },
      "properties": {
        "name": "臺北市立明湖國民中學",
        "address": "臺北市內湖區康寧路3段60號"
      }
    },
    {
      "type": "Feature",
      "geometry": {
        "type": "Point",
        "coordinates": [
          121.552094,
          25.051292
        ]
      },
      "properties": {
        "name": "臺北體育館羽球場",
        "address": "臺北市松山區南京東路4段10號"
      }
    },
    {
      "type": "Feature",
      "geometry": {
        "type": "Point",
        "coordinates": [
          121.509762,
          25.116473
        ]
      },
      "properties": {
        "name": "臺北市北投運動中心",
        "address": "臺北市北投區石牌路1段39巷100號"
      }
    },
    {
      "type": "Feature",
      "geometry": {
        "type": "Point",
        "coordinates": [
          121.502615,
          25.132673
        ]
      },
      "properties": {
        "name": "臺北市北投區公所",
        "address": "臺北市北投區新市街30號"
      }
    },
    {
      "type": "Feature",
      "geometry": {
        "type": "Point",
        "coordinates": [
          121.552094,
          25.051292
        ]
      },
      "properties": {
        "name": "臺北市政府體育局體育行政樓",
        "address": "臺北市松山區南京東路4段10號"
      }
    },
    {
      "type": "Feature",
      "geometry": {
        "type": "Point",
        "coordinates": [
          121.549977,
          25.048645
        ]
      },
      "properties": {
        "name": "臺北巿松山運動中心",
        "address": "臺北市松山區敦化北路1號"
      }
    },
    {
      "type": "Feature",
      "geometry": {
        "type": "Point",
        "coordinates": [
          121.572044,
          25.039727
        ]
      },
      "properties": {
        "name": "臺北市立松山高級工農職業學校",
        "address": "臺北市信義區忠孝東路5段236巷15號"
      }
    },
    {
      "type": "Feature",
      "geometry": {
        "type": "Point",
        "coordinates": [
          121.595757,
          25.073112
        ]
      },
      "properties": {
        "name": "三軍總醫院",
        "address": "臺北市內湖區成功路二段325號"
      }
    },
    {
      "type": "Feature",
      "geometry": {
        "type": "Point",
        "coordinates": [
          121.531212,
          25.104846
        ]
      },
      "properties": {
        "name": "臺北市立聯合醫院陽明院區",
        "address": "臺北市士林區雨聲街105號"
      }
    },
    {
      "type": "Feature",
      "geometry": {
        "type": "Point",
        "coordinates": [
          121.574525,
          25.062877
        ]
      },
      "properties": {
        "name": "臺北市花卉批發市場",
        "address": "臺北市內湖區新湖三路28號"
      }
    },
    {
      "type": "Feature",
      "geometry": {
        "type": "Point",
        "coordinates": [
          121.55628,
          25.056421
        ]
      },
      "properties": {
        "name": "臺北巿立介壽國民中學",
        "address": "臺北市松山區延壽街401號"
      }
    },
    {
      "type": "Feature",
      "geometry": {
        "type": "Point",
        "coordinates": [
          121.53347476715,
          25.06444097523
        ]
      },
      "properties": {
        "name": "臺北市中山區公所",
        "address": "臺北市中山區松江路367號"
      }
    },
    {
      "type": "Feature",
      "geometry": {
        "type": "Point",
        "coordinates": [
          121.513103,
          25.038561
        ]
      },
      "properties": {
        "name": "臺北市立第一女子高級中學",
        "address": "臺北市中正區重慶南路一段165號"
      }
    },
    {
      "type": "Feature",
      "geometry": {
        "type": "Point",
        "coordinates": [
          121.489814,
          25.029942
        ]
      },
      "properties": {
        "name": "臺北市公有環南市場 ",
        "address": "臺北市萬華區環河南路二段245號"
      }
    },
    {
      "type": "Feature",
      "geometry": {
        "type": "Point",
        "coordinates": [
          121.519559,
          25.092762
        ]
      },
      "properties": {
        "name": "臺北市士林區公所",
        "address": "臺北市士林區中正路439號"
      }
    },
    {
      "type": "Feature",
      "geometry": {
        "type": "Point",
        "coordinates": [
          121.534265,
          25.053519
        ]
      },
      "properties": {
        "name": "臺北市公有建國市場",
        "address": "臺北市中山區伊通街94號"
      }
    },
    {
      "type": "Feature",
      "geometry": {
        "type": "Point",
        "coordinates": [
          121.495453,
          25.034614
        ]
      },
      "properties": {
        "name": "財團法人台北市私立愛愛院",
        "address": "臺北市萬華區大理街175巷27號"
      }
    },
    {
      "type": "Feature",
      "geometry": {
        "type": "Point",
        "coordinates": [
          121.586573,
          25.081552
        ]
      },
      "properties": {
        "name": "國立臺灣戲曲學院-內湖校區",
        "address": "臺北市內湖區內湖路2段177號"
      }
    },
    {
      "type": "Feature",
      "geometry": {
        "type": "Point",
        "coordinates": [
          121.59205,
          25.071761
        ]
      },
      "properties": {
        "name": "三軍總醫院",
        "address": "臺北市內湖區成功路二段325號"
      }
    },
    {
      "type": "Feature",
      "geometry": {
        "type": "Point",
        "coordinates": [
          121.565931,
          25.055006
        ]
      },
      "properties": {
        "name": "臺北市立西松高級中學",
        "address": "臺北市松山區健康路325巷7號"
      }
    },
    {
      "type": "Feature",
      "geometry": {
        "type": "Point",
        "coordinates": [
          121.499888,
          25.035002
        ]
      },
      "properties": {
        "name": "臺北市萬華區戶政事務所",
        "address": "臺北市萬華區和平西路三段120號"
      }
    },
    {
      "type": "Feature",
      "geometry": {
        "type": "Point",
        "coordinates": [
          121.535161,
          25.054911
        ]
      },
      "properties": {
        "name": "臺北市立大同高級中學",
        "address": "臺北市中山區長春路167號"
      }
    },
    {
      "type": "Feature",
      "geometry": {
        "type": "Point",
        "coordinates": [
          121.593182,
          25.071455
        ]
      },
      "properties": {
        "name": "三軍總醫院",
        "address": "臺北市內湖區成功路二段325號"
      }
    },
    {
      "type": "Feature",
      "geometry": {
        "type": "Point",
        "coordinates": [
          121.566725,
          25.055381
        ]
      },
      "properties": {
        "name": "臺北市立西松高級中學",
        "address": "臺北市松山區健康路325巷7號"
      }
    },
    {
      "type": "Feature",
      "geometry": {
        "type": "Point",
        "coordinates": [
          121.59316898259,
          25.07121252858
        ]
      },
      "properties": {
        "name": "三軍總醫院",
        "address": "臺北市內湖區成功路二段325號"
      }
    },
    {
      "type": "Feature",
      "geometry": {
        "type": "Point",
        "coordinates": [
          121.519378,
          25.076139
        ]
      },
      "properties": {
        "name": "臺北市立明倫高級中學",
        "address": "臺北市大同區承德路3段336號"
      }
    },
    {
      "type": "Feature",
      "geometry": {
        "type": "Point",
        "coordinates": [
          121.498361,
          25.037647
        ]
      },
      "properties": {
        "name": "華西街臨時攤販集中場",
        "address": "臺北市萬華區華西街，位於廣州街至西園路一段72巷口"
      }
    },
    {
      "type": "Feature",
      "geometry": {
        "type": "Point",
        "coordinates": [
          121.496058,
          25.028594
        ]
      },
      "properties": {
        "name": "臺北市立華江高級中學",
        "address": "臺北市萬華區西藏路213號"
      }
    },
    {
      "type": "Feature",
      "geometry": {
        "type": "Point",
        "coordinates": [
          121.511082,
          25.031331
        ]
      },
      "properties": {
        "name": "臺北市立建國高級中學",
        "address": "臺北市中正區南海路56號"
      }
    },
    {
      "type": "Feature",
      "geometry": {
        "type": "Point",
        "coordinates": [
          121.565695,
          25.085027
        ]
      },
      "properties": {
        "name": "臺北市立西湖國民中學",
        "address": "臺北市內湖區環山路一段27號"
      }
    },
    {
      "type": "Feature",
      "geometry": {
        "type": "Point",
        "coordinates": [
          121.497642,
          25.023174
        ]
      },
      "properties": {
        "name": "臺北市立聯合醫院附設萬華門診部",
        "address": "臺北市萬華區東園街152號"
      }
    },
    {
      "type": "Feature",
      "geometry": {
        "type": "Point",
        "coordinates": [
          121.535198,
          25.055031
        ]
      },
      "properties": {
        "name": "臺北市立大同高級中學",
        "address": "臺北市中山區長春路167號"
      }
    },
    {
      "type": "Feature",
      "geometry": {
        "type": "Point",
        "coordinates": [
          121.59419,
          25.070782
        ]
      },
      "properties": {
        "name": "三軍總醫院",
        "address": "臺北市內湖區成功路二段325號"
      }
    },
    {
      "type": "Feature",
      "geometry": {
        "type": "Point",
        "coordinates": [
          121.533456,
          25.064408
        ]
      },
      "properties": {
        "name": "臺北市中山區戶政事務所",
        "address": "臺北市中山區松江路367號"
      }
    },
    {
      "type": "Feature",
      "geometry": {
        "type": "Point",
        "coordinates": [
          121.566231,
          24.986627
        ]
      },
      "properties": {
        "name": "國立臺灣戲曲學院-木柵校區",
        "address": "臺北市文山區木柵路三段66巷8之1號"
      }
    },
    {
      "type": "Feature",
      "geometry": {
        "type": "Point",
        "coordinates": [
          121.59069,
          25.071151
        ]
      },
      "properties": {
        "name": "三軍總醫院",
        "address": "臺北市內湖區成功路二段325號"
      }
    },
    {
      "type": "Feature",
      "geometry": {
        "type": "Point",
        "coordinates": [
          121.512152,
          25.0312
        ]
      },
      "properties": {
        "name": "臺北市立建國高級中學",
        "address": "臺北市中正區南海路56號"
      }
    },
    {
      "type": "Feature",
      "geometry": {
        "type": "Point",
        "coordinates": [
          121.579868,
          25.035625
        ]
      },
      "properties": {
        "name": "臺北市立松山高級商業家事職業學校",
        "address": "臺北市信義區松山路655號"
      }
    },
    {
      "type": "Feature",
      "geometry": {
        "type": "Point",
        "coordinates": [
          121.592836,
          25.072155
        ]
      },
      "properties": {
        "name": "三軍總醫院",
        "address": "臺北市內湖區成功路二段325號"
      }
    },
    {
      "type": "Feature",
      "geometry": {
        "type": "Point",
        "coordinates": [
          121.499888,
          25.035002
        ]
      },
      "properties": {
        "name": "臺北市萬華區公所",
        "address": "臺北市萬華區和平西路3段120號"
      }
    },
    {
      "type": "Feature",
      "geometry": {
        "type": "Point",
        "coordinates": [
          121.540847,
          25.04015
        ]
      },
      "properties": {
        "name": "臺北市立懷生國民中學",
        "address": "臺北市大安區忠孝東路3段248巷30號"
      }
    },
    {
      "type": "Feature",
      "geometry": {
        "type": "Point",
        "coordinates": [
          121.569156,
          25.032515
        ]
      },
      "properties": {
        "name": "新光信義傑仕堡",
        "address": "臺北市信義區信義路5段126-128號"
      }
    },
    {
      "type": "Feature",
      "geometry": {
        "type": "Point",
        "coordinates": [
          121.546662,
          25.155336
        ]
      },
      "properties": {
        "name": "內政部國家公園署陽明山國家公園管理處遊客中心",
        "address": "臺北市北投區竹子湖路1-20號"
      }
    },
    {
      "type": "Feature",
      "geometry": {
        "type": "Point",
        "coordinates": [
          121.546896,
          25.176434
        ]
      },
      "properties": {
        "name": "陽明山國家公園小油坑遊客服務站",
        "address": "臺北市北投區竹子湖路69號"
      }
    },
    {
      "type": "Feature",
      "geometry": {
        "type": "Point",
        "coordinates": [
          121.574182,
          25.167212
        ]
      },
      "properties": {
        "name": "內政部國家公園署陽明山國家公園管理處-擎天崗遊客服務站",
        "address": "臺北市士林區菁山路101巷246號"
      }
    },
    {
      "type": "Feature",
      "geometry": {
        "type": "Point",
        "coordinates": [
          121.56392508877,
          25.165525929191
        ]
      },
      "properties": {
        "name": "陽明山國家公園冷水坑遊客服務站",
        "address": "臺北市士林區菁山路101巷170號"
      }
    },
    {
      "type": "Feature",
      "geometry": {
        "type": "Point",
        "coordinates": [
          121.550227,
          25.063749
        ]
      },
      "properties": {
        "name": "交通部民用航空局臺北國際航空站(松山機場)",
        "address": "臺北市松山區敦化北路340-9號"
      }
    },
    {
      "type": "Feature",
      "geometry": {
        "type": "Point",
        "coordinates": [
          121.549717,
          25.064167
        ]
      },
      "properties": {
        "name": "交通部民用航空局臺北國際航空站(松山機場)",
        "address": "臺北市松山區敦化北路340-9號"
      }
    },
    {
      "type": "Feature",
      "geometry": {
        "type": "Point",
        "coordinates": [
          121.550787,
          25.064142
        ]
      },
      "properties": {
        "name": "交通部民用航空局臺北國際航空站(松山機場)",
        "address": "臺北市松山區敦化北路340-9號"
      }
    },
    {
      "type": "Feature",
      "geometry": {
        "type": "Point",
        "coordinates": [
          121.550787,
          25.064201
        ]
      },
      "properties": {
        "name": "交通部民用航空局臺北國際航空站(松山機場)",
        "address": "臺北市松山區敦化北路340-9號"
      }
    },
    {
      "type": "Feature",
      "geometry": {
        "type": "Point",
        "coordinates": [
          121.553062,
          25.06423
        ]
      },
      "properties": {
        "name": "交通部民用航空局臺北國際航空站(松山機場)",
        "address": "臺北市松山區敦化北路340-9號"
      }
    },
    {
      "type": "Feature",
      "geometry": {
        "type": "Point",
        "coordinates": [
          121.500442,
          25.033349
        ]
      },
      "properties": {
        "name": "交通部臺灣鐵路管理局臺北運務段萬華站",
        "address": "臺北市萬華區康定路382號"
      }
    },
    {
      "type": "Feature",
      "geometry": {
        "type": "Point",
        "coordinates": [
          121.517158,
          25.047921
        ]
      },
      "properties": {
        "name": "交通部臺灣鐵路管理局臺北運務段臺北站",
        "address": "臺北市中正區北平西路3號"
      }
    },
    {
      "type": "Feature",
      "geometry": {
        "type": "Point",
        "coordinates": [
          121.57799,
          25.04918
        ]
      },
      "properties": {
        "name": "國營臺灣鐵路股份有限公司北區營運處臺北運務段松山站",
        "address": "臺北市信義區永吉里松山路11號"
      }
    },
    {
      "type": "Feature",
      "geometry": {
        "type": "Point",
        "coordinates": [
          121.613619,
          25.052615
        ]
      },
      "properties": {
        "name": "國家文官學院",
        "address": "臺北市南港區忠孝東路7段576號"
      }
    },
    {
      "type": "Feature",
      "geometry": {
        "type": "Point",
        "coordinates": [
          121.533964,
          25.02287
        ]
      },
      "properties": {
        "name": "行政院人事行政總處公務人力發展學院福華國際文教會館",
        "address": "臺北市大安區新生南路3段30號"
      }
    },
    {
      "type": "Feature",
      "geometry": {
        "type": "Point",
        "coordinates": [
          121.574268,
          25.034413
        ]
      },
      "properties": {
        "name": "誠品生活股份有限公司204號辦公室",
        "address": "臺北市信義區松德路204號"
      }
    },
    {
      "type": "Feature",
      "geometry": {
        "type": "Point",
        "coordinates": [
          121.505412,
          25.043798
        ]
      },
      "properties": {
        "name": "誠品生活股份有限公司西門店",
        "address": "臺北市萬華區峨眉街52號"
      }
    },
    {
      "type": "Feature",
      "geometry": {
        "type": "Point",
        "coordinates": [
          121.505568,
          25.04517
        ]
      },
      "properties": {
        "name": "誠品生活股份有限公司武昌店",
        "address": "臺北市萬華區武昌街2段77號"
      }
    },
    {
      "type": "Feature",
      "geometry": {
        "type": "Point",
        "coordinates": [
          121.584753,
          25.068474
        ]
      },
      "properties": {
        "name": "重生REBORN體能工作室",
        "address": "臺北市內湖區民權東路6段56巷1弄4號"
      }
    },
    {
      "type": "Feature",
      "geometry": {
        "type": "Point",
        "coordinates": [
          121.533065,
          25.016996
        ]
      },
      "properties": {
        "name": "誠品生活股份有限公司台大店",
        "address": "臺北市大安區新生南路3段98號"
      }
    },
    {
      "type": "Feature",
      "geometry": {
        "type": "Point",
        "coordinates": [
          121.562439,
          25.035255
        ]
      },
      "properties": {
        "name": "豐隆大飯店股份有限公司(台北君悅酒店)1樓商務中心",
        "address": "臺北市信義區松壽路2號"
      }
    },
    {
      "type": "Feature",
      "geometry": {
        "type": "Point",
        "coordinates": [
          121.566763,
          25.023742
        ]
      },
      "properties": {
        "name": "學校財團法人中華浸信會基督教台灣浸會神學院",
        "address": "臺北市信義區吳興街394巷1號"
      }
    },
    {
      "type": "Feature",
      "geometry": {
        "type": "Point",
        "coordinates": [
          121.524275,
          25.025228
        ]
      },
      "properties": {
        "name": "武甲運動事業有限公司古亭營業所",
        "address": "臺北市大安區羅斯福路二段93號"
      }
    },
    {
      "type": "Feature",
      "geometry": {
        "type": "Point",
        "coordinates": [
          121.51567543587,
          25.046752615733
        ]
      },
      "properties": {
        "name": "天成大飯店",
        "address": "臺北市中正區忠孝西路一段四十三號"
      }
    },
    {
      "type": "Feature",
      "geometry": {
        "type": "Point",
        "coordinates": [
          121.557519,
          25.08076
        ]
      },
      "properties": {
        "name": "全聯實業股份有限公司(大直總部)",
        "address": "臺北市中山區敬業四路31、33號"
      }
    },
    {
      "type": "Feature",
      "geometry": {
        "type": "Point",
        "coordinates": [
          121.529652,
          25.041679
        ]
      },
      "properties": {
        "name": "臺北市政府衛生局社區心理衛生中心",
        "address": "臺北市中正區金山南路一段5號"
      }
    },
    {
      "type": "Feature",
      "geometry": {
        "type": "Point",
        "coordinates": [
          121.516012,
          25.030429
        ]
      },
      "properties": {
        "name": "臺北市中正區健康服務中心",
        "address": "臺北市中正區牯嶺街24號"
      }
    },
    {
      "type": "Feature",
      "geometry": {
        "type": "Point",
        "coordinates": [
          121.558997,
          25.048478
        ]
      },
      "properties": {
        "name": "交通部公路總局臺北市區監理所",
        "address": "臺北市松山區八德路4段21號"
      }
    },
    {
      "type": "Feature",
      "geometry": {
        "type": "Point",
        "coordinates": [
          121.56271391496,
          25.054363375108
        ]
      },
      "properties": {
        "name": "GYMEFIT健康店",
        "address": "臺北市松山區台北市松山區健康路227號"
      }
    },
    {
      "type": "Feature",
      "geometry": {
        "type": "Point",
        "coordinates": [
          121.519559,
          25.092762
        ]
      },
      "properties": {
        "name": "臺北市士林區公所",
        "address": "臺北市士林區中正路439號"
      }
    },
    {
      "type": "Feature",
      "geometry": {
        "type": "Point",
        "coordinates": [
          121.569739,
          25.024338
        ]
      },
      "properties": {
        "name": "香港商世界健身事業有限公司台北松仁分公司",
        "address": "臺北市信義區松仁路277號"
      }
    },
    {
      "type": "Feature",
      "geometry": {
        "type": "Point",
        "coordinates": [
          121.616247,
          25.056026
        ]
      },
      "properties": {
        "name": "臺北南港展覽館2館",
        "address": "臺北市南港區經貿二路2號"
      }
    },
    {
      "type": "Feature",
      "geometry": {
        "type": "Point",
        "coordinates": [
          121.502759,
          25.132678
        ]
      },
      "properties": {
        "name": "臺北市北投區公所",
        "address": "臺北市北投區新市街30號"
      }
    },
    {
      "type": "Feature",
      "geometry": {
        "type": "Point",
        "coordinates": [
          121.54303466971,
          25.033226628108
        ]
      },
      "properties": {
        "name": "Curves 女性30分鐘環狀運動 大安店",
        "address": "臺北市大安區信義路三段192號"
      }
    },
    {
      "type": "Feature",
      "geometry": {
        "type": "Point",
        "coordinates": [
          121.555697,
          25.041247
        ]
      },
      "properties": {
        "name": "交通部觀光署",
        "address": "臺北市大安區忠孝東路4段290號"
      }
    },
    {
      "type": "Feature",
      "geometry": {
        "type": "Point",
        "coordinates": [
          121.530058,
          25.06282
        ]
      },
      "properties": {
        "name": "台北亞都麗緻大飯店",
        "address": "臺北市中山區民權東路2段41號"
      }
    },
    {
      "type": "Feature",
      "geometry": {
        "type": "Point",
        "coordinates": [
          121.51099,
          25.050333
        ]
      },
      "properties": {
        "name": "宸光體適能有限公司",
        "address": "臺北市大同區鄭州路119號"
      }
    },
    {
      "type": "Feature",
      "geometry": {
        "type": "Point",
        "coordinates": [
          121.55168181022,
          25.041726984384
        ]
      },
      "properties": {
        "name": "香港商世界健身事業有限公司忠孝分公司",
        "address": "臺北市大安區忠孝東路4段201號"
      }
    },
    {
      "type": "Feature",
      "geometry": {
        "type": "Point",
        "coordinates": [
          121.531381,
          25.018002
        ]
      },
      "properties": {
        "name": "香港商世界健身事業有限公司飛動公館分公司",
        "address": "臺北市大安區羅斯福路三段281號"
      }
    },
    {
      "type": "Feature",
      "geometry": {
        "type": "Point",
        "coordinates": [
          121.52696800876,
          25.015708452238
        ]
      },
      "properties": {
        "name": "嘉禾新村",
        "address": "臺北市中正區永春街131巷"
      }
    },
    {
      "type": "Feature",
      "geometry": {
        "type": "Point",
        "coordinates": [
          121.536345,
          25.034239
        ]
      },
      "properties": {
        "name": "臺北市私立延平高級中學",
        "address": "臺北市大安區建國南路1段275號"
      }
    },
    {
      "type": "Feature",
      "geometry": {
        "type": "Point",
        "coordinates": [
          121.558521,
          25.079966
        ]
      },
      "properties": {
        "name": "LIGHT WORKER 私人運動招待所",
        "address": "臺北市中山區中山區樂群二路187號"
      }
    },
    {
      "type": "Feature",
      "geometry": {
        "type": "Point",
        "coordinates": [
          121.54731612188,
          25.062650585249
        ]
      },
      "properties": {
        "name": "根基營造-民權東案",
        "address": "臺北市松山區民權東路三段175巷旁工地"
      }
    },
    {
      "type": "Feature",
      "geometry": {
        "type": "Point",
        "coordinates": [
          121.50711913723,
          25.048490976169
        ]
      },
      "properties": {
        "name": "臺北市萬華老人服務中心",
        "address": "臺北市萬華區開封街二段39號"
      }
    },
    {
      "type": "Feature",
      "geometry": {
        "type": "Point",
        "coordinates": [
          121.51425781022,
          25.115002816714
        ]
      },
      "properties": {
        "name": "臺北市立石牌國民中學",
        "address": "臺北市北投區石牌路一段139號"
      }
    },
    {
      "type": "Feature",
      "geometry": {
        "type": "Point",
        "coordinates": [
          121.53496674307,
          25.04858818707
        ]
      },
      "properties": {
        "name": "GonnaFat-權宇",
        "address": "臺北市中山區長安東路二段99號"
      }
    },
    {
      "type": "Feature",
      "geometry": {
        "type": "Point",
        "coordinates": [
          121.518975,
          25.050725
        ]
      },
      "properties": {
        "name": "財團法人台北市文化基金會台北當代藝術館",
        "address": "臺北市大同區長安西路39號"
      }
    },
    {
      "type": "Feature",
      "geometry": {
        "type": "Point",
        "coordinates": [
          121.516835,
          25.044454
        ]
      },
      "properties": {
        "name": "醫療財團法人好心肝基金會好心肝診所",
        "address": "臺北市中正區公園路30號"
      }
    },
    {
      "type": "Feature",
      "geometry": {
        "type": "Point",
        "coordinates": [
          121.517406,
          25.044786
        ]
      },
      "properties": {
        "name": "衛生福利部中央健康保險署臺北業務組",
        "address": "臺北市中正區公園路15之1號"
      }
    },
    {
      "type": "Feature",
      "geometry": {
        "type": "Point",
        "coordinates": [
          121.549293,
          24.987862
        ]
      },
      "properties": {
        "name": "公務人員保障暨培訓委員會",
        "address": "臺北市文山區試院路1之3號"
      }
    },
    {
      "type": "Feature",
      "geometry": {
        "type": "Point",
        "coordinates": [
          121.594411,
          25.049134
        ]
      },
      "properties": {
        "name": "衛生福利部疾病管制署研檢南港臨時辦公室",
        "address": "臺北市南港區研究院路二段128號"
      }
    },
    {
      "type": "Feature",
      "geometry": {
        "type": "Point",
        "coordinates": [
          121.607058,
          25.053216
        ]
      },
      "properties": {
        "name": "國營臺灣鐵路股份有限公司北區營運處臺北運務段 南港站",
        "address": "臺北市南港區南港路1段313號"
      }
    },
    {
      "type": "Feature",
      "geometry": {
        "type": "Point",
        "coordinates": [
          121.595464,
          25.050209
        ]
      },
      "properties": {
        "name": "衛生福利部",
        "address": "臺北市南港區忠孝東路六段488號"
      }
    },
    {
      "type": "Feature",
      "geometry": {
        "type": "Point",
        "coordinates": [
          121.595335,
          25.050261
        ]
      },
      "properties": {
        "name": "衛生福利部",
        "address": "臺北市南港區忠孝東路六段488號"
      }
    },
    {
      "type": "Feature",
      "geometry": {
        "type": "Point",
        "coordinates": [
          121.595335,
          25.050197
        ]
      },
      "properties": {
        "name": "衛生福利部",
        "address": "臺北市南港區忠孝東路六段488號"
      }
    },
    {
      "type": "Feature",
      "geometry": {
        "type": "Point",
        "coordinates": [
          121.555564,
          24.998848
        ]
      },
      "properties": {
        "name": "中國科技大學臺北校區",
        "address": "臺北市文山區興隆路3段56號"
      }
    },
    {
      "type": "Feature",
      "geometry": {
        "type": "Point",
        "coordinates": [
          121.544822,
          25.085026
        ]
      },
      "properties": {
        "name": "實踐大學台北校區",
        "address": "臺北市中山區大直街70號"
      }
    },
    {
      "type": "Feature",
      "geometry": {
        "type": "Point",
        "coordinates": [
          121.5823711,
          25.079880681823
        ]
      },
      "properties": {
        "name": "愛健康肌力教室",
        "address": "臺北市內湖區內湖路二段73號"
      }
    },
    {
      "type": "Feature",
      "geometry": {
        "type": "Point",
        "coordinates": [
          121.53318520255,
          25.031244626685
        ]
      },
      "properties": {
        "name": "臺北市立金華國民中學",
        "address": "臺北市大安區新生南路二段32號"
      }
    },
    {
      "type": "Feature",
      "geometry": {
        "type": "Point",
        "coordinates": [
          121.52611460567,
          25.078516921633
        ]
      },
      "properties": {
        "name": "財團法人臺灣敦睦聯誼會所屬作業組織圓山大飯店",
        "address": "臺北市中山區中山北路4段1巷1號"
      }
    },
    {
      "type": "Feature",
      "geometry": {
        "type": "Point",
        "coordinates": [
          121.51300478869,
          25.04304949737
        ]
      },
      "properties": {
        "name": "虎鐵健身工作室",
        "address": "臺北市中正區重慶南路一段88號"
      }
    },
    {
      "type": "Feature",
      "geometry": {
        "type": "Point",
        "coordinates": [
          121.578299,
          25.04919
        ]
      },
      "properties": {
        "name": "潤泰百益股份有限公司/CITYLINK松山壹號店",
        "address": "臺北市信義區松山路11號"
      }
    },
    {
      "type": "Feature",
      "geometry": {
        "type": "Point",
        "coordinates": [
          121.525708,
          25.054093
        ]
      },
      "properties": {
        "name": "欣欣大眾市場股份有限公司",
        "address": "臺北市中山區林森北路247號"
      }
    },
    {
      "type": "Feature",
      "geometry": {
        "type": "Point",
        "coordinates": [
          121.529399,
          25.04413
        ]
      },
      "properties": {
        "name": "華山1914文化創意產業園區",
        "address": "臺北市中正區八德路一段一號"
      }
    },
    {
      "type": "Feature",
      "geometry": {
        "type": "Point",
        "coordinates": [
          121.501879,
          25.036768
        ]
      },
      "properties": {
        "name": "剝皮寮歷史街區西側",
        "address": "臺北市萬華區廣州街151號"
      }
    },
    {
      "type": "Feature",
      "geometry": {
        "type": "Point",
        "coordinates": [
          121.534678,
          25.006853
        ]
      },
      "properties": {
        "name": "國立臺灣師範大學公館校區(汀州路4段88號)",
        "address": "臺北市文山區汀州路4段88號"
      }
    },
    {
      "type": "Feature",
      "geometry": {
        "type": "Point",
        "coordinates": [
          121.518569,
          25.048786
        ]
      },
      "properties": {
        "name": "台北京站威秀影城",
        "address": "臺北市大同區市民大道一段209號"
      }
    },
    {
      "type": "Feature",
      "geometry": {
        "type": "Point",
        "coordinates": [
          121.529024,
          25.085886
        ]
      },
      "properties": {
        "name": "銘傳大學台北校區(士林區中山北路5段)",
        "address": "臺北市士林區中山北路5段250號"
      }
    },
    {
      "type": "Feature",
      "geometry": {
        "type": "Point",
        "coordinates": [
          121.529399,
          25.04413
        ]
      },
      "properties": {
        "name": "華山1914文化創意產業園區",
        "address": "臺北市中正區八德路一段一號"
      }
    },
    {
      "type": "Feature",
      "geometry": {
        "type": "Point",
        "coordinates": [
          121.54679301527,
          25.081996444158
        ]
      },
      "properties": {
        "name": "臺北市立中山幼兒園",
        "address": "臺北市中山區大直街25號"
      }
    },
    {
      "type": "Feature",
      "geometry": {
        "type": "Point",
        "coordinates": [
          121.523223,
          25.060584
        ]
      },
      "properties": {
        "name": "台灣水泥股份有限公司",
        "address": "臺北市中山區中山北路2段113號"
      }
    },
    {
      "type": "Feature",
      "geometry": {
        "type": "Point",
        "coordinates": [
          121.523346,
          25.060461
        ]
      },
      "properties": {
        "name": "台灣水泥股份有限公司",
        "address": "臺北市中山區中山北路2段113號"
      }
    },
    {
      "type": "Feature",
      "geometry": {
        "type": "Point",
        "coordinates": [
          121.567099,
          25.035636
        ]
      },
      "properties": {
        "name": "威秀影城股份有限公司信義分公司",
        "address": "臺北市信義區松壽路20號"
      }
    },
    {
      "type": "Feature",
      "geometry": {
        "type": "Point",
        "coordinates": [
          121.538749,
          25.136543
        ]
      },
      "properties": {
        "name": "中國文化大學 大恩館",
        "address": "臺北市士林區華岡路55號"
      }
    },
    {
      "type": "Feature",
      "geometry": {
        "type": "Point",
        "coordinates": [
          121.610717,
          25.04703
        ]
      },
      "properties": {
        "name": "財團法人國家實驗研究院國家實驗動物中心-台北中心",
        "address": "臺北市南港區中南里研究院路1段130巷111號"
      }
    },
    {
      "type": "Feature",
      "geometry": {
        "type": "Point",
        "coordinates": [
          121.523022,
          25.089169
        ]
      },
      "properties": {
        "name": "台南海鮮會館",
        "address": "臺北市士林區基河路130號"
      }
    },
    {
      "type": "Feature",
      "geometry": {
        "type": "Point",
        "coordinates": [
          121.562213,
          25.049505
        ]
      },
      "properties": {
        "name": "臺北市立中崙高級中學",
        "address": "臺北市松山區八德路四段101號"
      }
    },
    {
      "type": "Feature",
      "geometry": {
        "type": "Point",
        "coordinates": [
          121.54535,
          25.060537
        ]
      },
      "properties": {
        "name": "臺北市立中山國民中學",
        "address": "臺北市松山區復興北路361巷7號"
      }
    },
    {
      "type": "Feature",
      "geometry": {
        "type": "Point",
        "coordinates": [
          121.561929,
          25.025685
        ]
      },
      "properties": {
        "name": "臺北醫學大學 環保暨安全衛生處",
        "address": "臺北市信義區吳興街250號"
      }
    },
    {
      "type": "Feature",
      "geometry": {
        "type": "Point",
        "coordinates": [
          121.561779,
          25.024946
        ]
      },
      "properties": {
        "name": "臺北醫學大學 環保暨安全衛生處",
        "address": "臺北市信義區吳興街250號"
      }
    },
    {
      "type": "Feature",
      "geometry": {
        "type": "Point",
        "coordinates": [
          121.560684,
          25.024402
        ]
      },
      "properties": {
        "name": "臺北醫學大學 環保暨安全衛生處",
        "address": "臺北市信義區吳興街250號"
      }
    },
    {
      "type": "Feature",
      "geometry": {
        "type": "Point",
        "coordinates": [
          121.58869,
          25.077035
        ]
      },
      "properties": {
        "name": "臺北市內湖國中",
        "address": "臺北市內湖區台北市內湖區陽光街1號"
      }
    },
    {
      "type": "Feature",
      "geometry": {
        "type": "Point",
        "coordinates": [
          121.577969,
          25.08437
        ]
      },
      "properties": {
        "name": "臺北市立麗山高級中學",
        "address": "臺北市內湖區環山路2段100號"
      }
    },
    {
      "type": "Feature",
      "geometry": {
        "type": "Point",
        "coordinates": [
          121.575968,
          25.063909
        ]
      },
      "properties": {
        "name": "好市多股份有限公司內湖分公司",
        "address": "臺北市內湖區舊宗路1段268號"
      }
    },
    {
      "type": "Feature",
      "geometry": {
        "type": "Point",
        "coordinates": [
          121.5860863363,
          25.069842078915
        ]
      },
      "properties": {
        "name": "臺北市立三民國中",
        "address": "臺北市內湖區114台北市內湖區民權東路六段45號"
      }
    },
    {
      "type": "Feature",
      "geometry": {
        "type": "Point",
        "coordinates": [
          121.521326,
          25.054844
        ]
      },
      "properties": {
        "name": "臺北市中山運動中心",
        "address": "臺北市中山區中山北路2段44巷2號"
      }
    },
    {
      "type": "Feature",
      "geometry": {
        "type": "Point",
        "coordinates": [
          121.581036,
          24.998347
        ]
      },
      "properties": {
        "name": "臺北市立動物園",
        "address": "臺北市文山區新光路二段30號"
      }
    },
    {
      "type": "Feature",
      "geometry": {
        "type": "Point",
        "coordinates": [
          121.521411,
          25.089668
        ]
      },
      "properties": {
        "name": "臺北市士林運動中心",
        "address": "臺北市士林區士商路一號"
      }
    },
    {
      "type": "Feature",
      "geometry": {
        "type": "Point",
        "coordinates": [
          121.575229,
          25.078266
        ]
      },
      "properties": {
        "name": "臺北市內湖運動中心",
        "address": "臺北市內湖區洲子街12號"
      }
    },
    {
      "type": "Feature",
      "geometry": {
        "type": "Point",
        "coordinates": [
          121.576059,
          25.063967
        ]
      },
      "properties": {
        "name": "好市多股份有限公司內湖分公司",
        "address": "臺北市內湖區舊宗路1段268號"
      }
    },
    {
      "type": "Feature",
      "geometry": {
        "type": "Point",
        "coordinates": [
          121.51055,
          25.054862
        ]
      },
      "properties": {
        "name": "臺北市公有永樂市場(布業商場)",
        "address": "臺北市大同區迪化街1段21號"
      }
    },
    {
      "type": "Feature",
      "geometry": {
        "type": "Point",
        "coordinates": [
          121.550674,
          25.037529
        ]
      },
      "properties": {
        "name": "臺北市立仁愛國民中學",
        "address": "臺北市大安區仁愛路4段130號"
      }
    },
    {
      "type": "Feature",
      "geometry": {
        "type": "Point",
        "coordinates": [
          121.58583,
          24.987216
        ]
      },
      "properties": {
        "name": "國立政治大學附屬高級中學",
        "address": "臺北市文山區政大一街353號"
      }
    },
    {
      "type": "Feature",
      "geometry": {
        "type": "Point",
        "coordinates": [
          121.499544,
          25.036085
        ]
      },
      "properties": {
        "name": "臺北市龍山寺地下街商場",
        "address": "臺北市萬華區西園路1段145號"
      }
    },
    {
      "type": "Feature",
      "geometry": {
        "type": "Point",
        "coordinates": [
          121.527919,
          25.024922
        ]
      },
      "properties": {
        "name": "國立臺灣師範大學校本部(和平東路1段162號) ",
        "address": "臺北市大安區和平東路1段162號"
      }
    },
    {
      "type": "Feature",
      "geometry": {
        "type": "Point",
        "coordinates": [
          121.553039,
          25.013753
        ]
      },
      "properties": {
        "name": "臺北市懷愛館",
        "address": "臺北市大安區辛亥路3段330號"
      }
    },
    {
      "type": "Feature",
      "geometry": {
        "type": "Point",
        "coordinates": [
          121.57877838101,
          25.051029759741
        ]
      },
      "properties": {
        "name": "臺北市松山區松山國民小學",
        "address": "臺北市松山區八德路4段746號"
      }
    },
    {
      "type": "Feature",
      "geometry": {
        "type": "Point",
        "coordinates": [
          121.516316,
          25.065792
        ]
      },
      "properties": {
        "name": "臺北市大同區健康服務中心",
        "address": "臺北市大同區昌吉街52號"
      }
    },
    {
      "type": "Feature",
      "geometry": {
        "type": "Point",
        "coordinates": [
          121.530152,
          25.094898
        ]
      },
      "properties": {
        "name": "士林官邸正館",
        "address": "臺北市士林區福林路60號"
      }
    },
    {
      "type": "Feature",
      "geometry": {
        "type": "Point",
        "coordinates": [
          121.544274,
          25.021577
        ]
      },
      "properties": {
        "name": "臺北市大安區健康服務中心",
        "address": "臺北市大安區臥龍里辛亥路三段15號"
      }
    },
    {
      "type": "Feature",
      "geometry": {
        "type": "Point",
        "coordinates": [
          121.5738,
          24.981755
        ]
      },
      "properties": {
        "name": "國立政治大學",
        "address": "臺北市文山區指南路2段64號"
      }
    },
    {
      "type": "Feature",
      "geometry": {
        "type": "Point",
        "coordinates": [
          121.516179,
          25.072762
        ]
      },
      "properties": {
        "name": "臺北孔廟",
        "address": "臺北市大同區大龍街275號"
      }
    },
    {
      "type": "Feature",
      "geometry": {
        "type": "Point",
        "coordinates": [
          121.552906,
          25.028995
        ]
      },
      "properties": {
        "name": "臨江街夜市",
        "address": "臺北市大安區大安區臨江街，位於通化街至基隆路口間。"
      }
    },
    {
      "type": "Feature",
      "geometry": {
        "type": "Point",
        "coordinates": [
          121.51532,
          25.04691
        ]
      },
      "properties": {
        "name": "保證責任臺北市站前地下街場地利用合作社",
        "address": "臺北市中正區忠孝西路1段50-1號"
      }
    },
    {
      "type": "Feature",
      "geometry": {
        "type": "Point",
        "coordinates": [
          121.5525709628,
          25.013547937454
        ]
      },
      "properties": {
        "name": "臺北市懷愛館",
        "address": "臺北市大安區辛亥路3段330號"
      }
    },
    {
      "type": "Feature",
      "geometry": {
        "type": "Point",
        "coordinates": [
          121.522039,
          25.066368
        ]
      },
      "properties": {
        "name": "大同大學",
        "address": "臺北市中山區中山北路3段40號"
      }
    },
    {
      "type": "Feature",
      "geometry": {
        "type": "Point",
        "coordinates": [
          121.535005,
          25.013743
        ]
      },
      "properties": {
        "name": "臺北市公有水源市場",
        "address": "臺北市中正區羅斯福路4段92號"
      }
    },
    {
      "type": "Feature",
      "geometry": {
        "type": "Point",
        "coordinates": [
          121.532875,
          25.113451
        ]
      },
      "properties": {
        "name": "天母運動場區棒球場",
        "address": "臺北市士林區忠誠路二段77號"
      }
    },
    {
      "type": "Feature",
      "geometry": {
        "type": "Point",
        "coordinates": [
          121.519291,
          25.038234
        ]
      },
      "properties": {
        "name": "臺北市中正運動中心",
        "address": "臺北市中正區信義路一段1號"
      }
    },
    {
      "type": "Feature",
      "geometry": {
        "type": "Point",
        "coordinates": [
          121.510168,
          25.043085
        ]
      },
      "properties": {
        "name": "臺北市中山堂管理所",
        "address": "臺北市中正區延平南路98號"
      }
    },
    {
      "type": "Feature",
      "geometry": {
        "type": "Point",
        "coordinates": [
          121.577153,
          25.043229
        ]
      },
      "properties": {
        "name": "臺北市公有永春市場",
        "address": "臺北市信義區松山路294號"
      }
    },
    {
      "type": "Feature",
      "geometry": {
        "type": "Point",
        "coordinates": [
          121.527913,
          25.024922
        ]
      },
      "properties": {
        "name": "國立臺灣師範大學校本部(和平東路1段162號) ",
        "address": "臺北市大安區和平東路1段162號"
      }
    },
    {
      "type": "Feature",
      "geometry": {
        "type": "Point",
        "coordinates": [
          121.534969,
          25.116621
        ]
      },
      "properties": {
        "name": "臺北市立啟明學校",
        "address": "臺北市士林區忠誠路二段207巷1號"
      }
    },
    {
      "type": "Feature",
      "geometry": {
        "type": "Point",
        "coordinates": [
          121.51352,
          25.075133
        ]
      },
      "properties": {
        "name": "臺北市立啟聰學校",
        "address": "臺北市大同區重慶北路3段320號"
      }
    },
    {
      "type": "Feature",
      "geometry": {
        "type": "Point",
        "coordinates": [
          121.520483,
          25.070064
        ]
      },
      "properties": {
        "name": "財團法人臺北市會展產業發展基金會(花博公園圓山園區)",
        "address": "臺北市中山區玉門街一號"
      }
    },
    {
      "type": "Feature",
      "geometry": {
        "type": "Point",
        "coordinates": [
          121.530253,
          25.013286
        ]
      },
      "properties": {
        "name": "臺北自來水園區",
        "address": "臺北市中正區思源街1號"
      }
    },
    {
      "type": "Feature",
      "geometry": {
        "type": "Point",
        "coordinates": [
          121.517163,
          25.11825
        ]
      },
      "properties": {
        "name": "臺北市北投區健康服務中心",
        "address": "臺北市北投區石牌路二段111號"
      }
    },
    {
      "type": "Feature",
      "geometry": {
        "type": "Point",
        "coordinates": [
          121.57658401022,
          25.050747796018
        ]
      },
      "properties": {
        "name": "臺北市饒河街觀光夜市",
        "address": "臺北市松山區饒河街186號"
      }
    },
    {
      "type": "Feature",
      "geometry": {
        "type": "Point",
        "coordinates": [
          121.541051,
          25.137257
        ]
      },
      "properties": {
        "name": "中國文化大學 大恩館",
        "address": "臺北市士林區華岡路55號"
      }
    },
    {
      "type": "Feature",
      "geometry": {
        "type": "Point",
        "coordinates": [
          121.51561,
          25.040383
        ]
      },
      "properties": {
        "name": "台北二二八紀念館",
        "address": "臺北市中正區凱達格蘭大道3號"
      }
    },
    {
      "type": "Feature",
      "geometry": {
        "type": "Point",
        "coordinates": [
          121.540131,
          25.159213
        ]
      },
      "properties": {
        "name": "陽明公園",
        "address": "臺北市北投區湖山路2段26號"
      }
    },
    {
      "type": "Feature",
      "geometry": {
        "type": "Point",
        "coordinates": [
          121.506935,
          25.042065
        ]
      },
      "properties": {
        "name": "財團法人台北市文化基金會西門紅樓",
        "address": "臺北市萬華區成都路10號"
      }
    },
    {
      "type": "Feature",
      "geometry": {
        "type": "Point",
        "coordinates": [
          121.546104,
          25.093124
        ]
      },
      "properties": {
        "name": "東吳大學(雙溪校區)",
        "address": "臺北市士林區臨溪路70號"
      }
    },
    {
      "type": "Feature",
      "geometry": {
        "type": "Point",
        "coordinates": [
          121.535564,
          25.113749
        ]
      },
      "properties": {
        "name": "天母運動場區網球場",
        "address": "臺北市士林區忠誠路二段77號"
      }
    },
    {
      "type": "Feature",
      "geometry": {
        "type": "Point",
        "coordinates": [
          121.518299,
          25.095829
        ]
      },
      "properties": {
        "name": "臺北市立天文科學教育館",
        "address": "臺北市士林區基河路363號"
      }
    },
    {
      "type": "Feature",
      "geometry": {
        "type": "Point",
        "coordinates": [
          121.506825,
          25.028629
        ]
      },
      "properties": {
        "name": "南機場臨時攤販集中場",
        "address": "臺北市中正區中華路2段313巷30號"
      }
    },
    {
      "type": "Feature",
      "geometry": {
        "type": "Point",
        "coordinates": [
          121.471433,
          25.119378
        ]
      },
      "properties": {
        "name": "關渡自然公園",
        "address": "臺北市北投區關渡路55號"
      }
    },
    {
      "type": "Feature",
      "geometry": {
        "type": "Point",
        "coordinates": [
          121.52631244886,
          25.025232384615
        ]
      },
      "properties": {
        "name": "國立臺灣師範大學校本部(和平東路1段162號) ",
        "address": "臺北市大安區和平東路1段162號"
      }
    },
    {
      "type": "Feature",
      "geometry": {
        "type": "Point",
        "coordinates": [
          121.542336,
          25.054729
        ]
      },
      "properties": {
        "name": "臺北市公有長春市場",
        "address": "臺北市中山區長春路299號"
      }
    },
    {
      "type": "Feature",
      "geometry": {
        "type": "Point",
        "coordinates": [
          121.565177,
          25.050271
        ]
      },
      "properties": {
        "name": "統一綜合證券股份有限公司",
        "address": "臺北市松山區東興路8號"
      }
    },
    {
      "type": "Feature",
      "geometry": {
        "type": "Point",
        "coordinates": [
          121.613245,
          25.040461
        ]
      },
      "properties": {
        "name": "中央研究院",
        "address": "臺北市南港區研究院路2段128號"
      }
    },
    {
      "type": "Feature",
      "geometry": {
        "type": "Point",
        "coordinates": [
          121.60528231146,
          25.043090737429
        ]
      },
      "properties": {
        "name": "中國信託商業銀行 (行政大樓)",
        "address": "臺北市內湖區安康路22巷33號"
      }
    },
    {
      "type": "Feature",
      "geometry": {
        "type": "Point",
        "coordinates": [
          121.52511090045,
          25.040156830129
        ]
      },
      "properties": {
        "name": "教育部第三辦公室",
        "address": "臺北市中正區徐州路48-1號"
      }
    },
    {
      "type": "Feature",
      "geometry": {
        "type": "Point",
        "coordinates": [
          121.52878461224,
          25.123047364001
        ]
      },
      "properties": {
        "name": "合作金庫商業銀行-員工訓練中心",
        "address": "臺北市士林區中山北路七段81巷49號"
      }
    },
    {
      "type": "Feature",
      "geometry": {
        "type": "Point",
        "coordinates": [
          121.51900367667,
          25.052355184193
        ]
      },
      "properties": {
        "name": "臺北市立大同幼兒園",
        "address": "臺北市大同區南京西路64巷9弄8號"
      }
    },
    {
      "type": "Feature",
      "geometry": {
        "type": "Point",
        "coordinates": [
          121.51424708613,
          25.115005244266
        ]
      },
      "properties": {
        "name": "臺北市立石牌國民中學",
        "address": "臺北市北投區石牌路一段139號"
      }
    },
    {
      "type": "Feature",
      "geometry": {
        "type": "Point",
        "coordinates": [
          121.568314,
          25.036882
        ]
      },
      "properties": {
        "name": "台北遠百信義A13威秀影城",
        "address": "臺北市信義區松仁路58號"
      }
    },
    {
      "type": "Feature",
      "geometry": {
        "type": "Point",
        "coordinates": [
          121.528777,
          25.025889
        ]
      },
      "properties": {
        "name": "國立臺灣師範大學校本部(師大路11號) ",
        "address": "臺北市大安區師大路11號"
      }
    },
    {
      "type": "Feature",
      "geometry": {
        "type": "Point",
        "coordinates": [
          121.50675608564,
          25.047384987978
        ]
      },
      "properties": {
        "name": "臺北市萬華運動中心",
        "address": "臺北市萬華區西寧南路6-1號"
      }
    },
    {
      "type": "Feature",
      "geometry": {
        "type": "Point",
        "coordinates": [
          121.5550676026,
          25.021787250421
        ]
      },
      "properties": {
        "name": "體育客體適能學院",
        "address": "臺北市大安區和平東路三段246號"
      }
    },
    {
      "type": "Feature",
      "geometry": {
        "type": "Point",
        "coordinates": [
          121.55159409124,
          25.04116788137
        ]
      },
      "properties": {
        "name": "洛碁大飯店忠孝館",
        "address": "臺北市大安區忠孝東路四段180號"
      }
    },
    {
      "type": "Feature",
      "geometry": {
        "type": "Point",
        "coordinates": [
          121.544388,
          25.060561
        ]
      },
      "properties": {
        "name": "臺灣集中保管結算所股份有限公司",
        "address": "臺北市松山區復興北路363號"
      }
    },
    {
      "type": "Feature",
      "geometry": {
        "type": "Point",
        "coordinates": [
          121.612617,
          25.041044
        ]
      },
      "properties": {
        "name": "中央研究院",
        "address": "臺北市南港區研究院路2段128號"
      }
    },
    {
      "type": "Feature",
      "geometry": {
        "type": "Point",
        "coordinates": [
          121.51669,
          25.060161
        ]
      },
      "properties": {
        "name": "臺北市大同區雙蓮國民小學",
        "address": "臺北市大同區錦西街51號"
      }
    },
    {
      "type": "Feature",
      "geometry": {
        "type": "Point",
        "coordinates": [
          121.517174,
          25.047931
        ]
      },
      "properties": {
        "name": "台灣高速鐵路(股)公司-台北車站",
        "address": "臺北市中正區北平西路3號"
      }
    },
    {
      "type": "Feature",
      "geometry": {
        "type": "Point",
        "coordinates": [
          121.517002,
          25.047916
        ]
      },
      "properties": {
        "name": "台灣高速鐵路(股)公司-台北車站",
        "address": "臺北市中正區北平西路3號"
      }
    },
    {
      "type": "Feature",
      "geometry": {
        "type": "Point",
        "coordinates": [
          121.61647,
          25.057297
        ]
      },
      "properties": {
        "name": "台灣高速鐵路公司",
        "address": "臺北市南港區經貿二路66號"
      }
    },
    {
      "type": "Feature",
      "geometry": {
        "type": "Point",
        "coordinates": [
          121.61647,
          25.057297
        ]
      },
      "properties": {
        "name": "台灣高速鐵路公司",
        "address": "臺北市南港區經貿二路66號"
      }
    },
    {
      "type": "Feature",
      "geometry": {
        "type": "Point",
        "coordinates": [
          121.61647,
          25.057297
        ]
      },
      "properties": {
        "name": "台灣高速鐵路公司",
        "address": "臺北市南港區經貿二路66號"
      }
    },
    {
      "type": "Feature",
      "geometry": {
        "type": "Point",
        "coordinates": [
          121.61647,
          25.057297
        ]
      },
      "properties": {
        "name": "台灣高速鐵路公司",
        "address": "臺北市南港區經貿二路66號"
      }
    },
    {
      "type": "Feature",
      "geometry": {
        "type": "Point",
        "coordinates": [
          121.61647,
          25.057297
        ]
      },
      "properties": {
        "name": "台灣高速鐵路公司",
        "address": "臺北市南港區經貿二路66號"
      }
    },
    {
      "type": "Feature",
      "geometry": {
        "type": "Point",
        "coordinates": [
          121.61647,
          25.057297
        ]
      },
      "properties": {
        "name": "台灣高速鐵路公司",
        "address": "臺北市南港區經貿二路66號"
      }
    },
    {
      "type": "Feature",
      "geometry": {
        "type": "Point",
        "coordinates": [
          121.61647,
          25.057297
        ]
      },
      "properties": {
        "name": "台灣高速鐵路公司",
        "address": "臺北市南港區經貿二路66號"
      }
    },
    {
      "type": "Feature",
      "geometry": {
        "type": "Point",
        "coordinates": [
          121.61647,
          25.057297
        ]
      },
      "properties": {
        "name": "台灣高速鐵路公司",
        "address": "臺北市南港區經貿二路66號"
      }
    },
    {
      "type": "Feature",
      "geometry": {
        "type": "Point",
        "coordinates": [
          121.61647,
          25.057297
        ]
      },
      "properties": {
        "name": "台灣高速鐵路公司",
        "address": "臺北市南港區經貿二路66號"
      }
    },
    {
      "type": "Feature",
      "geometry": {
        "type": "Point",
        "coordinates": [
          121.61647,
          25.057297
        ]
      },
      "properties": {
        "name": "台灣高速鐵路公司",
        "address": "臺北市南港區經貿二路66號"
      }
    },
    {
      "type": "Feature",
      "geometry": {
        "type": "Point",
        "coordinates": [
          121.61647,
          25.057297
        ]
      },
      "properties": {
        "name": "台灣高速鐵路公司",
        "address": "臺北市南港區經貿二路66號"
      }
    },
    {
      "type": "Feature",
      "geometry": {
        "type": "Point",
        "coordinates": [
          121.61647,
          25.057297
        ]
      },
      "properties": {
        "name": "台灣高速鐵路公司",
        "address": "臺北市南港區經貿二路66號"
      }
    },
    {
      "type": "Feature",
      "geometry": {
        "type": "Point",
        "coordinates": [
          121.61647,
          25.057297
        ]
      },
      "properties": {
        "name": "台灣高速鐵路公司",
        "address": "臺北市南港區經貿二路66號"
      }
    },
    {
      "type": "Feature",
      "geometry": {
        "type": "Point",
        "coordinates": [
          121.61647,
          25.057297
        ]
      },
      "properties": {
        "name": "台灣高速鐵路公司",
        "address": "臺北市南港區經貿二路66號"
      }
    },
    {
      "type": "Feature",
      "geometry": {
        "type": "Point",
        "coordinates": [
          121.616403,
          25.057065
        ]
      },
      "properties": {
        "name": "台灣高鐵 營運列車",
        "address": "臺北市南港區經貿二路66號"
      }
    },
    {
      "type": "Feature",
      "geometry": {
        "type": "Point",
        "coordinates": [
          121.61647,
          25.057297
        ]
      },
      "properties": {
        "name": "台灣高速鐵路公司",
        "address": "臺北市南港區經貿二路66號"
      }
    },
    {
      "type": "Feature",
      "geometry": {
        "type": "Point",
        "coordinates": [
          121.61647,
          25.057297
        ]
      },
      "properties": {
        "name": "台灣高速鐵路公司",
        "address": "臺北市南港區經貿二路66號"
      }
    },
    {
      "type": "Feature",
      "geometry": {
        "type": "Point",
        "coordinates": [
          121.61647,
          25.057297
        ]
      },
      "properties": {
        "name": "台灣高速鐵路公司",
        "address": "臺北市南港區經貿二路66號"
      }
    },
    {
      "type": "Feature",
      "geometry": {
        "type": "Point",
        "coordinates": [
          121.61647,
          25.057297
        ]
      },
      "properties": {
        "name": "台灣高速鐵路公司",
        "address": "臺北市南港區經貿二路66號"
      }
    },
    {
      "type": "Feature",
      "geometry": {
        "type": "Point",
        "coordinates": [
          121.61647,
          25.057297
        ]
      },
      "properties": {
        "name": "台灣高速鐵路公司",
        "address": "臺北市南港區經貿二路66號"
      }
    },
    {
      "type": "Feature",
      "geometry": {
        "type": "Point",
        "coordinates": [
          121.61647,
          25.057297
        ]
      },
      "properties": {
        "name": "台灣高速鐵路公司",
        "address": "臺北市南港區經貿二路66號"
      }
    },
    {
      "type": "Feature",
      "geometry": {
        "type": "Point",
        "coordinates": [
          121.61647,
          25.057297
        ]
      },
      "properties": {
        "name": "台灣高速鐵路公司",
        "address": "臺北市南港區經貿二路66號"
      }
    },
    {
      "type": "Feature",
      "geometry": {
        "type": "Point",
        "coordinates": [
          121.61647,
          25.057297
        ]
      },
      "properties": {
        "name": "台灣高速鐵路公司",
        "address": "臺北市南港區經貿二路66號"
      }
    },
    {
      "type": "Feature",
      "geometry": {
        "type": "Point",
        "coordinates": [
          121.61647,
          25.057297
        ]
      },
      "properties": {
        "name": "台灣高速鐵路公司",
        "address": "臺北市南港區經貿二路66號"
      }
    },
    {
      "type": "Feature",
      "geometry": {
        "type": "Point",
        "coordinates": [
          121.61647,
          25.057297
        ]
      },
      "properties": {
        "name": "台灣高速鐵路公司",
        "address": "臺北市南港區經貿二路66號"
      }
    },
    {
      "type": "Feature",
      "geometry": {
        "type": "Point",
        "coordinates": [
          121.61647,
          25.057297
        ]
      },
      "properties": {
        "name": "台灣高速鐵路公司",
        "address": "臺北市南港區經貿二路66號"
      }
    },
    {
      "type": "Feature",
      "geometry": {
        "type": "Point",
        "coordinates": [
          121.61647,
          25.057297
        ]
      },
      "properties": {
        "name": "台灣高速鐵路公司",
        "address": "臺北市南港區經貿二路66號"
      }
    },
    {
      "type": "Feature",
      "geometry": {
        "type": "Point",
        "coordinates": [
          121.61647,
          25.057297
        ]
      },
      "properties": {
        "name": "台灣高速鐵路公司",
        "address": "臺北市南港區經貿二路66號"
      }
    },
    {
      "type": "Feature",
      "geometry": {
        "type": "Point",
        "coordinates": [
          121.61647,
          25.057297
        ]
      },
      "properties": {
        "name": "台灣高速鐵路公司",
        "address": "臺北市南港區經貿二路66號"
      }
    },
    {
      "type": "Feature",
      "geometry": {
        "type": "Point",
        "coordinates": [
          121.61647,
          25.057297
        ]
      },
      "properties": {
        "name": "台灣高速鐵路公司",
        "address": "臺北市南港區經貿二路66號"
      }
    },
    {
      "type": "Feature",
      "geometry": {
        "type": "Point",
        "coordinates": [
          121.61647,
          25.057297
        ]
      },
      "properties": {
        "name": "台灣高速鐵路公司",
        "address": "臺北市南港區經貿二路66號"
      }
    },
    {
      "type": "Feature",
      "geometry": {
        "type": "Point",
        "coordinates": [
          121.61647,
          25.057297
        ]
      },
      "properties": {
        "name": "台灣高速鐵路公司",
        "address": "臺北市南港區經貿二路66號"
      }
    },
    {
      "type": "Feature",
      "geometry": {
        "type": "Point",
        "coordinates": [
          121.61647,
          25.057297
        ]
      },
      "properties": {
        "name": "台灣高速鐵路公司",
        "address": "臺北市南港區經貿二路66號"
      }
    },
    {
      "type": "Feature",
      "geometry": {
        "type": "Point",
        "coordinates": [
          121.61647,
          25.057297
        ]
      },
      "properties": {
        "name": "台灣高速鐵路公司",
        "address": "臺北市南港區經貿二路66號"
      }
    },
    {
      "type": "Feature",
      "geometry": {
        "type": "Point",
        "coordinates": [
          121.537041,
          25.046084
        ]
      },
      "properties": {
        "name": "慈濟中山八德聯絡處",
        "address": "臺北市中山區八德路二段118號"
      }
    },
    {
      "type": "Feature",
      "geometry": {
        "type": "Point",
        "coordinates": [
          121.518767,
          25.101359
        ]
      },
      "properties": {
        "name": "臺北高等行政法院",
        "address": "臺北市士林區福國路101號"
      }
    },
    {
      "type": "Feature",
      "geometry": {
        "type": "Point",
        "coordinates": [
          121.505068,
          25.136189
        ]
      },
      "properties": {
        "name": "水美溫泉浴室企業股份有限公司",
        "address": "臺北市北投區光明路224號"
      }
    },
    {
      "type": "Feature",
      "geometry": {
        "type": "Point",
        "coordinates": [
          121.509905,
          25.040018
        ]
      },
      "properties": {
        "name": "最高法院-6樓東側",
        "address": "臺北市中正區長沙街1段6號"
      }
    },
    {
      "type": "Feature",
      "geometry": {
        "type": "Point",
        "coordinates": [
          121.53383,
          25.117942
        ]
      },
      "properties": {
        "name": "新光三越百貨股份有限公司台北天母分公司-一館",
        "address": "臺北市士林區天母東路68號"
      }
    },
    {
      "type": "Feature",
      "geometry": {
        "type": "Point",
        "coordinates": [
          121.546276,
          25.094004
        ]
      },
      "properties": {
        "name": "東吳大學(雙溪校區)",
        "address": "臺北市士林區臨溪路70號"
      }
    },
    {
      "type": "Feature",
      "geometry": {
        "type": "Point",
        "coordinates": [
          121.509663,
          25.037856
        ]
      },
      "properties": {
        "name": "東吳大學(城中校區)",
        "address": "臺北市中正區貴陽街1段56號"
      }
    },
    {
      "type": "Feature",
      "geometry": {
        "type": "Point",
        "coordinates": [
          121.563018,
          25.035486
        ]
      },
      "properties": {
        "name": "豐隆大飯店股份有限公司(台北君悅酒店)1樓商務中心",
        "address": "臺北市信義區松壽路2號"
      }
    },
    {
      "type": "Feature",
      "geometry": {
        "type": "Point",
        "coordinates": [
          121.547821,
          25.101359
        ]
      },
      "properties": {
        "name": "故宮晶華股份有限公司",
        "address": "臺北市士林區至善路二段221號"
      }
    },
    {
      "type": "Feature",
      "geometry": {
        "type": "Point",
        "coordinates": [
          121.517081,
          25.047924
        ]
      },
      "properties": {
        "name": "交通部臺灣鐵路管理局臺北運務段臺北站",
        "address": "臺北市中正區北平西路3號"
      }
    },
    {
      "type": "Feature",
      "geometry": {
        "type": "Point",
        "coordinates": [
          121.517081,
          25.047924
        ]
      },
      "properties": {
        "name": "交通部臺灣鐵路管理局臺北運務段臺北站",
        "address": "臺北市中正區北平西路3號"
      }
    },
    {
      "type": "Feature",
      "geometry": {
        "type": "Point",
        "coordinates": [
          121.527551,
          25.086068
        ]
      },
      "properties": {
        "name": "銘傳大學台北校區(士林區中山北路5段)",
        "address": "臺北市士林區中山北路5段250號"
      }
    },
    {
      "type": "Feature",
      "geometry": {
        "type": "Point",
        "coordinates": [
          121.50978344818,
          25.116530236422
        ]
      },
      "properties": {
        "name": "臺北市北投運動中心",
        "address": "臺北市北投區石牌路1段39巷100號"
      }
    },
    {
      "type": "Feature",
      "geometry": {
        "type": "Point",
        "coordinates": [
          121.505393,
          25.043788
        ]
      },
      "properties": {
        "name": "今日秀泰影城",
        "address": "臺北市萬華區峨眉街52號"
      }
    },
    {
      "type": "Feature",
      "geometry": {
        "type": "Point",
        "coordinates": [
          121.516883,
          25.037241
        ]
      },
      "properties": {
        "name": "國家圖書館",
        "address": "臺北市中正區中山南路20號"
      }
    },
    {
      "type": "Feature",
      "geometry": {
        "type": "Point",
        "coordinates": [
          121.542015,
          24.990124
        ]
      },
      "properties": {
        "name": "臺北市立圖書館景新分館",
        "address": "臺北市文山區景後街151號"
      }
    },
    {
      "type": "Feature",
      "geometry": {
        "type": "Point",
        "coordinates": [
          121.510763,
          25.039805
        ]
      },
      "properties": {
        "name": "臺灣高等法院民事庭大廈",
        "address": "臺北市中正區貴陽路1段233號"
      }
    },
    {
      "type": "Feature",
      "geometry": {
        "type": "Point",
        "coordinates": [
          121.583035,
          24.997343
        ]
      },
      "properties": {
        "name": "臺北市立動物園",
        "address": "臺北市文山區新光路二段30號"
      }
    },
    {
      "type": "Feature",
      "geometry": {
        "type": "Point",
        "coordinates": [
          121.509748,
          25.040388
        ]
      },
      "properties": {
        "name": "臺灣臺北地方法院寶慶院區",
        "address": "臺北市中正區長沙街一段27號"
      }
    },
    {
      "type": "Feature",
      "geometry": {
        "type": "Point",
        "coordinates": [
          121.518555,
          25.064848
        ]
      },
      "properties": {
        "name": "三德觀光大飯店股份有限公司",
        "address": "臺北市大同區承德路3段49號"
      }
    },
    {
      "type": "Feature",
      "geometry": {
        "type": "Point",
        "coordinates": [
          121.552742,
          25.06369
        ]
      },
      "properties": {
        "name": "交通部民用航空局臺北國際航空站(松山機場)",
        "address": "臺北市松山區敦化北路340-9號"
      }
    },
    {
      "type": "Feature",
      "geometry": {
        "type": "Point",
        "coordinates": [
          121.551881,
          25.063677
        ]
      },
      "properties": {
        "name": "交通部民用航空局臺北國際航空站(松山機場)",
        "address": "臺北市松山區敦化北路340-9號"
      }
    },
    {
      "type": "Feature",
      "geometry": {
        "type": "Point",
        "coordinates": [
          121.551788,
          25.064497
        ]
      },
      "properties": {
        "name": "交通部民用航空局臺北國際航空站(松山機場)",
        "address": "臺北市松山區敦化北路340-9號"
      }
    },
    {
      "type": "Feature",
      "geometry": {
        "type": "Point",
        "coordinates": [
          121.55157,
          25.064259
        ]
      },
      "properties": {
        "name": "交通部民用航空局臺北國際航空站(松山機場)",
        "address": "臺北市松山區敦化北路340-9號"
      }
    },
    {
      "type": "Feature",
      "geometry": {
        "type": "Point",
        "coordinates": [
          121.551895,
          25.064269
        ]
      },
      "properties": {
        "name": "交通部民用航空局臺北國際航空站(松山機場)",
        "address": "臺北市松山區敦化北路340-9號"
      }
    },
    {
      "type": "Feature",
      "geometry": {
        "type": "Point",
        "coordinates": [
          121.538096,
          25.025891
        ]
      },
      "properties": {
        "name": "中國文化大學推廣教育部 大夏館",
        "address": "臺北市大安區建國南路2段231號"
      }
    },
    {
      "type": "Feature",
      "geometry": {
        "type": "Point",
        "coordinates": [
          121.55935,
          25.043684
        ]
      },
      "properties": {
        "name": "松山文創園區",
        "address": "臺北市信義區光復南路133號"
      }
    },
    {
      "type": "Feature",
      "geometry": {
        "type": "Point",
        "coordinates": [
          121.551238,
          25.064337
        ]
      },
      "properties": {
        "name": "交通部民用航空局臺北國際航空站(松山機場)",
        "address": "臺北市松山區敦化北路340-9號"
      }
    },
    {
      "type": "Feature",
      "geometry": {
        "type": "Point",
        "coordinates": [
          121.526707,
          25.034539
        ]
      },
      "properties": {
        "name": "臺北市公有東門市場",
        "address": "臺北市中正區信義路二段81號"
      }
    },
    {
      "type": "Feature",
      "geometry": {
        "type": "Point",
        "coordinates": [
          121.517077,
          25.049102
        ]
      },
      "properties": {
        "name": "臺北轉運站",
        "address": "臺北市大同區市民大道一段209號"
      }
    },
    {
      "type": "Feature",
      "geometry": {
        "type": "Point",
        "coordinates": [
          121.521417,
          25.054856
        ]
      },
      "properties": {
        "name": "臺北市中山運動中心",
        "address": "臺北市中山區中山北路2段44巷2號"
      }
    },
    {
      "type": "Feature",
      "geometry": {
        "type": "Point",
        "coordinates": [
          121.519995,
          25.045221
        ]
      },
      "properties": {
        "name": "監察院",
        "address": "臺北市中正區忠孝東路一段2號"
      }
    },
    {
      "type": "Feature",
      "geometry": {
        "type": "Point",
        "coordinates": [
          121.510304,
          25.050395
        ]
      },
      "properties": {
        "name": "立偉電子股份有限公司",
        "address": "臺北市大同區鄭州路139號"
      }
    },
    {
      "type": "Feature",
      "geometry": {
        "type": "Point",
        "coordinates": [
          121.5576842584,
          25.063080337239
        ]
      },
      "properties": {
        "name": "華信航空股份有限公司",
        "address": "臺北市松山區台北市松山區敦化北路405巷123弄3號"
      }
    },
    {
      "type": "Feature",
      "geometry": {
        "type": "Point",
        "coordinates": [
          121.56405,
          25.041589
        ]
      },
      "properties": {
        "name": "全真概念健康事業股份有限公司-忠孝分公司",
        "address": "臺北市信義區忠孝東路4段563號"
      }
    },
    {
      "type": "Feature",
      "geometry": {
        "type": "Point",
        "coordinates": [
          121.563104,
          24.98512
        ]
      },
      "properties": {
        "name": "忠順里辦公處",
        "address": "臺北市文山區興隆路四段145巷30號"
      }
    },
    {
      "type": "Feature",
      "geometry": {
        "type": "Point",
        "coordinates": [
          121.5431,
          25.063482
        ]
      },
      "properties": {
        "name": "臺北市立五常國民中學",
        "address": "臺北市中山區復興北路430巷1號"
      }
    },
    {
      "type": "Feature",
      "geometry": {
        "type": "Point",
        "coordinates": [
          121.537773,
          25.11374
        ]
      },
      "properties": {
        "name": "臺北市職能發展學院",
        "address": "臺北市士林區士東路301號"
      }
    },
    {
      "type": "Feature",
      "geometry": {
        "type": "Point",
        "coordinates": [
          121.521713,
          25.026785
        ]
      },
      "properties": {
        "name": "全真概念健康事業股份有限公司-古亭館",
        "address": "臺北市中正區和平西路一段2號"
      }
    },
    {
      "type": "Feature",
      "geometry": {
        "type": "Point",
        "coordinates": [
          121.55898233737,
          25.0311028883
        ]
      },
      "properties": {
        "name": "越練越好運動事業有限公司",
        "address": "臺北市信義區基隆路二段51號"
      }
    },
    {
      "type": "Feature",
      "geometry": {
        "type": "Point",
        "coordinates": [
          121.517544,
          25.061411
        ]
      },
      "properties": {
        "name": "臺北市大同區雙蓮國民小學",
        "address": "臺北市大同區錦西街51號"
      }
    },
    {
      "type": "Feature",
      "geometry": {
        "type": "Point",
        "coordinates": [
          121.514003,
          25.094485
        ]
      },
      "properties": {
        "name": "交通部公路總局台北市區監理所士林監理站",
        "address": "臺北市士林區承德路5段80號"
      }
    },
    {
      "type": "Feature",
      "geometry": {
        "type": "Point",
        "coordinates": [
          121.54398730659,
          25.101608048257
        ]
      },
      "properties": {
        "name": "臺北市至善老人安養護中心",
        "address": "臺北市士林區仰德大道二段二巷50號"
      }
    },
    {
      "type": "Feature",
      "geometry": {
        "type": "Point",
        "coordinates": [
          121.504667,
          25.135224
        ]
      },
      "properties": {
        "name": "漾館時尚溫泉飯店",
        "address": "臺北市北投區溫泉路63號"
      }
    },
    {
      "type": "Feature",
      "geometry": {
        "type": "Point",
        "coordinates": [
          121.565067,
          25.087688
        ]
      },
      "properties": {
        "name": "德明財經科技大學(綜合大樓)",
        "address": "臺北市內湖區環山路1段56號"
      }
    },
    {
      "type": "Feature",
      "geometry": {
        "type": "Point",
        "coordinates": [
          121.508675,
          25.137023
        ]
      },
      "properties": {
        "name": "北投公園露天溫泉浴池",
        "address": "臺北市北投區中山路6號"
      }
    },
    {
      "type": "Feature",
      "geometry": {
        "type": "Point",
        "coordinates": [
          121.550707,
          25.071722
        ]
      },
      "properties": {
        "name": "民航人員訓練所",
        "address": "臺北市松山區濱江街362號"
      }
    },
    {
      "type": "Feature",
      "geometry": {
        "type": "Point",
        "coordinates": [
          121.52533027335,
          25.020155741942
        ]
      },
      "properties": {
        "name": "臺北市客家文化主題公園",
        "address": "臺北市中正區汀州路3段2號"
      }
    },
    {
      "type": "Feature",
      "geometry": {
        "type": "Point",
        "coordinates": [
          121.575345,
          25.080302
        ]
      },
      "properties": {
        "name": "全真概念健康事業股份有限公司-內湖分公司",
        "address": "臺北市內湖區內湖路1段659號"
      }
    },
    {
      "type": "Feature",
      "geometry": {
        "type": "Point",
        "coordinates": [
          121.565225,
          25.086706
        ]
      },
      "properties": {
        "name": "德明財經科技大學(綜合大樓)",
        "address": "臺北市內湖區環山路1段56號"
      }
    },
    {
      "type": "Feature",
      "geometry": {
        "type": "Point",
        "coordinates": [
          121.544145,
          25.033176
        ]
      },
      "properties": {
        "name": "香港商世界健身事業有限公司大安分公司",
        "address": "臺北市大安區信義路四段6號"
      }
    },
    {
      "type": "Feature",
      "geometry": {
        "type": "Point",
        "coordinates": [
          121.565225,
          25.086706
        ]
      },
      "properties": {
        "name": "德明財經科技大學(綜合大樓)",
        "address": "臺北市內湖區環山路1段56號"
      }
    },
    {
      "type": "Feature",
      "geometry": {
        "type": "Point",
        "coordinates": [
          121.57527228178,
          25.000322649405
        ]
      },
      "properties": {
        "name": "博嘉運動公園",
        "address": "臺北市文山區木柵路4段159巷16號"
      }
    },
    {
      "type": "Feature",
      "geometry": {
        "type": "Point",
        "coordinates": [
          121.516712,
          25.061047
        ]
      },
      "properties": {
        "name": "臺北市大同區雙蓮國民小學",
        "address": "臺北市大同區錦西街51號"
      }
    },
    {
      "type": "Feature",
      "geometry": {
        "type": "Point",
        "coordinates": [
          121.5151497292,
          25.029596435137
        ]
      },
      "properties": {
        "name": "台北 NPO 聚落",
        "address": "臺北市中正區重慶南路三段2號"
      }
    },
    {
      "type": "Feature",
      "geometry": {
        "type": "Point",
        "coordinates": [
          121.50764848395,
          25.082668904187
        ]
      },
      "properties": {
        "name": "葫蘆國小-鷹萬游泳學苑",
        "address": "臺北市士林區環河北路三段95號"
      }
    },
    {
      "type": "Feature",
      "geometry": {
        "type": "Point",
        "coordinates": [
          121.506936,
          25.02386
        ]
      },
      "properties": {
        "name": "臺北市萬華親子館",
        "address": "臺北市萬華區水源路199號"
      }
    },
    {
      "type": "Feature",
      "geometry": {
        "type": "Point",
        "coordinates": [
          121.502565,
          25.036757
        ]
      },
      "properties": {
        "name": "剝皮寮歷史街區西側",
        "address": "臺北市萬華區廣州街151號"
      }
    },
    {
      "type": "Feature",
      "geometry": {
        "type": "Point",
        "coordinates": [
          121.6148394292,
          25.059878091044
        ]
      },
      "properties": {
        "name": "南港老爺行旅",
        "address": "臺北市南港區台北市南港區經貿二路196號"
      }
    },
    {
      "type": "Feature",
      "geometry": {
        "type": "Point",
        "coordinates": [
          121.589883,
          24.994163
        ]
      },
      "properties": {
        "name": "臺北市立動物園",
        "address": "臺北市文山區新光路二段30號"
      }
    },
    {
      "type": "Feature",
      "geometry": {
        "type": "Point",
        "coordinates": [
          121.490958,
          25.03022
        ]
      },
      "properties": {
        "name": "臺北市立大理高級中學",
        "address": "臺北市萬華區長順街2號"
      }
    },
    {
      "type": "Feature",
      "geometry": {
        "type": "Point",
        "coordinates": [
          121.587484,
          25.03652
        ]
      },
      "properties": {
        "name": "松山慈惠堂",
        "address": "臺北市信義區福德街251巷33號"
      }
    },
    {
      "type": "Feature",
      "geometry": {
        "type": "Point",
        "coordinates": [
          121.607156,
          25.053123
        ]
      },
      "properties": {
        "name": "國營臺灣鐵路股份有限公司北區營運處臺北運務段 南港站",
        "address": "臺北市南港區南港路1段313號"
      }
    },
    {
      "type": "Feature",
      "geometry": {
        "type": "Point",
        "coordinates": [
          121.554888,
          25.051478
        ]
      },
      "properties": {
        "name": "臺北市松山區美仁里里民活動場所(久石讓大樓)",
        "address": "臺北市松山區南京東路4段118號"
      }
    },
    {
      "type": "Feature",
      "geometry": {
        "type": "Point",
        "coordinates": [
          121.587484,
          25.03652
        ]
      },
      "properties": {
        "name": "松山慈惠堂",
        "address": "臺北市信義區福德街251巷33號"
      }
    },
    {
      "type": "Feature",
      "geometry": {
        "type": "Point",
        "coordinates": [
          121.564602,
          24.983651
        ]
      },
      "properties": {
        "name": "財團法人台北市木柵忠順廟",
        "address": "臺北市文山區中崙路13號"
      }
    },
    {
      "type": "Feature",
      "geometry": {
        "type": "Point",
        "coordinates": [
          121.55412,
          25.048789
        ]
      },
      "properties": {
        "name": "寧安街8號1樓",
        "address": "臺北市松山區寧安街8號"
      }
    },
    {
      "type": "Feature",
      "geometry": {
        "type": "Point",
        "coordinates": [
          121.55344,
          25.048342
        ]
      },
      "properties": {
        "name": "臺北市松山區美仁里里民活動場所(敦北傑座大樓)",
        "address": "臺北市松山區八德路3段97號"
      }
    },
    {
      "type": "Feature",
      "geometry": {
        "type": "Point",
        "coordinates": [
          121.553489,
          25.05076
        ]
      },
      "properties": {
        "name": "臺北市松山區美仁里里民活動場所(敦傑大樓)",
        "address": "臺北市松山區南京東路4段52巷8號"
      }
    },
    {
      "type": "Feature",
      "geometry": {
        "type": "Point",
        "coordinates": [
          121.552842,
          25.050896
        ]
      },
      "properties": {
        "name": "臺北市松山區美仁里里民活動場所(祥園)",
        "address": "臺北市松山區北寧路66---66-1號"
      }
    },
    {
      "type": "Feature",
      "geometry": {
        "type": "Point",
        "coordinates": [
          121.553013,
          25.050614
        ]
      },
      "properties": {
        "name": "臺北市松山區美仁里里民活動場所(敦化林園大樓)",
        "address": "臺北市松山區北寧路62號"
      }
    },
    {
      "type": "Feature",
      "geometry": {
        "type": "Point",
        "coordinates": [
          121.552728,
          25.048393
        ]
      },
      "properties": {
        "name": "臺北市松山區美仁里里民活動場所(詠堅商業大樓)",
        "address": "臺北市松山區八德路3段27號"
      }
    },
    {
      "type": "Feature",
      "geometry": {
        "type": "Point",
        "coordinates": [
          121.553028,
          25.048356
        ]
      },
      "properties": {
        "name": "臺北市松山區美仁里里民活動場所 (福之鄉大廈)",
        "address": "臺北市松山區八德路3段75號"
      }
    },
    {
      "type": "Feature",
      "geometry": {
        "type": "Point",
        "coordinates": [
          121.551105,
          25.04807
        ]
      },
      "properties": {
        "name": "安橋綜合設施管理服務",
        "address": "臺北市松山區八德路三段20號"
      }
    },
    {
      "type": "Feature",
      "geometry": {
        "type": "Point",
        "coordinates": [
          121.564752,
          25.051193
        ]
      },
      "properties": {
        "name": "Curves女性專用30分鐘健身中心南京三民店",
        "address": "臺北市松山區南京東路5段202號"
      }
    },
    {
      "type": "Feature",
      "geometry": {
        "type": "Point",
        "coordinates": [
          121.560537,
          25.048609
        ]
      },
      "properties": {
        "name": "李長榮化學工業股份有限公司",
        "address": "臺北市松山區八德路4段85號"
      }
    },
    {
      "type": "Feature",
      "geometry": {
        "type": "Point",
        "coordinates": [
          121.512032,
          25.06419
        ]
      },
      "properties": {
        "name": "私立稻江商業職業學校",
        "address": "臺北市大同區民權西路225巷24號"
      }
    },
    {
      "type": "Feature",
      "geometry": {
        "type": "Point",
        "coordinates": [
          121.51055,
          25.054862
        ]
      },
      "properties": {
        "name": "臺北市藝文推廣處-大稻埕戲苑",
        "address": "臺北市大同區迪化街一段21號"
      }
    },
    {
      "type": "Feature",
      "geometry": {
        "type": "Point",
        "coordinates": [
          121.511306,
          25.062724
        ]
      },
      "properties": {
        "name": "臺北市大龍養護中心",
        "address": "臺北市大同區民族西路105號"
      }
    },
    {
      "type": "Feature",
      "geometry": {
        "type": "Point",
        "coordinates": [
          121.564067,
          25.051197
        ]
      },
      "properties": {
        "name": "香港商世界健身事業有限公司南京分公司",
        "address": "臺北市松山區南京東路5段196號"
      }
    },
    {
      "type": "Feature",
      "geometry": {
        "type": "Point",
        "coordinates": [
          121.55274468102,
          25.063756975391
        ]
      },
      "properties": {
        "name": "交通部民用航空局臺北國際航空站(松山機場)",
        "address": "臺北市松山區敦化北路340-9號"
      }
    },
    {
      "type": "Feature",
      "geometry": {
        "type": "Point",
        "coordinates": [
          121.55274736204,
          25.063742403978
        ]
      },
      "properties": {
        "name": "交通部民用航空局臺北國際航空站(松山機場)",
        "address": "臺北市松山區敦化北路340-9號"
      }
    },
    {
      "type": "Feature",
      "geometry": {
        "type": "Point",
        "coordinates": [
          121.576145,
          25.073447
        ]
      },
      "properties": {
        "name": "妮飛健身空間",
        "address": "臺北市內湖區瑞湖街99號"
      }
    },
    {
      "type": "Feature",
      "geometry": {
        "type": "Point",
        "coordinates": [
          121.520876,
          25.038642
        ]
      },
      "properties": {
        "name": "臺北市中正區東門國民小學",
        "address": "臺北市中正區仁愛路一段2-4號"
      }
    },
    {
      "type": "Feature",
      "geometry": {
        "type": "Point",
        "coordinates": [
          121.513358,
          25.062297
        ]
      },
      "properties": {
        "name": "台北市私立崇生康復之家",
        "address": "臺北市大同區重慶北路2段188號"
      }
    },
    {
      "type": "Feature",
      "geometry": {
        "type": "Point",
        "coordinates": [
          121.519159,
          25.040274
        ]
      },
      "properties": {
        "name": "微風廣場實業股份有限公司台大分公司",
        "address": "臺北市中正區中山南路7號"
      }
    },
    {
      "type": "Feature",
      "geometry": {
        "type": "Point",
        "coordinates": [
          121.554645,
          25.038767
        ]
      },
      "properties": {
        "name": "陽昇牙醫診所",
        "address": "臺北市大安區忠孝東路路四段216巷11弄6號"
      }
    },
    {
      "type": "Feature",
      "geometry": {
        "type": "Point",
        "coordinates": [
          121.55283855957,
          25.063860834406
        ]
      },
      "properties": {
        "name": "交通部民用航空局臺北國際航空站(松山機場)",
        "address": "臺北市松山區敦化北路340-9號"
      }
    },
    {
      "type": "Feature",
      "geometry": {
        "type": "Point",
        "coordinates": [
          121.538771,
          25.168429
        ]
      },
      "properties": {
        "name": "臺北市湖田實驗國民小學",
        "address": "臺北市北投區竹子湖路17-2號"
      }
    },
    {
      "type": "Feature",
      "geometry": {
        "type": "Point",
        "coordinates": [
          121.509952,
          25.033752
        ]
      },
      "properties": {
        "name": "中華民國紅十字會台灣省分會",
        "address": "臺北市中正區博愛路230巷6號"
      }
    },
    {
      "type": "Feature",
      "geometry": {
        "type": "Point",
        "coordinates": [
          121.513674,
          25.106183
        ]
      },
      "properties": {
        "name": "臺北市北投區文林國民小學",
        "address": "臺北市北投區文林北路155號"
      }
    },
    {
      "type": "Feature",
      "geometry": {
        "type": "Point",
        "coordinates": [
          121.466292,
          25.126631
        ]
      },
      "properties": {
        "name": "臺北市北投區關渡國民小學",
        "address": "臺北市北投區中央北路4段581號"
      }
    },
    {
      "type": "Feature",
      "geometry": {
        "type": "Point",
        "coordinates": [
          121.528366,
          25.031176
        ]
      },
      "properties": {
        "name": "淡江大學台北校園",
        "address": "臺北市大安區金華街199巷5號"
      }
    },
    {
      "type": "Feature",
      "geometry": {
        "type": "Point",
        "coordinates": [
          121.51866,
          25.108023
        ]
      },
      "properties": {
        "name": "臺北市立明德國民中學",
        "address": "臺北市北投區明德路50號"
      }
    },
    {
      "type": "Feature",
      "geometry": {
        "type": "Point",
        "coordinates": [
          121.526728,
          25.025213
        ]
      },
      "properties": {
        "name": "國立臺灣師範大學校本部(和平東路1段162號) ",
        "address": "臺北市大安區和平東路1段162號"
      }
    },
    {
      "type": "Feature",
      "geometry": {
        "type": "Point",
        "coordinates": [
          121.496669,
          25.137094
        ]
      },
      "properties": {
        "name": "臺北市北投區文化國民小學",
        "address": "臺北市北投區文化三路一號"
      }
    },
    {
      "type": "Feature",
      "geometry": {
        "type": "Point",
        "coordinates": [
          121.515496,
          25.057931
        ]
      },
      "properties": {
        "name": "臺北市私立靜修高級中學",
        "address": "臺北市大同區寧夏路59號"
      }
    },
    {
      "type": "Feature",
      "geometry": {
        "type": "Point",
        "coordinates": [
          121.46935972409,
          25.132490070666
        ]
      },
      "properties": {
        "name": "國立臺北藝術大學_展演中心",
        "address": "臺北市北投區學園路1號"
      }
    },
    {
      "type": "Feature",
      "geometry": {
        "type": "Point",
        "coordinates": [
          121.525007,
          25.104917
        ]
      },
      "properties": {
        "name": "天母國際聯誼會",
        "address": "臺北市士林區中山北路六段88號"
      }
    },
    {
      "type": "Feature",
      "geometry": {
        "type": "Point",
        "coordinates": [
          121.527422,
          25.120167
        ]
      },
      "properties": {
        "name": "臺北市士林區天母國民小學",
        "address": "臺北市士林區天玉街12號"
      }
    },
    {
      "type": "Feature",
      "geometry": {
        "type": "Point",
        "coordinates": [
          121.556689,
          25.058233
        ]
      },
      "properties": {
        "name": "體線運動工作室",
        "address": "臺北市松山區南京東路4段186號"
      }
    },
    {
      "type": "Feature",
      "geometry": {
        "type": "Point",
        "coordinates": [
          121.517081,
          25.047924
        ]
      },
      "properties": {
        "name": "台灣高速鐵路(股)公司-台北車站",
        "address": "臺北市中正區北平西路3號"
      }
    },
    {
      "type": "Feature",
      "geometry": {
        "type": "Point",
        "coordinates": [
          121.54811,
          25.055711
        ]
      },
      "properties": {
        "name": "台北文華東方酒店",
        "address": "臺北市松山區敦化北路158號"
      }
    },
    {
      "type": "Feature",
      "geometry": {
        "type": "Point",
        "coordinates": [
          121.548336,
          25.055726
        ]
      },
      "properties": {
        "name": "台北文華東方酒店",
        "address": "臺北市松山區敦化北路158號"
      }
    },
    {
      "type": "Feature",
      "geometry": {
        "type": "Point",
        "coordinates": [
          121.54835865269,
          25.055456144333
        ]
      },
      "properties": {
        "name": "台北文華東方酒店",
        "address": "臺北市松山區敦化北路158號"
      }
    },
    {
      "type": "Feature",
      "geometry": {
        "type": "Point",
        "coordinates": [
          121.578673,
          25.048578
        ]
      },
      "properties": {
        "name": "財團法人中華民國佛教慈濟慈善事業基金會-台北東區聯絡處",
        "address": "臺北市信義區松隆路327號"
      }
    },
    {
      "type": "Feature",
      "geometry": {
        "type": "Point",
        "coordinates": [
          121.5139,
          25.062502
        ]
      },
      "properties": {
        "name": "陽明海運股份有限公司台灣營業部",
        "address": "臺北市大同區重慶北路2段243號"
      }
    },
    {
      "type": "Feature",
      "geometry": {
        "type": "Point",
        "coordinates": [
          121.53504,
          25.040063
        ]
      },
      "properties": {
        "name": "Fit Five Fitness",
        "address": "臺北市大安區濟南路三段28號"
      }
    },
    {
      "type": "Feature",
      "geometry": {
        "type": "Point",
        "coordinates": [
          121.543139,
          25.048092
        ]
      },
      "properties": {
        "name": "大地清旅旅店",
        "address": "臺北市中山區長安東路2段246號"
      }
    },
    {
      "type": "Feature",
      "geometry": {
        "type": "Point",
        "coordinates": [
          121.549653,
          25.151185
        ]
      },
      "properties": {
        "name": "臺北市教師研習中心",
        "address": "臺北市北投區建國街2號"
      }
    },
    {
      "type": "Feature",
      "geometry": {
        "type": "Point",
        "coordinates": [
          121.499502,
          25.141786
        ]
      },
      "properties": {
        "name": "家福股份有限公司北投分公司(家樂福北投店)",
        "address": "臺北市北投區中和街366號"
      }
    },
    {
      "type": "Feature",
      "geometry": {
        "type": "Point",
        "coordinates": [
          121.54051308613,
          25.047471408689
        ]
      },
      "properties": {
        "name": "臺北市朱崙老人公寓",
        "address": "臺北市中山區龍江路15號"
      }
    },
    {
      "type": "Feature",
      "geometry": {
        "type": "Point",
        "coordinates": [
          121.555697,
          25.041247
        ]
      },
      "properties": {
        "name": "交通部觀光署",
        "address": "臺北市大安區忠孝東路4段290號"
      }
    },
    {
      "type": "Feature",
      "geometry": {
        "type": "Point",
        "coordinates": [
          121.520956,
          25.046317
        ]
      },
      "properties": {
        "name": "行政院",
        "address": "臺北市中正區忠孝東路一段1號"
      }
    },
    {
      "type": "Feature",
      "geometry": {
        "type": "Point",
        "coordinates": [
          121.5606493272,
          25.042028153556
        ]
      },
      "properties": {
        "name": "臺北大巨蛋",
        "address": "臺北市信義區忠孝東路4段545號"
      }
    },
    {
      "type": "Feature",
      "geometry": {
        "type": "Point",
        "coordinates": [
          121.543397,
          25.041809
        ]
      },
      "properties": {
        "name": "于賓診所",
        "address": "臺北市大安區忠孝東路3段305號"
      }
    },
    {
      "type": "Feature",
      "geometry": {
        "type": "Point",
        "coordinates": [
          121.605298,
          25.062515
        ]
      },
      "properties": {
        "name": "臺北市政府環境保護局內湖垃圾焚化廠",
        "address": "臺北市內湖區安康路290號"
      }
    },
    {
      "type": "Feature",
      "geometry": {
        "type": "Point",
        "coordinates": [
          121.549406,
          25.078776
        ]
      },
      "properties": {
        "name": "臺北市中山區永安國民小學",
        "address": "臺北市中山區明水路397巷19弄1號"
      }
    },
    {
      "type": "Feature",
      "geometry": {
        "type": "Point",
        "coordinates": [
          121.47023,
          25.136126
        ]
      },
      "properties": {
        "name": "城市學校財團法人臺北城市科技大學",
        "address": "臺北市北投區學園路2號"
      }
    },
    {
      "type": "Feature",
      "geometry": {
        "type": "Point",
        "coordinates": [
          121.55767889635,
          25.063082765821
        ]
      },
      "properties": {
        "name": "華信航空股份有限公司",
        "address": "臺北市松山區台北市松山區敦化北路405巷123弄3號"
      }
    },
    {
      "type": "Feature",
      "geometry": {
        "type": "Point",
        "coordinates": [
          121.517358,
          25.068726
        ]
      },
      "properties": {
        "name": "臺北市大龍老人住宅",
        "address": "臺北市大同區民族西路105號"
      }
    },
    {
      "type": "Feature",
      "geometry": {
        "type": "Point",
        "coordinates": [
          121.495065,
          25.033203
        ]
      },
      "properties": {
        "name": "糖部文化園區",
        "address": "臺北市萬華區大理街132-10號"
      }
    },
    {
      "type": "Feature",
      "geometry": {
        "type": "Point",
        "coordinates": [
          121.55770838759,
          25.063094908731
        ]
      },
      "properties": {
        "name": "華信航空股份有限公司",
        "address": "臺北市松山區台北市松山區敦化北路405巷123弄3號"
      }
    },
    {
      "type": "Feature",
      "geometry": {
        "type": "Point",
        "coordinates": [
          121.56082098866,
          25.041532417052
        ]
      },
      "properties": {
        "name": "臺北大巨蛋",
        "address": "臺北市信義區忠孝東路4段545號"
      }
    },
    {
      "type": "Feature",
      "geometry": {
        "type": "Point",
        "coordinates": [
          121.55787730386,
          25.063225683348
        ]
      },
      "properties": {
        "name": "華信航空股份有限公司",
        "address": "臺北市松山區台北市松山區敦化北路405巷123弄3號"
      }
    },
    {
      "type": "Feature",
      "geometry": {
        "type": "Point",
        "coordinates": [
          121.577092,
          25.047184
        ]
      },
      "properties": {
        "name": "台北府城隍廟",
        "address": "臺北市松山區虎林街3號"
      }
    },
    {
      "type": "Feature",
      "geometry": {
        "type": "Point",
        "coordinates": [
          121.55831752169,
          25.041733378602
        ]
      },
      "properties": {
        "name": "臺北大巨蛋",
        "address": "臺北市信義區忠孝東路4段545號"
      }
    },
    {
      "type": "Feature",
      "geometry": {
        "type": "Point",
        "coordinates": [
          121.55855364566,
          25.043270687824
        ]
      },
      "properties": {
        "name": "臺北大巨蛋",
        "address": "臺北市信義區忠孝東路4段545號"
      }
    },
    {
      "type": "Feature",
      "geometry": {
        "type": "Point",
        "coordinates": [
          121.56054088307,
          25.041916237114
        ]
      },
      "properties": {
        "name": "臺北大巨蛋",
        "address": "臺北市信義區忠孝東路4段545號"
      }
    },
    {
      "type": "Feature",
      "geometry": {
        "type": "Point",
        "coordinates": [
          121.473404,
          25.136296
        ]
      },
      "properties": {
        "name": "國立臺北藝術大學_游泳館大門外",
        "address": "臺北市北投區學園路1號"
      }
    },
    {
      "type": "Feature",
      "geometry": {
        "type": "Point",
        "coordinates": [
          121.557636,
          25.06304
        ]
      },
      "properties": {
        "name": "台灣虎航股份有限公司",
        "address": "臺北市松山區敦化北路405巷123弄3號"
      }
    },
    {
      "type": "Feature",
      "geometry": {
        "type": "Point",
        "coordinates": [
          121.55847271349,
          25.044827499731
        ]
      },
      "properties": {
        "name": "臺北大巨蛋",
        "address": "臺北市信義區忠孝東路4段545號"
      }
    },
    {
      "type": "Feature",
      "geometry": {
        "type": "Point",
        "coordinates": [
          121.5948369628,
          25.08008515609
        ]
      },
      "properties": {
        "name": "臺北市內湖區康寧國民小學",
        "address": "臺北市內湖區星雲街121號"
      }
    },
    {
      "type": "Feature",
      "geometry": {
        "type": "Point",
        "coordinates": [
          121.55768157737,
          25.06308667432
        ]
      },
      "properties": {
        "name": "華信航空股份有限公司",
        "address": "臺北市松山區台北市松山區敦化北路405巷123弄3號"
      }
    },
    {
      "type": "Feature",
      "geometry": {
        "type": "Point",
        "coordinates": [
          121.5576601292,
          25.063068194327
        ]
      },
      "properties": {
        "name": "華信航空股份有限公司",
        "address": "臺北市松山區台北市松山區敦化北路405巷123弄3號"
      }
    },
    {
      "type": "Feature",
      "geometry": {
        "type": "Point",
        "coordinates": [
          121.55768693942,
          25.063065765745
        ]
      },
      "properties": {
        "name": "華信航空股份有限公司",
        "address": "臺北市松山區台北市松山區敦化北路405巷123弄3號"
      }
    },
    {
      "type": "Feature",
      "geometry": {
        "type": "Point",
        "coordinates": [
          121.56079953098,
          25.042606510277
        ]
      },
      "properties": {
        "name": "臺北大巨蛋",
        "address": "臺北市信義區忠孝東路4段545號"
      }
    },
    {
      "type": "Feature",
      "geometry": {
        "type": "Point",
        "coordinates": [
          121.5576842584,
          25.063073051492
        ]
      },
      "properties": {
        "name": "華信航空股份有限公司",
        "address": "臺北市松山區台北市松山區敦化北路405巷123弄3號"
      }
    },
    {
      "type": "Feature",
      "geometry": {
        "type": "Point",
        "coordinates": [
          121.505788,
          25.137067
        ]
      },
      "properties": {
        "name": "凱達格蘭文化館",
        "address": "臺北市北投區中山路3-1號"
      }
    },
    {
      "type": "Feature",
      "geometry": {
        "type": "Point",
        "coordinates": [
          121.507598,
          25.056367
        ]
      },
      "properties": {
        "name": "台北市河濱自行車租借站大稻埕站",
        "address": "臺北市大同區民生西路底，大稻埕疏散門進入，大稻埕碼頭旁。"
      }
    },
    {
      "type": "Feature",
      "geometry": {
        "type": "Point",
        "coordinates": [
          121.504435,
          25.019772
        ]
      },
      "properties": {
        "name": "台北市河濱自行車租借站馬場町站",
        "address": "臺北市萬華區開車請由青年路底水源路交叉口，馬場疏散門進入。"
      }
    },
    {
      "type": "Feature",
      "geometry": {
        "type": "Point",
        "coordinates": [
          121.528235,
          25.011213
        ]
      },
      "properties": {
        "name": "台北市河濱自行車租借站景福站",
        "address": "臺北市中正區自來水園區公館水岸廣場上(思源路底)永福橋旁"
      }
    },
    {
      "type": "Feature",
      "geometry": {
        "type": "Point",
        "coordinates": [
          121.580152,
          24.999429
        ]
      },
      "properties": {
        "name": "台北市河濱自行車租借站木柵站",
        "address": "臺北市文山區新光路2段，動物園前方道南河濱公園廣場上。"
      }
    },
    {
      "type": "Feature",
      "geometry": {
        "type": "Point",
        "coordinates": [
          121.570179,
          25.071062
        ]
      },
      "properties": {
        "name": "台北市河濱自行車租借站觀山站",
        "address": "臺北市大同區塔悠路轉入塔悠疏散門往大直橋方向，高速公路橋下方。"
      }
    },
    {
      "type": "Feature",
      "geometry": {
        "type": "Point",
        "coordinates": [
          121.541101,
          25.07469
        ]
      },
      "properties": {
        "name": "台北市河濱自行車租借站大佳站",
        "address": "臺北市松山區大佳河濱公園九號"
      }
    },
    {
      "type": "Feature",
      "geometry": {
        "type": "Point",
        "coordinates": [
          121.573795,
          25.052849
        ]
      },
      "properties": {
        "name": "台北市河濱自行車租借站彩虹站",
        "address": "臺北市松山區開車經越堤坡道(新湖2路與堤頂大道交會口臨河側附近)轉入河濱公園於麥帥一橋右岸下、步行由彩虹橋或行善路前往麥帥一橋右岸)"
      }
    },
    {
      "type": "Feature",
      "geometry": {
        "type": "Point",
        "coordinates": [
          121.558549,
          25.075376
        ]
      },
      "properties": {
        "name": "台北市河濱自行車租借站美堤站",
        "address": "臺北市中山區美堤疏散門(敬業三路底)進入後左轉，土坡曲道賽場旁。"
      }
    },
    {
      "type": "Feature",
      "geometry": {
        "type": "Point",
        "coordinates": [
          121.461888,
          25.12242
        ]
      },
      "properties": {
        "name": "台北市河濱自行車租借站關渡站",
        "address": "臺北市北投區知行路上，關渡宮北側，關渡碼頭旁。"
      }
    },
    {
      "type": "Feature",
      "geometry": {
        "type": "Point",
        "coordinates": [
          121.580112,
          25.034963
        ]
      },
      "properties": {
        "name": "臺北市立松山高級商業家事職業學校",
        "address": "臺北市信義區松山路655號"
      }
    },
    {
      "type": "Feature",
      "geometry": {
        "type": "Point",
        "coordinates": [
          121.554335,
          25.051284
        ]
      },
      "properties": {
        "name": "臺北市松山區美仁里里民活動場所(3鄰鄰長住宅)",
        "address": "臺北市松山區寧安街68巷15-1號"
      }
    },
    {
      "type": "Feature",
      "geometry": {
        "type": "Point",
        "coordinates": [
          121.552833,
          25.050254
        ]
      },
      "properties": {
        "name": "臺北市松山區美仁里里民活動場所(敦北園中園大樓)",
        "address": "臺北市松山區北寧路58號"
      }
    },
    {
      "type": "Feature",
      "geometry": {
        "type": "Point",
        "coordinates": [
          121.553866,
          25.049952
        ]
      },
      "properties": {
        "name": "育達學校財團法人臺北市私立育達高級中等學校",
        "address": "臺北市松山區寧安街12號"
      }
    },
    {
      "type": "Feature",
      "geometry": {
        "type": "Point",
        "coordinates": [
          121.553517,
          25.049193
        ]
      },
      "properties": {
        "name": "臺北市松山區美仁里里民活動場所",
        "address": "臺北市松山區八德路3段99巷12-8號"
      }
    },
    {
      "type": "Feature",
      "geometry": {
        "type": "Point",
        "coordinates": [
          121.532342,
          25.012506
        ]
      },
      "properties": {
        "name": "臺北自來水園區環境教育中心",
        "address": "臺北市中正區思源街1號"
      }
    },
    {
      "type": "Feature",
      "geometry": {
        "type": "Point",
        "coordinates": [
          121.566594,
          25.046907
        ]
      },
      "properties": {
        "name": "統一超商股份有限公司總公司",
        "address": "臺北市信義區東興路65號"
      }
    },
    {
      "type": "Feature",
      "geometry": {
        "type": "Point",
        "coordinates": [
          121.563409,
          25.051278
        ]
      },
      "properties": {
        "name": "NisoroFit 台北南京三民店",
        "address": "臺北市松山區南京東路五段176號"
      }
    },
    {
      "type": "Feature",
      "geometry": {
        "type": "Point",
        "coordinates": [
          121.532141,
          25.010089
        ]
      },
      "properties": {
        "name": "財團法人台北市文化基金會臺北市影視音實驗教育機構",
        "address": "臺北市中正區汀州路三段230巷18弄5-2號"
      }
    },
    {
      "type": "Feature",
      "geometry": {
        "type": "Point",
        "coordinates": [
          121.524153,
          25.066547
        ]
      },
      "properties": {
        "name": "欣葉國際餐飲-台灣料理創始店",
        "address": "臺北市中山區雙城街34-1號"
      }
    },
    {
      "type": "Feature",
      "geometry": {
        "type": "Point",
        "coordinates": [
          121.539259,
          24.989099
        ]
      },
      "properties": {
        "name": "臺北市私立滬江高級中學",
        "address": "臺北市文山區羅斯福路六段336號"
      }
    },
    {
      "type": "Feature",
      "geometry": {
        "type": "Point",
        "coordinates": [
          121.54929,
          25.033942
        ]
      },
      "properties": {
        "name": "國泰商旅股份有限公司敦南分公司(慕軒飯店)",
        "address": "臺北市大安區敦化南路1段331號"
      }
    },
    {
      "type": "Feature",
      "geometry": {
        "type": "Point",
        "coordinates": [
          121.521127,
          25.085832
        ]
      },
      "properties": {
        "name": "前港公園游泳池",
        "address": "臺北市士林區前港街45號"
      }
    },
    {
      "type": "Feature",
      "geometry": {
        "type": "Point",
        "coordinates": [
          121.590903,
          25.068942
        ]
      },
      "properties": {
        "name": "台灣新光保全股份有限公司科技總部",
        "address": "臺北市內湖區行愛路128號"
      }
    },
    {
      "type": "Feature",
      "geometry": {
        "type": "Point",
        "coordinates": [
          121.578749,
          25.062436
        ]
      },
      "properties": {
        "name": "台灣新光保全股份有限公司2館優勢領航大樓",
        "address": "臺北市內湖區新湖二路128號"
      }
    },
    {
      "type": "Feature",
      "geometry": {
        "type": "Point",
        "coordinates": [
          121.531079,
          25.01568
        ]
      },
      "properties": {
        "name": "臺北市私立南華高級中學職業進修學校",
        "address": "臺北市中正區汀州路三段58號"
      }
    },
    {
      "type": "Feature",
      "geometry": {
        "type": "Point",
        "coordinates": [
          121.536201,
          25.12634
        ]
      },
      "properties": {
        "name": "財團法人台北市南海普陀山慧濟寺",
        "address": "臺北市士林區中山北路七段190巷34-1號"
      }
    },
    {
      "type": "Feature",
      "geometry": {
        "type": "Point",
        "coordinates": [
          121.555829,
          25.038069
        ]
      },
      "properties": {
        "name": "澤力有限公司",
        "address": "臺北市大安區仁愛路四段407-1號"
      }
    },
    {
      "type": "Feature",
      "geometry": {
        "type": "Point",
        "coordinates": [
          121.518681,
          25.063301
        ]
      },
      "properties": {
        "name": "sky fitness",
        "address": "臺北市大同區承德路三段9-1號"
      }
    },
    {
      "type": "Feature",
      "geometry": {
        "type": "Point",
        "coordinates": [
          121.495917,
          25.036439
        ]
      },
      "properties": {
        "name": "臺北市萬華區龍山國民小學",
        "address": "臺北市萬華區和平西路3段235號"
      }
    },
    {
      "type": "Feature",
      "geometry": {
        "type": "Point",
        "coordinates": [
          121.55112991569,
          25.057713185876
        ]
      },
      "properties": {
        "name": "長庚生物科技公司-身心靈轉化中心",
        "address": "臺北市松山區民生東路4段54號"
      }
    },
    {
      "type": "Feature",
      "geometry": {
        "type": "Point",
        "coordinates": [
          121.50629,
          25.037743
        ]
      },
      "properties": {
        "name": "家福股份有限公司台北桂林分公司(家樂福桂林店)",
        "address": "臺北市萬華區桂林路1號"
      }
    },
    {
      "type": "Feature",
      "geometry": {
        "type": "Point",
        "coordinates": [
          121.51381960075,
          25.059186858556
        ]
      },
      "properties": {
        "name": "家福股份有限公司臺北重慶分公司(家樂福重慶店)",
        "address": "臺北市大同區重慶北路二段171號"
      }
    },
    {
      "type": "Feature",
      "geometry": {
        "type": "Point",
        "coordinates": [
          121.546893,
          25.041364
        ]
      },
      "properties": {
        "name": "欣葉國際餐飲-台灣料理忠孝店",
        "address": "臺北市大安區忠孝東路4段112號"
      }
    },
    {
      "type": "Feature",
      "geometry": {
        "type": "Point",
        "coordinates": [
          121.53308,
          25.112514
        ]
      },
      "properties": {
        "name": "臺灣士林地方法院",
        "address": "臺北市士林區士東路190號"
      }
    },
    {
      "type": "Feature",
      "geometry": {
        "type": "Point",
        "coordinates": [
          121.557196,
          25.05334
        ]
      },
      "properties": {
        "name": "欣葉國際餐飲-日本料理健康店",
        "address": "臺北市松山區健康路156號"
      }
    },
    {
      "type": "Feature",
      "geometry": {
        "type": "Point",
        "coordinates": [
          121.54757867482,
          24.998384556844
        ]
      },
      "properties": {
        "name": "臺北市私立靜心高級中學游泳池",
        "address": "臺北市文山區興隆路二段46號"
      }
    },
    {
      "type": "Feature",
      "geometry": {
        "type": "Point",
        "coordinates": [
          121.52963,
          25.054721
        ]
      },
      "properties": {
        "name": "臺北市中山區吉林國民小學",
        "address": "臺北市中山區長春路116號"
      }
    },
    {
      "type": "Feature",
      "geometry": {
        "type": "Point",
        "coordinates": [
          121.504894,
          25.253332
        ]
      },
      "properties": {
        "name": "馬偕學校財團法人馬偕醫護管理專科學校(關渡校區)",
        "address": "臺北市北投區聖景路92號"
      }
    },
    {
      "type": "Feature",
      "geometry": {
        "type": "Point",
        "coordinates": [
          121.523318,
          25.034572
        ]
      },
      "properties": {
        "name": "臺北市私立金甌女子高級中學",
        "address": "臺北市大安區杭州南路2段1號"
      }
    },
    {
      "type": "Feature",
      "geometry": {
        "type": "Point",
        "coordinates": [
          121.557636,
          25.06304
        ]
      },
      "properties": {
        "name": "台灣虎航股份有限公司",
        "address": "臺北市松山區敦化北路405巷123弄3號"
      }
    },
    {
      "type": "Feature",
      "geometry": {
        "type": "Point",
        "coordinates": [
          121.557636,
          25.06304
        ]
      },
      "properties": {
        "name": "台灣虎航股份有限公司",
        "address": "臺北市松山區敦化北路405巷123弄3號"
      }
    },
    {
      "type": "Feature",
      "geometry": {
        "type": "Point",
        "coordinates": [
          121.50689,
          25.135921
        ]
      },
      "properties": {
        "name": "日勝生加賀屋國際溫泉飯店",
        "address": "臺北市北投區光明路236號"
      }
    },
    {
      "type": "Feature",
      "geometry": {
        "type": "Point",
        "coordinates": [
          121.466847,
          25.130315
        ]
      },
      "properties": {
        "name": "國立臺北藝術大學_警衛室",
        "address": "臺北市北投區學園路1號"
      }
    },
    {
      "type": "Feature",
      "geometry": {
        "type": "Point",
        "coordinates": [
          121.55767889635,
          25.063077832763
        ]
      },
      "properties": {
        "name": "台灣虎航股份有限公司",
        "address": "臺北市松山區敦化北路405巷123弄3號"
      }
    },
    {
      "type": "Feature",
      "geometry": {
        "type": "Point",
        "coordinates": [
          121.5612702589,
          25.041877355857
        ]
      },
      "properties": {
        "name": "臺北大巨蛋",
        "address": "臺北市信義區忠孝東路4段545號"
      }
    },
    {
      "type": "Feature",
      "geometry": {
        "type": "Point",
        "coordinates": [
          121.55189685329,
          25.08506882597
        ]
      },
      "properties": {
        "name": "凱基證券(大直 總公司)",
        "address": "臺北市中山區明水路700號"
      }
    },
    {
      "type": "Feature",
      "geometry": {
        "type": "Point",
        "coordinates": [
          121.538182,
          25.136065
        ]
      },
      "properties": {
        "name": "中國文化大學 大恩館",
        "address": "臺北市士林區華岡路55號"
      }
    },
    {
      "type": "Feature",
      "geometry": {
        "type": "Point",
        "coordinates": [
          121.535332,
          25.0087
        ]
      },
      "properties": {
        "name": "國立臺灣師範大學公館校區(汀州路4段88號)",
        "address": "臺北市文山區汀州路4段88號"
      }
    },
    {
      "type": "Feature",
      "geometry": {
        "type": "Point",
        "coordinates": [
          121.53445227591,
          25.01636855327
        ]
      },
      "properties": {
        "name": "國立臺灣大學(校總區)",
        "address": "臺北市大安區羅斯福路4段1號"
      }
    },
    {
      "type": "Feature",
      "geometry": {
        "type": "Point",
        "coordinates": [
          121.470228,
          25.133393
        ]
      },
      "properties": {
        "name": "國立臺北藝術大學_衛生保健組",
        "address": "臺北市北投區學園路1號"
      }
    },
    {
      "type": "Feature",
      "geometry": {
        "type": "Point",
        "coordinates": [
          121.5202,
          25.092605
        ]
      },
      "properties": {
        "name": "特力屋股份有限公司士林分公司",
        "address": "臺北市士林區基河路258號"
      }
    },
    {
      "type": "Feature",
      "geometry": {
        "type": "Point",
        "coordinates": [
          121.555272,
          25.056572
        ]
      },
      "properties": {
        "name": "臺北市松山區東昌里民活動場所",
        "address": "臺北市松山區民生東路4段112巷7弄24號"
      }
    },
    {
      "type": "Feature",
      "geometry": {
        "type": "Point",
        "coordinates": [
          121.522365,
          25.038999
        ]
      },
      "properties": {
        "name": "臺北市政府青年局",
        "address": "臺北市中正區仁愛路一段17號"
      }
    },
    {
      "type": "Feature",
      "geometry": {
        "type": "Point",
        "coordinates": [
          121.534973,
          25.068077
        ]
      },
      "properties": {
        "name": "臺北市中山區行孝里辦公處",
        "address": "臺北市中山區民族東路282號"
      }
    },
    {
      "type": "Feature",
      "geometry": {
        "type": "Point",
        "coordinates": [
          121.520622,
          25.068147
        ]
      },
      "properties": {
        "name": "大同大學",
        "address": "臺北市中山區中山北路3段40號"
      }
    },
    {
      "type": "Feature",
      "geometry": {
        "type": "Point",
        "coordinates": [
          121.522518,
          25.038975
        ]
      },
      "properties": {
        "name": "臺北市政府青年局",
        "address": "臺北市中正區仁愛路一段17號"
      }
    },
    {
      "type": "Feature",
      "geometry": {
        "type": "Point",
        "coordinates": [
          121.578248,
          24.982212
        ]
      },
      "properties": {
        "name": "國立政治大學",
        "address": "臺北市文山區指南路2段64號"
      }
    },
    {
      "type": "Feature",
      "geometry": {
        "type": "Point",
        "coordinates": [
          121.575514,
          25.079369
        ]
      },
      "properties": {
        "name": "臺北市立內湖高級工業職業學校",
        "address": "臺北市內湖區內湖路一段520號"
      }
    },
    {
      "type": "Feature",
      "geometry": {
        "type": "Point",
        "coordinates": [
          121.57652,
          24.986909
        ]
      },
      "properties": {
        "name": "國立政治大學",
        "address": "臺北市文山區指南路2段64號"
      }
    },
    {
      "type": "Feature",
      "geometry": {
        "type": "Point",
        "coordinates": [
          121.551453,
          25.032235
        ]
      },
      "properties": {
        "name": "臺北市私立東方高級工商職業學校",
        "address": "臺北市大安區信義路四段186巷8號"
      }
    },
    {
      "type": "Feature",
      "geometry": {
        "type": "Point",
        "coordinates": [
          121.574983,
          24.986398
        ]
      },
      "properties": {
        "name": "國立政治大學",
        "address": "臺北市文山區指南路2段64號"
      }
    },
    {
      "type": "Feature",
      "geometry": {
        "type": "Point",
        "coordinates": [
          121.544478,
          25.051998
        ]
      },
      "properties": {
        "name": "兄弟大飯店",
        "address": "臺北市松山區南京東路三段255號"
      }
    },
    {
      "type": "Feature",
      "geometry": {
        "type": "Point",
        "coordinates": [
          121.499694,
          25.121955
        ]
      },
      "properties": {
        "name": "國都汽車陽明服務廠",
        "address": "臺北市北投區大業路6號"
      }
    },
    {
      "type": "Feature",
      "geometry": {
        "type": "Point",
        "coordinates": [
          121.528616,
          25.065354
        ]
      },
      "properties": {
        "name": "臺北市私立稻江高級護理家事職業學校",
        "address": "臺北市中山區新生北路3段55號"
      }
    },
    {
      "type": "Feature",
      "geometry": {
        "type": "Point",
        "coordinates": [
          121.53721,
          25.036628
        ]
      },
      "properties": {
        "name": "福容大飯店股份有限公司台北分公司",
        "address": "臺北市大安區建國南路一段266號"
      }
    },
    {
      "type": "Feature",
      "geometry": {
        "type": "Point",
        "coordinates": [
          121.51123,
          25.032621
        ]
      },
      "properties": {
        "name": "國立教育廣播電臺",
        "address": "臺北市中正區南海路45號"
      }
    },
    {
      "type": "Feature",
      "geometry": {
        "type": "Point",
        "coordinates": [
          121.518758,
          25.052162
        ]
      },
      "properties": {
        "name": "臺北市私立志仁高級中學職業進修學校",
        "address": "臺北市大同區南京西路64巷17號"
      }
    },
    {
      "type": "Feature",
      "geometry": {
        "type": "Point",
        "coordinates": [
          121.521821,
          25.04242
        ]
      },
      "properties": {
        "name": "開南學校財團法人臺北市開南高級中等學校",
        "address": "臺北市中正區濟南路一段6號"
      }
    },
    {
      "type": "Feature",
      "geometry": {
        "type": "Point",
        "coordinates": [
          121.52313977692,
          25.087040693875
        ]
      },
      "properties": {
        "name": "臺北市立百齡高級中學",
        "address": "臺北市士林區承德路四段177號"
      }
    },
    {
      "type": "Feature",
      "geometry": {
        "type": "Point",
        "coordinates": [
          121.533946,
          25.097366
        ]
      },
      "properties": {
        "name": "臺北市私立泰北高級中學",
        "address": "臺北市士林區福林路240號"
      }
    },
    {
      "type": "Feature",
      "geometry": {
        "type": "Point",
        "coordinates": [
          121.57624253057,
          25.041340758609
        ]
      },
      "properties": {
        "name": "健身銀行(在一起運動工作室)",
        "address": "臺北市信義區忠孝東路五段423巷4弄16號"
      }
    },
    {
      "type": "Feature",
      "geometry": {
        "type": "Point",
        "coordinates": [
          121.549095,
          25.137145
        ]
      },
      "properties": {
        "name": "臺北市私立華岡藝術學校",
        "address": "臺北市士林區建業路73巷8號"
      }
    },
    {
      "type": "Feature",
      "geometry": {
        "type": "Point",
        "coordinates": [
          121.578524,
          24.991053
        ]
      },
      "properties": {
        "name": "臺北市私立大誠高級中學",
        "address": "臺北市文山區秀明路2段175號"
      }
    },
    {
      "type": "Feature",
      "geometry": {
        "type": "Point",
        "coordinates": [
          121.562085,
          24.973216
        ]
      },
      "properties": {
        "name": "臺北市私立東山高級中學",
        "address": "臺北市文山區老泉街26巷3號"
      }
    },
    {
      "type": "Feature",
      "geometry": {
        "type": "Point",
        "coordinates": [
          121.57751749124,
          24.985396186008
        ]
      },
      "properties": {
        "name": "國立政治大學",
        "address": "臺北市文山區指南路2段64號"
      }
    },
    {
      "type": "Feature",
      "geometry": {
        "type": "Point",
        "coordinates": [
          121.5144,
          25.035984
        ]
      },
      "properties": {
        "name": "臺北市立大學博愛校區",
        "address": "臺北市中正區愛國西路1號"
      }
    },
    {
      "type": "Feature",
      "geometry": {
        "type": "Point",
        "coordinates": [
          121.568102,
          25.035532
        ]
      },
      "properties": {
        "name": "健身工廠信義廠",
        "address": "臺北市信義區松壽路22號"
      }
    },
    {
      "type": "Feature",
      "geometry": {
        "type": "Point",
        "coordinates": [
          121.52411,
          25.087887
        ]
      },
      "properties": {
        "name": "臺北市公有士林市場",
        "address": "臺北市士林區基河路101號"
      }
    },
    {
      "type": "Feature",
      "geometry": {
        "type": "Point",
        "coordinates": [
          121.588284,
          24.997598
        ]
      },
      "properties": {
        "name": "臺北市立動物園",
        "address": "臺北市文山區新光路二段30號"
      }
    },
    {
      "type": "Feature",
      "geometry": {
        "type": "Point",
        "coordinates": [
          121.59102,
          24.992953
        ]
      },
      "properties": {
        "name": "臺北市立動物園",
        "address": "臺北市文山區新光路二段30號"
      }
    },
    {
      "type": "Feature",
      "geometry": {
        "type": "Point",
        "coordinates": [
          121.590323,
          24.992773
        ]
      },
      "properties": {
        "name": "臺北市立動物園",
        "address": "臺北市文山區新光路二段30號"
      }
    },
    {
      "type": "Feature",
      "geometry": {
        "type": "Point",
        "coordinates": [
          121.590218,
          24.99278
        ]
      },
      "properties": {
        "name": "臺北市立動物園",
        "address": "臺北市文山區新光路二段30號"
      }
    },
    {
      "type": "Feature",
      "geometry": {
        "type": "Point",
        "coordinates": [
          121.588376,
          24.994567
        ]
      },
      "properties": {
        "name": "臺北市立動物園",
        "address": "臺北市文山區新光路二段30號"
      }
    },
    {
      "type": "Feature",
      "geometry": {
        "type": "Point",
        "coordinates": [
          121.587592,
          24.993585
        ]
      },
      "properties": {
        "name": "臺北市立動物園",
        "address": "臺北市文山區新光路二段30號"
      }
    },
    {
      "type": "Feature",
      "geometry": {
        "type": "Point",
        "coordinates": [
          121.587088,
          24.995442
        ]
      },
      "properties": {
        "name": "臺北市立動物園",
        "address": "臺北市文山區新光路二段30號"
      }
    },
    {
      "type": "Feature",
      "geometry": {
        "type": "Point",
        "coordinates": [
          121.587861,
          24.99463
        ]
      },
      "properties": {
        "name": "臺北市立動物園",
        "address": "臺北市文山區新光路二段30號"
      }
    },
    {
      "type": "Feature",
      "geometry": {
        "type": "Point",
        "coordinates": [
          121.585468,
          24.994076
        ]
      },
      "properties": {
        "name": "臺北市立動物園",
        "address": "臺北市文山區新光路二段30號"
      }
    },
    {
      "type": "Feature",
      "geometry": {
        "type": "Point",
        "coordinates": [
          121.585795,
          24.99535
        ]
      },
      "properties": {
        "name": "臺北市立動物園",
        "address": "臺北市文山區新光路二段30號"
      }
    },
    {
      "type": "Feature",
      "geometry": {
        "type": "Point",
        "coordinates": [
          121.590146,
          24.995364
        ]
      },
      "properties": {
        "name": "臺北市立動物園",
        "address": "臺北市文山區新光路二段30號"
      }
    },
    {
      "type": "Feature",
      "geometry": {
        "type": "Point",
        "coordinates": [
          121.583548,
          24.995719
        ]
      },
      "properties": {
        "name": "臺北市立動物園",
        "address": "臺北市文山區新光路二段30號"
      }
    },
    {
      "type": "Feature",
      "geometry": {
        "type": "Point",
        "coordinates": [
          121.583741,
          24.995714
        ]
      },
      "properties": {
        "name": "臺北市立動物園",
        "address": "臺北市文山區新光路二段30號"
      }
    },
    {
      "type": "Feature",
      "geometry": {
        "type": "Point",
        "coordinates": [
          121.582733,
          24.996949
        ]
      },
      "properties": {
        "name": "臺北市立動物園",
        "address": "臺北市文山區新光路二段30號"
      }
    },
    {
      "type": "Feature",
      "geometry": {
        "type": "Point",
        "coordinates": [
          121.589261,
          24.994893
        ]
      },
      "properties": {
        "name": "臺北市立動物園",
        "address": "臺北市文山區新光路二段30號"
      }
    },
    {
      "type": "Feature",
      "geometry": {
        "type": "Point",
        "coordinates": [
          121.587603,
          24.990152
        ]
      },
      "properties": {
        "name": "臺北市立動物園",
        "address": "臺北市文山區新光路二段30號"
      }
    },
    {
      "type": "Feature",
      "geometry": {
        "type": "Point",
        "coordinates": [
          121.582684,
          24.99798
        ]
      },
      "properties": {
        "name": "臺北市立動物園",
        "address": "臺北市文山區新光路二段30號"
      }
    },
    {
      "type": "Feature",
      "geometry": {
        "type": "Point",
        "coordinates": [
          121.581665,
          24.998772
        ]
      },
      "properties": {
        "name": "臺北市立動物園",
        "address": "臺北市文山區新光路二段30號"
      }
    },
    {
      "type": "Feature",
      "geometry": {
        "type": "Point",
        "coordinates": [
          121.582257,
          24.998459
        ]
      },
      "properties": {
        "name": "臺北市立動物園",
        "address": "臺北市文山區新光路二段30號"
      }
    },
    {
      "type": "Feature",
      "geometry": {
        "type": "Point",
        "coordinates": [
          121.581993,
          24.998744
        ]
      },
      "properties": {
        "name": "臺北市立動物園",
        "address": "臺北市文山區新光路二段30號"
      }
    },
    {
      "type": "Feature",
      "geometry": {
        "type": "Point",
        "coordinates": [
          121.580903,
          24.99728
        ]
      },
      "properties": {
        "name": "臺北市立動物園",
        "address": "臺北市文山區新光路二段30號"
      }
    },
    {
      "type": "Feature",
      "geometry": {
        "type": "Point",
        "coordinates": [
          121.580549,
          24.998184
        ]
      },
      "properties": {
        "name": "臺北市立動物園",
        "address": "臺北市文山區新光路二段30號"
      }
    },
    {
      "type": "Feature",
      "geometry": {
        "type": "Point",
        "coordinates": [
          121.580731,
          24.996312
        ]
      },
      "properties": {
        "name": "臺北市立動物園",
        "address": "臺北市文山區新光路二段30號"
      }
    },
    {
      "type": "Feature",
      "geometry": {
        "type": "Point",
        "coordinates": [
          121.580694,
          24.996648
        ]
      },
      "properties": {
        "name": "臺北市立動物園",
        "address": "臺北市文山區新光路二段30號"
      }
    },
    {
      "type": "Feature",
      "geometry": {
        "type": "Point",
        "coordinates": [
          121.581166,
          24.993658
        ]
      },
      "properties": {
        "name": "臺北市立動物園",
        "address": "臺北市文山區新光路二段30號"
      }
    },
    {
      "type": "Feature",
      "geometry": {
        "type": "Point",
        "coordinates": [
          121.582351,
          24.997494
        ]
      },
      "properties": {
        "name": "臺北市立動物園",
        "address": "臺北市文山區新光路二段30號"
      }
    },
    {
      "type": "Feature",
      "geometry": {
        "type": "Point",
        "coordinates": [
          121.58182,
          24.997737
        ]
      },
      "properties": {
        "name": "臺北市立動物園",
        "address": "臺北市文山區新光路二段30號"
      }
    },
    {
      "type": "Feature",
      "geometry": {
        "type": "Point",
        "coordinates": [
          121.581989,
          24.997732
        ]
      },
      "properties": {
        "name": "臺北市立動物園",
        "address": "臺北市文山區新光路二段30號"
      }
    },
    {
      "type": "Feature",
      "geometry": {
        "type": "Point",
        "coordinates": [
          121.582362,
          24.997392
        ]
      },
      "properties": {
        "name": "臺北市立動物園",
        "address": "臺北市文山區新光路二段30號"
      }
    },
    {
      "type": "Feature",
      "geometry": {
        "type": "Point",
        "coordinates": [
          121.583076,
          24.997474
        ]
      },
      "properties": {
        "name": "臺北市立動物園",
        "address": "臺北市文山區新光路二段30號"
      }
    },
    {
      "type": "Feature",
      "geometry": {
        "type": "Point",
        "coordinates": [
          121.587643,
          25.081253
        ]
      },
      "properties": {
        "name": "臺北市私立達人高級中學",
        "address": "臺北市內湖區內湖路2段314號"
      }
    },
    {
      "type": "Feature",
      "geometry": {
        "type": "Point",
        "coordinates": [
          121.611421,
          25.06982
        ]
      },
      "properties": {
        "name": "哈拉數位影城",
        "address": "臺北市內湖區康寧路3段72號"
      }
    },
    {
      "type": "Feature",
      "geometry": {
        "type": "Point",
        "coordinates": [
          121.500439,
          25.033397
        ]
      },
      "properties": {
        "name": "交通部臺灣鐵路管理局臺北運務段萬華站",
        "address": "臺北市萬華區康定路382號"
      }
    },
    {
      "type": "Feature",
      "geometry": {
        "type": "Point",
        "coordinates": [
          121.517081,
          25.047924
        ]
      },
      "properties": {
        "name": "交通部臺灣鐵路管理局臺北運務段臺北站",
        "address": "臺北市中正區北平西路3號"
      }
    },
    {
      "type": "Feature",
      "geometry": {
        "type": "Point",
        "coordinates": [
          121.517081,
          25.047924
        ]
      },
      "properties": {
        "name": "交通部臺灣鐵路管理局臺北運務段臺北站",
        "address": "臺北市中正區北平西路3號"
      }
    },
    {
      "type": "Feature",
      "geometry": {
        "type": "Point",
        "coordinates": [
          121.517081,
          25.047924
        ]
      },
      "properties": {
        "name": "交通部臺灣鐵路管理局臺北運務段臺北站",
        "address": "臺北市中正區北平西路3號"
      }
    },
    {
      "type": "Feature",
      "geometry": {
        "type": "Point",
        "coordinates": [
          121.520768,
          25.066164
        ]
      },
      "properties": {
        "name": "臺北市私立大同高級中學",
        "address": "臺北市中山區中山北路三段40號"
      }
    },
    {
      "type": "Feature",
      "geometry": {
        "type": "Point",
        "coordinates": [
          121.517081,
          25.047924
        ]
      },
      "properties": {
        "name": "交通部臺灣鐵路管理局臺北運務段臺北站",
        "address": "臺北市中正區北平西路3號"
      }
    },
    {
      "type": "Feature",
      "geometry": {
        "type": "Point",
        "coordinates": [
          121.577918,
          25.049192
        ]
      },
      "properties": {
        "name": "國營臺灣鐵路股份有限公司北區營運處臺北運務段松山站",
        "address": "臺北市信義區永吉里松山路11號"
      }
    },
    {
      "type": "Feature",
      "geometry": {
        "type": "Point",
        "coordinates": [
          121.545089,
          25.041372
        ]
      },
      "properties": {
        "name": "艾瑞斯健身工作室",
        "address": "臺北市大安區忠孝東路四段54號"
      }
    },
    {
      "type": "Feature",
      "geometry": {
        "type": "Point",
        "coordinates": [
          121.572925,
          25.077034
        ]
      },
      "properties": {
        "name": "北都汽車股份有限公司-lexus內湖所廠",
        "address": "臺北市內湖區瑞光路356號"
      }
    },
    {
      "type": "Feature",
      "geometry": {
        "type": "Point",
        "coordinates": [
          121.57569810511,
          25.049913457124
        ]
      },
      "properties": {
        "name": "首都飯店松山館",
        "address": "臺北市松山區八德路四段658號"
      }
    },
    {
      "type": "Feature",
      "geometry": {
        "type": "Point",
        "coordinates": [
          121.538104,
          25.042019
        ]
      },
      "properties": {
        "name": "北都汽車股份有限公司-lexus大安所",
        "address": "臺北市松山區忠孝東路三段1號"
      }
    },
    {
      "type": "Feature",
      "geometry": {
        "type": "Point",
        "coordinates": [
          121.533494,
          25.065868
        ]
      },
      "properties": {
        "name": "國都汽車L松江營所",
        "address": "臺北市中山區松江路433號"
      }
    },
    {
      "type": "Feature",
      "geometry": {
        "type": "Point",
        "coordinates": [
          121.56227,
          25.085628
        ]
      },
      "properties": {
        "name": "北都汽車股份有限公司-內湖所廠",
        "address": "臺北市內湖區內湖路一段91巷34號"
      }
    },
    {
      "type": "Feature",
      "geometry": {
        "type": "Point",
        "coordinates": [
          121.549426,
          25.048114
        ]
      },
      "properties": {
        "name": "北都汽車股份有限公司-敦化所",
        "address": "臺北市松山區八德路三段2號"
      }
    },
    {
      "type": "Feature",
      "geometry": {
        "type": "Point",
        "coordinates": [
          121.56505562363,
          25.049748379271
        ]
      },
      "properties": {
        "name": "中國石油化學工業開發股份有限公司臺北營業所",
        "address": "臺北市松山區東興路12號"
      }
    },
    {
      "type": "Feature",
      "geometry": {
        "type": "Point",
        "coordinates": [
          121.495889,
          25.028871
        ]
      },
      "properties": {
        "name": "北都汽車雙園所",
        "address": "臺北市萬華區西園路2段161號"
      }
    },
    {
      "type": "Feature",
      "geometry": {
        "type": "Point",
        "coordinates": [
          121.568716,
          25.025743
        ]
      },
      "properties": {
        "name": "臺北市信義區吳興國民小學",
        "address": "臺北市信義區松仁路226號"
      }
    },
    {
      "type": "Feature",
      "geometry": {
        "type": "Point",
        "coordinates": [
          121.54488739124,
          24.996635462306
        ]
      },
      "properties": {
        "name": "焠齡運動空間",
        "address": "臺北市文山區景興路59、61號"
      }
    },
    {
      "type": "Feature",
      "geometry": {
        "type": "Point",
        "coordinates": [
          121.50944904307,
          25.044976412002
        ]
      },
      "properties": {
        "name": "洛碁大飯店中華館",
        "address": "臺北市中正區中華路一段41號"
      }
    },
    {
      "type": "Feature",
      "geometry": {
        "type": "Point",
        "coordinates": [
          121.558073,
          25.049718
        ]
      },
      "properties": {
        "name": "北都汽車股份有限公司-光復所廠",
        "address": "臺北市松山區光復北路15號"
      }
    },
    {
      "type": "Feature",
      "geometry": {
        "type": "Point",
        "coordinates": [
          121.567326,
          25.046411
        ]
      },
      "properties": {
        "name": "北都汽車股份有限公司-松山廠",
        "address": "臺北市信義區基隆路一段88號"
      }
    },
    {
      "type": "Feature",
      "geometry": {
        "type": "Point",
        "coordinates": [
          121.59063404255,
          25.053784990342
        ]
      },
      "properties": {
        "name": "北都汽車股份有限公司中古車所",
        "address": "臺北市南港區南港路3段92號"
      }
    },
    {
      "type": "Feature",
      "geometry": {
        "type": "Point",
        "coordinates": [
          121.59429,
          25.054884
        ]
      },
      "properties": {
        "name": "北都汽車總公司大樓",
        "address": "臺北市南港區南港路2段312號"
      }
    },
    {
      "type": "Feature",
      "geometry": {
        "type": "Point",
        "coordinates": [
          121.531596,
          25.042475
        ]
      },
      "properties": {
        "name": "北都汽車股份有限公司-中正廠",
        "address": "臺北市中正區忠孝東路2段122號"
      }
    },
    {
      "type": "Feature",
      "geometry": {
        "type": "Point",
        "coordinates": [
          121.502704,
          25.033782
        ]
      },
      "properties": {
        "name": "北都汽車股份有限公司-萬大廠",
        "address": "臺北市萬華區艋舺大道91號"
      }
    },
    {
      "type": "Feature",
      "geometry": {
        "type": "Point",
        "coordinates": [
          121.51504230151,
          25.115843307238
        ]
      },
      "properties": {
        "name": "hamerfitness石牌店",
        "address": "臺北市北投區東華街二段6號"
      }
    },
    {
      "type": "Feature",
      "geometry": {
        "type": "Point",
        "coordinates": [
          121.53120278869,
          25.128446286767
        ]
      },
      "properties": {
        "name": "天溪綠地游泳池",
        "address": "臺北市士林區中山北路7段219巷3弄170號"
      }
    },
    {
      "type": "Feature",
      "geometry": {
        "type": "Point",
        "coordinates": [
          121.521022,
          25.095783
        ]
      },
      "properties": {
        "name": "國都汽車士林營業所",
        "address": "臺北市士林區文昌路69號"
      }
    },
    {
      "type": "Feature",
      "geometry": {
        "type": "Point",
        "coordinates": [
          121.516998,
          25.055138
        ]
      },
      "properties": {
        "name": "桑富士運動俱樂部",
        "address": "臺北市大同區平陽街29號"
      }
    },
    {
      "type": "Feature",
      "geometry": {
        "type": "Point",
        "coordinates": [
          121.515246,
          25.036073
        ]
      },
      "properties": {
        "name": "臺北市立大學附設實驗國民小學",
        "address": "臺北市中正區公園路29號"
      }
    },
    {
      "type": "Feature",
      "geometry": {
        "type": "Point",
        "coordinates": [
          121.566188,
          25.067394
        ]
      },
      "properties": {
        "name": "北都汽車股份有限公司-撫遠廠",
        "address": "臺北市松山區撫遠街419號"
      }
    },
    {
      "type": "Feature",
      "geometry": {
        "type": "Point",
        "coordinates": [
          121.541586,
          25.072852
        ]
      },
      "properties": {
        "name": "國都L濱江廠",
        "address": "臺北市中山區濱江街251號"
      }
    },
    {
      "type": "Feature",
      "geometry": {
        "type": "Point",
        "coordinates": [
          121.53927347885,
          25.10433918043
        ]
      },
      "properties": {
        "name": "臺北市私立華興小學",
        "address": "臺北市士林區仰德大道一段101號"
      }
    },
    {
      "type": "Feature",
      "geometry": {
        "type": "Point",
        "coordinates": [
          121.553989,
          25.033406
        ]
      },
      "properties": {
        "name": "Curves女性專用30分鐘健身中心-信義通化店",
        "address": "臺北市大安區信義路四段263號"
      }
    },
    {
      "type": "Feature",
      "geometry": {
        "type": "Point",
        "coordinates": [
          121.53712676715,
          25.066726427229
        ]
      },
      "properties": {
        "name": "上引水產有限公司(台北漁市)",
        "address": "臺北市中山區民族東路410巷2弄18號"
      }
    },
    {
      "type": "Feature",
      "geometry": {
        "type": "Point",
        "coordinates": [
          121.533248,
          25.053374
        ]
      },
      "properties": {
        "name": "國都汽車南松江營業所",
        "address": "臺北市中山區松江路127號"
      }
    },
    {
      "type": "Feature",
      "geometry": {
        "type": "Point",
        "coordinates": [
          121.571049,
          25.081241
        ]
      },
      "properties": {
        "name": "Curves可爾姿女性30分鐘環狀運動 內湖西湖店",
        "address": "臺北市內湖區內湖路1段360巷15號"
      }
    },
    {
      "type": "Feature",
      "geometry": {
        "type": "Point",
        "coordinates": [
          121.506039,
          25.135904
        ]
      },
      "properties": {
        "name": "嘉賓閣旅館股份有限公司",
        "address": "臺北市北投區光明路230號"
      }
    },
    {
      "type": "Feature",
      "geometry": {
        "type": "Point",
        "coordinates": [
          121.533887,
          25.062269
        ]
      },
      "properties": {
        "name": "南山人壽保險股份有限公司(南山人壽大樓)",
        "address": "臺北市中山區民權東路二段144號"
      }
    },
    {
      "type": "Feature",
      "geometry": {
        "type": "Point",
        "coordinates": [
          121.575298,
          25.060415
        ]
      },
      "properties": {
        "name": "家福股份有限公司台北內湖分公司(家樂福內湖店)",
        "address": "臺北市內湖區民善街88號"
      }
    },
    {
      "type": "Feature",
      "geometry": {
        "type": "Point",
        "coordinates": [
          121.532513,
          25.040702
        ]
      },
      "properties": {
        "name": "Curves女性專用30分鐘健身中心忠孝新生店",
        "address": "臺北市中正區新生南路1段60號"
      }
    },
    {
      "type": "Feature",
      "geometry": {
        "type": "Point",
        "coordinates": [
          121.531367,
          25.033409
        ]
      },
      "properties": {
        "name": "Curves女性專用30分鐘健身中心信義永康店",
        "address": "臺北市大安區信義路二段222號"
      }
    },
    {
      "type": "Feature",
      "geometry": {
        "type": "Point",
        "coordinates": [
          121.606593,
          25.052485
        ]
      },
      "properties": {
        "name": "南港轉運站西站",
        "address": "臺北市南港區忠孝東路七段359號"
      }
    },
    {
      "type": "Feature",
      "geometry": {
        "type": "Point",
        "coordinates": [
          121.524834,
          25.044194
        ]
      },
      "properties": {
        "name": "臺北市公有華山市場",
        "address": "臺北市中正區忠孝東路1段108號"
      }
    },
    {
      "type": "Feature",
      "geometry": {
        "type": "Point",
        "coordinates": [
          121.522161,
          25.053279
        ]
      },
      "properties": {
        "name": "台北之家（光點台北）",
        "address": "臺北市中山區中山北路二段18號"
      }
    },
    {
      "type": "Feature",
      "geometry": {
        "type": "Point",
        "coordinates": [
          121.616403,
          25.057065
        ]
      },
      "properties": {
        "name": "世正經貿大樓",
        "address": "臺北市南港區經貿二路66號"
      }
    },
    {
      "type": "Feature",
      "geometry": {
        "type": "Point",
        "coordinates": [
          121.570909,
          25.050068
        ]
      },
      "properties": {
        "name": "勁能健身俱樂部",
        "address": "臺北市松山區八德路四段465號"
      }
    },
    {
      "type": "Feature",
      "geometry": {
        "type": "Point",
        "coordinates": [
          121.544225,
          24.996187
        ]
      },
      "properties": {
        "name": "臺北市立景興國民中學",
        "address": "臺北市文山區景興路46巷2號"
      }
    },
    {
      "type": "Feature",
      "geometry": {
        "type": "Point",
        "coordinates": [
          121.576593,
          24.990429
        ]
      },
      "properties": {
        "name": "臺北市文山區萬興國民小學",
        "address": "臺北市文山區秀明路2段114號"
      }
    },
    {
      "type": "Feature",
      "geometry": {
        "type": "Point",
        "coordinates": [
          121.520504,
          25.021538
        ]
      },
      "properties": {
        "name": "財團法人台灣文學發展基金會市定古蹟紀州庵及新館營運管理處",
        "address": "臺北市中正區同安街107號"
      }
    },
    {
      "type": "Feature",
      "geometry": {
        "type": "Point",
        "coordinates": [
          121.537029,
          25.044986
        ]
      },
      "properties": {
        "name": "美麗信酒店股份有限公司",
        "address": "臺北市中山區市民大道三段83號"
      }
    },
    {
      "type": "Feature",
      "geometry": {
        "type": "Point",
        "coordinates": [
          121.51047126596,
          25.072583504018
        ]
      },
      "properties": {
        "name": "臺北市政府工務局衛生下水道工程處",
        "address": "臺北市大同區酒泉街235號"
      }
    },
    {
      "type": "Feature",
      "geometry": {
        "type": "Point",
        "coordinates": [
          121.535355,
          25.012775
        ]
      },
      "properties": {
        "name": "東南亞秀泰影城",
        "address": "臺北市中正區羅斯福路4段136巷3號"
      }
    },
    {
      "type": "Feature",
      "geometry": {
        "type": "Point",
        "coordinates": [
          121.531518,
          25.074788
        ]
      },
      "properties": {
        "name": "大直橋下基層訓練站",
        "address": "臺北市中山區基隆河左岸大佳段大直橋下貨櫃屋"
      }
    },
    {
      "type": "Feature",
      "geometry": {
        "type": "Point",
        "coordinates": [
          121.506905,
          25.022052
        ]
      },
      "properties": {
        "name": "青年公園棒球場",
        "address": "臺北市萬華區水源路199號"
      }
    },
    {
      "type": "Feature",
      "geometry": {
        "type": "Point",
        "coordinates": [
          121.551796,
          25.051289
        ]
      },
      "properties": {
        "name": "臺北網球場",
        "address": "臺北市松山區南京東路四段6號"
      }
    },
    {
      "type": "Feature",
      "geometry": {
        "type": "Point",
        "coordinates": [
          121.607311,
          25.051855
        ]
      },
      "properties": {
        "name": "臺北市極限運動訓練中心",
        "address": "臺北市南港區忠孝東路七段382號"
      }
    },
    {
      "type": "Feature",
      "geometry": {
        "type": "Point",
        "coordinates": [
          121.552002,
          25.051128
        ]
      },
      "properties": {
        "name": "臺北體育館技擊館",
        "address": "臺北市松山區南京東路4段10號"
      }
    },
    {
      "type": "Feature",
      "geometry": {
        "type": "Point",
        "coordinates": [
          121.532543,
          25.068958
        ]
      },
      "properties": {
        "name": "新生公園棒球場",
        "address": "臺北市中山區新生北路3段105號"
      }
    },
    {
      "type": "Feature",
      "geometry": {
        "type": "Point",
        "coordinates": [
          121.523313,
          25.052506
        ]
      },
      "properties": {
        "name": "台北大倉久和大飯店健身俱樂部",
        "address": "臺北市中山區南京東路1段9號"
      }
    },
    {
      "type": "Feature",
      "geometry": {
        "type": "Point",
        "coordinates": [
          121.553517,
          25.049193
        ]
      },
      "properties": {
        "name": "臺北市松山區美仁里里民活動場所",
        "address": "臺北市松山區八德路3段99巷12-8號"
      }
    },
    {
      "type": "Feature",
      "geometry": {
        "type": "Point",
        "coordinates": [
          121.553517,
          25.049193
        ]
      },
      "properties": {
        "name": "臺北市松山區美仁里里民活動場所",
        "address": "臺北市松山區八德路3段99巷12-8號"
      }
    },
    {
      "type": "Feature",
      "geometry": {
        "type": "Point",
        "coordinates": [
          121.49926,
          25.107949
        ]
      },
      "properties": {
        "name": "北投焚化廠回饋設施洲美運動公園(主題館)",
        "address": "臺北市北投區洲美街271號"
      }
    },
    {
      "type": "Feature",
      "geometry": {
        "type": "Point",
        "coordinates": [
          121.604794,
          25.054443
        ]
      },
      "properties": {
        "name": "南港東明青銀就業服務站",
        "address": "臺北市南港區南港路二段60巷19號"
      }
    },
    {
      "type": "Feature",
      "geometry": {
        "type": "Point",
        "coordinates": [
          121.524608,
          25.095049
        ]
      },
      "properties": {
        "name": "臺北市私立華興高級中等學校",
        "address": "臺北市士林區仰德大道1段101號"
      }
    },
    {
      "type": "Feature",
      "geometry": {
        "type": "Point",
        "coordinates": [
          121.531148,
          25.119924
        ]
      },
      "properties": {
        "name": "香港商世界健身事業有限公司天母分公司",
        "address": "臺北市士林區中山北路7段34號"
      }
    },
    {
      "type": "Feature",
      "geometry": {
        "type": "Point",
        "coordinates": [
          121.567516,
          25.038884
        ]
      },
      "properties": {
        "name": "寒舍國際酒店股份有限公司",
        "address": "臺北市信義區松高路18號"
      }
    },
    {
      "type": "Feature",
      "geometry": {
        "type": "Point",
        "coordinates": [
          121.504496,
          25.046304
        ]
      },
      "properties": {
        "name": "300壯士跨時代健身中心",
        "address": "臺北市萬華區漢口街2段73號"
      }
    },
    {
      "type": "Feature",
      "geometry": {
        "type": "Point",
        "coordinates": [
          121.542531,
          25.072604
        ]
      },
      "properties": {
        "name": "國都濱江服務廠",
        "address": "臺北市中山區濱江街269號"
      }
    },
    {
      "type": "Feature",
      "geometry": {
        "type": "Point",
        "coordinates": [
          121.613095,
          25.042905
        ]
      },
      "properties": {
        "name": "中央研究院",
        "address": "臺北市南港區研究院路2段128號"
      }
    },
    {
      "type": "Feature",
      "geometry": {
        "type": "Point",
        "coordinates": [
          121.502095,
          25.133249
        ]
      },
      "properties": {
        "name": "Curves女性專用30分鐘環狀運動北投店",
        "address": "臺北市北投區磺港路8號"
      }
    },
    {
      "type": "Feature",
      "geometry": {
        "type": "Point",
        "coordinates": [
          121.59170415073,
          25.081851284931
        ]
      },
      "properties": {
        "name": "Curves女性專用30分鐘健身中心內湖成功店",
        "address": "臺北市內湖區成功路四段34號"
      }
    },
    {
      "type": "Feature",
      "geometry": {
        "type": "Point",
        "coordinates": [
          121.550213,
          25.056688
        ]
      },
      "properties": {
        "name": "臺北市政府警察局松山分局東社派出所",
        "address": "臺北市松山區敦化北路199巷5號"
      }
    },
    {
      "type": "Feature",
      "geometry": {
        "type": "Point",
        "coordinates": [
          121.577306,
          25.049848
        ]
      },
      "properties": {
        "name": "臺北市政府警察局松山分局松山派出所",
        "address": "臺北市松山區八德路4段692號"
      }
    },
    {
      "type": "Feature",
      "geometry": {
        "type": "Point",
        "coordinates": [
          121.536047,
          25.068007
        ]
      },
      "properties": {
        "name": "臺北市政府警察局中山分局建國派出所",
        "address": "臺北市中山區民族東路284號"
      }
    },
    {
      "type": "Feature",
      "geometry": {
        "type": "Point",
        "coordinates": [
          121.575887,
          25.045646
        ]
      },
      "properties": {
        "name": "臺北市政府警察局信義分局五分埔派出所",
        "address": "臺北市信義區永吉路333號"
      }
    },
    {
      "type": "Feature",
      "geometry": {
        "type": "Point",
        "coordinates": [
          121.594756,
          25.055028
        ]
      },
      "properties": {
        "name": "臺北市政府警察局南港分局玉成派出所",
        "address": "臺北市南港區向陽路150號"
      }
    },
    {
      "type": "Feature",
      "geometry": {
        "type": "Point",
        "coordinates": [
          121.591331,
          25.066261
        ]
      },
      "properties": {
        "name": "交通部高速公路局北區養護工程分局",
        "address": "臺北市內湖區成功路2段193巷12號"
      }
    },
    {
      "type": "Feature",
      "geometry": {
        "type": "Point",
        "coordinates": [
          121.607169,
          25.054945
        ]
      },
      "properties": {
        "name": "臺北市政府警察局南港分局南港派出所",
        "address": "臺北市南港區經貿二路239號"
      }
    },
    {
      "type": "Feature",
      "geometry": {
        "type": "Point",
        "coordinates": [
          121.523861,
          25.072731
        ]
      },
      "properties": {
        "name": "臺北市政府警察局中山分局圓山派出所",
        "address": "臺北市中山區中山北路3段62號"
      }
    },
    {
      "type": "Feature",
      "geometry": {
        "type": "Point",
        "coordinates": [
          121.622663,
          25.038431
        ]
      },
      "properties": {
        "name": "臺北市政府警察局南港分局舊莊派出所",
        "address": "臺北市南港區舊莊街一段213號"
      }
    },
    {
      "type": "Feature",
      "geometry": {
        "type": "Point",
        "coordinates": [
          121.540529,
          25.048447
        ]
      },
      "properties": {
        "name": "臺北市政府警察局中山分局長安東路派出所",
        "address": "臺北市中山區長安東路2段165號"
      }
    },
    {
      "type": "Feature",
      "geometry": {
        "type": "Point",
        "coordinates": [
          121.52333165411,
          25.052436141605
        ]
      },
      "properties": {
        "name": "台北大倉久和大飯店",
        "address": "臺北市中山區南京東路一段9號"
      }
    },
    {
      "type": "Feature",
      "geometry": {
        "type": "Point",
        "coordinates": [
          121.563928,
          25.026586
        ]
      },
      "properties": {
        "name": "臺北市政府警察局信義分局吳興街派出所",
        "address": "臺北市信義區吳興街262號"
      }
    },
    {
      "type": "Feature",
      "geometry": {
        "type": "Point",
        "coordinates": [
          121.56294,
          25.059668
        ]
      },
      "properties": {
        "name": "臺北市政府警察局松山分局三民派出所",
        "address": "臺北市松山區三民路5段163之1號"
      }
    },
    {
      "type": "Feature",
      "geometry": {
        "type": "Point",
        "coordinates": [
          121.58198629259,
          25.037771305893
        ]
      },
      "properties": {
        "name": "臺北市政府警察局信義分局福德街派出所",
        "address": "臺北市信義區福德街86號"
      }
    },
    {
      "type": "Feature",
      "geometry": {
        "type": "Point",
        "coordinates": [
          121.567508,
          25.03317
        ]
      },
      "properties": {
        "name": "臺北市政府警察局交通警察大隊信義分隊",
        "address": "臺北市信義區信義路5段17號"
      }
    },
    {
      "type": "Feature",
      "geometry": {
        "type": "Point",
        "coordinates": [
          121.542948,
          25.048745
        ]
      },
      "properties": {
        "name": "臺北市中山區力行里固定里民活動場所",
        "address": "臺北市中山區遼寧街45巷24號"
      }
    },
    {
      "type": "Feature",
      "geometry": {
        "type": "Point",
        "coordinates": [
          121.530532,
          25.048636
        ]
      },
      "properties": {
        "name": "臺北市政府警察局中山分局警備隊",
        "address": "臺北市中山區長安西路3號"
      }
    },
    {
      "type": "Feature",
      "geometry": {
        "type": "Point",
        "coordinates": [
          121.536047,
          25.05464
        ]
      },
      "properties": {
        "name": "臺北市政府警察局中山分局長春路派出所",
        "address": "臺北市中山區長春路206號"
      }
    },
    {
      "type": "Feature",
      "geometry": {
        "type": "Point",
        "coordinates": [
          121.52274,
          25.026369
        ]
      },
      "properties": {
        "name": "Curves女性專用30分鐘健身中心古亭店",
        "address": "臺北市中正區羅斯福路二段116號"
      }
    },
    {
      "type": "Feature",
      "geometry": {
        "type": "Point",
        "coordinates": [
          121.52206,
          25.085703
        ]
      },
      "properties": {
        "name": "英業達股份有限公司A棟",
        "address": "臺北市士林區後港街66號"
      }
    },
    {
      "type": "Feature",
      "geometry": {
        "type": "Point",
        "coordinates": [
          121.61351653431,
          25.069641116095
        ]
      },
      "properties": {
        "name": "Curves 女性專用30分鐘健身中心東湖店",
        "address": "臺北市內湖區東湖路33巷17號"
      }
    },
    {
      "type": "Feature",
      "geometry": {
        "type": "Point",
        "coordinates": [
          121.543701,
          25.024602
        ]
      },
      "properties": {
        "name": "北都汽車股份有限公司-大安所廠",
        "address": "臺北市大安區和平東路二段128號"
      }
    },
    {
      "type": "Feature",
      "geometry": {
        "type": "Point",
        "coordinates": [
          121.558625,
          25.051731
        ]
      },
      "properties": {
        "name": "南京雙星國宅",
        "address": "臺北市松山區南京東路五段四十五號"
      }
    },
    {
      "type": "Feature",
      "geometry": {
        "type": "Point",
        "coordinates": [
          121.55421210037,
          25.041209766134
        ]
      },
      "properties": {
        "name": "Curves 女性專用30分鐘健身中心忠孝敦化店",
        "address": "臺北市大安區忠孝東路4段250號"
      }
    },
    {
      "type": "Feature",
      "geometry": {
        "type": "Point",
        "coordinates": [
          121.53245914093,
          25.01071553015
        ]
      },
      "properties": {
        "name": "寶藏巖國際藝術村",
        "address": "臺北市中正區汀洲路3段230巷14弄2號"
      }
    },
    {
      "type": "Feature",
      "geometry": {
        "type": "Point",
        "coordinates": [
          121.61741000128,
          25.053776736414
        ]
      },
      "properties": {
        "name": "楓肌力MP Health Fitness",
        "address": "臺北市南港區富康街21號"
      }
    },
    {
      "type": "Feature",
      "geometry": {
        "type": "Point",
        "coordinates": [
          121.535283,
          25.055004
        ]
      },
      "properties": {
        "name": "臺北市立大同高級中學",
        "address": "臺北市中山區長春路167號"
      }
    },
    {
      "type": "Feature",
      "geometry": {
        "type": "Point",
        "coordinates": [
          121.528777,
          25.020583
        ]
      },
      "properties": {
        "name": "臺北市大安區古亭國民小學",
        "address": "臺北市大安區羅斯福路三段201號"
      }
    },
    {
      "type": "Feature",
      "geometry": {
        "type": "Point",
        "coordinates": [
          121.53423,
          25.014616
        ]
      },
      "properties": {
        "name": "香港商世界健身事業有限公司公館分公司",
        "address": "臺北市中正區羅斯福路四段68號"
      }
    },
    {
      "type": "Feature",
      "geometry": {
        "type": "Point",
        "coordinates": [
          121.498596,
          25.126384
        ]
      },
      "properties": {
        "name": "優力國際安全認證有限公司",
        "address": "臺北市北投區大業路260號"
      }
    },
    {
      "type": "Feature",
      "geometry": {
        "type": "Point",
        "coordinates": [
          121.543868,
          25.024857
        ]
      },
      "properties": {
        "name": "Curves女性30分鐘環狀運動和平科技店",
        "address": "臺北市大安區和平東路二段257號"
      }
    },
    {
      "type": "Feature",
      "geometry": {
        "type": "Point",
        "coordinates": [
          121.514701,
          25.097021
        ]
      },
      "properties": {
        "name": "臺北市立兒童新樂園",
        "address": "臺北市士林區承德路5段55號"
      }
    },
    {
      "type": "Feature",
      "geometry": {
        "type": "Point",
        "coordinates": [
          121.534192,
          25.022831
        ]
      },
      "properties": {
        "name": "行政院人事行政總處公務人力發展學院福華國際文教會館",
        "address": "臺北市大安區新生南路3段30號"
      }
    },
    {
      "type": "Feature",
      "geometry": {
        "type": "Point",
        "coordinates": [
          121.545103,
          25.022729
        ]
      },
      "properties": {
        "name": "國立臺北教育大學(體育館)",
        "address": "臺北市大安區和平東路2段134號"
      }
    },
    {
      "type": "Feature",
      "geometry": {
        "type": "Point",
        "coordinates": [
          121.57685,
          25.049847
        ]
      },
      "properties": {
        "name": "臺北市政府社會局委託財團法人台北市自閉兒社會福利基金會經營管理臺北市東湖發展中心",
        "address": "臺北市內湖區東湖路1號"
      }
    },
    {
      "type": "Feature",
      "geometry": {
        "type": "Point",
        "coordinates": [
          121.521711,
          25.064449
        ]
      },
      "properties": {
        "name": "大同股份有限公司",
        "address": "臺北市中山區中山北路3段22號"
      }
    },
    {
      "type": "Feature",
      "geometry": {
        "type": "Point",
        "coordinates": [
          121.52167,
          25.064372
        ]
      },
      "properties": {
        "name": "大同股份有限公司",
        "address": "臺北市中山區中山北路3段22號"
      }
    },
    {
      "type": "Feature",
      "geometry": {
        "type": "Point",
        "coordinates": [
          121.566737,
          25.059805
        ]
      },
      "properties": {
        "name": "臺北市立民生國民中學",
        "address": "臺北市松山區新東街30巷1號"
      }
    },
    {
      "type": "Feature",
      "geometry": {
        "type": "Point",
        "coordinates": [
          121.56786364891,
          25.033331689969
        ]
      },
      "properties": {
        "name": "臺北市政府警察局信義分局三張犁派出所",
        "address": "臺北市信義區信義路五段17號"
      }
    },
    {
      "type": "Feature",
      "geometry": {
        "type": "Point",
        "coordinates": [
          121.54791640548,
          25.017360699972
        ]
      },
      "properties": {
        "name": "財團法人國家實驗研究院國家地震工程研究中心",
        "address": "臺北市大安區辛亥路三段200號"
      }
    },
    {
      "type": "Feature",
      "geometry": {
        "type": "Point",
        "coordinates": [
          121.52732654964,
          25.032206569335
        ]
      },
      "properties": {
        "name": "中華郵政股份有限公司金山大樓",
        "address": "臺北市大安區金山南路二段55號"
      }
    },
    {
      "type": "Feature",
      "geometry": {
        "type": "Point",
        "coordinates": [
          121.529596,
          25.119208
        ]
      },
      "properties": {
        "name": "Curves女性專用30分鐘健身中心天母店",
        "address": "臺北市士林區天母西路3號"
      }
    },
    {
      "type": "Feature",
      "geometry": {
        "type": "Point",
        "coordinates": [
          121.52274,
          25.105749
        ]
      },
      "properties": {
        "name": "家福股份有限公司台北天母分公司(家樂福天母店)",
        "address": "臺北市士林區德行西路47號"
      }
    },
    {
      "type": "Feature",
      "geometry": {
        "type": "Point",
        "coordinates": [
          121.53118,
          25.128423
        ]
      },
      "properties": {
        "name": "天溪綠地游泳池",
        "address": "臺北市士林區中山北路7段219巷3弄170號"
      }
    },
    {
      "type": "Feature",
      "geometry": {
        "type": "Point",
        "coordinates": [
          121.615618,
          25.056239
        ]
      },
      "properties": {
        "name": "臺北南港展覽館2館",
        "address": "臺北市南港區經貿二路2號"
      }
    },
    {
      "type": "Feature",
      "geometry": {
        "type": "Point",
        "coordinates": [
          121.549497,
          25.060121
        ]
      },
      "properties": {
        "name": "交通部運輸研究所",
        "address": "臺北市松山區敦化北路240號"
      }
    },
    {
      "type": "Feature",
      "geometry": {
        "type": "Point",
        "coordinates": [
          121.550245,
          25.051908
        ]
      },
      "properties": {
        "name": "超越體能顧問有限公司",
        "address": "臺北市松山區南京東路四段17號"
      }
    },
    {
      "type": "Feature",
      "geometry": {
        "type": "Point",
        "coordinates": [
          121.520421,
          25.021649
        ]
      },
      "properties": {
        "name": "財團法人台灣文學發展基金會市定古蹟紀州庵及新館營運管理處",
        "address": "臺北市中正區同安街107號"
      }
    },
    {
      "type": "Feature",
      "geometry": {
        "type": "Point",
        "coordinates": [
          121.553897,
          25.080489
        ]
      },
      "properties": {
        "name": "台北美福大飯店",
        "address": "臺北市中山區樂群二路55號"
      }
    },
    {
      "type": "Feature",
      "geometry": {
        "type": "Point",
        "coordinates": [
          121.56197063724,
          25.044603126906
        ]
      },
      "properties": {
        "name": "誠品行旅",
        "address": "臺北市信義區菸廠路98號"
      }
    },
    {
      "type": "Feature",
      "geometry": {
        "type": "Point",
        "coordinates": [
          121.531848,
          25.122814
        ]
      },
      "properties": {
        "name": "沃田有限公司",
        "address": "臺北市士林區中山北路7段127號"
      }
    },
    {
      "type": "Feature",
      "geometry": {
        "type": "Point",
        "coordinates": [
          121.501697,
          25.138848
        ]
      },
      "properties": {
        "name": "老爺榮康股份有限公司(北投老爺酒店)",
        "address": "臺北市北投區中和街2號"
      }
    },
    {
      "type": "Feature",
      "geometry": {
        "type": "Point",
        "coordinates": [
          121.574767,
          25.064639
        ]
      },
      "properties": {
        "name": "禮客Outlet內湖二館",
        "address": "臺北市內湖區民善街215號"
      }
    },
    {
      "type": "Feature",
      "geometry": {
        "type": "Point",
        "coordinates": [
          121.515091,
          25.059372
        ]
      },
      "properties": {
        "name": "臺北市政府警察局大同分局寧夏路派出所",
        "address": "臺北市大同區錦西街200號"
      }
    },
    {
      "type": "Feature",
      "geometry": {
        "type": "Point",
        "coordinates": [
          121.517685,
          25.025864
        ]
      },
      "properties": {
        "name": "臺北市政府警察局中正第二分局廈門街派出所",
        "address": "臺北市中正區廈門街43號"
      }
    },
    {
      "type": "Feature",
      "geometry": {
        "type": "Point",
        "coordinates": [
          121.512054,
          25.059224
        ]
      },
      "properties": {
        "name": "臺北市政府警察局大同分局民生西路派出所",
        "address": "臺北市大同區保安街47-1號"
      }
    },
    {
      "type": "Feature",
      "geometry": {
        "type": "Point",
        "coordinates": [
          121.538127,
          25.011194
        ]
      },
      "properties": {
        "name": "臺北市政府警察局大安分局羅斯福路派出所",
        "address": "臺北市大安區羅斯福路4段113巷13號"
      }
    },
    {
      "type": "Feature",
      "geometry": {
        "type": "Point",
        "coordinates": [
          121.535775,
          25.035039
        ]
      },
      "properties": {
        "name": "臺北市政府警察局交通警察大隊大安分隊",
        "address": "臺北市大安區新生南路1段157巷19號"
      }
    },
    {
      "type": "Feature",
      "geometry": {
        "type": "Point",
        "coordinates": [
          121.522573,
          25.039163
        ]
      },
      "properties": {
        "name": "臺北市政府警察局中正第一分局仁愛路派出所",
        "address": "臺北市中正區仁愛路1段19號"
      }
    },
    {
      "type": "Feature",
      "geometry": {
        "type": "Point",
        "coordinates": [
          121.527171,
          25.043674
        ]
      },
      "properties": {
        "name": "臺北市政府警察局中正第一分局忠孝東路派出所",
        "address": "臺北市中正區忠孝東路二段10號"
      }
    },
    {
      "type": "Feature",
      "geometry": {
        "type": "Point",
        "coordinates": [
          121.532063,
          25.015134
        ]
      },
      "properties": {
        "name": "臺北市政府警察局中正第二分局思源街派出所",
        "address": "臺北市中正區汀州路三段72號"
      }
    },
    {
      "type": "Feature",
      "geometry": {
        "type": "Point",
        "coordinates": [
          121.51348,
          25.068829
        ]
      },
      "properties": {
        "name": "臺北市政府警察局大同分局民族路派出所",
        "address": "臺北市大同區重慶北路三段168號"
      }
    },
    {
      "type": "Feature",
      "geometry": {
        "type": "Point",
        "coordinates": [
          121.552581,
          25.051255
        ]
      },
      "properties": {
        "name": "臺北市政府警察局松山分局中崙派出所",
        "address": "臺北市松山區南京東路4段12號"
      }
    },
    {
      "type": "Feature",
      "geometry": {
        "type": "Point",
        "coordinates": [
          121.54812,
          25.061853
        ]
      },
      "properties": {
        "name": "臺北市政府警察局松山分局民有派出所",
        "address": "臺北市松山區民權東路3段162號"
      }
    },
    {
      "type": "Feature",
      "geometry": {
        "type": "Point",
        "coordinates": [
          121.581576,
          25.055359
        ]
      },
      "properties": {
        "name": "臺北市政府警察局內湖分局潭美派出所",
        "address": "臺北市內湖區新明路324號"
      }
    },
    {
      "type": "Feature",
      "geometry": {
        "type": "Point",
        "coordinates": [
          121.517314,
          25.045088
        ]
      },
      "properties": {
        "name": "臺北市政府警察局中正第一分局忠孝西路派出所",
        "address": "臺北市中正區公園路15號"
      }
    },
    {
      "type": "Feature",
      "geometry": {
        "type": "Point",
        "coordinates": [
          121.585677,
          25.046109
        ]
      },
      "properties": {
        "name": "臺北市政府警察局南港分局同德派出所",
        "address": "臺北市南港區同德路83號"
      }
    },
    {
      "type": "Feature",
      "geometry": {
        "type": "Point",
        "coordinates": [
          121.522842,
          25.052488
        ]
      },
      "properties": {
        "name": "臺北市政府警察局中山分局",
        "address": "臺北市中山區中山北路2段1號"
      }
    },
    {
      "type": "Feature",
      "geometry": {
        "type": "Point",
        "coordinates": [
          121.515181,
          25.066122
        ]
      },
      "properties": {
        "name": "臺北市政府警察局交通警察大隊大同分隊",
        "address": "臺北市大同區昌吉街57號"
      }
    },
    {
      "type": "Feature",
      "geometry": {
        "type": "Point",
        "coordinates": [
          121.511693,
          25.052166
        ]
      },
      "properties": {
        "name": "臺北市政府警察局大同分局延平派出所",
        "address": "臺北市大同區延平北路一段86號"
      }
    },
    {
      "type": "Feature",
      "geometry": {
        "type": "Point",
        "coordinates": [
          121.517341,
          25.052725
        ]
      },
      "properties": {
        "name": "臺北市政府警察局大同分局建成派出所",
        "address": "臺北市大同區承德路1段80號"
      }
    },
    {
      "type": "Feature",
      "geometry": {
        "type": "Point",
        "coordinates": [
          121.521431,
          25.050006
        ]
      },
      "properties": {
        "name": "臺北市政府警察局中山分局中山一派出所",
        "address": "臺北市中山區中山北路一段110號"
      }
    },
    {
      "type": "Feature",
      "geometry": {
        "type": "Point",
        "coordinates": [
          121.513553,
          25.075351
        ]
      },
      "properties": {
        "name": "臺北市政府警察局大同分局重慶北路派出所",
        "address": "臺北市大同區重慶北路三段320之2號"
      }
    },
    {
      "type": "Feature",
      "geometry": {
        "type": "Point",
        "coordinates": [
          121.559617,
          25.0568
        ]
      },
      "properties": {
        "name": "臺北市政府警察局保安警察大隊",
        "address": "臺北市松山區延壽街339號"
      }
    },
    {
      "type": "Feature",
      "geometry": {
        "type": "Point",
        "coordinates": [
          121.50212,
          25.021913
        ]
      },
      "properties": {
        "name": "臺北市政府警察局萬華分局青年路派出所",
        "address": "臺北市萬華區萬大路423巷112號"
      }
    },
    {
      "type": "Feature",
      "geometry": {
        "type": "Point",
        "coordinates": [
          121.512129,
          25.024225
        ]
      },
      "properties": {
        "name": "臺北市政府警察局交通警察大隊直屬第三分隊",
        "address": "臺北市中正區泉州街40號"
      }
    },
    {
      "type": "Feature",
      "geometry": {
        "type": "Point",
        "coordinates": [
          121.509996,
          25.044246
        ]
      },
      "properties": {
        "name": "臺北市政府警察局刑事警察大隊",
        "address": "臺北市大同區重慶北路二段219號"
      }
    },
    {
      "type": "Feature",
      "geometry": {
        "type": "Point",
        "coordinates": [
          121.512073,
          25.024304
        ]
      },
      "properties": {
        "name": "臺北市政府警察局中正第二分局泉州街派出所",
        "address": "臺北市中正區中華路二段503號"
      }
    },
    {
      "type": "Feature",
      "geometry": {
        "type": "Point",
        "coordinates": [
          121.512328,
          25.024511
        ]
      },
      "properties": {
        "name": "臺北市政府警察局交通警察大隊中正第二分隊",
        "address": "臺北市中正區泉州街40號"
      }
    },
    {
      "type": "Feature",
      "geometry": {
        "type": "Point",
        "coordinates": [
          121.509477,
          25.043907
        ]
      },
      "properties": {
        "name": "臺北市政府警察局",
        "address": "臺北市中正區延平南路96號"
      }
    },
    {
      "type": "Feature",
      "geometry": {
        "type": "Point",
        "coordinates": [
          121.516608,
          25.032327
        ]
      },
      "properties": {
        "name": "臺北市政府警察局中正第二分局南昌路派出所",
        "address": "臺北市中正區南昌路1段7號"
      }
    },
    {
      "type": "Feature",
      "geometry": {
        "type": "Point",
        "coordinates": [
          121.50998894861,
          25.044236940484
        ]
      },
      "properties": {
        "name": "臺北市政府警察局中正第一分局博愛路派出所",
        "address": "臺北市中正區博愛路119號"
      }
    },
    {
      "type": "Feature",
      "geometry": {
        "type": "Point",
        "coordinates": [
          121.520938,
          25.047222
        ]
      },
      "properties": {
        "name": "臺北市政府警察局交通警察大隊中正第一交通分隊",
        "address": "臺北市中正區北平東路1號"
      }
    },
    {
      "type": "Feature",
      "geometry": {
        "type": "Point",
        "coordinates": [
          121.521122,
          25.050229
        ]
      },
      "properties": {
        "name": "臺北市政府警察局交通警察大隊中山分隊",
        "address": "臺北市中山區長安西路3號"
      }
    },
    {
      "type": "Feature",
      "geometry": {
        "type": "Point",
        "coordinates": [
          121.513975,
          25.032041
        ]
      },
      "properties": {
        "name": "臺北市政府警察局中正第二分局南海路派出所",
        "address": "臺北市中正區南海路35號"
      }
    },
    {
      "type": "Feature",
      "geometry": {
        "type": "Point",
        "coordinates": [
          121.502761,
          25.031112
        ]
      },
      "properties": {
        "name": "臺北市政府警察局萬華分局莒光派出所",
        "address": "臺北市萬華區莒光路171號"
      }
    },
    {
      "type": "Feature",
      "geometry": {
        "type": "Point",
        "coordinates": [
          121.495632,
          25.028137
        ]
      },
      "properties": {
        "name": "臺北市政府警察局萬華分局西園路派出所",
        "address": "臺北市萬華區東園街17號"
      }
    },
    {
      "type": "Feature",
      "geometry": {
        "type": "Point",
        "coordinates": [
          121.498245,
          25.022458
        ]
      },
      "properties": {
        "name": "臺北市政府警察局萬華分局東園街派出所",
        "address": "臺北市萬華區長泰街130號"
      }
    },
    {
      "type": "Feature",
      "geometry": {
        "type": "Point",
        "coordinates": [
          121.569151,
          25.079179
        ]
      },
      "properties": {
        "name": "臺北市政府警察局內湖分局西湖派出所",
        "address": "臺北市內湖區瑞光路515號"
      }
    },
    {
      "type": "Feature",
      "geometry": {
        "type": "Point",
        "coordinates": [
          121.503935,
          25.037834
        ]
      },
      "properties": {
        "name": "臺北市政府警察局萬華分局龍山機動派出所",
        "address": "臺北市萬華區昆明街245號"
      }
    },
    {
      "type": "Feature",
      "geometry": {
        "type": "Point",
        "coordinates": [
          121.589565,
          25.069189
        ]
      },
      "properties": {
        "name": "臺北市政府警察局內湖分局(本部)",
        "address": "臺北市內湖區民權東路6段101號"
      }
    },
    {
      "type": "Feature",
      "geometry": {
        "type": "Point",
        "coordinates": [
          121.578944,
          25.066589
        ]
      },
      "properties": {
        "name": "臺北市政府警察局內湖分局文德派出所",
        "address": "臺北市內湖區民權東路6段26號"
      }
    },
    {
      "type": "Feature",
      "geometry": {
        "type": "Point",
        "coordinates": [
          121.502865,
          25.045083
        ]
      },
      "properties": {
        "name": "臺北市政府警察局萬華分局西門町派出所",
        "address": "臺北市萬華區康定路22號"
      }
    },
    {
      "type": "Feature",
      "geometry": {
        "type": "Point",
        "coordinates": [
          121.50740051277,
          25.042142304471
        ]
      },
      "properties": {
        "name": "臺北市政府警察局萬華分局西門町機動所",
        "address": "臺北市萬華區漢中街122號"
      }
    },
    {
      "type": "Feature",
      "geometry": {
        "type": "Point",
        "coordinates": [
          121.499354,
          25.03858
        ]
      },
      "properties": {
        "name": "臺北市政府警察局萬華分局龍山派出所",
        "address": "臺北市萬華區桂林路135號"
      }
    },
    {
      "type": "Feature",
      "geometry": {
        "type": "Point",
        "coordinates": [
          121.498298,
          25.034403
        ]
      },
      "properties": {
        "name": "臺北市政府警察局萬華分局大理街派出所",
        "address": "臺北市萬華區大理街99號"
      }
    },
    {
      "type": "Feature",
      "geometry": {
        "type": "Point",
        "coordinates": [
          121.527944,
          25.059955
        ]
      },
      "properties": {
        "name": "臺北市政府警察局中山分局民權一派出所",
        "address": "臺北市中山區新生北路二段127之1號"
      }
    },
    {
      "type": "Feature",
      "geometry": {
        "type": "Point",
        "coordinates": [
          121.507367,
          25.042099
        ]
      },
      "properties": {
        "name": "臺北市政府警察局萬華分局西門町機動所",
        "address": "臺北市萬華區漢中街122號"
      }
    },
    {
      "type": "Feature",
      "geometry": {
        "type": "Point",
        "coordinates": [
          121.493157,
          25.034309
        ]
      },
      "properties": {
        "name": "臺北市政府警察局萬華分局華江派出所",
        "address": "臺北市萬華區環河南路2段196號"
      }
    },
    {
      "type": "Feature",
      "geometry": {
        "type": "Point",
        "coordinates": [
          121.495492,
          25.036893
        ]
      },
      "properties": {
        "name": "臺北市政府警察局交通警察大隊萬華分隊",
        "address": "臺北市萬華區環河南路2段102號"
      }
    },
    {
      "type": "Feature",
      "geometry": {
        "type": "Point",
        "coordinates": [
          121.510978,
          25.035289
        ]
      },
      "properties": {
        "name": "臺北市政府警察局交通警察大隊",
        "address": "臺北市中正區愛國西路26號"
      }
    },
    {
      "type": "Feature",
      "geometry": {
        "type": "Point",
        "coordinates": [
          121.50051,
          25.035082
        ]
      },
      "properties": {
        "name": "臺北市政府警察局萬華分局康定路派出所",
        "address": "臺北市萬華區和平西路3段112號"
      }
    },
    {
      "type": "Feature",
      "geometry": {
        "type": "Point",
        "coordinates": [
          121.515535,
          25.039994
        ]
      },
      "properties": {
        "name": "臺北市政府警察局中正第一分局介壽路派出所",
        "address": "臺北市中正區公園路54號"
      }
    },
    {
      "type": "Feature",
      "geometry": {
        "type": "Point",
        "coordinates": [
          121.546911,
          25.040373
        ]
      },
      "properties": {
        "name": "臺北市政府警察局大安分局敦化南路派出所",
        "address": "臺北市大安區復興南路1段219-1號"
      }
    },
    {
      "type": "Feature",
      "geometry": {
        "type": "Point",
        "coordinates": [
          121.533106,
          25.037872
        ]
      },
      "properties": {
        "name": "臺北市政府警察局大安分局",
        "address": "臺北市大安區仁愛路3段2號"
      }
    },
    {
      "type": "Feature",
      "geometry": {
        "type": "Point",
        "coordinates": [
          121.56827481022,
          24.978649289047
        ]
      },
      "properties": {
        "name": "國立政治大學",
        "address": "臺北市文山區指南路2段64號"
      }
    },
    {
      "type": "Feature",
      "geometry": {
        "type": "Point",
        "coordinates": [
          121.561658,
          24.998724
        ]
      },
      "properties": {
        "name": "臺灣警察專科學校",
        "address": "臺北市文山區興隆路三段153號"
      }
    },
    {
      "type": "Feature",
      "geometry": {
        "type": "Point",
        "coordinates": [
          121.508698,
          25.040286
        ]
      },
      "properties": {
        "name": "社團法人中華民國軍人之友社台北國軍英雄館",
        "address": "臺北市中正區長沙街1段20號"
      }
    },
    {
      "type": "Feature",
      "geometry": {
        "type": "Point",
        "coordinates": [
          121.560357,
          24.999827
        ]
      },
      "properties": {
        "name": "臺灣警察專科學校",
        "address": "臺北市文山區興隆路三段153號"
      }
    },
    {
      "type": "Feature",
      "geometry": {
        "type": "Point",
        "coordinates": [
          121.560727,
          25.000255
        ]
      },
      "properties": {
        "name": "臺灣警察專科學校",
        "address": "臺北市文山區興隆路三段153號"
      }
    },
    {
      "type": "Feature",
      "geometry": {
        "type": "Point",
        "coordinates": [
          121.517957,
          25.08728
        ]
      },
      "properties": {
        "name": "臺北市政府警察局士林分局後港派出所",
        "address": "臺北市士林區福港街151號"
      }
    },
    {
      "type": "Feature",
      "geometry": {
        "type": "Point",
        "coordinates": [
          121.559363,
          24.998026
        ]
      },
      "properties": {
        "name": "臺灣警察專科學校",
        "address": "臺北市文山區興隆路三段153號"
      }
    },
    {
      "type": "Feature",
      "geometry": {
        "type": "Point",
        "coordinates": [
          121.530509,
          25.026615
        ]
      },
      "properties": {
        "name": "臺北市政府警察局大安分局和平東路派出所",
        "address": "臺北市大安區和平東路1段143號"
      }
    },
    {
      "type": "Feature",
      "geometry": {
        "type": "Point",
        "coordinates": [
          121.551835,
          25.018001
        ]
      },
      "properties": {
        "name": "臺北市政府警察局大安分局臥龍街派出所",
        "address": "臺北市大安區臥龍街185號"
      }
    },
    {
      "type": "Feature",
      "geometry": {
        "type": "Point",
        "coordinates": [
          121.574318,
          25.033095
        ]
      },
      "properties": {
        "name": "臺北市政府警察局婦幼警察隊",
        "address": "臺北市信義區信義路5段180號"
      }
    },
    {
      "type": "Feature",
      "geometry": {
        "type": "Point",
        "coordinates": [
          121.552185,
          25.032995
        ]
      },
      "properties": {
        "name": "臺北市政府警察局大安分局安和路派出所",
        "address": "臺北市大安區信義路四段216號"
      }
    },
    {
      "type": "Feature",
      "geometry": {
        "type": "Point",
        "coordinates": [
          121.545068,
          25.031193
        ]
      },
      "properties": {
        "name": "臺北市政府警察局大安分局瑞安街派出所",
        "address": "臺北市大安區瑞安街23巷17號"
      }
    },
    {
      "type": "Feature",
      "geometry": {
        "type": "Point",
        "coordinates": [
          121.597549,
          25.081261
        ]
      },
      "properties": {
        "name": "臺北市政府警察局內湖分局康寧派出所",
        "address": "臺北市內湖區金湖路83號"
      }
    },
    {
      "type": "Feature",
      "geometry": {
        "type": "Point",
        "coordinates": [
          121.523005,
          25.046835
        ]
      },
      "properties": {
        "name": "臺北市稅捐稽徵處",
        "address": "臺北市中正區北平東路7之2號"
      }
    },
    {
      "type": "Feature",
      "geometry": {
        "type": "Point",
        "coordinates": [
          121.576128,
          24.987331
        ]
      },
      "properties": {
        "name": "國立政治大學",
        "address": "臺北市文山區指南路2段64號"
      }
    },
    {
      "type": "Feature",
      "geometry": {
        "type": "Point",
        "coordinates": [
          121.618388,
          25.070427
        ]
      },
      "properties": {
        "name": "臺北市政府警察局內湖分局康樂派出所",
        "address": "臺北市內湖區康樂街110巷16弄20號"
      }
    },
    {
      "type": "Feature",
      "geometry": {
        "type": "Point",
        "coordinates": [
          121.546359,
          25.137285
        ]
      },
      "properties": {
        "name": "臺北市政府警察局士林分局山仔后派出所",
        "address": "臺北市士林區格致路39號"
      }
    },
    {
      "type": "Feature",
      "geometry": {
        "type": "Point",
        "coordinates": [
          121.577867,
          24.987381
        ]
      },
      "properties": {
        "name": "臺北市政府警察局文山第一分局指南派出所",
        "address": "臺北市文山區指南路2段177號"
      }
    },
    {
      "type": "Feature",
      "geometry": {
        "type": "Point",
        "coordinates": [
          121.504243,
          25.13737
        ]
      },
      "properties": {
        "name": "臺北市政府警察局北投分局光明派出所",
        "address": "臺北市北投區泉源路14號"
      }
    },
    {
      "type": "Feature",
      "geometry": {
        "type": "Point",
        "coordinates": [
          121.537886,
          25.101122
        ]
      },
      "properties": {
        "name": "臺北市政府警察局士林分局芝山岩派出所",
        "address": "臺北市士林區仰德大道一段16號"
      }
    },
    {
      "type": "Feature",
      "geometry": {
        "type": "Point",
        "coordinates": [
          121.532966,
          25.125001
        ]
      },
      "properties": {
        "name": "臺北市政府警察局士林分局天母派出所",
        "address": "臺北市士林區中山北路七段192號"
      }
    },
    {
      "type": "Feature",
      "geometry": {
        "type": "Point",
        "coordinates": [
          121.508044,
          25.127651
        ]
      },
      "properties": {
        "name": "臺北市政府警察局北投分局奇岩派出所",
        "address": "臺北市北投區公館路209巷11號"
      }
    },
    {
      "type": "Feature",
      "geometry": {
        "type": "Point",
        "coordinates": [
          121.512507,
          25.109935
        ]
      },
      "properties": {
        "name": "臺北市政府警察局北投分局石牌派出所",
        "address": "臺北市北投區文林北路296號"
      }
    },
    {
      "type": "Feature",
      "geometry": {
        "type": "Point",
        "coordinates": [
          121.517957,
          25.08728
        ]
      },
      "properties": {
        "name": "臺北市政府警察局交通警察大隊士林分隊",
        "address": "臺北市士林區福港街151號"
      }
    },
    {
      "type": "Feature",
      "geometry": {
        "type": "Point",
        "coordinates": [
          121.544124,
          25.079511
        ]
      },
      "properties": {
        "name": "臺北市政府警察局中山分局大直派出所",
        "address": "臺北市中山區北安路456號"
      }
    },
    {
      "type": "Feature",
      "geometry": {
        "type": "Point",
        "coordinates": [
          121.546886,
          25.000021
        ]
      },
      "properties": {
        "name": "臺北市政府警察局交通警察大隊文山第二分隊",
        "address": "臺北市文山區興隆路2段95巷8號"
      }
    },
    {
      "type": "Feature",
      "geometry": {
        "type": "Point",
        "coordinates": [
          121.548615,
          25.148752
        ]
      },
      "properties": {
        "name": "臺北市政府警察局北投分局公園派出所",
        "address": "臺北市北投區紗帽路110號"
      }
    },
    {
      "type": "Feature",
      "geometry": {
        "type": "Point",
        "coordinates": [
          121.54111604845,
          24.992783994822
        ]
      },
      "properties": {
        "name": "臺北市政府警察局文山第二分局景美派出所",
        "address": "臺北市文山區景中街2號"
      }
    },
    {
      "type": "Feature",
      "geometry": {
        "type": "Point",
        "coordinates": [
          121.560262,
          25.108126
        ]
      },
      "properties": {
        "name": "臺北市政府警察局士林分局翠山派出所",
        "address": "臺北市士林區中社路一段56號"
      }
    },
    {
      "type": "Feature",
      "geometry": {
        "type": "Point",
        "coordinates": [
          121.563546,
          24.988789
        ]
      },
      "properties": {
        "name": "臺北市政府警察局文山第一分局木柵派出所",
        "address": "臺北市文山區木柵路二段202號"
      }
    },
    {
      "type": "Feature",
      "geometry": {
        "type": "Point",
        "coordinates": [
          121.538908,
          25.003904
        ]
      },
      "properties": {
        "name": "臺北市政府警察局文山第二分局萬盛派出所",
        "address": "臺北市文山區羅斯福路5段151號"
      }
    },
    {
      "type": "Feature",
      "geometry": {
        "type": "Point",
        "coordinates": [
          121.501298,
          25.133282
        ]
      },
      "properties": {
        "name": "臺北市政府警察局北投分局長安派出所",
        "address": "臺北市北投區中央北路1段1號"
      }
    },
    {
      "type": "Feature",
      "geometry": {
        "type": "Point",
        "coordinates": [
          121.576473,
          25.131156
        ]
      },
      "properties": {
        "name": "臺北市政府警察局士林分局溪山派出所平等駐在所",
        "address": "臺北市士林區平等里平菁街86號"
      }
    },
    {
      "type": "Feature",
      "geometry": {
        "type": "Point",
        "coordinates": [
          121.465947,
          25.122997
        ]
      },
      "properties": {
        "name": "臺北市政府警察局北投分局關渡派出所",
        "address": "臺北市北投區關渡里大度路3段305號"
      }
    },
    {
      "type": "Feature",
      "geometry": {
        "type": "Point",
        "coordinates": [
          121.584527,
          25.119736
        ]
      },
      "properties": {
        "name": "臺北市政府警察局士林分局溪山派出所",
        "address": "臺北市士林區至善路3段263號"
      }
    },
    {
      "type": "Feature",
      "geometry": {
        "type": "Point",
        "coordinates": [
          121.552328,
          25.118447
        ]
      },
      "properties": {
        "name": "臺北市政府警察局士林分局永福派出所",
        "address": "臺北市士林區仰德大道三段49號"
      }
    },
    {
      "type": "Feature",
      "geometry": {
        "type": "Point",
        "coordinates": [
          121.547017,
          24.986769
        ]
      },
      "properties": {
        "name": "臺北市政府警察局文山第一分局復興派出所",
        "address": "臺北市文山區木柵路一段54號"
      }
    },
    {
      "type": "Feature",
      "geometry": {
        "type": "Point",
        "coordinates": [
          121.61299,
          25.067469
        ]
      },
      "properties": {
        "name": "臺北市政府警察局內湖分局東湖派出所",
        "address": "臺北市內湖區五分街10號"
      }
    },
    {
      "type": "Feature",
      "geometry": {
        "type": "Point",
        "coordinates": [
          121.567298,
          24.982404
        ]
      },
      "properties": {
        "name": "臺北市政府警察局文山第一分局木新派出所",
        "address": "臺北市文山區恆光街45號"
      }
    },
    {
      "type": "Feature",
      "geometry": {
        "type": "Point",
        "coordinates": [
          121.551187,
          25.001512
        ]
      },
      "properties": {
        "name": "臺北市政府警察局文山第二分局興隆派出所",
        "address": "臺北市文山區興隆路2段156號"
      }
    },
    {
      "type": "Feature",
      "geometry": {
        "type": "Point",
        "coordinates": [
          121.526763,
          25.090688
        ]
      },
      "properties": {
        "name": "臺北市政府警察局士林分局文林派出所",
        "address": "臺北市士林區文林路235號"
      }
    },
    {
      "type": "Feature",
      "geometry": {
        "type": "Point",
        "coordinates": [
          121.566897,
          25.002266
        ]
      },
      "properties": {
        "name": "臺北市政府警察局交通警察大隊文山一分隊",
        "address": "臺北市文山區萬美街1段50號"
      }
    },
    {
      "type": "Feature",
      "geometry": {
        "type": "Point",
        "coordinates": [
          121.49335,
          25.145513
        ]
      },
      "properties": {
        "name": "臺北市政府警察局北投分局大屯派出所",
        "address": "臺北市北投區中和街534號"
      }
    },
    {
      "type": "Feature",
      "geometry": {
        "type": "Point",
        "coordinates": [
          121.576762,
          25.078846
        ]
      },
      "properties": {
        "name": "臺北市政府警察局內湖分局港墘派出所",
        "address": "臺北市內湖區內湖路1段550號"
      }
    },
    {
      "type": "Feature",
      "geometry": {
        "type": "Point",
        "coordinates": [
          121.540207,
          25.167467
        ]
      },
      "properties": {
        "name": "臺北市政府警察局北投分局竹子湖派出所",
        "address": "臺北市北投區竹子湖路16號"
      }
    },
    {
      "type": "Feature",
      "geometry": {
        "type": "Point",
        "coordinates": [
          121.590133,
          25.082075
        ]
      },
      "properties": {
        "name": "臺北市政府警察局內湖分局內湖派出所",
        "address": "臺北市內湖區內湖路二段261號"
      }
    },
    {
      "type": "Feature",
      "geometry": {
        "type": "Point",
        "coordinates": [
          121.524685,
          25.106571
        ]
      },
      "properties": {
        "name": "臺北市政府警察局士林分局蘭雅派出所",
        "address": "臺北市士林區中山北路6段153號"
      }
    },
    {
      "type": "Feature",
      "geometry": {
        "type": "Point",
        "coordinates": [
          121.504709,
          25.089275
        ]
      },
      "properties": {
        "name": "臺北市政府警察局士林分局社子派出所",
        "address": "臺北市士林區延平北路6段200號"
      }
    },
    {
      "type": "Feature",
      "geometry": {
        "type": "Point",
        "coordinates": [
          121.516949,
          25.117934
        ]
      },
      "properties": {
        "name": "臺北市政府警察局北投分局永明派出所",
        "address": "臺北市北投區石牌路2段101號"
      }
    },
    {
      "type": "Feature",
      "geometry": {
        "type": "Point",
        "coordinates": [
          121.524852,
          25.072594
        ]
      },
      "properties": {
        "name": "臺北市立美術館",
        "address": "臺北市中山區中山北路三段181號"
      }
    },
    {
      "type": "Feature",
      "geometry": {
        "type": "Point",
        "coordinates": [
          121.5201599354,
          25.025158068342
        ]
      },
      "properties": {
        "name": "臺北市私立強恕高級中學",
        "address": "臺北市中正區汀州路2段143號"
      }
    },
    {
      "type": "Feature",
      "geometry": {
        "type": "Point",
        "coordinates": [
          121.560779,
          25.033505
        ]
      },
      "properties": {
        "name": "外貿協會台北國際會議中心",
        "address": "臺北市信義區信義路5段1號"
      }
    },
    {
      "type": "Feature",
      "geometry": {
        "type": "Point",
        "coordinates": [
          121.540099,
          24.998245
        ]
      },
      "properties": {
        "name": "北都汽車股份有限公司(文山所廠)",
        "address": "臺北市文山區羅斯福路六段92巷2號"
      }
    },
    {
      "type": "Feature",
      "geometry": {
        "type": "Point",
        "coordinates": [
          121.576957,
          25.028702
        ]
      },
      "properties": {
        "name": "外貿協會台北國際會議中心",
        "address": "臺北市信義區信義路5段1號"
      }
    },
    {
      "type": "Feature",
      "geometry": {
        "type": "Point",
        "coordinates": [
          121.51953625754,
          25.0371389818
        ]
      },
      "properties": {
        "name": "國家表演藝術中心國家兩廳院(國家音樂廳)",
        "address": "臺北市中正區中山南路21-1號"
      }
    },
    {
      "type": "Feature",
      "geometry": {
        "type": "Point",
        "coordinates": [
          121.560779,
          25.033505
        ]
      },
      "properties": {
        "name": "外貿協會台北國際會議中心",
        "address": "臺北市信義區信義路5段1號"
      }
    },
    {
      "type": "Feature",
      "geometry": {
        "type": "Point",
        "coordinates": [
          121.555235,
          25.02652
        ]
      },
      "properties": {
        "name": "北都汽車股份有限公司-信義廠",
        "address": "臺北市信義區基隆路二段149-36號"
      }
    },
    {
      "type": "Feature",
      "geometry": {
        "type": "Point",
        "coordinates": [
          121.498835,
          25.029107
        ]
      },
      "properties": {
        "name": "臺北市立萬華國民中學",
        "address": "臺北市萬華區西藏路201號"
      }
    },
    {
      "type": "Feature",
      "geometry": {
        "type": "Point",
        "coordinates": [
          121.610599,
          25.063786
        ]
      },
      "properties": {
        "name": "北都汽車股份有限公司-東湖廠",
        "address": "臺北市內湖區潭美街791號"
      }
    },
    {
      "type": "Feature",
      "geometry": {
        "type": "Point",
        "coordinates": [
          121.519244,
          25.037355
        ]
      },
      "properties": {
        "name": "國家表演藝術中心國家兩廳院(國家音樂廳)",
        "address": "臺北市中正區中山南路21-1號"
      }
    },
    {
      "type": "Feature",
      "geometry": {
        "type": "Point",
        "coordinates": [
          121.523071,
          25.085741
        ]
      },
      "properties": {
        "name": "英業達股份有限公司D棟",
        "address": "臺北市士林區承德路四段166號"
      }
    },
    {
      "type": "Feature",
      "geometry": {
        "type": "Point",
        "coordinates": [
          121.52839874495,
          25.051920086988
        ]
      },
      "properties": {
        "name": "STEPX FITNESS",
        "address": "臺北市中山區南京東路二段八號"
      }
    },
    {
      "type": "Feature",
      "geometry": {
        "type": "Point",
        "coordinates": [
          121.557303,
          25.042523
        ]
      },
      "properties": {
        "name": "漢杰健康事業股份有限公司(HowHowGym好好健身)",
        "address": "臺北市大安區光復南路180巷6號"
      }
    },
    {
      "type": "Feature",
      "geometry": {
        "type": "Point",
        "coordinates": [
          121.55500379098,
          25.021831823762
        ]
      },
      "properties": {
        "name": "體育客團體教室",
        "address": "臺北市信義區富陽街90號"
      }
    },
    {
      "type": "Feature",
      "geometry": {
        "type": "Point",
        "coordinates": [
          121.50248596333,
          25.126539382286
        ]
      },
      "properties": {
        "name": "耐森健身工作室",
        "address": "臺北市北投區三合街二段435號"
      }
    },
    {
      "type": "Feature",
      "geometry": {
        "type": "Point",
        "coordinates": [
          121.55500891898,
          25.030174639931
        ]
      },
      "properties": {
        "name": "香港商世界健身事業有限公司台北通化分公司",
        "address": "臺北市大安區臨江街87號"
      }
    },
    {
      "type": "Feature",
      "geometry": {
        "type": "Point",
        "coordinates": [
          121.611276,
          25.070238
        ]
      },
      "properties": {
        "name": "香港商世界健身事業有限公司內湖分公司",
        "address": "臺北市內湖區康寧路3段72號"
      }
    },
    {
      "type": "Feature",
      "geometry": {
        "type": "Point",
        "coordinates": [
          121.526789,
          25.112895
        ]
      },
      "properties": {
        "name": "臺北市士林區士東國民小學",
        "address": "臺北市士林區中山北路六段392號"
      }
    },
    {
      "type": "Feature",
      "geometry": {
        "type": "Point",
        "coordinates": [
          121.566897,
          25.002266
        ]
      },
      "properties": {
        "name": "臺北市政府警察局文山第一分局萬芳派出所",
        "address": "臺北市文山區萬美街1段50號"
      }
    },
    {
      "type": "Feature",
      "geometry": {
        "type": "Point",
        "coordinates": [
          121.50980040511,
          25.043929696599
        ]
      },
      "properties": {
        "name": "臺北市政府警察局",
        "address": "臺北市中正區延平南路96號"
      }
    },
    {
      "type": "Feature",
      "geometry": {
        "type": "Point",
        "coordinates": [
          121.601403,
          25.084248
        ]
      },
      "properties": {
        "name": "臺北市政府警察局內湖分局大湖派出所",
        "address": "臺北市內湖區成功路五段1號"
      }
    },
    {
      "type": "Feature",
      "geometry": {
        "type": "Point",
        "coordinates": [
          121.534012,
          25.037815
        ]
      },
      "properties": {
        "name": "臺北市政府警察局大安分局新生南路派出所",
        "address": "臺北市大安區仁愛路3段18號"
      }
    },
    {
      "type": "Feature",
      "geometry": {
        "type": "Point",
        "coordinates": [
          121.612902,
          25.067475
        ]
      },
      "properties": {
        "name": "臺北市政府警察局交通警察大隊內湖分隊",
        "address": "臺北市內湖區五分街8號"
      }
    },
    {
      "type": "Feature",
      "geometry": {
        "type": "Point",
        "coordinates": [
          121.507998,
          25.036052
        ]
      },
      "properties": {
        "name": "內政部移民署台北市服務站",
        "address": "臺北市中正區廣州街15號"
      }
    },
    {
      "type": "Feature",
      "geometry": {
        "type": "Point",
        "coordinates": [
          121.544682,
          25.047595
        ]
      },
      "properties": {
        "name": "內政部國土管理署",
        "address": "臺北市松山區八德路二段342號"
      }
    },
    {
      "type": "Feature",
      "geometry": {
        "type": "Point",
        "coordinates": [
          121.552226,
          25.056463
        ]
      },
      "properties": {
        "name": "臺北市松山區民生國民小學",
        "address": "臺北市松山區敦化北路199巷18號"
      }
    },
    {
      "type": "Feature",
      "geometry": {
        "type": "Point",
        "coordinates": [
          121.553116,
          25.057108
        ]
      },
      "properties": {
        "name": "及人大廈",
        "address": "臺北市松山區民生東路4段80巷7號"
      }
    },
    {
      "type": "Feature",
      "geometry": {
        "type": "Point",
        "coordinates": [
          121.5108887,
          25.0304771
        ]
      },
      "properties": {
        "name": "臺北市國語實驗國民小學",
        "address": "臺北市中正區南海路58號"
      }
    },
    {
      "type": "Feature",
      "geometry": {
        "type": "Point",
        "coordinates": [
          121.525817,
          25.044512
        ]
      },
      "properties": {
        "name": "中國文化大學推廣教育部 忠孝館",
        "address": "臺北市中正區忠孝東路1段41號"
      }
    },
    {
      "type": "Feature",
      "geometry": {
        "type": "Point",
        "coordinates": [
          121.50549366204,
          25.038655140301
        ]
      },
      "properties": {
        "name": "鳳凰體能訓練中心",
        "address": "臺北市萬華區柳州街31-1"
      }
    },
    {
      "type": "Feature",
      "geometry": {
        "type": "Point",
        "coordinates": [
          121.571808,
          25.046793
        ]
      },
      "properties": {
        "name": "香港商世界健身事業有限公司台北松隆分公司",
        "address": "臺北市信義區松隆路125號"
      }
    },
    {
      "type": "Feature",
      "geometry": {
        "type": "Point",
        "coordinates": [
          121.56506634772,
          25.049746490184
        ]
      },
      "properties": {
        "name": "中國石油化學工業開發股份有限公司臺北營業所",
        "address": "臺北市松山區東興路12號"
      }
    },
    {
      "type": "Feature",
      "geometry": {
        "type": "Point",
        "coordinates": [
          121.558943,
          25.080535
        ]
      },
      "properties": {
        "name": "Marriott Taipei 台北萬豪酒店",
        "address": "臺北市中山區樂群二路199號"
      }
    },
    {
      "type": "Feature",
      "geometry": {
        "type": "Point",
        "coordinates": [
          121.558965,
          25.080944
        ]
      },
      "properties": {
        "name": "Marriott Taipei 台北萬豪酒店",
        "address": "臺北市中山區樂群二路199號"
      }
    },
    {
      "type": "Feature",
      "geometry": {
        "type": "Point",
        "coordinates": [
          121.579912,
          25.045231
        ]
      },
      "properties": {
        "name": "台北市中華基督教青年會永吉會館",
        "address": "臺北市信義區永吉路500號"
      }
    },
    {
      "type": "Feature",
      "geometry": {
        "type": "Point",
        "coordinates": [
          121.59855637956,
          25.052468978027
        ]
      },
      "properties": {
        "name": "臺北流行音樂中心",
        "address": "臺北市南港區市民大道八段99號"
      }
    },
    {
      "type": "Feature",
      "geometry": {
        "type": "Point",
        "coordinates": [
          121.52576879892,
          25.030565207658
        ]
      },
      "properties": {
        "name": "榕錦時光生活園區-遊客服務中心",
        "address": "臺北市大安區金華街167號"
      }
    },
    {
      "type": "Feature",
      "geometry": {
        "type": "Point",
        "coordinates": [
          121.509309,
          25.042787
        ]
      },
      "properties": {
        "name": "德立莊酒店",
        "address": "臺北市中正區秀山街4號"
      }
    },
    {
      "type": "Feature",
      "geometry": {
        "type": "Point",
        "coordinates": [
          121.558992,
          25.080779
        ]
      },
      "properties": {
        "name": "Marriott Taipei 台北萬豪酒店",
        "address": "臺北市中山區樂群二路199號"
      }
    },
    {
      "type": "Feature",
      "geometry": {
        "type": "Point",
        "coordinates": [
          121.516736,
          25.069322
        ]
      },
      "properties": {
        "name": "臺北市立蘭州國民中學",
        "address": "臺北市大同區大龍街187巷1號"
      }
    },
    {
      "type": "Feature",
      "geometry": {
        "type": "Point",
        "coordinates": [
          121.58739665821,
          25.044690534407
        ]
      },
      "properties": {
        "name": "成德國中運動中心-舞動陽光",
        "address": "臺北市南港區東新街108巷23號"
      }
    },
    {
      "type": "Feature",
      "geometry": {
        "type": "Point",
        "coordinates": [
          121.534825,
          25.096268
        ]
      },
      "properties": {
        "name": "內政部警政署保安警察第六總隊第二大隊第三中隊",
        "address": "臺北市士林區自祥街36號"
      }
    },
    {
      "type": "Feature",
      "geometry": {
        "type": "Point",
        "coordinates": [
          121.562072,
          25.051215
        ]
      },
      "properties": {
        "name": "Dr.Nail足研所",
        "address": "臺北市松山區南京東路五段108號"
      }
    },
    {
      "type": "Feature",
      "geometry": {
        "type": "Point",
        "coordinates": [
          121.616247,
          25.056026
        ]
      },
      "properties": {
        "name": "臺北南港展覽館2館",
        "address": "臺北市南港區經貿二路2號"
      }
    },
    {
      "type": "Feature",
      "geometry": {
        "type": "Point",
        "coordinates": [
          121.510105,
          25.050491
        ]
      },
      "properties": {
        "name": "中興保全股份有限公司(1樓接待大廳)",
        "address": "臺北市大同區鄭州路139號"
      }
    },
    {
      "type": "Feature",
      "geometry": {
        "type": "Point",
        "coordinates": [
          121.526375,
          25.055722
        ]
      },
      "properties": {
        "name": "頗行健體運動空間",
        "address": "臺北市中山區長春路61巷27號"
      }
    },
    {
      "type": "Feature",
      "geometry": {
        "type": "Point",
        "coordinates": [
          121.51823,
          25.035275
        ]
      },
      "properties": {
        "name": "國家表演藝術中心國家兩廳院(國家戲劇院)",
        "address": "臺北市中正區中山南路21-1號"
      }
    },
    {
      "type": "Feature",
      "geometry": {
        "type": "Point",
        "coordinates": [
          121.523097,
          25.050904
        ]
      },
      "properties": {
        "name": "果毅健身有限公司（O.M Fit 運動空間)",
        "address": "臺北市中山區林森北路147號"
      }
    },
    {
      "type": "Feature",
      "geometry": {
        "type": "Point",
        "coordinates": [
          121.592457,
          25.068201
        ]
      },
      "properties": {
        "name": "香港商世界健身事業有限公司內湖民權分公司",
        "address": "臺北市內湖區民權東路六段180巷6號"
      }
    },
    {
      "type": "Feature",
      "geometry": {
        "type": "Point",
        "coordinates": [
          121.5980362613,
          25.052799445156
        ]
      },
      "properties": {
        "name": "臺北流行音樂中心",
        "address": "臺北市南港區市民大道八段99號"
      }
    },
    {
      "type": "Feature",
      "geometry": {
        "type": "Point",
        "coordinates": [
          121.535594,
          25.002948
        ]
      },
      "properties": {
        "name": "臺北市文山區萬和里辦公處",
        "address": "臺北市文山區汀洲路4段251號"
      }
    },
    {
      "type": "Feature",
      "geometry": {
        "type": "Point",
        "coordinates": [
          121.5900710646,
          25.085806976331
        ]
      },
      "properties": {
        "name": "臺北市金龍發展中心",
        "address": "臺北市內湖區金龍路136-1號"
      }
    },
    {
      "type": "Feature",
      "geometry": {
        "type": "Point",
        "coordinates": [
          121.514877,
          25.03407
        ]
      },
      "properties": {
        "name": "臺灣菸酒股份有限公司",
        "address": "臺北市中正區南昌路1段四號"
      }
    },
    {
      "type": "Feature",
      "geometry": {
        "type": "Point",
        "coordinates": [
          121.582899,
          25.082751
        ]
      },
      "properties": {
        "name": "碧湖公園",
        "address": "臺北市內湖區內湖路2段175號"
      }
    },
    {
      "type": "Feature",
      "geometry": {
        "type": "Point",
        "coordinates": [
          121.591476,
          25.045919
        ]
      },
      "properties": {
        "name": "南港公園",
        "address": "臺北市南港區東新街170之1號"
      }
    },
    {
      "type": "Feature",
      "geometry": {
        "type": "Point",
        "coordinates": [
          121.548548,
          25.150242
        ]
      },
      "properties": {
        "name": "前山公園男公共浴室",
        "address": "臺北市北投區建國街7-1號"
      }
    },
    {
      "type": "Feature",
      "geometry": {
        "type": "Point",
        "coordinates": [
          121.506612,
          25.090899
        ]
      },
      "properties": {
        "name": "社子公園",
        "address": "臺北市士林區永平街20巷37弄對面"
      }
    },
    {
      "type": "Feature",
      "geometry": {
        "type": "Point",
        "coordinates": [
          121.54937851679,
          25.025934070324
        ]
      },
      "properties": {
        "name": "鼎鼎大飯店股份有限公司(香格里拉台北遠東國際大飯店)",
        "address": "臺北市大安區敦化南路二段201號"
      }
    },
    {
      "type": "Feature",
      "geometry": {
        "type": "Point",
        "coordinates": [
          121.567002,
          25.041035
        ]
      },
      "properties": {
        "name": "微風置地股份有限公司信義分公司",
        "address": "臺北市信義區忠孝東路五段68號"
      }
    },
    {
      "type": "Feature",
      "geometry": {
        "type": "Point",
        "coordinates": [
          121.557636,
          25.06304
        ]
      },
      "properties": {
        "name": "台灣虎航股份有限公司",
        "address": "臺北市松山區敦化北路405巷123弄3號"
      }
    },
    {
      "type": "Feature",
      "geometry": {
        "type": "Point",
        "coordinates": [
          121.503359,
          25.041755
        ]
      },
      "properties": {
        "name": "國立臺北護理健康大學(城區部)",
        "address": "臺北市萬華區內江街89號"
      }
    },
    {
      "type": "Feature",
      "geometry": {
        "type": "Point",
        "coordinates": [
          121.554239,
          24.997535
        ]
      },
      "properties": {
        "name": "中國科技大學臺北校區",
        "address": "臺北市文山區興隆路3段56號"
      }
    },
    {
      "type": "Feature",
      "geometry": {
        "type": "Point",
        "coordinates": [
          121.566896,
          25.040504
        ]
      },
      "properties": {
        "name": "微風置地股份有限公司信義分公司",
        "address": "臺北市信義區忠孝東路五段68號"
      }
    },
    {
      "type": "Feature",
      "geometry": {
        "type": "Point",
        "coordinates": [
          121.547303,
          25.025368
        ]
      },
      "properties": {
        "name": "交通部航港局",
        "address": "臺北市大安區和平東路3段1巷1號"
      }
    },
    {
      "type": "Feature",
      "geometry": {
        "type": "Point",
        "coordinates": [
          121.529431,
          25.027644
        ]
      },
      "properties": {
        "name": "國立臺灣師範大學圖書館校區(和平東路1段129號) ",
        "address": "臺北市大安區和平東路1段129號"
      }
    },
    {
      "type": "Feature",
      "geometry": {
        "type": "Point",
        "coordinates": [
          121.557636,
          25.06304
        ]
      },
      "properties": {
        "name": "台灣虎航股份有限公司",
        "address": "臺北市松山區敦化北路405巷123弄3號"
      }
    },
    {
      "type": "Feature",
      "geometry": {
        "type": "Point",
        "coordinates": [
          121.55766281022,
          25.063068118434
        ]
      },
      "properties": {
        "name": "台灣虎航股份有限公司",
        "address": "臺北市松山區敦化北路405巷123弄3號"
      }
    },
    {
      "type": "Feature",
      "geometry": {
        "type": "Point",
        "coordinates": [
          121.554239,
          24.997535
        ]
      },
      "properties": {
        "name": "中國科技大學臺北校區",
        "address": "臺北市文山區興隆路3段56號"
      }
    },
    {
      "type": "Feature",
      "geometry": {
        "type": "Point",
        "coordinates": [
          121.530939148,
          25.040169132893
        ]
      },
      "properties": {
        "name": "臺北市立圖書館城中分館",
        "address": "臺北市中正區濟南路2段46號"
      }
    },
    {
      "type": "Feature",
      "geometry": {
        "type": "Point",
        "coordinates": [
          121.548289,
          25.052006
        ]
      },
      "properties": {
        "name": "微風置地股份有限公司南京分公司",
        "address": "臺北市松山區南京東路三段337號"
      }
    },
    {
      "type": "Feature",
      "geometry": {
        "type": "Point",
        "coordinates": [
          121.54640762044,
          25.130897406966
        ]
      },
      "properties": {
        "name": "臺北市立格致國民中學",
        "address": "臺北市士林區仰德大道四段75號"
      }
    },
    {
      "type": "Feature",
      "geometry": {
        "type": "Point",
        "coordinates": [
          121.526287,
          25.078611
        ]
      },
      "properties": {
        "name": "財團法人臺灣敦睦聯誼會所屬作業組織圓山大飯店",
        "address": "臺北市中山區中山北路4段1巷1號"
      }
    },
    {
      "type": "Feature",
      "geometry": {
        "type": "Point",
        "coordinates": [
          121.502361,
          25.141611
        ]
      },
      "properties": {
        "name": "新北投71園區",
        "address": "臺北市北投區開明街71號"
      }
    },
    {
      "type": "Feature",
      "geometry": {
        "type": "Point",
        "coordinates": [
          121.488071,
          25.102855
        ]
      },
      "properties": {
        "name": "臺北市立福安國民中學",
        "address": "臺北市士林區延平北路七段250號"
      }
    },
    {
      "type": "Feature",
      "geometry": {
        "type": "Point",
        "coordinates": [
          121.561586,
          25.000061
        ]
      },
      "properties": {
        "name": "臺灣警察專科學校",
        "address": "臺北市文山區興隆路三段153號"
      }
    },
    {
      "type": "Feature",
      "geometry": {
        "type": "Point",
        "coordinates": [
          121.54988456864,
          25.101379205609
        ]
      },
      "properties": {
        "name": "海軍司令部醫務所",
        "address": "臺北市中山區北安路305號"
      }
    },
    {
      "type": "Feature",
      "geometry": {
        "type": "Point",
        "coordinates": [
          121.572905,
          25.003795
        ]
      },
      "properties": {
        "name": "臺灣警察專科學校",
        "address": "臺北市文山區興隆路三段153號"
      }
    },
    {
      "type": "Feature",
      "geometry": {
        "type": "Point",
        "coordinates": [
          121.568992,
          25.057429
        ]
      },
      "properties": {
        "name": "臺北市松山區新東里辦公處",
        "address": "臺北市松山區延壽街3號"
      }
    },
    {
      "type": "Feature",
      "geometry": {
        "type": "Point",
        "coordinates": [
          121.573536,
          24.986202
        ]
      },
      "properties": {
        "name": "國立政治大學",
        "address": "臺北市文山區指南路2段64號"
      }
    },
    {
      "type": "Feature",
      "geometry": {
        "type": "Point",
        "coordinates": [
          121.574349,
          24.983026
        ]
      },
      "properties": {
        "name": "國立政治大學",
        "address": "臺北市文山區指南路2段64號"
      }
    },
    {
      "type": "Feature",
      "geometry": {
        "type": "Point",
        "coordinates": [
          121.561747,
          24.999429
        ]
      },
      "properties": {
        "name": "臺灣警察專科學校",
        "address": "臺北市文山區興隆路三段153號"
      }
    },
    {
      "type": "Feature",
      "geometry": {
        "type": "Point",
        "coordinates": [
          121.560647,
          24.998879
        ]
      },
      "properties": {
        "name": "臺灣警察專科學校",
        "address": "臺北市文山區興隆路三段153號"
      }
    },
    {
      "type": "Feature",
      "geometry": {
        "type": "Point",
        "coordinates": [
          121.572318,
          24.982034
        ]
      },
      "properties": {
        "name": "國立政治大學",
        "address": "臺北市文山區指南路2段64號"
      }
    },
    {
      "type": "Feature",
      "geometry": {
        "type": "Point",
        "coordinates": [
          121.568203,
          24.979936
        ]
      },
      "properties": {
        "name": "國立政治大學",
        "address": "臺北市文山區指南路2段64號"
      }
    },
    {
      "type": "Feature",
      "geometry": {
        "type": "Point",
        "coordinates": [
          121.559826,
          24.998228
        ]
      },
      "properties": {
        "name": "臺灣警察專科學校",
        "address": "臺北市文山區興隆路三段153號"
      }
    },
    {
      "type": "Feature",
      "geometry": {
        "type": "Point",
        "coordinates": [
          121.57552293581,
          24.985306948896
        ]
      },
      "properties": {
        "name": "國立政治大學",
        "address": "臺北市文山區指南路2段64號"
      }
    },
    {
      "type": "Feature",
      "geometry": {
        "type": "Point",
        "coordinates": [
          121.50466431241,
          25.044173535189
        ]
      },
      "properties": {
        "name": "臺北市立聯合醫院昆明大樓",
        "address": "臺北市萬華區昆明街100號"
      }
    },
    {
      "type": "Feature",
      "geometry": {
        "type": "Point",
        "coordinates": [
          121.520461,
          25.070457
        ]
      },
      "properties": {
        "name": "MAJI MAJI集食行樂",
        "address": "臺北市中山區玉門街1號"
      }
    },
    {
      "type": "Feature",
      "geometry": {
        "type": "Point",
        "coordinates": [
          121.533777,
          25.116708
        ]
      },
      "properties": {
        "name": "全真概念健康事業股份有限公司-天母分公司",
        "address": "臺北市士林區忠誠路二段188號"
      }
    },
    {
      "type": "Feature",
      "geometry": {
        "type": "Point",
        "coordinates": [
          121.543117,
          25.062119
        ]
      },
      "properties": {
        "name": "香港商世界健身事業有限公司台北民權東分公司",
        "address": "臺北市中山區民權東路三段72號"
      }
    },
    {
      "type": "Feature",
      "geometry": {
        "type": "Point",
        "coordinates": [
          121.537904,
          25.111802
        ]
      },
      "properties": {
        "name": "香港商世界健身事業有限公司天母德行分公司",
        "address": "臺北市士林區德行東路331巷35號"
      }
    },
    {
      "type": "Feature",
      "geometry": {
        "type": "Point",
        "coordinates": [
          121.576095,
          25.04988
        ]
      },
      "properties": {
        "name": "Curves女性專用30分鐘健身中心松山店",
        "address": "臺北市松山區八德路四段666號"
      }
    },
    {
      "type": "Feature",
      "geometry": {
        "type": "Point",
        "coordinates": [
          121.534198,
          25.047119
        ]
      },
      "properties": {
        "name": "臺灣菸酒股份有限公司台北啤酒工場",
        "address": "臺北市中山區八德路二段85號"
      }
    },
    {
      "type": "Feature",
      "geometry": {
        "type": "Point",
        "coordinates": [
          121.582314,
          25.044263
        ]
      },
      "properties": {
        "name": "維康生活股份有限公司",
        "address": "臺北市南港區忠孝東路5段970號"
      }
    },
    {
      "type": "Feature",
      "geometry": {
        "type": "Point",
        "coordinates": [
          121.519291,
          25.038234
        ]
      },
      "properties": {
        "name": "臺北市中正運動中心",
        "address": "臺北市中正區信義路一段1號"
      }
    },
    {
      "type": "Feature",
      "geometry": {
        "type": "Point",
        "coordinates": [
          121.519291,
          25.038234
        ]
      },
      "properties": {
        "name": "臺北市中正運動中心",
        "address": "臺北市中正區信義路一段1號"
      }
    },
    {
      "type": "Feature",
      "geometry": {
        "type": "Point",
        "coordinates": [
          121.523514,
          25.086614
        ]
      },
      "properties": {
        "name": "臺北市立百齡高級中學",
        "address": "臺北市士林區承德路四段177號"
      }
    },
    {
      "type": "Feature",
      "geometry": {
        "type": "Point",
        "coordinates": [
          121.544388,
          25.060561
        ]
      },
      "properties": {
        "name": "臺灣集中保管結算所股份有限公司",
        "address": "臺北市松山區復興北路363號"
      }
    },
    {
      "type": "Feature",
      "geometry": {
        "type": "Point",
        "coordinates": [
          121.544354,
          25.060561
        ]
      },
      "properties": {
        "name": "臺灣集中保管結算所股份有限公司",
        "address": "臺北市松山區復興北路363號"
      }
    },
    {
      "type": "Feature",
      "geometry": {
        "type": "Point",
        "coordinates": [
          121.544388,
          25.060561
        ]
      },
      "properties": {
        "name": "臺灣集中保管結算所股份有限公司",
        "address": "臺北市松山區復興北路363號"
      }
    },
    {
      "type": "Feature",
      "geometry": {
        "type": "Point",
        "coordinates": [
          121.532956,
          25.034032
        ]
      },
      "properties": {
        "name": "誠隆汽車股份有限公司新生展示中心",
        "address": "臺北市大安區新生南路一段175號"
      }
    },
    {
      "type": "Feature",
      "geometry": {
        "type": "Point",
        "coordinates": [
          121.544388,
          25.060561
        ]
      },
      "properties": {
        "name": "臺灣集中保管結算所股份有限公司",
        "address": "臺北市松山區復興北路363號"
      }
    },
    {
      "type": "Feature",
      "geometry": {
        "type": "Point",
        "coordinates": [
          121.57478592219,
          25.073893684897
        ]
      },
      "properties": {
        "name": "香港商世界健身事業有限公司內湖港墘分公司",
        "address": "臺北市內湖區港墘路221巷33號"
      }
    },
    {
      "type": "Feature",
      "geometry": {
        "type": "Point",
        "coordinates": [
          121.54904,
          25.033037
        ]
      },
      "properties": {
        "name": "裕融企業股份有限公司",
        "address": "臺北市大安區敦化南路二段2號"
      }
    },
    {
      "type": "Feature",
      "geometry": {
        "type": "Point",
        "coordinates": [
          121.61296556199,
          25.05715931344
        ]
      },
      "properties": {
        "name": "臺灣集中保管結算所股份有限公司-南港",
        "address": "臺北市南港區三重路19 之6 號"
      }
    },
    {
      "type": "Feature",
      "geometry": {
        "type": "Point",
        "coordinates": [
          121.544388,
          25.060561
        ]
      },
      "properties": {
        "name": "臺灣集中保管結算所股份有限公司",
        "address": "臺北市松山區復興北路363號"
      }
    },
    {
      "type": "Feature",
      "geometry": {
        "type": "Point",
        "coordinates": [
          121.542081,
          25.028796
        ]
      },
      "properties": {
        "name": "臺北市私立開平餐飲職業學校",
        "address": "臺北市大安區復興南路二段148巷24號"
      }
    },
    {
      "type": "Feature",
      "geometry": {
        "type": "Point",
        "coordinates": [
          121.501998,
          25.143721
        ]
      },
      "properties": {
        "name": "臺北市立復興高級中學",
        "address": "臺北市北投區復興四路70號"
      }
    },
    {
      "type": "Feature",
      "geometry": {
        "type": "Point",
        "coordinates": [
          121.518569,
          25.048786
        ]
      },
      "properties": {
        "name": "統一健身俱樂部-京站館",
        "address": "臺北市大同區市民大道1段209號"
      }
    },
    {
      "type": "Feature",
      "geometry": {
        "type": "Point",
        "coordinates": [
          121.501998,
          25.143721
        ]
      },
      "properties": {
        "name": "臺北市立復興高級中學",
        "address": "臺北市北投區復興四路70號"
      }
    },
    {
      "type": "Feature",
      "geometry": {
        "type": "Point",
        "coordinates": [
          121.619539,
          25.040245
        ]
      },
      "properties": {
        "name": "臺北市南港區舊莊國民小學",
        "address": "臺北市南港區舊莊街一段100號"
      }
    },
    {
      "type": "Feature",
      "geometry": {
        "type": "Point",
        "coordinates": [
          121.501998,
          25.143721
        ]
      },
      "properties": {
        "name": "臺北市立復興高級中學",
        "address": "臺北市北投區復興四路70號"
      }
    },
    {
      "type": "Feature",
      "geometry": {
        "type": "Point",
        "coordinates": [
          121.51904345384,
          25.052768841399
        ]
      },
      "properties": {
        "name": "欣葉國際餐飲股份有限公司新中山門市部",
        "address": "臺北市大同區南京西路62號"
      }
    },
    {
      "type": "Feature",
      "geometry": {
        "type": "Point",
        "coordinates": [
          121.55939470339,
          25.081074058557
        ]
      },
      "properties": {
        "name": "義華酒店",
        "address": "臺北市中山區樂群二路197號"
      }
    },
    {
      "type": "Feature",
      "geometry": {
        "type": "Point",
        "coordinates": [
          121.499888,
          25.035002
        ]
      },
      "properties": {
        "name": "臺北市建成地政事務所",
        "address": "臺北市萬華區和平西路3段120號"
      }
    },
    {
      "type": "Feature",
      "geometry": {
        "type": "Point",
        "coordinates": [
          121.550200506,
          25.051610983739
        ]
      },
      "properties": {
        "name": "全真概念健康事業股份有限公司-環亞分公司",
        "address": "臺北市松山區南京東路四段2號"
      }
    },
    {
      "type": "Feature",
      "geometry": {
        "type": "Point",
        "coordinates": [
          121.515032,
          25.054666
        ]
      },
      "properties": {
        "name": "香港商世界健身事業有限公司台北寧夏分公司",
        "address": "臺北市大同區寧夏路11號"
      }
    },
    {
      "type": "Feature",
      "geometry": {
        "type": "Point",
        "coordinates": [
          121.508762,
          25.136932
        ]
      },
      "properties": {
        "name": "梅庭",
        "address": "臺北市北投區中山路6號"
      }
    },
    {
      "type": "Feature",
      "geometry": {
        "type": "Point",
        "coordinates": [
          121.556434,
          25.033834
        ]
      },
      "properties": {
        "name": "臺北市大安地政事務所",
        "address": "臺北市大安區信義路4段335巷6號"
      }
    },
    {
      "type": "Feature",
      "geometry": {
        "type": "Point",
        "coordinates": [
          121.524244,
          25.054178
        ]
      },
      "properties": {
        "name": "晶華國際酒店股份有限公司",
        "address": "臺北市中山區中山北路2段39巷3號"
      }
    },
    {
      "type": "Feature",
      "geometry": {
        "type": "Point",
        "coordinates": [
          121.607064,
          25.053189
        ]
      },
      "properties": {
        "name": "台灣高速鐵路(股)公司-南港車站",
        "address": "臺北市南港區南港路一段313號"
      }
    },
    {
      "type": "Feature",
      "geometry": {
        "type": "Point",
        "coordinates": [
          121.607064,
          25.053189
        ]
      },
      "properties": {
        "name": "台灣高速鐵路(股)公司-南港車站",
        "address": "臺北市南港區南港路一段313號"
      }
    },
    {
      "type": "Feature",
      "geometry": {
        "type": "Point",
        "coordinates": [
          121.607064,
          25.053189
        ]
      },
      "properties": {
        "name": "台灣高速鐵路(股)公司-南港車站",
        "address": "臺北市南港區南港路一段313號"
      }
    },
    {
      "type": "Feature",
      "geometry": {
        "type": "Point",
        "coordinates": [
          121.607064,
          25.053189
        ]
      },
      "properties": {
        "name": "台灣高速鐵路(股)公司-南港車站",
        "address": "臺北市南港區南港路一段313號"
      }
    },
    {
      "type": "Feature",
      "geometry": {
        "type": "Point",
        "coordinates": [
          121.5541065671,
          25.048085084523
        ]
      },
      "properties": {
        "name": "Force Fitness 小巨蛋",
        "address": "臺北市松山區八德路三段120號"
      }
    },
    {
      "type": "Feature",
      "geometry": {
        "type": "Point",
        "coordinates": [
          121.526371,
          25.143153
        ]
      },
      "properties": {
        "name": "陽明山國家公園龍鳳谷遊客服務站",
        "address": "臺北市北投區泉源路200號"
      }
    },
    {
      "type": "Feature",
      "geometry": {
        "type": "Point",
        "coordinates": [
          121.519291,
          25.038234
        ]
      },
      "properties": {
        "name": "臺北市中正運動中心",
        "address": "臺北市中正區信義路一段1號"
      }
    },
    {
      "type": "Feature",
      "geometry": {
        "type": "Point",
        "coordinates": [
          121.570022,
          25.046751
        ]
      },
      "properties": {
        "name": "臺北市信義區興雅國民小學",
        "address": "臺北市信義區基隆路一段83巷9號"
      }
    },
    {
      "type": "Feature",
      "geometry": {
        "type": "Point",
        "coordinates": [
          121.471839,
          25.126936
        ]
      },
      "properties": {
        "name": "好市多股份有限公司北投分公司",
        "address": "臺北市北投區立德路117號"
      }
    },
    {
      "type": "Feature",
      "geometry": {
        "type": "Point",
        "coordinates": [
          121.570767,
          25.036232
        ]
      },
      "properties": {
        "name": "臺北市信義區博愛國民小學",
        "address": "臺北市信義區松仁路95巷20號"
      }
    },
    {
      "type": "Feature",
      "geometry": {
        "type": "Point",
        "coordinates": [
          121.566153,
          25.028846
        ]
      },
      "properties": {
        "name": "臺北市松山地政事務所",
        "address": "臺北市信義區莊敬路391巷11弄2號"
      }
    },
    {
      "type": "Feature",
      "geometry": {
        "type": "Point",
        "coordinates": [
          121.520509,
          25.052254
        ]
      },
      "properties": {
        "name": "誠品生活股份有限公司南西店",
        "address": "臺北市中山區南京西路14號"
      }
    },
    {
      "type": "Feature",
      "geometry": {
        "type": "Point",
        "coordinates": [
          121.520509,
          25.052254
        ]
      },
      "properties": {
        "name": "誠品生活股份有限公司南西店",
        "address": "臺北市中山區南京西路14號"
      }
    },
    {
      "type": "Feature",
      "geometry": {
        "type": "Point",
        "coordinates": [
          121.55235,
          25.035773
        ]
      },
      "properties": {
        "name": "臺北市大安區仁愛國民小學",
        "address": "臺北市大安區安和路1段60號"
      }
    },
    {
      "type": "Feature",
      "geometry": {
        "type": "Point",
        "coordinates": [
          121.535811,
          25.043352
        ]
      },
      "properties": {
        "name": "國立臺北科技大學",
        "address": "臺北市大安區忠孝東路3 段1號"
      }
    },
    {
      "type": "Feature",
      "geometry": {
        "type": "Point",
        "coordinates": [
          121.506346,
          25.02963
        ]
      },
      "properties": {
        "name": "臺北市中正區忠義國民小學",
        "address": "臺北市中正區中華路二段307巷17號"
      }
    },
    {
      "type": "Feature",
      "geometry": {
        "type": "Point",
        "coordinates": [
          121.539439,
          25.168282
        ]
      },
      "properties": {
        "name": "陽明山國家公園竹子湖蓬萊米原種田故事館",
        "address": "臺北市北投區竹子湖路15-1號"
      }
    },
    {
      "type": "Feature",
      "geometry": {
        "type": "Point",
        "coordinates": [
          121.54769,
          25.155667
        ]
      },
      "properties": {
        "name": "內政部國家公園署陽明山國家公園管理處行政中心",
        "address": "臺北市北投區竹子湖路1-20號"
      }
    },
    {
      "type": "Feature",
      "geometry": {
        "type": "Point",
        "coordinates": [
          121.563886,
          25.106069
        ]
      },
      "properties": {
        "name": "臺北市士林區雙溪國民小學",
        "address": "臺北市士林區中社路2段66號"
      }
    },
    {
      "type": "Feature",
      "geometry": {
        "type": "Point",
        "coordinates": [
          121.586503,
          25.038899
        ]
      },
      "properties": {
        "name": "臺北市信義區福德國民小學",
        "address": "臺北市信義區福德街253號"
      }
    },
    {
      "type": "Feature",
      "geometry": {
        "type": "Point",
        "coordinates": [
          121.561637,
          25.078001
        ]
      },
      "properties": {
        "name": "臺北市中山區濱江國民小學",
        "address": "臺北市中山區樂群二路266巷99號"
      }
    },
    {
      "type": "Feature",
      "geometry": {
        "type": "Point",
        "coordinates": [
          121.518053,
          25.117796
        ]
      },
      "properties": {
        "name": "國立臺北護理健康大學水療中心(展昭國際企業(股)公司)",
        "address": "臺北市北投區明德路365號"
      }
    },
    {
      "type": "Feature",
      "geometry": {
        "type": "Point",
        "coordinates": [
          121.512237,
          25.026566
        ]
      },
      "properties": {
        "name": "臺北市中正區永功里民活動場所",
        "address": "臺北市中正區汀州路1段324號"
      }
    },
    {
      "type": "Feature",
      "geometry": {
        "type": "Point",
        "coordinates": [
          121.542372,
          25.028543
        ]
      },
      "properties": {
        "name": "臺北市私立開平餐飲職業學校(主廚之家)",
        "address": "臺北市大安區復興南路2段148巷15號"
      }
    },
    {
      "type": "Feature",
      "geometry": {
        "type": "Point",
        "coordinates": [
          121.521134,
          25.029217
        ]
      },
      "properties": {
        "name": "社團法人愛福家協會附設私立愛活樂園社區長照機構",
        "address": "臺北市中正區羅斯福路2段5號"
      }
    },
    {
      "type": "Feature",
      "geometry": {
        "type": "Point",
        "coordinates": [
          121.567733,
          25.039668
        ]
      },
      "properties": {
        "name": "BELLAVITA 寶麗廣場",
        "address": "臺北市信義區松仁路28號"
      }
    },
    {
      "type": "Feature",
      "geometry": {
        "type": "Point",
        "coordinates": [
          121.505801,
          25.046776
        ]
      },
      "properties": {
        "name": "城市商旅股份有限公司昆明分公司",
        "address": "臺北市萬華區昆明街46號"
      }
    },
    {
      "type": "Feature",
      "geometry": {
        "type": "Point",
        "coordinates": [
          121.553019,
          24.988156
        ]
      },
      "properties": {
        "name": "誠隆汽車股份有限公司木柵服務廠",
        "address": "臺北市文山區木柵路一段257巷1號"
      }
    },
    {
      "type": "Feature",
      "geometry": {
        "type": "Point",
        "coordinates": [
          121.555587,
          25.021244
        ]
      },
      "properties": {
        "name": "誠隆汽車股份有限公司大安服務廠",
        "address": "臺北市大安區和平東路三段268號"
      }
    },
    {
      "type": "Feature",
      "geometry": {
        "type": "Point",
        "coordinates": [
          121.610384,
          25.057163
        ]
      },
      "properties": {
        "name": "南港國小運動中心(緯創運動行銷公司)",
        "address": "臺北市南港區惠民街67號"
      }
    },
    {
      "type": "Feature",
      "geometry": {
        "type": "Point",
        "coordinates": [
          121.547413,
          25.0337
        ]
      },
      "properties": {
        "name": "臺北市大安老人服務暨日間照顧中心",
        "address": "臺北市大安區四維路76巷12號"
      }
    },
    {
      "type": "Feature",
      "geometry": {
        "type": "Point",
        "coordinates": [
          121.56724488613,
          24.988532103544
        ]
      },
      "properties": {
        "name": "香港商世界健身事業有限公司台北木柵分公司",
        "address": "臺北市文山區木柵路三段96號"
      }
    },
    {
      "type": "Feature",
      "geometry": {
        "type": "Point",
        "coordinates": [
          121.497335,
          25.031299
        ]
      },
      "properties": {
        "name": "誠隆汽車股份有限公司萬華服務廠",
        "address": "臺北市萬華區莒光路328號"
      }
    },
    {
      "type": "Feature",
      "geometry": {
        "type": "Point",
        "coordinates": [
          121.488071,
          25.102855
        ]
      },
      "properties": {
        "name": "臺北市立福安國民中學",
        "address": "臺北市士林區延平北路七段250號"
      }
    },
    {
      "type": "Feature",
      "geometry": {
        "type": "Point",
        "coordinates": [
          121.521296,
          25.09941
        ]
      },
      "properties": {
        "name": "臺北市士林區文昌國民小學",
        "address": "臺北市士林區文林路615巷20號"
      }
    },
    {
      "type": "Feature",
      "geometry": {
        "type": "Point",
        "coordinates": [
          121.515186,
          25.043671
        ]
      },
      "properties": {
        "name": "勞動部",
        "address": "臺北市中山區松江路207號"
      }
    },
    {
      "type": "Feature",
      "geometry": {
        "type": "Point",
        "coordinates": [
          121.54920399312,
          25.041792715861
        ]
      },
      "properties": {
        "name": "佳齡診所",
        "address": "臺北市大安區台北市大安區敦化南路一段205號"
      }
    },
    {
      "type": "Feature",
      "geometry": {
        "type": "Point",
        "coordinates": [
          121.55420627226,
          25.02622027345
        ]
      },
      "properties": {
        "name": "麗舍整形外科診所",
        "address": "臺北市大安區基隆路二段172-1號"
      }
    },
    {
      "type": "Feature",
      "geometry": {
        "type": "Point",
        "coordinates": [
          121.468879,
          25.133617
        ]
      },
      "properties": {
        "name": "城市學校財團法人臺北城市科技大學",
        "address": "臺北市北投區學園路2號"
      }
    },
    {
      "type": "Feature",
      "geometry": {
        "type": "Point",
        "coordinates": [
          121.537604,
          25.135636
        ]
      },
      "properties": {
        "name": "中國文化大學 大恩館",
        "address": "臺北市士林區華岡路55號"
      }
    },
    {
      "type": "Feature",
      "geometry": {
        "type": "Point",
        "coordinates": [
          121.530027,
          25.090522
        ]
      },
      "properties": {
        "name": "士林203號公園",
        "address": "臺北市士林區中山北路五段378巷26號"
      }
    },
    {
      "type": "Feature",
      "geometry": {
        "type": "Point",
        "coordinates": [
          121.529609,
          25.068582
        ]
      },
      "properties": {
        "name": "新生公園(閱覽室)",
        "address": "臺北市中山區新生北路3段105號"
      }
    },
    {
      "type": "Feature",
      "geometry": {
        "type": "Point",
        "coordinates": [
          121.5532561292,
          25.041159323321
        ]
      },
      "properties": {
        "name": "B.P.Y220",
        "address": "臺北市大安區忠孝東路四段220號"
      }
    },
    {
      "type": "Feature",
      "geometry": {
        "type": "Point",
        "coordinates": [
          121.539871,
          25.135499
        ]
      },
      "properties": {
        "name": "中國文化大學 大恩館",
        "address": "臺北市士林區華岡路55號"
      }
    },
    {
      "type": "Feature",
      "geometry": {
        "type": "Point",
        "coordinates": [
          121.54381,
          25.134983
        ]
      },
      "properties": {
        "name": "臺北市政府工務局公園路燈工程管理處花卉試驗中心",
        "address": "臺北市士林區仰德大道四段175巷32號"
      }
    },
    {
      "type": "Feature",
      "geometry": {
        "type": "Point",
        "coordinates": [
          121.5302412845,
          25.094622305632
        ]
      },
      "properties": {
        "name": "士林官邸公園",
        "address": "臺北市士林區福林路60-1號"
      }
    },
    {
      "type": "Feature",
      "geometry": {
        "type": "Point",
        "coordinates": [
          121.51038481279,
          25.051470593023
        ]
      },
      "properties": {
        "name": "衛生福利部國民健康署台北辦公室",
        "address": "臺北市大同區塔城街36號"
      }
    },
    {
      "type": "Feature",
      "geometry": {
        "type": "Point",
        "coordinates": [
          121.58184,
          25.048938
        ]
      },
      "properties": {
        "name": "臺北市南港運動中心",
        "address": "臺北市南港區玉成街69號"
      }
    },
    {
      "type": "Feature",
      "geometry": {
        "type": "Point",
        "coordinates": [
          121.604518,
          25.052558
        ]
      },
      "properties": {
        "name": "潤泰旭展股份有限公司(CITYLINK南港店)",
        "address": "臺北市南港區忠孝東路七段369號"
      }
    },
    {
      "type": "Feature",
      "geometry": {
        "type": "Point",
        "coordinates": [
          121.532776,
          25.053026
        ]
      },
      "properties": {
        "name": "萬海航運股份有限公司(松江辦公室)",
        "address": "臺北市中山區松江路136號"
      }
    },
    {
      "type": "Feature",
      "geometry": {
        "type": "Point",
        "coordinates": [
          121.58436289866,
          25.06368545745
        ]
      },
      "properties": {
        "name": "萬海航運股份有限公司(內湖辦公室)",
        "address": "臺北市內湖區新湖一路361號"
      }
    },
    {
      "type": "Feature",
      "geometry": {
        "type": "Point",
        "coordinates": [
          121.500265,
          25.031333
        ]
      },
      "properties": {
        "name": "萬華靜思堂",
        "address": "臺北市萬華區莒光路222號"
      }
    },
    {
      "type": "Feature",
      "geometry": {
        "type": "Point",
        "coordinates": [
          121.508049,
          25.04687
        ]
      },
      "properties": {
        "name": "臺北市萬華區福星國民小學",
        "address": "臺北市萬華區中華路一段66號"
      }
    },
    {
      "type": "Feature",
      "geometry": {
        "type": "Point",
        "coordinates": [
          121.580239,
          25.079126
        ]
      },
      "properties": {
        "name": "臺北市內湖區內湖國民小學",
        "address": "臺北市內湖區內湖路2段41號"
      }
    },
    {
      "type": "Feature",
      "geometry": {
        "type": "Point",
        "coordinates": [
          121.502725,
          25.038046
        ]
      },
      "properties": {
        "name": "臺北市萬華區老松國民小學",
        "address": "臺北市萬華區桂林路64號"
      }
    },
    {
      "type": "Feature",
      "geometry": {
        "type": "Point",
        "coordinates": [
          121.560518,
          25.051912
        ]
      },
      "properties": {
        "name": "森蒲有限公司（Energym)",
        "address": "臺北市松山區南京東路五段123巷1弄4號"
      }
    },
    {
      "type": "Feature",
      "geometry": {
        "type": "Point",
        "coordinates": [
          121.504618,
          25.036077
        ]
      },
      "properties": {
        "name": "臺北市立龍山國民中學",
        "address": "臺北市萬華區南寧路46號"
      }
    },
    {
      "type": "Feature",
      "geometry": {
        "type": "Point",
        "coordinates": [
          121.514353,
          25.025138
        ]
      },
      "properties": {
        "name": "臺北市中正區螢橋國民小學",
        "address": "臺北市中正區詔安街29號"
      }
    },
    {
      "type": "Feature",
      "geometry": {
        "type": "Point",
        "coordinates": [
          121.522007,
          25.032339
        ]
      },
      "properties": {
        "name": "臺北市立中正國民中學",
        "address": "臺北市中正區愛國東路158號"
      }
    },
    {
      "type": "Feature",
      "geometry": {
        "type": "Point",
        "coordinates": [
          121.503337,
          25.025983
        ]
      },
      "properties": {
        "name": "臺北市萬華區新和國民小學",
        "address": "臺北市萬華區西藏路125巷31號"
      }
    },
    {
      "type": "Feature",
      "geometry": {
        "type": "Point",
        "coordinates": [
          121.52740172026,
          25.051834450566
        ]
      },
      "properties": {
        "name": "50+健身薈",
        "address": "臺北市中山區南京東路一段138號"
      }
    },
    {
      "type": "Feature",
      "geometry": {
        "type": "Point",
        "coordinates": [
          121.578569,
          25.032819
        ]
      },
      "properties": {
        "name": "臺北市立永春高級中學",
        "address": "臺北市信義區松山路654號"
      }
    },
    {
      "type": "Feature",
      "geometry": {
        "type": "Point",
        "coordinates": [
          121.56412245768,
          25.033556945807
        ]
      },
      "properties": {
        "name": "京庚健康世界股份有限公司101分公司",
        "address": "臺北市信義區市府路45號"
      }
    },
    {
      "type": "Feature",
      "geometry": {
        "type": "Point",
        "coordinates": [
          121.512947,
          25.04614
        ]
      },
      "properties": {
        "name": "摩莎曼拉精品旅館-台北車站館",
        "address": "臺北市中正區開封街一段33號"
      }
    },
    {
      "type": "Feature",
      "geometry": {
        "type": "Point",
        "coordinates": [
          121.505792,
          25.045673
        ]
      },
      "properties": {
        "name": "高絲旅股份有限公司漢口館",
        "address": "臺北市萬華區漢口街二段54號"
      }
    },
    {
      "type": "Feature",
      "geometry": {
        "type": "Point",
        "coordinates": [
          121.56104,
          25.004577
        ]
      },
      "properties": {
        "name": "臺北市政府公務人員訓練處",
        "address": "臺北市文山區萬美街2段21巷20號"
      }
    },
    {
      "type": "Feature",
      "geometry": {
        "type": "Point",
        "coordinates": [
          121.576779,
          24.988769
        ]
      },
      "properties": {
        "name": "臺北市文山老人服務暨日間照顧中心",
        "address": "臺北市文山區興隆路2段88號"
      }
    },
    {
      "type": "Feature",
      "geometry": {
        "type": "Point",
        "coordinates": [
          121.527798,
          25.025005
        ]
      },
      "properties": {
        "name": "國立臺灣師範大學校本部(和平東路1段162號) ",
        "address": "臺北市大安區和平東路1段162號"
      }
    },
    {
      "type": "Feature",
      "geometry": {
        "type": "Point",
        "coordinates": [
          121.555713,
          25.0363
        ]
      },
      "properties": {
        "name": "好時光女生運動樂園(古亭樂園)",
        "address": "臺北市中正區南昌路二段53號"
      }
    },
    {
      "type": "Feature",
      "geometry": {
        "type": "Point",
        "coordinates": [
          121.521025,
          25.111304
        ]
      },
      "properties": {
        "name": "奎山學校財團法人臺北市奎山實驗高級中等學校",
        "address": "臺北市北投區明德路200號"
      }
    },
    {
      "type": "Feature",
      "geometry": {
        "type": "Point",
        "coordinates": [
          121.502713,
          25.121445
        ]
      },
      "properties": {
        "name": "財團法人台北市私立陽明養護中心",
        "address": "臺北市北投區公館路209巷18號"
      }
    },
    {
      "type": "Feature",
      "geometry": {
        "type": "Point",
        "coordinates": [
          121.522887,
          25.079924
        ]
      },
      "properties": {
        "name": "臺北市士林區劍潭國民小學",
        "address": "臺北市士林區通河街16號"
      }
    },
    {
      "type": "Feature",
      "geometry": {
        "type": "Point",
        "coordinates": [
          121.535265,
          25.102662
        ]
      },
      "properties": {
        "name": "臺北市士林區雨聲國民小學",
        "address": "臺北市士林區至誠路一段62巷70號"
      }
    },
    {
      "type": "Feature",
      "geometry": {
        "type": "Point",
        "coordinates": [
          121.526717,
          25.062062
        ]
      },
      "properties": {
        "name": "臺北市立新興國民中學",
        "address": "臺北市中山區林森北路511號"
      }
    },
    {
      "type": "Feature",
      "geometry": {
        "type": "Point",
        "coordinates": [
          121.538757,
          24.99413
        ]
      },
      "properties": {
        "name": "臺北市文山區溪口國民小學",
        "address": "臺北市文山區景福街225號"
      }
    },
    {
      "type": "Feature",
      "geometry": {
        "type": "Point",
        "coordinates": [
          121.540493,
          25.003889
        ]
      },
      "properties": {
        "name": "臺北市文山區武功國民小學",
        "address": "臺北市文山區興隆路一段68號"
      }
    },
    {
      "type": "Feature",
      "geometry": {
        "type": "Point",
        "coordinates": [
          121.575126,
          25.00174
        ]
      },
      "properties": {
        "name": "臺北市博嘉實驗國民小學",
        "address": "臺北市文山區木柵路4段159巷14-1號"
      }
    },
    {
      "type": "Feature",
      "geometry": {
        "type": "Point",
        "coordinates": [
          121.531533,
          25.042927
        ]
      },
      "properties": {
        "name": "臺北市中正區忠孝國民小學",
        "address": "臺北市中正區忠孝東路二段101號"
      }
    },
    {
      "type": "Feature",
      "geometry": {
        "type": "Point",
        "coordinates": [
          121.511085,
          25.061297
        ]
      },
      "properties": {
        "name": "臺北市大同區永樂國民小學",
        "address": "臺北市大同區延平北路二段266號"
      }
    },
    {
      "type": "Feature",
      "geometry": {
        "type": "Point",
        "coordinates": [
          121.51571,
          25.056387
        ]
      },
      "properties": {
        "name": "臺北市大同區蓬萊國民小學",
        "address": "臺北市大同區寧夏路35號"
      }
    },
    {
      "type": "Feature",
      "geometry": {
        "type": "Point",
        "coordinates": [
          121.56075,
          25.07955
        ]
      },
      "properties": {
        "name": "臺北市濱江實驗國民中學",
        "address": "臺北市中山區樂群二路262號"
      }
    },
    {
      "type": "Feature",
      "geometry": {
        "type": "Point",
        "coordinates": [
          121.524608,
          25.095049
        ]
      },
      "properties": {
        "name": "臺北市士林區士林國民小學",
        "address": "臺北市士林區大東路165號"
      }
    },
    {
      "type": "Feature",
      "geometry": {
        "type": "Point",
        "coordinates": [
          121.507931,
          25.046784
        ]
      },
      "properties": {
        "name": "臺北市萬華區福星國民小學",
        "address": "臺北市萬華區中華路一段66號"
      }
    },
    {
      "type": "Feature",
      "geometry": {
        "type": "Point",
        "coordinates": [
          121.507931,
          25.046784
        ]
      },
      "properties": {
        "name": "臺北市萬華區福星國民小學",
        "address": "臺北市萬華區中華路一段66號"
      }
    },
    {
      "type": "Feature",
      "geometry": {
        "type": "Point",
        "coordinates": [
          121.507931,
          25.046784
        ]
      },
      "properties": {
        "name": "臺北市萬華區福星國民小學",
        "address": "臺北市萬華區中華路一段66號"
      }
    },
    {
      "type": "Feature",
      "geometry": {
        "type": "Point",
        "coordinates": [
          121.557636,
          25.06304
        ]
      },
      "properties": {
        "name": "台灣虎航股份有限公司",
        "address": "臺北市松山區敦化北路405巷123弄3號"
      }
    },
    {
      "type": "Feature",
      "geometry": {
        "type": "Point",
        "coordinates": [
          121.578194,
          25.077287
        ]
      },
      "properties": {
        "name": "麥克王運動訓練有公司",
        "address": "臺北市內湖區江南街65巷6號"
      }
    },
    {
      "type": "Feature",
      "geometry": {
        "type": "Point",
        "coordinates": [
          121.520679,
          25.117539
        ]
      },
      "properties": {
        "name": "國立臺北護理健康大學",
        "address": "臺北市北投區明德路365號"
      }
    },
    {
      "type": "Feature",
      "geometry": {
        "type": "Point",
        "coordinates": [
          121.507474,
          25.032802
        ]
      },
      "properties": {
        "name": "臺北市南海發展中心",
        "address": "臺北市中正區延平南路207號"
      }
    },
    {
      "type": "Feature",
      "geometry": {
        "type": "Point",
        "coordinates": [
          121.541786,
          25.031843
        ]
      },
      "properties": {
        "name": "臺北市立大安高級工業職業學校",
        "address": "臺北市大安區復興南路2段52號"
      }
    },
    {
      "type": "Feature",
      "geometry": {
        "type": "Point",
        "coordinates": [
          121.578562,
          25.032801
        ]
      },
      "properties": {
        "name": "臺北市立永春高級中學",
        "address": "臺北市信義區松山路654號"
      }
    },
    {
      "type": "Feature",
      "geometry": {
        "type": "Point",
        "coordinates": [
          121.519891,
          25.042079
        ]
      },
      "properties": {
        "name": "臺北市中正區南門國民小學",
        "address": "臺北市中正區廣州街6號"
      }
    },
    {
      "type": "Feature",
      "geometry": {
        "type": "Point",
        "coordinates": [
          121.5256428318,
          25.030552854469
        ]
      },
      "properties": {
        "name": "榕錦時光生活園區-遊客服務中心",
        "address": "臺北市大安區金華街167號"
      }
    },
    {
      "type": "Feature",
      "geometry": {
        "type": "Point",
        "coordinates": [
          121.529399,
          25.04413
        ]
      },
      "properties": {
        "name": "華山1914文化創意產業園區",
        "address": "臺北市中正區八德路一段一號"
      }
    },
    {
      "type": "Feature",
      "geometry": {
        "type": "Point",
        "coordinates": [
          121.544225,
          24.996187
        ]
      },
      "properties": {
        "name": "臺北市立景興國民中學",
        "address": "臺北市文山區景興路46巷2號"
      }
    },
    {
      "type": "Feature",
      "geometry": {
        "type": "Point",
        "coordinates": [
          121.590903,
          25.068942
        ]
      },
      "properties": {
        "name": "臺灣士林地方法院民事庭",
        "address": "臺北市內湖區民權東路六段91號"
      }
    },
    {
      "type": "Feature",
      "geometry": {
        "type": "Point",
        "coordinates": [
          121.551888,
          25.002436
        ]
      },
      "properties": {
        "name": "臺北市文山區興隆國民小學",
        "address": "臺北市文山區福興路2號"
      }
    },
    {
      "type": "Feature",
      "geometry": {
        "type": "Point",
        "coordinates": [
          121.510282,
          25.035013
        ]
      },
      "properties": {
        "name": "永豐餘消費品實業股份有限公司(臺北市)",
        "address": "臺北市中正區重慶南路二段51號"
      }
    },
    {
      "type": "Feature",
      "geometry": {
        "type": "Point",
        "coordinates": [
          121.566847,
          25.033327
        ]
      },
      "properties": {
        "name": "信義就業服務站",
        "address": "臺北市信義區福德街86號"
      }
    },
    {
      "type": "Feature",
      "geometry": {
        "type": "Point",
        "coordinates": [
          121.579677,
          25.06307
        ]
      },
      "properties": {
        "name": "騰富科技大樓",
        "address": "臺北市內湖區新湖二路168號"
      }
    },
    {
      "type": "Feature",
      "geometry": {
        "type": "Point",
        "coordinates": [
          121.529211,
          25.044499
        ]
      },
      "properties": {
        "name": "華山1914文化創意產業園區",
        "address": "臺北市中正區八德路一段一號"
      }
    },
    {
      "type": "Feature",
      "geometry": {
        "type": "Point",
        "coordinates": [
          121.50461,
          25.134939
        ]
      },
      "properties": {
        "name": "臺北市立北投國民中學",
        "address": "臺北市北投區溫泉路62號"
      }
    },
    {
      "type": "Feature",
      "geometry": {
        "type": "Point",
        "coordinates": [
          121.497388,
          25.037357
        ]
      },
      "properties": {
        "name": "臺北市萬華龍山老人服務中心",
        "address": "臺北市萬華區梧州街36號"
      }
    },
    {
      "type": "Feature",
      "geometry": {
        "type": "Point",
        "coordinates": [
          121.617235,
          25.042389
        ]
      },
      "properties": {
        "name": "臺北市南港區胡適國民小學",
        "address": "臺北市南港區舊莊街1段一號"
      }
    },
    {
      "type": "Feature",
      "geometry": {
        "type": "Point",
        "coordinates": [
          121.54074,
          24.992148
        ]
      },
      "properties": {
        "name": "景美就業服務站",
        "address": "臺北市文山區羅斯福路6段393號"
      }
    },
    {
      "type": "Feature",
      "geometry": {
        "type": "Point",
        "coordinates": [
          121.503279,
          25.036655
        ]
      },
      "properties": {
        "name": "臺北市鄉土教育中心",
        "address": "臺北市萬華區廣州街101號"
      }
    },
    {
      "type": "Feature",
      "geometry": {
        "type": "Point",
        "coordinates": [
          121.579005,
          25.049366
        ]
      },
      "properties": {
        "name": "全球人壽保險股份有限公司",
        "address": "臺北市信義區市民大道六段288號"
      }
    },
    {
      "type": "Feature",
      "geometry": {
        "type": "Point",
        "coordinates": [
          121.530163,
          25.049769
        ]
      },
      "properties": {
        "name": "臺北市中山區長安國民小學",
        "address": "臺北市中山區吉林路15號"
      }
    },
    {
      "type": "Feature",
      "geometry": {
        "type": "Point",
        "coordinates": [
          121.541784,
          25.04524
        ]
      },
      "properties": {
        "name": "臺北市中山區懷生國民小學",
        "address": "臺北市中山區安東街16巷2號"
      }
    },
    {
      "type": "Feature",
      "geometry": {
        "type": "Point",
        "coordinates": [
          121.533901,
          25.054936
        ]
      },
      "properties": {
        "name": "臺北市中山區長春國民小學",
        "address": "臺北市中山區長春路165號"
      }
    },
    {
      "type": "Feature",
      "geometry": {
        "type": "Point",
        "coordinates": [
          121.596285,
          25.054423
        ]
      },
      "properties": {
        "name": "臺北市南港區東新國民小學",
        "address": "臺北市南港區興南街62號"
      }
    },
    {
      "type": "Feature",
      "geometry": {
        "type": "Point",
        "coordinates": [
          121.564286,
          25.063178
        ]
      },
      "properties": {
        "name": "臺北市松山區三民國民小學",
        "address": "臺北市松山區民權東路5段1號"
      }
    },
    {
      "type": "Feature",
      "geometry": {
        "type": "Point",
        "coordinates": [
          121.610761,
          25.071323
        ]
      },
      "properties": {
        "name": "臺北市內湖區明湖國民小學",
        "address": "臺北市內湖區康寧路三段105號"
      }
    },
    {
      "type": "Feature",
      "geometry": {
        "type": "Point",
        "coordinates": [
          121.551337,
          25.05935
        ]
      },
      "properties": {
        "name": "臺北市松山區民族國民小學",
        "address": "臺北市松山區民生東路4段97巷7號"
      }
    },
    {
      "type": "Feature",
      "geometry": {
        "type": "Point",
        "coordinates": [
          121.557962,
          25.040623
        ]
      },
      "properties": {
        "name": "臺北市信義區光復國民小學",
        "address": "臺北市信義區光復南路271號"
      }
    },
    {
      "type": "Feature",
      "geometry": {
        "type": "Point",
        "coordinates": [
          121.572465,
          25.083679
        ]
      },
      "properties": {
        "name": "臺北市內湖區麗山國民小學",
        "address": "臺北市內湖區港華街100號"
      }
    },
    {
      "type": "Feature",
      "geometry": {
        "type": "Point",
        "coordinates": [
          121.545851,
          25.080638
        ]
      },
      "properties": {
        "name": "臺北市中山區大直國民小學",
        "address": "臺北市中山區大直街2號"
      }
    },
    {
      "type": "Feature",
      "geometry": {
        "type": "Point",
        "coordinates": [
          121.557165,
          25.083307
        ]
      },
      "properties": {
        "name": "美麗華城市發展股份有限公司(美麗華百樂園)",
        "address": "臺北市中山區敬業三路20號"
      }
    },
    {
      "type": "Feature",
      "geometry": {
        "type": "Point",
        "coordinates": [
          121.54617,
          25.029397
        ]
      },
      "properties": {
        "name": "臺北市大安區建安國民小學",
        "address": "臺北市大安區大安路二段99號"
      }
    },
    {
      "type": "Feature",
      "geometry": {
        "type": "Point",
        "coordinates": [
          121.563862,
          25.054159
        ]
      },
      "properties": {
        "name": "臺北市信義區興雅國民小學",
        "address": "臺北市信義區基隆路一段83巷9號"
      }
    },
    {
      "type": "Feature",
      "geometry": {
        "type": "Point",
        "coordinates": [
          121.557165,
          25.083307
        ]
      },
      "properties": {
        "name": "美麗華城市發展股份有限公司(美麗華百樂園)",
        "address": "臺北市中山區敬業三路20號"
      }
    },
    {
      "type": "Feature",
      "geometry": {
        "type": "Point",
        "coordinates": [
          121.581583,
          25.059121
        ]
      },
      "properties": {
        "name": "臺北市內湖區潭美國民小學",
        "address": "臺北市內湖區行善路179號"
      }
    },
    {
      "type": "Feature",
      "geometry": {
        "type": "Point",
        "coordinates": [
          121.557165,
          25.083307
        ]
      },
      "properties": {
        "name": "美麗華城市發展股份有限公司(美麗華百樂園)",
        "address": "臺北市中山區敬業三路20號"
      }
    },
    {
      "type": "Feature",
      "geometry": {
        "type": "Point",
        "coordinates": [
          121.568716,
          25.025743
        ]
      },
      "properties": {
        "name": "臺北市信義區吳興國民小學",
        "address": "臺北市信義區松仁路226號"
      }
    },
    {
      "type": "Feature",
      "geometry": {
        "type": "Point",
        "coordinates": [
          121.557165,
          25.083307
        ]
      },
      "properties": {
        "name": "美麗華城市發展股份有限公司(美麗華百樂園)",
        "address": "臺北市中山區敬業三路20號"
      }
    },
    {
      "type": "Feature",
      "geometry": {
        "type": "Point",
        "coordinates": [
          121.540072,
          25.05049
        ]
      },
      "properties": {
        "name": "臺北市中山區中正國民小學",
        "address": "臺北市中山區龍江路62號"
      }
    },
    {
      "type": "Feature",
      "geometry": {
        "type": "Point",
        "coordinates": [
          121.589636,
          25.045532
        ]
      },
      "properties": {
        "name": "臺北市南港區修德國民小學",
        "address": "臺北市南港區東新街118巷86號"
      }
    },
    {
      "type": "Feature",
      "geometry": {
        "type": "Point",
        "coordinates": [
          121.540946,
          25.025043
        ]
      },
      "properties": {
        "name": "國立臺北教育大學附設實驗國民小學",
        "address": "臺北市大安區和平東路二段94號"
      }
    },
    {
      "type": "Feature",
      "geometry": {
        "type": "Point",
        "coordinates": [
          121.562292,
          25.062525
        ]
      },
      "properties": {
        "name": "臺北市松山區民權國民小學",
        "address": "臺北市松山區民權東路4段200號"
      }
    },
    {
      "type": "Feature",
      "geometry": {
        "type": "Point",
        "coordinates": [
          121.52957609561,
          25.115589718018
        ]
      },
      "properties": {
        "name": "台北美國學校",
        "address": "臺北市士林區11152 中山北路六段 800號"
      }
    },
    {
      "type": "Feature",
      "geometry": {
        "type": "Point",
        "coordinates": [
          121.577402,
          24.986118
        ]
      },
      "properties": {
        "name": "國立政治大學",
        "address": "臺北市文山區指南路2段64號"
      }
    },
    {
      "type": "Feature",
      "geometry": {
        "type": "Point",
        "coordinates": [
          121.507491,
          25.035916
        ]
      },
      "properties": {
        "name": "內政部警政署警察廣播電臺",
        "address": "臺北市中正區廣州街17號"
      }
    },
    {
      "type": "Feature",
      "geometry": {
        "type": "Point",
        "coordinates": [
          121.586873,
          25.04709
        ]
      },
      "properties": {
        "name": "臺北市南港區成德國民小學",
        "address": "臺北市南港區東新街65號"
      }
    },
    {
      "type": "Feature",
      "geometry": {
        "type": "Point",
        "coordinates": [
          121.558267,
          25.029467
        ]
      },
      "properties": {
        "name": "臺北市信義區三興國民小學",
        "address": "臺北市信義區基隆路二段99號"
      }
    },
    {
      "type": "Feature",
      "geometry": {
        "type": "Point",
        "coordinates": [
          121.557165,
          25.083307
        ]
      },
      "properties": {
        "name": "美麗華城市發展股份有限公司(美麗華百樂園)",
        "address": "臺北市中山區敬業三路20號"
      }
    },
    {
      "type": "Feature",
      "geometry": {
        "type": "Point",
        "coordinates": [
          121.563556,
          25.040191
        ]
      },
      "properties": {
        "name": "達新壯股份有限公司(Hypercore超核心健身中心台北忠孝市府館)",
        "address": "臺北市信義區基隆路一段200號"
      }
    },
    {
      "type": "Feature",
      "geometry": {
        "type": "Point",
        "coordinates": [
          121.498579,
          25.12839
        ]
      },
      "properties": {
        "name": "台北北投雅樂軒酒店",
        "address": "臺北市北投區大業路300巷1號"
      }
    },
    {
      "type": "Feature",
      "geometry": {
        "type": "Point",
        "coordinates": [
          121.498579,
          25.12839
        ]
      },
      "properties": {
        "name": "台北北投雅樂軒酒店",
        "address": "臺北市北投區大業路300巷1號"
      }
    },
    {
      "type": "Feature",
      "geometry": {
        "type": "Point",
        "coordinates": [
          121.498579,
          25.12839
        ]
      },
      "properties": {
        "name": "台北北投雅樂軒酒店",
        "address": "臺北市北投區大業路300巷1號"
      }
    },
    {
      "type": "Feature",
      "geometry": {
        "type": "Point",
        "coordinates": [
          121.570149,
          24.99027
        ]
      },
      "properties": {
        "name": "臺北市文山區木柵國民小學",
        "address": "臺北市文山區木柵路3段191號"
      }
    },
    {
      "type": "Feature",
      "geometry": {
        "type": "Point",
        "coordinates": [
          121.558903,
          24.99975
        ]
      },
      "properties": {
        "name": "臺北市文山區興華國民小學",
        "address": "臺北市文山區興隆路3段125巷6號"
      }
    },
    {
      "type": "Feature",
      "geometry": {
        "type": "Point",
        "coordinates": [
          121.563862,
          25.054159
        ]
      },
      "properties": {
        "name": "臺北市松山區西松國民小學",
        "address": "臺北市松山區三民路5號"
      }
    },
    {
      "type": "Feature",
      "geometry": {
        "type": "Point",
        "coordinates": [
          121.586873,
          25.04709
        ]
      },
      "properties": {
        "name": "臺北市南港區成德國民小學",
        "address": "臺北市南港區東新街65號"
      }
    },
    {
      "type": "Feature",
      "geometry": {
        "type": "Point",
        "coordinates": [
          121.589636,
          25.045532
        ]
      },
      "properties": {
        "name": "臺北市南港區修德國民小學",
        "address": "臺北市南港區東新街118巷86號"
      }
    },
    {
      "type": "Feature",
      "geometry": {
        "type": "Point",
        "coordinates": [
          121.58468776715,
          25.037436769997
        ]
      },
      "properties": {
        "name": "松山奉天宮",
        "address": "臺北市信義區福德街221巷12號"
      }
    },
    {
      "type": "Feature",
      "geometry": {
        "type": "Point",
        "coordinates": [
          121.502116,
          25.039973
        ]
      },
      "properties": {
        "name": "第一商業銀行萬華分行",
        "address": "臺北市萬華區康定路87號"
      }
    },
    {
      "type": "Feature",
      "geometry": {
        "type": "Point",
        "coordinates": [
          121.548336,
          25.055726
        ]
      },
      "properties": {
        "name": "台北文華東方酒店",
        "address": "臺北市松山區敦化北路158號"
      }
    },
    {
      "type": "Feature",
      "geometry": {
        "type": "Point",
        "coordinates": [
          121.51477071723,
          25.048660280404
        ]
      },
      "properties": {
        "name": "桃園大眾捷運股份有限公司(桃園捷運A1台北車站)",
        "address": "臺北市中正區鄭州路8號"
      }
    },
    {
      "type": "Feature",
      "geometry": {
        "type": "Point",
        "coordinates": [
          121.512276,
          25.049258
        ]
      },
      "properties": {
        "name": "桃園大眾捷運股份有限公司(桃園捷運A1台北車站)",
        "address": "臺北市中正區鄭州路8號"
      }
    },
    {
      "type": "Feature",
      "geometry": {
        "type": "Point",
        "coordinates": [
          121.512276,
          25.049258
        ]
      },
      "properties": {
        "name": "桃園大眾捷運股份有限公司(桃園捷運A1台北車站)",
        "address": "臺北市中正區鄭州路8號"
      }
    },
    {
      "type": "Feature",
      "geometry": {
        "type": "Point",
        "coordinates": [
          121.51441172451,
          25.048486147132
        ]
      },
      "properties": {
        "name": "桃園大眾捷運股份有限公司(桃園捷運A1台北車站)",
        "address": "臺北市中正區鄭州路8號"
      }
    },
    {
      "type": "Feature",
      "geometry": {
        "type": "Point",
        "coordinates": [
          121.565888,
          25.040587
        ]
      },
      "properties": {
        "name": "統一百華股份有限公司(統一時代百貨公司台北店)",
        "address": "臺北市信義區忠孝東路5段8號"
      }
    },
    {
      "type": "Feature",
      "geometry": {
        "type": "Point",
        "coordinates": [
          121.51379,
          25.031614
        ]
      },
      "properties": {
        "name": "二二八國家紀念館",
        "address": "臺北市中正區南海路54號"
      }
    },
    {
      "type": "Feature",
      "geometry": {
        "type": "Point",
        "coordinates": [
          121.548009,
          25.094169
        ]
      },
      "properties": {
        "name": "錢穆故居（館所施工中，暫不對外開放）",
        "address": "臺北市士林區臨溪路72號"
      }
    },
    {
      "type": "Feature",
      "geometry": {
        "type": "Point",
        "coordinates": [
          121.530618,
          25.103178
        ]
      },
      "properties": {
        "name": "芝山巖惠濟宮",
        "address": "臺北市士林區至誠路一段326巷26號"
      }
    },
    {
      "type": "Feature",
      "geometry": {
        "type": "Point",
        "coordinates": [
          121.57102081022,
          25.028232211348
        ]
      },
      "properties": {
        "name": "環球世貿大樓",
        "address": "臺北市信義區信義路5段150巷2號"
      }
    },
    {
      "type": "Feature",
      "geometry": {
        "type": "Point",
        "coordinates": [
          121.59278,
          25.084202
        ]
      },
      "properties": {
        "name": "轉捩點健康工作室",
        "address": "臺北市內湖區內湖路二段395號"
      }
    },
    {
      "type": "Feature",
      "geometry": {
        "type": "Point",
        "coordinates": [
          121.60475968102,
          25.055091345936
        ]
      },
      "properties": {
        "name": "臺北市東明扶愛家園",
        "address": "臺北市南港區南港路二段38巷8弄1號"
      }
    },
    {
      "type": "Feature",
      "geometry": {
        "type": "Point",
        "coordinates": [
          121.539206,
          25.052205
        ]
      },
      "properties": {
        "name": "財團法人陽光社會福利基金會附設臺北市私立陽光重建中心 ",
        "address": "臺北市中山區南京東路三段91號"
      }
    },
    {
      "type": "Feature",
      "geometry": {
        "type": "Point",
        "coordinates": [
          121.523687,
          25.042334
        ]
      },
      "properties": {
        "name": "成功高中運動中心(舞動陽光有限公司)",
        "address": "臺北市中正區濟南路一段71號"
      }
    },
    {
      "type": "Feature",
      "geometry": {
        "type": "Point",
        "coordinates": [
          121.523687,
          25.042334
        ]
      },
      "properties": {
        "name": "成功高中運動中心(舞動陽光有限公司)",
        "address": "臺北市中正區濟南路一段71號"
      }
    },
    {
      "type": "Feature",
      "geometry": {
        "type": "Point",
        "coordinates": [
          121.540781,
          24.989527
        ]
      },
      "properties": {
        "name": "臺北市文山區景美國民小學",
        "address": "臺北市文山區景文街108號"
      }
    },
    {
      "type": "Feature",
      "geometry": {
        "type": "Point",
        "coordinates": [
          121.54707696583,
          25.022985493574
        ]
      },
      "properties": {
        "name": "國立臺北教育大學(學生活動中心)",
        "address": "臺北市大安區和平東路二段134號"
      }
    },
    {
      "type": "Feature",
      "geometry": {
        "type": "Point",
        "coordinates": [
          121.522528,
          25.059418
        ]
      },
      "properties": {
        "name": "嘉新水泥股份有限公司",
        "address": "臺北市中山區中山北路二段96號"
      }
    },
    {
      "type": "Feature",
      "geometry": {
        "type": "Point",
        "coordinates": [
          121.532188,
          25.097959
        ]
      },
      "properties": {
        "name": "BOSS健身工作室",
        "address": "臺北市士林區雨農路19號"
      }
    },
    {
      "type": "Feature",
      "geometry": {
        "type": "Point",
        "coordinates": [
          121.532287,
          25.111436
        ]
      },
      "properties": {
        "name": "臺北市士林老人服務暨日間照顧中心",
        "address": "臺北市士林區忠誠路二段53巷7號"
      }
    },
    {
      "type": "Feature",
      "geometry": {
        "type": "Point",
        "coordinates": [
          121.569847,
          25.081603
        ]
      },
      "properties": {
        "name": "正能量Fitness",
        "address": "臺北市內湖區內湖路一段322號"
      }
    },
    {
      "type": "Feature",
      "geometry": {
        "type": "Point",
        "coordinates": [
          121.51281063938,
          25.063681095934
        ]
      },
      "properties": {
        "name": "臺北市大同區大橋國民小學",
        "address": "臺北市大同區重慶北路三段2號"
      }
    },
    {
      "type": "Feature",
      "geometry": {
        "type": "Point",
        "coordinates": [
          121.532793,
          25.054624
        ]
      },
      "properties": {
        "name": "安心食品服務股份有限公司總部2樓201室",
        "address": "臺北市大安區仁愛路三段136號"
      }
    },
    {
      "type": "Feature",
      "geometry": {
        "type": "Point",
        "coordinates": [
          121.548663,
          25.101992
        ]
      },
      "properties": {
        "name": "國立故宮博物院",
        "address": "臺北市士林區至善路2段221號"
      }
    },
    {
      "type": "Feature",
      "geometry": {
        "type": "Point",
        "coordinates": [
          121.511856,
          25.039065
        ]
      },
      "properties": {
        "name": "總統府",
        "address": "臺北市中正區重慶南路一段122號"
      }
    },
    {
      "type": "Feature",
      "geometry": {
        "type": "Point",
        "coordinates": [
          121.556865,
          25.079526
        ]
      },
      "properties": {
        "name": "臺北市中山區金泰里辦公處",
        "address": "臺北市中山區敬業三路160號"
      }
    },
    {
      "type": "Feature",
      "geometry": {
        "type": "Point",
        "coordinates": [
          121.51883722026,
          25.044257852281
        ]
      },
      "properties": {
        "name": "台大兒醫杏一商場",
        "address": "臺北市中正區中山南路8號"
      }
    },
    {
      "type": "Feature",
      "geometry": {
        "type": "Point",
        "coordinates": [
          121.525247,
          25.058208
        ]
      },
      "properties": {
        "name": "台北健身中心有限公司",
        "address": "臺北市中山區民生東路一段29號"
      }
    },
    {
      "type": "Feature",
      "geometry": {
        "type": "Point",
        "coordinates": [
          121.531127,
          25.045482
        ]
      },
      "properties": {
        "name": "遠傳電信台北資訊園區",
        "address": "臺北市中正區市民大道三段2號"
      }
    },
    {
      "type": "Feature",
      "geometry": {
        "type": "Point",
        "coordinates": [
          121.515142,
          25.045439
        ]
      },
      "properties": {
        "name": "遠傳股份有限公司-台北館前門市",
        "address": "臺北市中正區館前路43號"
      }
    },
    {
      "type": "Feature",
      "geometry": {
        "type": "Point",
        "coordinates": [
          121.506114,
          25.043783
        ]
      },
      "properties": {
        "name": "遠傳股份有限公司-台北西寧南門市",
        "address": "臺北市萬華區西寧南路56號"
      }
    },
    {
      "type": "Feature",
      "geometry": {
        "type": "Point",
        "coordinates": [
          121.530429,
          25.045092
        ]
      },
      "properties": {
        "name": "新生高架橋下運動場",
        "address": "臺北市中正區八德路一段1號"
      }
    },
    {
      "type": "Feature",
      "geometry": {
        "type": "Point",
        "coordinates": [
          121.590033,
          25.079713
        ]
      },
      "properties": {
        "name": "練一下GYMCUBE",
        "address": "臺北市內湖區成功路三段145號"
      }
    },
    {
      "type": "Feature",
      "geometry": {
        "type": "Point",
        "coordinates": [
          121.563136,
          25.083155
        ]
      },
      "properties": {
        "name": "夢啟動健身事業有限公司",
        "address": "臺北市內湖區內湖路一段118號"
      }
    },
    {
      "type": "Feature",
      "geometry": {
        "type": "Point",
        "coordinates": [
          121.505163,
          25.138372
        ]
      },
      "properties": {
        "name": "臺北市北投區逸仙國民小學",
        "address": "臺北市北投區新民路2號"
      }
    },
    {
      "type": "Feature",
      "geometry": {
        "type": "Point",
        "coordinates": [
          121.544038,
          25.043336
        ]
      },
      "properties": {
        "name": "HiFIT運動空間",
        "address": "臺北市大安區復興南路一段125號"
      }
    },
    {
      "type": "Feature",
      "geometry": {
        "type": "Point",
        "coordinates": [
          121.53744241022,
          25.025043459569
        ]
      },
      "properties": {
        "name": "陽光汽車美容中心和平店",
        "address": "臺北市大安區建國南路二段280號"
      }
    },
    {
      "type": "Feature",
      "geometry": {
        "type": "Point",
        "coordinates": [
          121.499664,
          25.033267
        ]
      },
      "properties": {
        "name": "馥裕商旅股份有限公司萬大分公司(凱達大飯店)",
        "address": "臺北市萬華區艋舺大道167號"
      }
    },
    {
      "type": "Feature",
      "geometry": {
        "type": "Point",
        "coordinates": [
          121.499913,
          25.033126
        ]
      },
      "properties": {
        "name": "馥裕商旅股份有限公司萬大分公司(凱達大飯店)",
        "address": "臺北市萬華區艋舺大道167號"
      }
    },
    {
      "type": "Feature",
      "geometry": {
        "type": "Point",
        "coordinates": [
          121.499903,
          25.033208
        ]
      },
      "properties": {
        "name": "馥裕商旅股份有限公司萬大分公司(凱達大飯店)",
        "address": "臺北市萬華區艋舺大道167號"
      }
    },
    {
      "type": "Feature",
      "geometry": {
        "type": "Point",
        "coordinates": [
          121.498314,
          25.032844
        ]
      },
      "properties": {
        "name": "馥裕商旅股份有限公司萬大分公司(凱達大飯店)",
        "address": "臺北市萬華區艋舺大道167號"
      }
    },
    {
      "type": "Feature",
      "geometry": {
        "type": "Point",
        "coordinates": [
          121.512276,
          25.049258
        ]
      },
      "properties": {
        "name": "桃園大眾捷運股份有限公司(桃園捷運A1台北車站)",
        "address": "臺北市中正區鄭州路8號"
      }
    },
    {
      "type": "Feature",
      "geometry": {
        "type": "Point",
        "coordinates": [
          121.55356362664,
          25.037439250904
        ]
      },
      "properties": {
        "name": "國泰世紀產物保險股份有限公司",
        "address": "臺北市大安區台北市大安區仁愛路四段296號"
      }
    },
    {
      "type": "Feature",
      "geometry": {
        "type": "Point",
        "coordinates": [
          121.5828,
          25.068579
        ]
      },
      "properties": {
        "name": "誠隆汽車股份有限公司民權分公司",
        "address": "臺北市內湖區民權東路六段23號"
      }
    },
    {
      "type": "Feature",
      "geometry": {
        "type": "Point",
        "coordinates": [
          121.540775,
          25.072733
        ]
      },
      "properties": {
        "name": "誠隆汽車股份有限公司濱江分公司",
        "address": "臺北市中山區濱江街213號"
      }
    },
    {
      "type": "Feature",
      "geometry": {
        "type": "Point",
        "coordinates": [
          121.540041,
          25.073389
        ]
      },
      "properties": {
        "name": "誠隆汽車股份有限公司交車中心",
        "address": "臺北市中山區濱江街199巷1號"
      }
    },
    {
      "type": "Feature",
      "geometry": {
        "type": "Point",
        "coordinates": [
          121.587507,
          25.053155
        ]
      },
      "properties": {
        "name": "誠隆汽車股份有限公司南港服務廠",
        "address": "臺北市南港區南港路三段168號"
      }
    },
    {
      "type": "Feature",
      "geometry": {
        "type": "Point",
        "coordinates": [
          121.511629,
          25.103888
        ]
      },
      "properties": {
        "name": "誠隆汽車股份有限公司承德服務廠",
        "address": "臺北市北投區承德路6段339號"
      }
    },
    {
      "type": "Feature",
      "geometry": {
        "type": "Point",
        "coordinates": [
          121.497744,
          25.126846
        ]
      },
      "properties": {
        "name": "誠隆汽車股份有限公司北投分公司",
        "address": "臺北市北投區大業路265號"
      }
    },
    {
      "type": "Feature",
      "geometry": {
        "type": "Point",
        "coordinates": [
          121.560893,
          25.084132
        ]
      },
      "properties": {
        "name": "香港商世界健身事業有限公司大直分公司",
        "address": "臺北市中山區堤頂大道二段588號"
      }
    },
    {
      "type": "Feature",
      "geometry": {
        "type": "Point",
        "coordinates": [
          121.51310150565,
          25.121132097494
        ]
      },
      "properties": {
        "name": "國立陽明交通大學-陽明校區",
        "address": "臺北市北投區立農街2段155號"
      }
    },
    {
      "type": "Feature",
      "geometry": {
        "type": "Point",
        "coordinates": [
          121.593268,
          25.079074
        ]
      },
      "properties": {
        "name": "財團法人基督教台灣信義會 思恩堂",
        "address": "臺北市內湖區星雲街９０號"
      }
    },
    {
      "type": "Feature",
      "geometry": {
        "type": "Point",
        "coordinates": [
          121.545908,
          24.999915
        ]
      },
      "properties": {
        "name": "臺北市文山老人養護中心",
        "address": "臺北市文山區興隆路二段95巷8號"
      }
    },
    {
      "type": "Feature",
      "geometry": {
        "type": "Point",
        "coordinates": [
          121.545327,
          25.021364
        ]
      },
      "properties": {
        "name": "臺北市和平實驗國民小學學生活動中心(暖身球場)",
        "address": "臺北市大安區敦南街76巷28號"
      }
    },
    {
      "type": "Feature",
      "geometry": {
        "type": "Point",
        "coordinates": [
          121.545327,
          25.021364
        ]
      },
      "properties": {
        "name": "臺北和平籃球館",
        "address": "臺北市大安區敦南街76巷28號"
      }
    },
    {
      "type": "Feature",
      "geometry": {
        "type": "Point",
        "coordinates": [
          121.545327,
          25.021364
        ]
      },
      "properties": {
        "name": "臺北和平籃球館",
        "address": "臺北市大安區敦南街76巷28號"
      }
    },
    {
      "type": "Feature",
      "geometry": {
        "type": "Point",
        "coordinates": [
          121.53314293212,
          25.02731641226
        ]
      },
      "properties": {
        "name": "台灣基督長老教會-台北和平教會",
        "address": "臺北市大安區和平東路一段183巷9號"
      }
    },
    {
      "type": "Feature",
      "geometry": {
        "type": "Point",
        "coordinates": [
          121.561403,
          25.051262
        ]
      },
      "properties": {
        "name": "窩糕運動事業有限公司",
        "address": "臺北市松山區南京東路五段84號"
      }
    },
    {
      "type": "Feature",
      "geometry": {
        "type": "Point",
        "coordinates": [
          121.516272,
          25.072811
        ]
      },
      "properties": {
        "name": "臺北孔廟",
        "address": "臺北市大同區大龍街275號"
      }
    },
    {
      "type": "Feature",
      "geometry": {
        "type": "Point",
        "coordinates": [
          121.562771,
          25.059086
        ]
      },
      "properties": {
        "name": "臺北市民生社區中心(民政局管理樓層)",
        "address": "臺北市松山區民生東路5段163之1號"
      }
    },
    {
      "type": "Feature",
      "geometry": {
        "type": "Point",
        "coordinates": [
          121.52422770255,
          25.045180980098
        ]
      },
      "properties": {
        "name": "藝響空間-林森59",
        "address": "臺北市中正區林森北路5巷9號"
      }
    },
    {
      "type": "Feature",
      "geometry": {
        "type": "Point",
        "coordinates": [
          121.539119,
          25.033718
        ]
      },
      "properties": {
        "name": "SoulFit健身魂",
        "address": "臺北市大安區信義路三段109號"
      }
    },
    {
      "type": "Feature",
      "geometry": {
        "type": "Point",
        "coordinates": [
          121.575565,
          24.986525
        ]
      },
      "properties": {
        "name": "國立政治大學",
        "address": "臺北市文山區指南路2段64號"
      }
    },
    {
      "type": "Feature",
      "geometry": {
        "type": "Point",
        "coordinates": [
          121.562771,
          25.059086
        ]
      },
      "properties": {
        "name": "臺北市民生社區中心(民政局管理樓層)",
        "address": "臺北市松山區民生東路5段163之1號"
      }
    },
    {
      "type": "Feature",
      "geometry": {
        "type": "Point",
        "coordinates": [
          121.530357,
          25.071749
        ]
      },
      "properties": {
        "name": "林安泰古厝民俗文物館",
        "address": "臺北市中山區濱江街5號"
      }
    },
    {
      "type": "Feature",
      "geometry": {
        "type": "Point",
        "coordinates": [
          121.596653,
          25.067445
        ]
      },
      "properties": {
        "name": "臺北市網球中心",
        "address": "臺北市內湖區民權東路六段208號"
      }
    },
    {
      "type": "Feature",
      "geometry": {
        "type": "Point",
        "coordinates": [
          121.560762,
          25.053297
        ]
      },
      "properties": {
        "name": "臺北市松山區東光里辦公處",
        "address": "臺北市松山區南京東路5段123巷41號"
      }
    },
    {
      "type": "Feature",
      "geometry": {
        "type": "Point",
        "coordinates": [
          121.59157308613,
          25.011666175389
        ]
      },
      "properties": {
        "name": "富德靈骨樓",
        "address": "臺北市文山區木柵路五段43巷190號"
      }
    },
    {
      "type": "Feature",
      "geometry": {
        "type": "Point",
        "coordinates": [
          121.596653,
          25.067445
        ]
      },
      "properties": {
        "name": "臺北市網球中心",
        "address": "臺北市內湖區民權東路六段208號"
      }
    },
    {
      "type": "Feature",
      "geometry": {
        "type": "Point",
        "coordinates": [
          121.55356362664,
          25.037441679994
        ]
      },
      "properties": {
        "name": "國泰世紀產物保險股份有限公司",
        "address": "臺北市大安區台北市大安區仁愛路四段296號"
      }
    },
    {
      "type": "Feature",
      "geometry": {
        "type": "Point",
        "coordinates": [
          121.55256828178,
          25.013581951305
        ]
      },
      "properties": {
        "name": "臺北市懷愛館",
        "address": "臺北市大安區辛亥路3段330號"
      }
    },
    {
      "type": "Feature",
      "geometry": {
        "type": "Point",
        "coordinates": [
          121.552553,
          25.013535
        ]
      },
      "properties": {
        "name": "臺北市懷愛館",
        "address": "臺北市大安區辛亥路3段330號"
      }
    },
    {
      "type": "Feature",
      "geometry": {
        "type": "Point",
        "coordinates": [
          121.55304852664,
          25.051336065204
        ]
      },
      "properties": {
        "name": "國泰世紀產物保險股份有限公司-北區行政分公司",
        "address": "臺北市松山區南京東路四段16號"
      }
    },
    {
      "type": "Feature",
      "geometry": {
        "type": "Point",
        "coordinates": [
          121.544749,
          25.084817
        ]
      },
      "properties": {
        "name": "實踐大學台北校區",
        "address": "臺北市中山區大直街70號"
      }
    },
    {
      "type": "Feature",
      "geometry": {
        "type": "Point",
        "coordinates": [
          121.52957073297,
          25.116806554468
        ]
      },
      "properties": {
        "name": "台北美國學校",
        "address": "臺北市士林區11152 中山北路六段 800號"
      }
    },
    {
      "type": "Feature",
      "geometry": {
        "type": "Point",
        "coordinates": [
          121.502627,
          25.044001
        ]
      },
      "properties": {
        "name": "享樂文旅飯店股份有限公司康定分公司",
        "address": "臺北市萬華區康定路32號"
      }
    },
    {
      "type": "Feature",
      "geometry": {
        "type": "Point",
        "coordinates": [
          121.561719,
          24.972692
        ]
      },
      "properties": {
        "name": "臺北市私立東山高級中學",
        "address": "臺北市文山區老泉街26巷3號"
      }
    },
    {
      "type": "Feature",
      "geometry": {
        "type": "Point",
        "coordinates": [
          121.512766,
          25.046128
        ]
      },
      "properties": {
        "name": "綺樂文旅飯店股份有限公司",
        "address": "臺北市中正區開封街一段35號"
      }
    },
    {
      "type": "Feature",
      "geometry": {
        "type": "Point",
        "coordinates": [
          121.550117,
          25.057968
        ]
      },
      "properties": {
        "name": "阿基里斯 Fitness GYM",
        "address": "臺北市松山區敦化北路207號"
      }
    },
    {
      "type": "Feature",
      "geometry": {
        "type": "Point",
        "coordinates": [
          121.556314,
          24.979629
        ]
      },
      "properties": {
        "name": "臺北市一壽照顧中心",
        "address": "臺北市文山區一壽街22號"
      }
    },
    {
      "type": "Feature",
      "geometry": {
        "type": "Point",
        "coordinates": [
          121.610177,
          25.049267
        ]
      },
      "properties": {
        "name": "財團法人生物技術開發中心",
        "address": "臺北市南港區研究院路一段130巷107號"
      }
    },
    {
      "type": "Feature",
      "geometry": {
        "type": "Point",
        "coordinates": [
          121.516938,
          25.065022
        ]
      },
      "properties": {
        "name": "臺北市大同區大同國民小學",
        "address": "臺北市大同區大龍街51號"
      }
    },
    {
      "type": "Feature",
      "geometry": {
        "type": "Point",
        "coordinates": [
          121.575154,
          25.078233
        ]
      },
      "properties": {
        "name": "臺北市內湖運動中心",
        "address": "臺北市內湖區洲子街12號"
      }
    },
    {
      "type": "Feature",
      "geometry": {
        "type": "Point",
        "coordinates": [
          121.514218,
          25.048747
        ]
      },
      "properties": {
        "name": "桃園大眾捷運股份有限公司(桃園捷運A1台北車站)",
        "address": "臺北市中正區鄭州路8號"
      }
    },
    {
      "type": "Feature",
      "geometry": {
        "type": "Point",
        "coordinates": [
          121.5710407221,
          25.082313835849
        ]
      },
      "properties": {
        "name": "TMMA台北格鬥運動館 內科館",
        "address": "臺北市內湖區內湖路一段411巷10-2號"
      }
    },
    {
      "type": "Feature",
      "geometry": {
        "type": "Point",
        "coordinates": [
          121.59849471606,
          25.05232431299
        ]
      },
      "properties": {
        "name": "臺北流行音樂中心",
        "address": "臺北市南港區市民大道八段99號"
      }
    },
    {
      "type": "Feature",
      "geometry": {
        "type": "Point",
        "coordinates": [
          121.4993,
          25.124433
        ]
      },
      "properties": {
        "name": "家福股份有限公司",
        "address": "臺北市北投區大業路136號"
      }
    },
    {
      "type": "Feature",
      "geometry": {
        "type": "Point",
        "coordinates": [
          121.542645,
          25.047373
        ]
      },
      "properties": {
        "name": "絲瓜運動股份有限公司",
        "address": "臺北市中山區八德路二段309號"
      }
    },
    {
      "type": "Feature",
      "geometry": {
        "type": "Point",
        "coordinates": [
          121.59865557737,
          25.052461539849
        ]
      },
      "properties": {
        "name": "臺北流行音樂中心",
        "address": "臺北市南港區市民大道八段99號"
      }
    },
    {
      "type": "Feature",
      "geometry": {
        "type": "Point",
        "coordinates": [
          121.510806,
          25.046713
        ]
      },
      "properties": {
        "name": "市定古蹟臺北撫臺街洋樓",
        "address": "臺北市中正區延平南路26號"
      }
    },
    {
      "type": "Feature",
      "geometry": {
        "type": "Point",
        "coordinates": [
          121.56916,
          24.988513
        ]
      },
      "properties": {
        "name": "臺北市立圖書館木柵分館",
        "address": "臺北市文山區保儀路13巷三號"
      }
    },
    {
      "type": "Feature",
      "geometry": {
        "type": "Point",
        "coordinates": [
          121.556314,
          24.979629
        ]
      },
      "properties": {
        "name": "臺北市立圖書館力行分館",
        "address": "臺北市文山區台北市文山區一壽街22號"
      }
    },
    {
      "type": "Feature",
      "geometry": {
        "type": "Point",
        "coordinates": [
          121.576128,
          24.987331
        ]
      },
      "properties": {
        "name": "國立政治大學",
        "address": "臺北市文山區指南路2段64號"
      }
    },
    {
      "type": "Feature",
      "geometry": {
        "type": "Point",
        "coordinates": [
          121.536345,
          25.003607
        ]
      },
      "properties": {
        "name": "臺北市立圖書館景美分館",
        "address": "臺北市文山區羅斯福路五段176巷50號"
      }
    },
    {
      "type": "Feature",
      "geometry": {
        "type": "Point",
        "coordinates": [
          121.576501,
          24.988685
        ]
      },
      "properties": {
        "name": "臺北市立圖書館萬興分館",
        "address": "臺北市文山區萬壽路27號"
      }
    },
    {
      "type": "Feature",
      "geometry": {
        "type": "Point",
        "coordinates": [
          121.569178,
          25.002215
        ]
      },
      "properties": {
        "name": "臺北市立圖書館萬芳民眾閱覽室",
        "address": "臺北市文山區萬美街一段25號"
      }
    },
    {
      "type": "Feature",
      "geometry": {
        "type": "Point",
        "coordinates": [
          121.560875,
          24.987525
        ]
      },
      "properties": {
        "name": "臺北市立圖書館安康民眾閱覽室",
        "address": "臺北市文山區興隆路4段105巷1號"
      }
    },
    {
      "type": "Feature",
      "geometry": {
        "type": "Point",
        "coordinates": [
          121.539119,
          25.04198
        ]
      },
      "properties": {
        "name": "力坊體適能產業有限公司(忠孝復興)",
        "address": "臺北市大安區忠孝東路三段203號"
      }
    },
    {
      "type": "Feature",
      "geometry": {
        "type": "Point",
        "coordinates": [
          121.511829,
          25.037313
        ]
      },
      "properties": {
        "name": "最高行政法院",
        "address": "臺北市中正區重慶南路1段126巷1號"
      }
    },
    {
      "type": "Feature",
      "geometry": {
        "type": "Point",
        "coordinates": [
          121.557385,
          25.041049
        ]
      },
      "properties": {
        "name": "香港商世界健身事業有限公司光復分公司",
        "address": "臺北市大安區忠孝東路四段330號"
      }
    },
    {
      "type": "Feature",
      "geometry": {
        "type": "Point",
        "coordinates": [
          121.542709,
          25.026158
        ]
      },
      "properties": {
        "name": "香港商世界健身事業有限公司台北麗水分公司",
        "address": "臺北市大安區麗水街18號"
      }
    },
    {
      "type": "Feature",
      "geometry": {
        "type": "Point",
        "coordinates": [
          121.525113,
          25.090228
        ]
      },
      "properties": {
        "name": "波爾管理顧問有限公司",
        "address": "臺北市士林區大北路72號"
      }
    },
    {
      "type": "Feature",
      "geometry": {
        "type": "Point",
        "coordinates": [
          121.568747,
          25.037165
        ]
      },
      "properties": {
        "name": "達新壯股份有限公司(Hypercore超核心健身中心台北信義松仁館)",
        "address": "臺北市信義區松仁路89號"
      }
    },
    {
      "type": "Feature",
      "geometry": {
        "type": "Point",
        "coordinates": [
          121.611882,
          25.058486
        ]
      },
      "properties": {
        "name": "南港生技育成中心",
        "address": "臺北市南港區園區街3號"
      }
    },
    {
      "type": "Feature",
      "geometry": {
        "type": "Point",
        "coordinates": [
          121.518083,
          25.037401
        ]
      },
      "properties": {
        "name": "諧動健康科技股份有限公司",
        "address": "臺北市大安區信義路2段74號"
      }
    },
    {
      "type": "Feature",
      "geometry": {
        "type": "Point",
        "coordinates": [
          121.536899,
          25.007989
        ]
      },
      "properties": {
        "name": "國立臺灣師範大學公館校區(汀州路4段88號)",
        "address": "臺北市文山區汀州路4段88號"
      }
    },
    {
      "type": "Feature",
      "geometry": {
        "type": "Point",
        "coordinates": [
          121.53843160586,
          25.033326663877
        ]
      },
      "properties": {
        "name": "Master fitness專業健身職人",
        "address": "臺北市大安區信義路三段106號"
      }
    },
    {
      "type": "Feature",
      "geometry": {
        "type": "Point",
        "coordinates": [
          121.515089,
          25.137099
        ]
      },
      "properties": {
        "name": "欣亞國際酒店股份有限公司(北投亞太飯店)",
        "address": "臺北市北投區幽雅路31號"
      }
    },
    {
      "type": "Feature",
      "geometry": {
        "type": "Point",
        "coordinates": [
          121.54067,
          24.997128
        ]
      },
      "properties": {
        "name": "芳鄰健身事業有限公司(景美店)",
        "address": "臺北市文山區羅斯福路六段130號"
      }
    },
    {
      "type": "Feature",
      "geometry": {
        "type": "Point",
        "coordinates": [
          121.57283728613,
          25.063722632569
        ]
      },
      "properties": {
        "name": "鏡電視股份有限公司",
        "address": "臺北市內湖區堤頂大道一段365號"
      }
    },
    {
      "type": "Feature",
      "geometry": {
        "type": "Point",
        "coordinates": [
          121.57282388102,
          25.063720203999
        ]
      },
      "properties": {
        "name": "鏡電視股份有限公司",
        "address": "臺北市內湖區堤頂大道一段365號"
      }
    },
    {
      "type": "Feature",
      "geometry": {
        "type": "Point",
        "coordinates": [
          121.57287484421,
          25.063781146875
        ]
      },
      "properties": {
        "name": "鏡電視股份有限公司",
        "address": "臺北市內湖區堤頂大道一段365號"
      }
    },
    {
      "type": "Feature",
      "geometry": {
        "type": "Point",
        "coordinates": [
          121.525762,
          25.060423
        ]
      },
      "properties": {
        "name": "薇閣旅館股份有限公司",
        "address": "臺北市中山區林森北路419號"
      }
    },
    {
      "type": "Feature",
      "geometry": {
        "type": "Point",
        "coordinates": [
          121.509673,
          25.039029
        ]
      },
      "properties": {
        "name": "中華民國紅十字會台灣省分會(中正區老人服務暨日間照顧中心)(貴陽街)",
        "address": "臺北市中正區貴陽街一段60號"
      }
    },
    {
      "type": "Feature",
      "geometry": {
        "type": "Point",
        "coordinates": [
          121.600503,
          25.053782
        ]
      },
      "properties": {
        "name": "家福股份有限公司南港二分公司(家樂福南港店)",
        "address": "臺北市南港區南港路二段146號"
      }
    },
    {
      "type": "Feature",
      "geometry": {
        "type": "Point",
        "coordinates": [
          121.509312,
          25.086201
        ]
      },
      "properties": {
        "name": "Curves社子延北店",
        "address": "臺北市士林區延平北路五段307號"
      }
    },
    {
      "type": "Feature",
      "geometry": {
        "type": "Point",
        "coordinates": [
          121.531248,
          25.121245
        ]
      },
      "properties": {
        "name": "香港商世界健身事業有限公司飛動天母分公司",
        "address": "臺北市士林區中山北路七段73號"
      }
    },
    {
      "type": "Feature",
      "geometry": {
        "type": "Point",
        "coordinates": [
          121.54293056204,
          24.991963283337
        ]
      },
      "properties": {
        "name": "香港商世界健身事業有限公司台北景美分公司",
        "address": "臺北市文山區景後街95號"
      }
    },
    {
      "type": "Feature",
      "geometry": {
        "type": "Point",
        "coordinates": [
          121.554476,
          24.987956
        ]
      },
      "properties": {
        "name": "臺北市文山區華興里辦公處",
        "address": "臺北市文山區木柵路一段264號"
      }
    },
    {
      "type": "Feature",
      "geometry": {
        "type": "Point",
        "coordinates": [
          121.5046991292,
          25.138317186695
        ]
      },
      "properties": {
        "name": "北投晶泉丰旅",
        "address": "臺北市北投區泉源路19號"
      }
    },
    {
      "type": "Feature",
      "geometry": {
        "type": "Point",
        "coordinates": [
          121.50469376715,
          25.138323709495
        ]
      },
      "properties": {
        "name": "北投晶泉丰旅",
        "address": "臺北市北投區泉源路19號"
      }
    },
    {
      "type": "Feature",
      "geometry": {
        "type": "Point",
        "coordinates": [
          121.514734,
          25.044113
        ]
      },
      "properties": {
        "name": "臺灣土地銀行",
        "address": "臺北市中正區館前路46號"
      }
    },
    {
      "type": "Feature",
      "geometry": {
        "type": "Point",
        "coordinates": [
          121.5140838292,
          25.074912742502
        ]
      },
      "properties": {
        "name": "臺北市政府環境保護局環保稽查大隊",
        "address": "臺北市大同區重慶北路3段347號"
      }
    },
    {
      "type": "Feature",
      "geometry": {
        "type": "Point",
        "coordinates": [
          121.549624,
          25.048835
        ]
      },
      "properties": {
        "name": "臺北體育園區田徑場(暖身場)",
        "address": "臺北市松山區敦化北路3號"
      }
    },
    {
      "type": "Feature",
      "geometry": {
        "type": "Point",
        "coordinates": [
          121.527473,
          25.032877
        ]
      },
      "properties": {
        "name": "十勻有限公司(PB Sport)",
        "address": "臺北市大安區金山南路二段33號"
      }
    },
    {
      "type": "Feature",
      "geometry": {
        "type": "Point",
        "coordinates": [
          121.53651379079,
          25.055578658151
        ]
      },
      "properties": {
        "name": "DHL_洋基通運股份有限公司_台北服務中心",
        "address": "臺北市中山區建國北路二段82號"
      }
    },
    {
      "type": "Feature",
      "geometry": {
        "type": "Point",
        "coordinates": [
          121.51751855439,
          25.046315067488
        ]
      },
      "properties": {
        "name": "臺北捷運台北車站BL12",
        "address": "臺北市中正區忠孝西路1段49號"
      }
    },
    {
      "type": "Feature",
      "geometry": {
        "type": "Point",
        "coordinates": [
          121.557207,
          25.053563
        ]
      },
      "properties": {
        "name": "健身工廠健康廠",
        "address": "臺北市松山區健康路156號"
      }
    },
    {
      "type": "Feature",
      "geometry": {
        "type": "Point",
        "coordinates": [
          121.525599,
          25.034604
        ]
      },
      "properties": {
        "name": "漢杰健康事業股份有限公司東門分公司",
        "address": "臺北市大安區信義路二段36號"
      }
    },
    {
      "type": "Feature",
      "geometry": {
        "type": "Point",
        "coordinates": [
          121.564911,
          25.058261
        ]
      },
      "properties": {
        "name": "肌擊有限公司",
        "address": "臺北市松山區民生東路5段204號"
      }
    },
    {
      "type": "Feature",
      "geometry": {
        "type": "Point",
        "coordinates": [
          121.583515,
          25.04275
        ]
      },
      "properties": {
        "name": "韻鏗學校財團法人臺北市協和祐德高級中等學校",
        "address": "臺北市信義區忠孝東路5段790巷27號"
      }
    },
    {
      "type": "Feature",
      "geometry": {
        "type": "Point",
        "coordinates": [
          121.551575,
          25.001497
        ]
      },
      "properties": {
        "name": "臺北市立圖書館文山分館",
        "address": "臺北市文山區興隆路2段160號"
      }
    },
    {
      "type": "Feature",
      "geometry": {
        "type": "Point",
        "coordinates": [
          121.53821,
          25.057614
        ]
      },
      "properties": {
        "name": "台北國泰萬怡酒店(國泰飯店管理顧問事業(股)公司民生建國分公司)",
        "address": "臺北市中山區民生東路三段6號"
      }
    },
    {
      "type": "Feature",
      "geometry": {
        "type": "Point",
        "coordinates": [
          121.608466,
          25.053124
        ]
      },
      "properties": {
        "name": "風暴體適能股份有限公司",
        "address": "臺北市南港區市民大道八段360號"
      }
    },
    {
      "type": "Feature",
      "geometry": {
        "type": "Point",
        "coordinates": [
          121.547794,
          25.057202
        ]
      },
      "properties": {
        "name": "元大人壽保險股份有限公司",
        "address": "臺北市松山區民生東路3段156號"
      }
    },
    {
      "type": "Feature",
      "geometry": {
        "type": "Point",
        "coordinates": [
          121.521789,
          25.102629
        ]
      },
      "properties": {
        "name": "本部槓鈴有限公司",
        "address": "臺北市士林區福國路100-3號"
      }
    },
    {
      "type": "Feature",
      "geometry": {
        "type": "Point",
        "coordinates": [
          121.511829,
          25.037313
        ]
      },
      "properties": {
        "name": "最高行政法院",
        "address": "臺北市中正區重慶南路1段126巷1號"
      }
    },
    {
      "type": "Feature",
      "geometry": {
        "type": "Point",
        "coordinates": [
          121.542061,
          25.079216
        ]
      },
      "properties": {
        "name": "臺北市立北安國民中學",
        "address": "臺北市中山區明水路325號"
      }
    },
    {
      "type": "Feature",
      "geometry": {
        "type": "Point",
        "coordinates": [
          121.583269099,
          25.038425411069
        ]
      },
      "properties": {
        "name": "臺北市立浩然敬老院 廣慈園區B棟",
        "address": "臺北市信義區大道路116號"
      }
    },
    {
      "type": "Feature",
      "geometry": {
        "type": "Point",
        "coordinates": [
          121.548383,
          25.03936
        ]
      },
      "properties": {
        "name": "臺北市私立復興實驗高級中學(小學部)",
        "address": "臺北市大安區敦化南路一段262號"
      }
    },
    {
      "type": "Feature",
      "geometry": {
        "type": "Point",
        "coordinates": [
          121.524693,
          25.023107
        ]
      },
      "properties": {
        "name": "智澄體能有限公司",
        "address": "臺北市中正區金門街2-5號"
      }
    },
    {
      "type": "Feature",
      "geometry": {
        "type": "Point",
        "coordinates": [
          121.55541,
          25.0416
        ]
      },
      "properties": {
        "name": "生命焠鍊體能顧問有限公司",
        "address": "臺北市大安區忠孝東路四段303號"
      }
    },
    {
      "type": "Feature",
      "geometry": {
        "type": "Point",
        "coordinates": [
          121.610531,
          25.076465
        ]
      },
      "properties": {
        "name": "康寧學校財團法人康寧大學",
        "address": "臺北市內湖區康寧路3段75巷137號"
      }
    },
    {
      "type": "Feature",
      "geometry": {
        "type": "Point",
        "coordinates": [
          121.610531,
          25.076465
        ]
      },
      "properties": {
        "name": "康寧學校財團法人康寧大學",
        "address": "臺北市內湖區康寧路3段75巷137號"
      }
    },
    {
      "type": "Feature",
      "geometry": {
        "type": "Point",
        "coordinates": [
          121.51981624369,
          25.10354075466
        ]
      },
      "properties": {
        "name": "Curves可爾姿芝山文林店",
        "address": "臺北市士林區文林路762號"
      }
    },
    {
      "type": "Feature",
      "geometry": {
        "type": "Point",
        "coordinates": [
          121.524723,
          25.102591
        ]
      },
      "properties": {
        "name": "Surmount運動空間-芝山店(巧翊體適能館)",
        "address": "臺北市士林區中山北路6段35巷18號"
      }
    },
    {
      "type": "Feature",
      "geometry": {
        "type": "Point",
        "coordinates": [
          121.53295,
          25.059861
        ]
      },
      "properties": {
        "name": "康璽運動行銷有限公司(Monkey Training猴子體能訓練)",
        "address": "臺北市中山區松江路276號"
      }
    },
    {
      "type": "Feature",
      "geometry": {
        "type": "Point",
        "coordinates": [
          121.54376508613,
          25.054440553181
        ]
      },
      "properties": {
        "name": "駿騰事業有限公司(鍛鍊基地Workout Base)",
        "address": "臺北市中山區長春路410號"
      }
    },
    {
      "type": "Feature",
      "geometry": {
        "type": "Point",
        "coordinates": [
          121.52620465882,
          25.104444291693
        ]
      },
      "properties": {
        "name": "Surmount運動空間-天母店(巧翊體適能館)",
        "address": "臺北市士林區忠誠路一段30號"
      }
    },
    {
      "type": "Feature",
      "geometry": {
        "type": "Point",
        "coordinates": [
          121.543303,
          24.998606
        ]
      },
      "properties": {
        "name": "承新國際管理股份有限公司文山分公司(in gym樂康健身俱樂部)",
        "address": "臺北市文山區景隆街36巷2號"
      }
    },
    {
      "type": "Feature",
      "geometry": {
        "type": "Point",
        "coordinates": [
          121.565952,
          25.035333
        ]
      },
      "properties": {
        "name": "吸引力生活事業股份有限公司 ATT 4 FUN",
        "address": "臺北市信義區松壽路12號"
      }
    },
    {
      "type": "Feature",
      "geometry": {
        "type": "Point",
        "coordinates": [
          121.542709,
          25.079202
        ]
      },
      "properties": {
        "name": "台北中山九昱希爾頓逸林酒店",
        "address": "臺北市中山區中山北路一段123號"
      }
    },
    {
      "type": "Feature",
      "geometry": {
        "type": "Point",
        "coordinates": [
          121.55901569124,
          25.033335528075
        ]
      },
      "properties": {
        "name": "新榮恩資產管理有限公司",
        "address": "臺北市信義區信義路四段413號"
      }
    },
    {
      "type": "Feature",
      "geometry": {
        "type": "Point",
        "coordinates": [
          121.47194,
          25.135894
        ]
      },
      "properties": {
        "name": "國立臺北藝術大學(女生第一宿舍)",
        "address": "臺北市北投區學園路1號"
      }
    },
    {
      "type": "Feature",
      "geometry": {
        "type": "Point",
        "coordinates": [
          121.52302307215,
          25.048541992453
        ]
      },
      "properties": {
        "name": "全創適能有限公司 / 橡體有限公司",
        "address": "臺北市中山區中山北路1段33巷25號"
      }
    },
    {
      "type": "Feature",
      "geometry": {
        "type": "Point",
        "coordinates": [
          121.521943,
          25.143561
        ]
      },
      "properties": {
        "name": "硫磺谷泡腳池",
        "address": "臺北市北投區泉源路77號"
      }
    },
    {
      "type": "Feature",
      "geometry": {
        "type": "Point",
        "coordinates": [
          121.502198,
          25.138819
        ]
      },
      "properties": {
        "name": "復興公園泡腳池",
        "address": "臺北市北投區中和街61號"
      }
    },
    {
      "type": "Feature",
      "geometry": {
        "type": "Point",
        "coordinates": [
          121.509722,
          25.141783
        ]
      },
      "properties": {
        "name": "泉源公園泡腳池",
        "address": "臺北市北投區珠海路155號"
      }
    },
    {
      "type": "Feature",
      "geometry": {
        "type": "Point",
        "coordinates": [
          121.4773,
          25.134647
        ]
      },
      "properties": {
        "name": "臺北市立桃源國民中學",
        "address": "臺北市北投區中央北路4段48號"
      }
    },
    {
      "type": "Feature",
      "geometry": {
        "type": "Point",
        "coordinates": [
          121.516131,
          25.064862
        ]
      },
      "properties": {
        "name": "臺北市大同運動中心",
        "address": "臺北市大同區大龍街51號"
      }
    },
    {
      "type": "Feature",
      "geometry": {
        "type": "Point",
        "coordinates": [
          121.545321,
          25.041393
        ]
      },
      "properties": {
        "name": "陽光健身(Sunshine Fitness)",
        "address": "臺北市大安區忠孝東路4段60號"
      }
    },
    {
      "type": "Feature",
      "geometry": {
        "type": "Point",
        "coordinates": [
          121.542808,
          25.012408
        ]
      },
      "properties": {
        "name": "臺北市大安區公館國民小學",
        "address": "臺北市大安區基隆路4段41巷68弄2號"
      }
    },
    {
      "type": "Feature",
      "geometry": {
        "type": "Point",
        "coordinates": [
          121.563252,
          25.055708
        ]
      },
      "properties": {
        "name": "健安新城D社區管理委員會",
        "address": "臺北市松山區三民路35巷2號"
      }
    },
    {
      "type": "Feature",
      "geometry": {
        "type": "Point",
        "coordinates": [
          121.541732,
          24.99422
        ]
      },
      "properties": {
        "name": "拳適能館",
        "address": "臺北市文山區景美街1-4號"
      }
    },
    {
      "type": "Feature",
      "geometry": {
        "type": "Point",
        "coordinates": [
          121.570785,
          25.041187
        ]
      },
      "properties": {
        "name": "Curves女性專用30分鐘健身中心市府永春店",
        "address": "臺北市信義區忠孝東路5段259號"
      }
    },
    {
      "type": "Feature",
      "geometry": {
        "type": "Point",
        "coordinates": [
          121.517648,
          25.114535
        ]
      },
      "properties": {
        "name": "Curves女性30分鐘環狀運動石牌店",
        "address": "臺北市北投區裕民一路30號"
      }
    },
    {
      "type": "Feature",
      "geometry": {
        "type": "Point",
        "coordinates": [
          121.544499,
          25.061747
        ]
      },
      "properties": {
        "name": "台灣歐姆龍健康事業股份有限公司",
        "address": "臺北市松山區復興北路367號"
      }
    },
    {
      "type": "Feature",
      "geometry": {
        "type": "Point",
        "coordinates": [
          121.594264,
          25.083992
        ]
      },
      "properties": {
        "name": "潤泰建設股份有限公司(CITYLINK內湖店)",
        "address": "臺北市內湖區成功路四段188號"
      }
    },
    {
      "type": "Feature",
      "geometry": {
        "type": "Point",
        "coordinates": [
          121.516484,
          25.062735
        ]
      },
      "properties": {
        "name": "香港商世界健身事業有限公司台北民權西分公司",
        "address": "臺北市大同區民權西路136號"
      }
    },
    {
      "type": "Feature",
      "geometry": {
        "type": "Point",
        "coordinates": [
          121.518707,
          25.070537
        ]
      },
      "properties": {
        "name": "Curves可爾姿女性專用30分鐘環狀運動圓山花博店",
        "address": "臺北市大同區承德路三段223-1號"
      }
    },
    {
      "type": "Feature",
      "geometry": {
        "type": "Point",
        "coordinates": [
          121.530769,
          25.051901
        ]
      },
      "properties": {
        "name": "曼都整形外科診所",
        "address": "臺北市中山區南京東路二段76號"
      }
    },
    {
      "type": "Feature",
      "geometry": {
        "type": "Point",
        "coordinates": [
          121.53570751679,
          25.000176219573
        ]
      },
      "properties": {
        "name": "沅利建設股份有限公司",
        "address": "臺北市文山區汀洲路四段281號"
      }
    },
    {
      "type": "Feature",
      "geometry": {
        "type": "Point",
        "coordinates": [
          121.518307,
          25.029942
        ]
      },
      "properties": {
        "name": "Force Fitness 中正",
        "address": "臺北市中正區南昌路一段123號"
      }
    },
    {
      "type": "Feature",
      "geometry": {
        "type": "Point",
        "coordinates": [
          121.515561,
          25.114496
        ]
      },
      "properties": {
        "name": "健身工廠石牌廠",
        "address": "臺北市北投區裕民六路2號"
      }
    },
    {
      "type": "Feature",
      "geometry": {
        "type": "Point",
        "coordinates": [
          121.552802,
          25.082035
        ]
      },
      "properties": {
        "name": "穆樂牙醫診所",
        "address": "臺北市中山區敬業二路69巷61號"
      }
    },
    {
      "type": "Feature",
      "geometry": {
        "type": "Point",
        "coordinates": [
          121.525391,
          25.040484
        ]
      },
      "properties": {
        "name": "國立歷史博物館南海行政辦公室",
        "address": "臺北市中正區南海路20號"
      }
    },
    {
      "type": "Feature",
      "geometry": {
        "type": "Point",
        "coordinates": [
          121.550034,
          25.051923
        ]
      },
      "properties": {
        "name": "To Do Fitness",
        "address": "臺北市松山區南京東路四段15號"
      }
    },
    {
      "type": "Feature",
      "geometry": {
        "type": "Point",
        "coordinates": [
          121.571911,
          24.995914
        ]
      },
      "properties": {
        "name": "臺北市立木柵高級工業職業學校",
        "address": "臺北市文山區木柵路四段77號"
      }
    },
    {
      "type": "Feature",
      "geometry": {
        "type": "Point",
        "coordinates": [
          121.527041,
          25.051864
        ]
      },
      "properties": {
        "name": "神旺商務酒店",
        "address": "臺北市中山區南京東路1段128號"
      }
    },
    {
      "type": "Feature",
      "geometry": {
        "type": "Point",
        "coordinates": [
          121.544425,
          25.059676
        ]
      },
      "properties": {
        "name": "Curves女性專用30分鐘健身中心復興民權店",
        "address": "臺北市松山區復興北路331號"
      }
    },
    {
      "type": "Feature",
      "geometry": {
        "type": "Point",
        "coordinates": [
          121.524667,
          25.060968
        ]
      },
      "properties": {
        "name": "Curves女性專用30分鐘健身中心中山錦州店",
        "address": "臺北市中山區中山北路二段115巷45號"
      }
    },
    {
      "type": "Feature",
      "geometry": {
        "type": "Point",
        "coordinates": [
          121.55767889635,
          25.063085194403
        ]
      },
      "properties": {
        "name": "華信航空股份有限公司",
        "address": "臺北市松山區台北市松山區敦化北路405巷123弄3號"
      }
    },
    {
      "type": "Feature",
      "geometry": {
        "type": "Point",
        "coordinates": [
          121.491591,
          25.027812
        ]
      },
      "properties": {
        "name": "雙園國中室內綜合球館-舞動陽光有限公司",
        "address": "臺北市萬華區西園路二段320巷55弄3號"
      }
    },
    {
      "type": "Feature",
      "geometry": {
        "type": "Point",
        "coordinates": [
          121.526323,
          25.029581
        ]
      },
      "properties": {
        "name": "Start Fitness",
        "address": "臺北市大安區金山南路二段134號"
      }
    },
    {
      "type": "Feature",
      "geometry": {
        "type": "Point",
        "coordinates": [
          121.549977,
          25.048645
        ]
      },
      "properties": {
        "name": "臺北巿松山運動中心",
        "address": "臺北市松山區敦化北路1號"
      }
    },
    {
      "type": "Feature",
      "geometry": {
        "type": "Point",
        "coordinates": [
          121.499571,
          25.021416
        ]
      },
      "properties": {
        "name": "臺北市私立光仁國民小學",
        "address": "臺北市萬華區萬大路423巷15號"
      }
    },
    {
      "type": "Feature",
      "geometry": {
        "type": "Point",
        "coordinates": [
          121.519078,
          25.10234
        ]
      },
      "properties": {
        "name": "國立傳統藝術中心臺灣戲曲中心",
        "address": "臺北市士林區文林路751號"
      }
    },
    {
      "type": "Feature",
      "geometry": {
        "type": "Point",
        "coordinates": [
          121.519078,
          25.10234
        ]
      },
      "properties": {
        "name": "國立傳統藝術中心臺灣戲曲中心",
        "address": "臺北市士林區文林路751號"
      }
    },
    {
      "type": "Feature",
      "geometry": {
        "type": "Point",
        "coordinates": [
          121.520049,
          25.102218
        ]
      },
      "properties": {
        "name": "國立傳統藝術中心臺灣音樂館",
        "address": "臺北市士林區文林路751號"
      }
    },
    {
      "type": "Feature",
      "geometry": {
        "type": "Point",
        "coordinates": [
          121.519078,
          25.10234
        ]
      },
      "properties": {
        "name": "國立傳統藝術中心臺灣戲曲中心",
        "address": "臺北市士林區文林路751號"
      }
    },
    {
      "type": "Feature",
      "geometry": {
        "type": "Point",
        "coordinates": [
          121.517489,
          25.044678
        ]
      },
      "properties": {
        "name": "衛生福利部中央健康保險署臺北業務組",
        "address": "臺北市中正區公園路15之1號"
      }
    },
    {
      "type": "Feature",
      "geometry": {
        "type": "Point",
        "coordinates": [
          121.598763,
          25.057129
        ]
      },
      "properties": {
        "name": "臺北市南港老人服務暨日間照顧中心",
        "address": "臺北市南港區重陽路187巷5號"
      }
    },
    {
      "type": "Feature",
      "geometry": {
        "type": "Point",
        "coordinates": [
          121.565955,
          25.034307
        ]
      },
      "properties": {
        "name": "微風置地股份有限公司南山分公司",
        "address": "臺北市信義區松智路17號"
      }
    },
    {
      "type": "Feature",
      "geometry": {
        "type": "Point",
        "coordinates": [
          121.565955,
          25.034307
        ]
      },
      "properties": {
        "name": "微風置地股份有限公司南山分公司",
        "address": "臺北市信義區松智路17號"
      }
    },
    {
      "type": "Feature",
      "geometry": {
        "type": "Point",
        "coordinates": [
          121.565955,
          25.034307
        ]
      },
      "properties": {
        "name": "微風置地股份有限公司南山分公司",
        "address": "臺北市信義區松智路17號"
      }
    },
    {
      "type": "Feature",
      "geometry": {
        "type": "Point",
        "coordinates": [
          121.54239546971,
          25.057985295994
        ]
      },
      "properties": {
        "name": "國立臺北大學民生校區",
        "address": "臺北市中山區民生東路3段67 號"
      }
    },
    {
      "type": "Feature",
      "geometry": {
        "type": "Point",
        "coordinates": [
          121.58806517591,
          25.069442561993
        ]
      },
      "properties": {
        "name": "內湖郵局",
        "address": "臺北市內湖區民權東路六段83號"
      }
    },
    {
      "type": "Feature",
      "geometry": {
        "type": "Point",
        "coordinates": [
          121.534155,
          25.02841
        ]
      },
      "properties": {
        "name": "森林跑站大安館",
        "address": "臺北市大安區新生南路二段60號"
      }
    },
    {
      "type": "Feature",
      "geometry": {
        "type": "Point",
        "coordinates": [
          121.582828,
          25.070544
        ]
      },
      "properties": {
        "name": "內政部警政署保安警察第六總隊第二大隊第四中隊",
        "address": "臺北市內湖區瑞光路63號"
      }
    },
    {
      "type": "Feature",
      "geometry": {
        "type": "Point",
        "coordinates": [
          121.53539099124,
          25.040368193859
        ]
      },
      "properties": {
        "name": "英雄豪傑體能訓練有限公司（YELLOW training studio）",
        "address": "臺北市大安區濟南路三段31號"
      }
    },
    {
      "type": "Feature",
      "geometry": {
        "type": "Point",
        "coordinates": [
          121.51148011877,
          25.047330538855
        ]
      },
      "properties": {
        "name": "臺北郵局快捷郵件科快捷收發股",
        "address": "臺北市中正區忠孝西路一段120號"
      }
    },
    {
      "type": "Feature",
      "geometry": {
        "type": "Point",
        "coordinates": [
          121.53178534619,
          25.071261226724
        ]
      },
      "properties": {
        "name": "臺北典藏植物園",
        "address": "臺北市中山區濱江街16號"
      }
    },
    {
      "type": "Feature",
      "geometry": {
        "type": "Point",
        "coordinates": [
          121.559673,
          24.997017
        ]
      },
      "properties": {
        "name": "臺北市文山運動中心",
        "address": "臺北市文山區興隆路三段222號"
      }
    },
    {
      "type": "Feature",
      "geometry": {
        "type": "Point",
        "coordinates": [
          121.557636,
          25.06304
        ]
      },
      "properties": {
        "name": "台灣虎航股份有限公司",
        "address": "臺北市松山區敦化北路405巷123弄3號"
      }
    },
    {
      "type": "Feature",
      "geometry": {
        "type": "Point",
        "coordinates": [
          121.557636,
          25.06304
        ]
      },
      "properties": {
        "name": "台灣虎航股份有限公司",
        "address": "臺北市松山區敦化北路405巷123弄3號"
      }
    },
    {
      "type": "Feature",
      "geometry": {
        "type": "Point",
        "coordinates": [
          121.563862,
          25.054159
        ]
      },
      "properties": {
        "name": "好習慣健康企業有限公司（好習慣運動教室)",
        "address": "臺北市松山區復興北路217號"
      }
    },
    {
      "type": "Feature",
      "geometry": {
        "type": "Point",
        "coordinates": [
          121.553897,
          25.080489
        ]
      },
      "properties": {
        "name": "台北美福大飯店",
        "address": "臺北市中山區樂群二路55號"
      }
    },
    {
      "type": "Feature",
      "geometry": {
        "type": "Point",
        "coordinates": [
          121.588976,
          25.077971
        ]
      },
      "properties": {
        "name": "臺北市私立文德女子高級中學",
        "address": "臺北市內湖區成功路3段70號"
      }
    },
    {
      "type": "Feature",
      "geometry": {
        "type": "Point",
        "coordinates": [
          121.546351,
          24.990149
        ]
      },
      "properties": {
        "name": "世新大學",
        "address": "臺北市文山區試院路148號"
      }
    },
    {
      "type": "Feature",
      "geometry": {
        "type": "Point",
        "coordinates": [
          121.548439,
          25.054305
        ]
      },
      "properties": {
        "name": "萬海航運股份有限公司(敦北辦公室)",
        "address": "臺北市松山區敦化北路122號"
      }
    },
    {
      "type": "Feature",
      "geometry": {
        "type": "Point",
        "coordinates": [
          121.544136,
          25.038513
        ]
      },
      "properties": {
        "name": "康博健康生技股份有限公司",
        "address": "臺北市大安區復興南路一段227號"
      }
    },
    {
      "type": "Feature",
      "geometry": {
        "type": "Point",
        "coordinates": [
          121.57428969053,
          25.167319540433
        ]
      },
      "properties": {
        "name": "陽明山國家公園擎天崗中央步道0.5K處牧場教育解說中心(亞洲形上觀音山揹水隊捐贈)",
        "address": "臺北市士林區菁山路101巷246號"
      }
    },
    {
      "type": "Feature",
      "geometry": {
        "type": "Point",
        "coordinates": [
          121.519489,
          25.026712
        ]
      },
      "properties": {
        "name": "臺北市政府工務局道路挖掘管理中心",
        "address": "臺北市中正區和平西路一段59號"
      }
    },
    {
      "type": "Feature",
      "geometry": {
        "type": "Point",
        "coordinates": [
          121.508934,
          25.121837
        ]
      },
      "properties": {
        "name": "臺北市政府工務局新建工程處養護工程隊第五分隊",
        "address": "臺北市北投區致遠三路158號"
      }
    },
    {
      "type": "Feature",
      "geometry": {
        "type": "Point",
        "coordinates": [
          121.51169,
          25.024133
        ]
      },
      "properties": {
        "name": "臺北市政府工務局新建工程處養護工程隊第三分隊",
        "address": "臺北市萬華區中華路二段680號"
      }
    },
    {
      "type": "Feature",
      "geometry": {
        "type": "Point",
        "coordinates": [
          121.52536779635,
          25.034755305474
        ]
      },
      "properties": {
        "name": "超越體能顧問有限公司東門門市",
        "address": "臺北市大安區信義路二段28號"
      }
    },
    {
      "type": "Feature",
      "geometry": {
        "type": "Point",
        "coordinates": [
          121.521664,
          25.034594
        ]
      },
      "properties": {
        "name": "台灣人壽保險股份有限公司(台北分公司)",
        "address": "臺北市中正區許昌街17號"
      }
    },
    {
      "type": "Feature",
      "geometry": {
        "type": "Point",
        "coordinates": [
          121.60643645329,
          25.073414659303
        ]
      },
      "properties": {
        "name": "大湖璞旅",
        "address": "臺北市內湖區成功路五段462號"
      }
    },
    {
      "type": "Feature",
      "geometry": {
        "type": "Point",
        "coordinates": [
          121.526287,
          25.078611
        ]
      },
      "properties": {
        "name": "財團法人臺灣敦睦聯誼會所屬作業組織圓山大飯店",
        "address": "臺北市中山區中山北路4段1巷1號"
      }
    },
    {
      "type": "Feature",
      "geometry": {
        "type": "Point",
        "coordinates": [
          121.593863,
          25.05542
        ]
      },
      "properties": {
        "name": "臺北市政府工務局新建工程處養護工程隊(南港保養場)",
        "address": "臺北市南港區向陽路139號"
      }
    },
    {
      "type": "Feature",
      "geometry": {
        "type": "Point",
        "coordinates": [
          121.50374713723,
          25.042387817563
        ]
      },
      "properties": {
        "name": "臺北市萬華區西門國民小學",
        "address": "臺北市萬華區成都路98號"
      }
    },
    {
      "type": "Feature",
      "geometry": {
        "type": "Point",
        "coordinates": [
          121.610897,
          25.066822
        ]
      },
      "properties": {
        "name": "南湖高中運動中心",
        "address": "臺北市內湖區康寧路三段220號"
      }
    },
    {
      "type": "Feature",
      "geometry": {
        "type": "Point",
        "coordinates": [
          121.507474,
          25.032802
        ]
      },
      "properties": {
        "name": "臺北市南海發展中心",
        "address": "臺北市中正區延平南路207號"
      }
    },
    {
      "type": "Feature",
      "geometry": {
        "type": "Point",
        "coordinates": [
          121.548438,
          25.04732
        ]
      },
      "properties": {
        "name": "元大金控大樓暨元大銀行",
        "address": "臺北市松山區敦化南路一段66號"
      }
    },
    {
      "type": "Feature",
      "geometry": {
        "type": "Point",
        "coordinates": [
          121.516874,
          25.049469
        ]
      },
      "properties": {
        "name": "台北君品大酒店",
        "address": "臺北市大同區承德路一段三號"
      }
    },
    {
      "type": "Feature",
      "geometry": {
        "type": "Point",
        "coordinates": [
          121.516874,
          25.049469
        ]
      },
      "properties": {
        "name": "台北君品大酒店",
        "address": "臺北市大同區承德路一段三號"
      }
    },
    {
      "type": "Feature",
      "geometry": {
        "type": "Point",
        "coordinates": [
          121.516874,
          25.049469
        ]
      },
      "properties": {
        "name": "台北君品大酒店",
        "address": "臺北市大同區承德路一段三號"
      }
    },
    {
      "type": "Feature",
      "geometry": {
        "type": "Point",
        "coordinates": [
          121.51767727848,
          25.046269638587
        ]
      },
      "properties": {
        "name": "臺北捷運台北車站R10",
        "address": "臺北市中正區忠孝西路1段49號"
      }
    },
    {
      "type": "Feature",
      "geometry": {
        "type": "Point",
        "coordinates": [
          121.579136,
          25.049634
        ]
      },
      "properties": {
        "name": "潤泰建設股份有限公司(CITYLINK松山貳號店)",
        "address": "臺北市松山區市民大道六段131號"
      }
    },
    {
      "type": "Feature",
      "geometry": {
        "type": "Point",
        "coordinates": [
          121.527217,
          25.1412
        ]
      },
      "properties": {
        "name": "陽明山臻愛樓",
        "address": "臺北市北投區泉源路220號"
      }
    },
    {
      "type": "Feature",
      "geometry": {
        "type": "Point",
        "coordinates": [
          121.60726,
          25.052896
        ]
      },
      "properties": {
        "name": "冠樺生活股份有限公司(環球購物中心南港車站店)",
        "address": "臺北市南港區忠孝東路七段371號"
      }
    },
    {
      "type": "Feature",
      "geometry": {
        "type": "Point",
        "coordinates": [
          121.54656171694,
          25.151491820418
        ]
      },
      "properties": {
        "name": "七星公園-苗圃涼亭(亞洲形上觀音山揹水隊捐贈)",
        "address": "臺北市北投區 "
      }
    },
    {
      "type": "Feature",
      "geometry": {
        "type": "Point",
        "coordinates": [
          121.55703922487,
          25.164056872282
        ]
      },
      "properties": {
        "name": "七星山公園-七星山公園廁所旁(亞洲形上觀音山揹水隊捐贈)",
        "address": "臺北市士林區 "
      }
    },
    {
      "type": "Feature",
      "geometry": {
        "type": "Point",
        "coordinates": [
          121.56400959688,
          25.165675076166
        ]
      },
      "properties": {
        "name": "七星公園-雙層涼亭(亞洲形上觀音山揹水隊捐贈)",
        "address": "臺北市士林區 "
      }
    },
    {
      "type": "Feature",
      "geometry": {
        "type": "Point",
        "coordinates": [
          121.587592,
          25.058787
        ]
      },
      "properties": {
        "name": "星宇航空股份有限公司",
        "address": "臺北市信義區忠孝東路四段525號"
      }
    },
    {
      "type": "Feature",
      "geometry": {
        "type": "Point",
        "coordinates": [
          121.587682,
          25.058805
        ]
      },
      "properties": {
        "name": "星宇航空股份有限公司",
        "address": "臺北市信義區忠孝東路四段525號"
      }
    },
    {
      "type": "Feature",
      "geometry": {
        "type": "Point",
        "coordinates": [
          121.58769004307,
          25.058842834071
        ]
      },
      "properties": {
        "name": "星宇航空股份有限公司",
        "address": "臺北市信義區忠孝東路四段525號"
      }
    },
    {
      "type": "Feature",
      "geometry": {
        "type": "Point",
        "coordinates": [
          121.567141,
          25.087817
        ]
      },
      "properties": {
        "name": "德明財經科技大學(綜合大樓)",
        "address": "臺北市內湖區環山路1段56號"
      }
    },
    {
      "type": "Feature",
      "geometry": {
        "type": "Point",
        "coordinates": [
          121.54068786871,
          25.154482920358
        ]
      },
      "properties": {
        "name": "臺北市北投區湖山里辦公處",
        "address": "臺北市北投區湖山路一段48之2號"
      }
    },
    {
      "type": "Feature",
      "geometry": {
        "type": "Point",
        "coordinates": [
          121.504,
          25.1382
        ]
      },
      "properties": {
        "name": "山水樂會館",
        "address": "臺北市北投區中和街20巷6號"
      }
    },
    {
      "type": "Feature",
      "geometry": {
        "type": "Point",
        "coordinates": [
          121.557636,
          25.06304
        ]
      },
      "properties": {
        "name": "台灣虎航股份有限公司",
        "address": "臺北市松山區敦化北路405巷123弄3號"
      }
    },
    {
      "type": "Feature",
      "geometry": {
        "type": "Point",
        "coordinates": [
          121.568944,
          24.98445
        ]
      },
      "properties": {
        "name": "故事工廠永安藝文館",
        "address": "臺北市文山區木新路二段156-1號"
      }
    },
    {
      "type": "Feature",
      "geometry": {
        "type": "Point",
        "coordinates": [
          121.522992,
          25.056177
        ]
      },
      "properties": {
        "name": "第一商業銀行信用卡處(中山大樓)",
        "address": "臺北市中山區中山北路二段61號"
      }
    },
    {
      "type": "Feature",
      "geometry": {
        "type": "Point",
        "coordinates": [
          121.610959,
          25.058472
        ]
      },
      "properties": {
        "name": "台灣飛利浦股份有限公司(台北)",
        "address": "臺北市信義區市民大道六段288號"
      }
    },
    {
      "type": "Feature",
      "geometry": {
        "type": "Point",
        "coordinates": [
          121.526121,
          25.067585
        ]
      },
      "properties": {
        "name": "跑者肌地有限公司(跑者肌地)",
        "address": "臺北市中山區新生北路三段84巷47號"
      }
    },
    {
      "type": "Feature",
      "geometry": {
        "type": "Point",
        "coordinates": [
          121.58754255953,
          25.036615538364
        ]
      },
      "properties": {
        "name": "四獸山-象山95峰(亞洲形上觀音山揹水隊捐贈)",
        "address": "臺北市信義區 "
      }
    },
    {
      "type": "Feature",
      "geometry": {
        "type": "Point",
        "coordinates": [
          121.5788789,
          24.9883029
        ]
      },
      "properties": {
        "name": "國立政治大學",
        "address": "臺北市文山區指南路2段64號"
      }
    },
    {
      "type": "Feature",
      "geometry": {
        "type": "Point",
        "coordinates": [
          121.567116,
          25.078695
        ]
      },
      "properties": {
        "name": "台灣之星電信股份有限公司",
        "address": "臺北市內湖區堤頂大道2段239號"
      }
    },
    {
      "type": "Feature",
      "geometry": {
        "type": "Point",
        "coordinates": [
          121.569343,
          25.188826
        ]
      },
      "properties": {
        "name": "馬槽花藝商行陽明營業所",
        "address": "臺北市士林區竹子湖路251巷20號"
      }
    },
    {
      "type": "Feature",
      "geometry": {
        "type": "Point",
        "coordinates": [
          121.498594,
          25.135034
        ]
      },
      "properties": {
        "name": "超力達工作室(臺北市健力訓練站)",
        "address": "臺北市北投區大同街137號"
      }
    },
    {
      "type": "Feature",
      "geometry": {
        "type": "Point",
        "coordinates": [
          121.579084,
          25.049267
        ]
      },
      "properties": {
        "name": "全球人壽保險股份有限公司",
        "address": "臺北市信義區市民大道六段288號"
      }
    },
    {
      "type": "Feature",
      "geometry": {
        "type": "Point",
        "coordinates": [
          121.522624,
          25.113142
        ]
      },
      "properties": {
        "name": "臺北市立北投幼兒園",
        "address": "臺北市北投區明德路208巷5號"
      }
    },
    {
      "type": "Feature",
      "geometry": {
        "type": "Point",
        "coordinates": [
          121.562701,
          25.167855
        ]
      },
      "properties": {
        "name": "陽明山國家公園冷水坑遊客服務站",
        "address": "臺北市士林區菁山路101巷170號"
      }
    },
    {
      "type": "Feature",
      "geometry": {
        "type": "Point",
        "coordinates": [
          121.52716071611,
          25.095383337728
        ]
      },
      "properties": {
        "name": "V Line Fitmess",
        "address": "臺北市士林區中正路187巷2號"
      }
    },
    {
      "type": "Feature",
      "geometry": {
        "type": "Point",
        "coordinates": [
          121.56277145238,
          24.987331522809
        ]
      },
      "properties": {
        "name": "臺北市文山區明道國民小學",
        "address": "臺北市文山區木柵路二段138巷61號"
      }
    },
    {
      "type": "Feature",
      "geometry": {
        "type": "Point",
        "coordinates": [
          121.524643,
          25.049954
        ]
      },
      "properties": {
        "name": "健生活 Living Fitness(艾斯克健身有限公司)",
        "address": "臺北市中山區林森北路96號"
      }
    },
    {
      "type": "Feature",
      "geometry": {
        "type": "Point",
        "coordinates": [
          121.545739,
          25.094421
        ]
      },
      "properties": {
        "name": "東吳大學(雙溪校區)",
        "address": "臺北市士林區臨溪路70號"
      }
    },
    {
      "type": "Feature",
      "geometry": {
        "type": "Point",
        "coordinates": [
          121.54937704562,
          25.026356097732
        ]
      },
      "properties": {
        "name": "亞東百貨股份有限公司遠企分公司",
        "address": "臺北市大安區敦化南路二段203號"
      }
    },
    {
      "type": "Feature",
      "geometry": {
        "type": "Point",
        "coordinates": [
          121.55766281022,
          25.063087622985
        ]
      },
      "properties": {
        "name": "華信航空股份有限公司",
        "address": "臺北市松山區台北市松山區敦化北路405巷123弄3號"
      }
    },
    {
      "type": "Feature",
      "geometry": {
        "type": "Point",
        "coordinates": [
          121.545523,
          25.040425
        ]
      },
      "properties": {
        "name": "金普頓大安酒店(KIMPTON DA NA HOTEL)",
        "address": "臺北市大安區仁愛路四段27巷25號"
      }
    },
    {
      "type": "Feature",
      "geometry": {
        "type": "Point",
        "coordinates": [
          121.594411,
          25.049134
        ]
      },
      "properties": {
        "name": "衛生福利部食品藥物管理署(昆陽大樓)",
        "address": "臺北市南港區昆陽街161之2號"
      }
    },
    {
      "type": "Feature",
      "geometry": {
        "type": "Point",
        "coordinates": [
          121.61161,
          25.048898
        ]
      },
      "properties": {
        "name": "衛生福利部食品藥物管理署(F棟)",
        "address": "臺北市南港區研究院路一段130巷109號"
      }
    },
    {
      "type": "Feature",
      "geometry": {
        "type": "Point",
        "coordinates": [
          121.50495060307,
          25.043267305925
        ]
      },
      "properties": {
        "name": "合作金庫商業銀行-西門分行",
        "address": "臺北市萬華區昆明街77號"
      }
    },
    {
      "type": "Feature",
      "geometry": {
        "type": "Point",
        "coordinates": [
          121.527753,
          25.137625
        ]
      },
      "properties": {
        "name": "椰子林溫泉會館",
        "address": "臺北市北投區行義路269號"
      }
    },
    {
      "type": "Feature",
      "geometry": {
        "type": "Point",
        "coordinates": [
          121.528991,
          25.139728
        ]
      },
      "properties": {
        "name": "櫻崗溫泉會館有限公司",
        "address": "臺北市北投區行義路300巷3之1號"
      }
    },
    {
      "type": "Feature",
      "geometry": {
        "type": "Point",
        "coordinates": [
          121.52962,
          25.141605
        ]
      },
      "properties": {
        "name": "山之林SPA溫泉美食餐廳",
        "address": "臺北市北投區行義路402巷15號"
      }
    },
    {
      "type": "Feature",
      "geometry": {
        "type": "Point",
        "coordinates": [
          121.564946,
          25.051162
        ]
      },
      "properties": {
        "name": "祿翊健康事業有限公司（FOCUS TRAINING專注訓練空間)",
        "address": "臺北市松山區南京東路五段208號"
      }
    },
    {
      "type": "Feature",
      "geometry": {
        "type": "Point",
        "coordinates": [
          121.51217,
          25.047901
        ]
      },
      "properties": {
        "name": "台北記憶倉庫",
        "address": "臺北市中正區忠孝西路一段265號"
      }
    },
    {
      "type": "Feature",
      "geometry": {
        "type": "Point",
        "coordinates": [
          121.525639,
          25.058537
        ]
      },
      "properties": {
        "name": "給力健身房林森店",
        "address": "臺北市中山區林森北路381號"
      }
    },
    {
      "type": "Feature",
      "geometry": {
        "type": "Point",
        "coordinates": [
          121.49753300128,
          25.037381208049
        ]
      },
      "properties": {
        "name": "臺北市立萬華幼兒園",
        "address": "臺北市中正區梧州街36號"
      }
    },
    {
      "type": "Feature",
      "geometry": {
        "type": "Point",
        "coordinates": [
          121.52936161385,
          25.115913870079
        ]
      },
      "properties": {
        "name": "台北美國學校",
        "address": "臺北市士林區11152 中山北路六段 800號"
      }
    },
    {
      "type": "Feature",
      "geometry": {
        "type": "Point",
        "coordinates": [
          121.53672915844,
          25.005297793103
        ]
      },
      "properties": {
        "name": "臺北市文山區萬福國民小學",
        "address": "臺北市文山區羅斯福路5段170巷32號"
      }
    },
    {
      "type": "Feature",
      "geometry": {
        "type": "Point",
        "coordinates": [
          121.547453,
          25.041026
        ]
      },
      "properties": {
        "name": "聖宜診所(忠孝)",
        "address": "臺北市大安區敦化南路一段232巷8號"
      }
    },
    {
      "type": "Feature",
      "geometry": {
        "type": "Point",
        "coordinates": [
          121.501381,
          25.044599
        ]
      },
      "properties": {
        "name": "豪景大酒店",
        "address": "臺北市萬華區環河南路一段77號"
      }
    },
    {
      "type": "Feature",
      "geometry": {
        "type": "Point",
        "coordinates": [
          121.501381,
          25.044599
        ]
      },
      "properties": {
        "name": "豪景大酒店",
        "address": "臺北市萬華區環河南路一段77號"
      }
    },
    {
      "type": "Feature",
      "geometry": {
        "type": "Point",
        "coordinates": [
          121.559673,
          24.997017
        ]
      },
      "properties": {
        "name": "臺北市文山運動中心",
        "address": "臺北市文山區興隆路三段222號"
      }
    },
    {
      "type": "Feature",
      "geometry": {
        "type": "Point",
        "coordinates": [
          121.536471,
          25.116177
        ]
      },
      "properties": {
        "name": "臺北市立大學天母校區",
        "address": "臺北市士林區忠誠路二段101號"
      }
    },
    {
      "type": "Feature",
      "geometry": {
        "type": "Point",
        "coordinates": [
          121.54828578467,
          25.04193861552
        ]
      },
      "properties": {
        "name": "菲律賓首都銀行台北分行",
        "address": "臺北市大安區忠孝東路四段107號"
      }
    },
    {
      "type": "Feature",
      "geometry": {
        "type": "Point",
        "coordinates": [
          121.596603,
          25.001125
        ]
      },
      "properties": {
        "name": "交通部高速公路局北區養護工程分局木柵工務段",
        "address": "臺北市文山區新光路2段100號"
      }
    },
    {
      "type": "Feature",
      "geometry": {
        "type": "Point",
        "coordinates": [
          121.598111,
          25.06466
        ]
      },
      "properties": {
        "name": "交通部高速公路局北區養護工程分局內湖工務段",
        "address": "臺北市內湖區民權東路6段206巷143弄93號"
      }
    },
    {
      "type": "Feature",
      "geometry": {
        "type": "Point",
        "coordinates": [
          121.509521,
          25.04542
        ]
      },
      "properties": {
        "name": "台糖台北會館",
        "address": "臺北市中正區光復里中華路一段39號"
      }
    },
    {
      "type": "Feature",
      "geometry": {
        "type": "Point",
        "coordinates": [
          121.528655,
          25.112997
        ]
      },
      "properties": {
        "name": "動動MoveMove體適能教室",
        "address": "臺北市士林區士東路９１巷３６號"
      }
    },
    {
      "type": "Feature",
      "geometry": {
        "type": "Point",
        "coordinates": [
          121.51083110866,
          25.043427838405
        ]
      },
      "properties": {
        "name": "合作金庫商業銀行集中作業中心",
        "address": "臺北市中正區延平南路85號"
      }
    },
    {
      "type": "Feature",
      "geometry": {
        "type": "Point",
        "coordinates": [
          121.563347,
          25.06164
        ]
      },
      "properties": {
        "name": "家福股份有限公司三民分公司(家樂福三民店)",
        "address": "臺北市松山區三民路160號"
      }
    },
    {
      "type": "Feature",
      "geometry": {
        "type": "Point",
        "coordinates": [
          121.508698,
          25.040286
        ]
      },
      "properties": {
        "name": "社團法人中華民國軍人之友社台北國軍英雄館",
        "address": "臺北市中正區長沙街1段20號"
      }
    },
    {
      "type": "Feature",
      "geometry": {
        "type": "Point",
        "coordinates": [
          121.515575,
          25.046495
        ]
      },
      "properties": {
        "name": "美亞商旅股份有限公司",
        "address": "臺北市中正區忠孝西路1段50號"
      }
    },
    {
      "type": "Feature",
      "geometry": {
        "type": "Point",
        "coordinates": [
          121.540594,
          25.162652
        ]
      },
      "properties": {
        "name": "內政部國家公園署陽明山國家公園管理處陽明書屋管理站",
        "address": "臺北市北投區台北市北投區中興路12號"
      }
    },
    {
      "type": "Feature",
      "geometry": {
        "type": "Point",
        "coordinates": [
          121.592613,
          25.132304
        ]
      },
      "properties": {
        "name": "陽明山國家公園天溪園生態教育中心",
        "address": "臺北市士林區至善路3段336巷45號"
      }
    },
    {
      "type": "Feature",
      "geometry": {
        "type": "Point",
        "coordinates": [
          121.507196,
          25.043824
        ]
      },
      "properties": {
        "name": "絕色影城股份有限公司",
        "address": "臺北市萬華區漢中街52號"
      }
    },
    {
      "type": "Feature",
      "geometry": {
        "type": "Point",
        "coordinates": [
          121.495496,
          25.013594
        ]
      },
      "properties": {
        "name": "台北漁產運銷股份有限公司",
        "address": "臺北市萬華區萬大路華中橋下堤外拍賣場"
      }
    },
    {
      "type": "Feature",
      "geometry": {
        "type": "Point",
        "coordinates": [
          121.521197,
          25.055752
        ]
      },
      "properties": {
        "name": "台北捷運行政大樓",
        "address": "臺北市中山區中山北路2段48巷7號"
      }
    },
    {
      "type": "Feature",
      "geometry": {
        "type": "Point",
        "coordinates": [
          121.525656,
          25.041874
        ]
      },
      "properties": {
        "name": "國立臺北商業大學",
        "address": "臺北市中正區濟南路一段321號"
      }
    },
    {
      "type": "Feature",
      "geometry": {
        "type": "Point",
        "coordinates": [
          121.54887700803,
          24.988923019894
        ]
      },
      "properties": {
        "name": "銓敘部",
        "address": "臺北市文山區試院路1-2號"
      }
    },
    {
      "type": "Feature",
      "geometry": {
        "type": "Point",
        "coordinates": [
          121.50689,
          25.135921
        ]
      },
      "properties": {
        "name": "日勝生加賀屋國際溫泉飯店",
        "address": "臺北市北投區光明路236號"
      }
    },
    {
      "type": "Feature",
      "geometry": {
        "type": "Point",
        "coordinates": [
          121.538874,
          25.011186
        ]
      },
      "properties": {
        "name": "臺北市民族實驗國民中學",
        "address": "臺北市大安區羅斯福路4段113巷13號"
      }
    },
    {
      "type": "Feature",
      "geometry": {
        "type": "Point",
        "coordinates": [
          121.551945,
          25.036522
        ]
      },
      "properties": {
        "name": "臺北市立仁愛國民中學(藍鯨游泳學校仁愛校區)",
        "address": "臺北市大安區仁愛路四段130號"
      }
    },
    {
      "type": "Feature",
      "geometry": {
        "type": "Point",
        "coordinates": [
          121.554505,
          25.025907
        ]
      },
      "properties": {
        "name": "臺北市私立喬治高級工商職業學校",
        "address": "臺北市信義區基隆路二段155號"
      }
    },
    {
      "type": "Feature",
      "geometry": {
        "type": "Point",
        "coordinates": [
          121.536162,
          25.057653
        ]
      },
      "properties": {
        "name": "國泰商旅股份有限公司民生分公司(和逸飯店台北民生館)",
        "address": "臺北市中山區民生東路二段178號"
      }
    },
    {
      "type": "Feature",
      "geometry": {
        "type": "Point",
        "coordinates": [
          121.566723,
          25.051139
        ]
      },
      "properties": {
        "name": "Xjumping 68跳床俱樂部南京店",
        "address": "臺北市松山區南京東路五段268號"
      }
    },
    {
      "type": "Feature",
      "geometry": {
        "type": "Point",
        "coordinates": [
          121.53565,
          25.04246
        ]
      },
      "properties": {
        "name": "國泰商旅股份有限公司忠孝分公司(和逸飯店台北忠孝館)",
        "address": "臺北市中正區忠孝東路1段31號"
      }
    },
    {
      "type": "Feature",
      "geometry": {
        "type": "Point",
        "coordinates": [
          121.514191,
          25.052151
        ]
      },
      "properties": {
        "name": "天龍興業股份有限公司(天龍三溫暖)",
        "address": "臺北市大同區重慶北路一段73號"
      }
    },
    {
      "type": "Feature",
      "geometry": {
        "type": "Point",
        "coordinates": [
          121.501374,
          25.033444
        ]
      },
      "properties": {
        "name": "艋舺就業服務站",
        "address": "臺北市萬華區艋舺大道101號"
      }
    },
    {
      "type": "Feature",
      "geometry": {
        "type": "Point",
        "coordinates": [
          121.571175,
          25.036078
        ]
      },
      "properties": {
        "name": "臺北市立興雅國民中學",
        "address": "臺北市信義區松德路168巷15號"
      }
    },
    {
      "type": "Feature",
      "geometry": {
        "type": "Point",
        "coordinates": [
          121.525007,
          25.104917
        ]
      },
      "properties": {
        "name": "天母國際聯誼會",
        "address": "臺北市士林區中山北路六段88號"
      }
    },
    {
      "type": "Feature",
      "geometry": {
        "type": "Point",
        "coordinates": [
          121.616441,
          25.06805
        ]
      },
      "properties": {
        "name": "斜槓人生實業有限公司（FITLAB健身試驗所)",
        "address": "臺北市內湖區東湖路126號"
      }
    },
    {
      "type": "Feature",
      "geometry": {
        "type": "Point",
        "coordinates": [
          121.556747,
          25.048003
        ]
      },
      "properties": {
        "name": "新動力體能顧問有限公司",
        "address": "臺北市松山區八德路三段212號"
      }
    },
    {
      "type": "Feature",
      "geometry": {
        "type": "Point",
        "coordinates": [
          121.54713771682,
          25.059191695592
        ]
      },
      "properties": {
        "name": "布勒斯運動顧問",
        "address": "臺北市中山區復興北路446號"
      }
    },
    {
      "type": "Feature",
      "geometry": {
        "type": "Point",
        "coordinates": [
          121.500866,
          25.138462
        ]
      },
      "properties": {
        "name": "飛健身合作社",
        "address": "臺北市北投區永興路一段32巷3弄14號"
      }
    },
    {
      "type": "Feature",
      "geometry": {
        "type": "Point",
        "coordinates": [
          121.550504,
          25.080141
        ]
      },
      "properties": {
        "name": "找時間動一動俱樂部",
        "address": "臺北市中山區明水路581巷25號"
      }
    },
    {
      "type": "Feature",
      "geometry": {
        "type": "Point",
        "coordinates": [
          121.524813,
          25.094737
        ]
      },
      "properties": {
        "name": "REFINE FITNESS",
        "address": "臺北市士林區中正路122號"
      }
    },
    {
      "type": "Feature",
      "geometry": {
        "type": "Point",
        "coordinates": [
          121.608457,
          25.03382
        ]
      },
      "properties": {
        "name": "中華學校財團法人中華科技大學",
        "address": "臺北市南港區研究院路3段245號"
      }
    },
    {
      "type": "Feature",
      "geometry": {
        "type": "Point",
        "coordinates": [
          121.608392,
          25.033163
        ]
      },
      "properties": {
        "name": "中華學校財團法人中華科技大學",
        "address": "臺北市南港區研究院路3段245號"
      }
    },
    {
      "type": "Feature",
      "geometry": {
        "type": "Point",
        "coordinates": [
          121.511894,
          25.031741
        ]
      },
      "properties": {
        "name": "國立臺灣藝術教育館-南海劇場",
        "address": "臺北市中正區南海路47號"
      }
    },
    {
      "type": "Feature",
      "geometry": {
        "type": "Point",
        "coordinates": [
          121.512606,
          25.045296
        ]
      },
      "properties": {
        "name": "元大銀行中正分行",
        "address": "臺北市中正區漢口街一段45號"
      }
    },
    {
      "type": "Feature",
      "geometry": {
        "type": "Point",
        "coordinates": [
          121.527813,
          25.094023
        ]
      },
      "properties": {
        "name": "Fun Fitness運動旅程 士林館",
        "address": "臺北市士林區中山北路5段519號"
      }
    },
    {
      "type": "Feature",
      "geometry": {
        "type": "Point",
        "coordinates": [
          121.541472,
          24.99202
        ]
      },
      "properties": {
        "name": "威利體有限公司",
        "address": "臺北市文山區景文街41號"
      }
    },
    {
      "type": "Feature",
      "geometry": {
        "type": "Point",
        "coordinates": [
          121.56583574194,
          25.040575839352
        ]
      },
      "properties": {
        "name": "時代國際飯店股份有限公司(台北W飯店)安全部",
        "address": "臺北市信義區忠孝東路5段10號"
      }
    },
    {
      "type": "Feature",
      "geometry": {
        "type": "Point",
        "coordinates": [
          121.526982,
          25.05908
        ]
      },
      "properties": {
        "name": "台北市中山區錦州街基地公共住宅新建工程",
        "address": "臺北市中山區吉林段三小段982地號"
      }
    },
    {
      "type": "Feature",
      "geometry": {
        "type": "Point",
        "coordinates": [
          121.5084,
          25.044476
        ]
      },
      "properties": {
        "name": "釋放體能工作室",
        "address": "臺北市萬華區昆明街79號"
      }
    },
    {
      "type": "Feature",
      "geometry": {
        "type": "Point",
        "coordinates": [
          121.561032,
          24.985844
        ]
      },
      "properties": {
        "name": "喬傑瑞國際有限公司(HIVE FITNESS瘋動健身工作室)",
        "address": "臺北市文山區興隆路四段54-8號"
      }
    },
    {
      "type": "Feature",
      "geometry": {
        "type": "Point",
        "coordinates": [
          121.574767,
          25.075678
        ]
      },
      "properties": {
        "name": "至上電子股份有限公司",
        "address": "臺北市內湖區港墘路189號"
      }
    },
    {
      "type": "Feature",
      "geometry": {
        "type": "Point",
        "coordinates": [
          121.531941,
          25.016753
        ]
      },
      "properties": {
        "name": "Fun Fitness運動旅程 公館館",
        "address": "臺北市中正區羅斯福路三段272號"
      }
    },
    {
      "type": "Feature",
      "geometry": {
        "type": "Point",
        "coordinates": [
          121.524579,
          25.054067
        ]
      },
      "properties": {
        "name": "晶華國際酒店股份有限公司",
        "address": "臺北市中山區中山北路2段39巷3號"
      }
    },
    {
      "type": "Feature",
      "geometry": {
        "type": "Point",
        "coordinates": [
          121.524244,
          25.054178
        ]
      },
      "properties": {
        "name": "晶華國際酒店股份有限公司",
        "address": "臺北市中山區中山北路2段39巷3號"
      }
    },
    {
      "type": "Feature",
      "geometry": {
        "type": "Point",
        "coordinates": [
          121.524244,
          25.054178
        ]
      },
      "properties": {
        "name": "晶華國際酒店股份有限公司",
        "address": "臺北市中山區中山北路2段39巷3號"
      }
    },
    {
      "type": "Feature",
      "geometry": {
        "type": "Point",
        "coordinates": [
          121.528306,
          25.05085
        ]
      },
      "properties": {
        "name": "健鑫體適能有限公司(FREE POWER 器材代購買賣)",
        "address": "臺北市中山區新生北路一段83號"
      }
    },
    {
      "type": "Feature",
      "geometry": {
        "type": "Point",
        "coordinates": [
          121.57279,
          25.075892
        ]
      },
      "properties": {
        "name": "F45 Training Neihu",
        "address": "臺北市內湖區瑞光路358巷38弄一號"
      }
    },
    {
      "type": "Feature",
      "geometry": {
        "type": "Point",
        "coordinates": [
          121.56688,
          25.039943
        ]
      },
      "properties": {
        "name": "時代國際飯店股份有限公司(台北W飯店)安全部",
        "address": "臺北市信義區忠孝東路5段10號"
      }
    },
    {
      "type": "Feature",
      "geometry": {
        "type": "Point",
        "coordinates": [
          120.283406,
          23.098584
        ]
      },
      "properties": {
        "name": "第一商業銀行延平大樓",
        "address": "臺北市中正區延平南路38號"
      }
    },
    {
      "type": "Feature",
      "geometry": {
        "type": "Point",
        "coordinates": [
          121.576252,
          25.041104
        ]
      },
      "properties": {
        "name": "第一商業銀行永春分行",
        "address": "臺北市信義區忠孝東路五段451號"
      }
    },
    {
      "type": "Feature",
      "geometry": {
        "type": "Point",
        "coordinates": [
          121.554714,
          25.041701
        ]
      },
      "properties": {
        "name": "第一商業銀行延吉分行",
        "address": "臺北市大安區忠孝東路四段289號"
      }
    },
    {
      "type": "Feature",
      "geometry": {
        "type": "Point",
        "coordinates": [
          121.590008,
          25.07958
        ]
      },
      "properties": {
        "name": "第一商業銀行內湖分行",
        "address": "臺北市內湖區成功路3段143、145號"
      }
    },
    {
      "type": "Feature",
      "geometry": {
        "type": "Point",
        "coordinates": [
          121.547848,
          25.057932
        ]
      },
      "properties": {
        "name": "第一商業銀行民生分行",
        "address": "臺北市松山區民生東路3段131號"
      }
    },
    {
      "type": "Feature",
      "geometry": {
        "type": "Point",
        "coordinates": [
          121.528598,
          25.051905
        ]
      },
      "properties": {
        "name": "第一商業銀行新生分行",
        "address": "臺北市中山區南京東路二段8號"
      }
    },
    {
      "type": "Feature",
      "geometry": {
        "type": "Point",
        "coordinates": [
          121.525036,
          25.048894
        ]
      },
      "properties": {
        "name": "第一商業銀行華山分行",
        "address": "臺北市中山區長安東路1段22號"
      }
    },
    {
      "type": "Feature",
      "geometry": {
        "type": "Point",
        "coordinates": [
          121.513307,
          25.041934
        ]
      },
      "properties": {
        "name": "第一商業銀行總行營業部",
        "address": "臺北市中正區重慶南路1段30號"
      }
    },
    {
      "type": "Feature",
      "geometry": {
        "type": "Point",
        "coordinates": [
          121.527387,
          25.104853
        ]
      },
      "properties": {
        "name": "第一商業銀行天母分行",
        "address": "臺北市士林區忠誠路一段62號"
      }
    },
    {
      "type": "Feature",
      "geometry": {
        "type": "Point",
        "coordinates": [
          121.549142,
          25.02525
        ]
      },
      "properties": {
        "name": "第一商業銀行敦化分行",
        "address": "臺北市大安區敦化南路2段267號"
      }
    },
    {
      "type": "Feature",
      "geometry": {
        "type": "Point",
        "coordinates": [
          121.565975,
          25.040671
        ]
      },
      "properties": {
        "name": "時代國際飯店股份有限公司(台北W飯店) 健身房",
        "address": "臺北市信義區忠孝東路5段10號"
      }
    },
    {
      "type": "Feature",
      "geometry": {
        "type": "Point",
        "coordinates": [
          121.53552924748,
          25.015019405499
        ]
      },
      "properties": {
        "name": "國立臺灣大學(校總區)",
        "address": "臺北市大安區羅斯福路4段1號"
      }
    },
    {
      "type": "Feature",
      "geometry": {
        "type": "Point",
        "coordinates": [
          121.54444672409,
          25.01651612371
        ]
      },
      "properties": {
        "name": "國立臺灣大學(長興校區)",
        "address": "臺北市大安區長興街50號"
      }
    },
    {
      "type": "Feature",
      "geometry": {
        "type": "Point",
        "coordinates": [
          121.53449517226,
          25.016373412285
        ]
      },
      "properties": {
        "name": "國立臺灣大學(校總區)",
        "address": "臺北市大安區羅斯福路4段1號"
      }
    },
    {
      "type": "Feature",
      "geometry": {
        "type": "Point",
        "coordinates": [
          121.54068448316,
          25.017279135785
        ]
      },
      "properties": {
        "name": "國立臺灣大學(校總區)",
        "address": "臺北市大安區羅斯福路4段1號"
      }
    },
    {
      "type": "Feature",
      "geometry": {
        "type": "Point",
        "coordinates": [
          121.54437242673,
          25.020324709768
        ]
      },
      "properties": {
        "name": "國立臺灣大學(校總區)",
        "address": "臺北市大安區羅斯福路4段1號"
      }
    },
    {
      "type": "Feature",
      "geometry": {
        "type": "Point",
        "coordinates": [
          121.53046308613,
          25.01399841326
        ]
      },
      "properties": {
        "name": "國立臺灣大學(水源校區)",
        "address": "臺北市中正區思源街18號"
      }
    },
    {
      "type": "Feature",
      "geometry": {
        "type": "Point",
        "coordinates": [
          121.52684450317,
          25.079261303644
        ]
      },
      "properties": {
        "name": "財團法人臺灣敦睦聯誼會所屬作業組織圓山大飯店",
        "address": "臺北市中山區中山北路4段1巷1號"
      }
    },
    {
      "type": "Feature",
      "geometry": {
        "type": "Point",
        "coordinates": [
          121.55767621533,
          25.063068194327
        ]
      },
      "properties": {
        "name": "華信航空股份有限公司",
        "address": "臺北市松山區台北市松山區敦化北路405巷123弄3號"
      }
    },
    {
      "type": "Feature",
      "geometry": {
        "type": "Point",
        "coordinates": [
          121.53946287199,
          25.019435661388
        ]
      },
      "properties": {
        "name": "國立臺灣大學(校總區)",
        "address": "臺北市大安區羅斯福路4段1號"
      }
    },
    {
      "type": "Feature",
      "geometry": {
        "type": "Point",
        "coordinates": [
          121.46458376308,
          25.12199732108
        ]
      },
      "properties": {
        "name": "馬偕學校財團法人馬偕醫護管理專科學校(關渡校區)",
        "address": "臺北市北投區聖景路92號"
      }
    },
    {
      "type": "Feature",
      "geometry": {
        "type": "Point",
        "coordinates": [
          121.52408914562,
          25.041690324207
        ]
      },
      "properties": {
        "name": "國立臺灣大學(校總區)",
        "address": "臺北市大安區羅斯福路4段1號"
      }
    },
    {
      "type": "Feature",
      "geometry": {
        "type": "Point",
        "coordinates": [
          121.53865611835,
          25.019664919804
        ]
      },
      "properties": {
        "name": "國立臺灣大學(校總區)",
        "address": "臺北市大安區羅斯福路4段1號"
      }
    },
    {
      "type": "Feature",
      "geometry": {
        "type": "Point",
        "coordinates": [
          121.5410330468,
          25.02057746922
        ]
      },
      "properties": {
        "name": "國立臺灣大學(校總區)",
        "address": "臺北市大安區羅斯福路4段1號"
      }
    },
    {
      "type": "Feature",
      "geometry": {
        "type": "Point",
        "coordinates": [
          121.5363120601,
          25.019641538098
        ]
      },
      "properties": {
        "name": "國立臺灣大學(校總區)",
        "address": "臺北市大安區羅斯福路4段1號"
      }
    },
    {
      "type": "Feature",
      "geometry": {
        "type": "Point",
        "coordinates": [
          121.52923517807,
          25.015117901172
        ]
      },
      "properties": {
        "name": "國立臺灣大學(水源校區)",
        "address": "臺北市中正區思源街18號"
      }
    },
    {
      "type": "Feature",
      "geometry": {
        "type": "Point",
        "coordinates": [
          121.54681902166,
          25.014999593859
        ]
      },
      "properties": {
        "name": "國立臺灣大學(長興校區)",
        "address": "臺北市大安區長興街50號"
      }
    },
    {
      "type": "Feature",
      "geometry": {
        "type": "Point",
        "coordinates": [
          121.53678354076,
          25.01851779988
        ]
      },
      "properties": {
        "name": "國立臺灣大學(校總區)",
        "address": "臺北市大安區羅斯福路4段1號"
      }
    },
    {
      "type": "Feature",
      "geometry": {
        "type": "Point",
        "coordinates": [
          121.469793,
          25.134869
        ]
      },
      "properties": {
        "name": "城市學校財團法人臺北城市科技大學",
        "address": "臺北市北投區學園路2號"
      }
    },
    {
      "type": "Feature",
      "geometry": {
        "type": "Point",
        "coordinates": [
          121.53933741935,
          25.046699479088
        ]
      },
      "properties": {
        "name": "彰化商業銀行中崙分行",
        "address": "臺北市中山區八德路二段201號"
      }
    },
    {
      "type": "Feature",
      "geometry": {
        "type": "Point",
        "coordinates": [
          121.46457035797,
          25.121994893667
        ]
      },
      "properties": {
        "name": "馬偕學校財團法人馬偕醫護管理專科學校(關渡校區)",
        "address": "臺北市北投區聖景路92號"
      }
    },
    {
      "type": "Feature",
      "geometry": {
        "type": "Point",
        "coordinates": [
          121.524512,
          25.104647
        ]
      },
      "properties": {
        "name": "太平洋崇光百貨股份有限公司天母分公司",
        "address": "臺北市士林區中山北路六段77號"
      }
    },
    {
      "type": "Feature",
      "geometry": {
        "type": "Point",
        "coordinates": [
          121.548298,
          25.040018
        ]
      },
      "properties": {
        "name": "太平洋崇光百貨股份有限公司敦化分公司",
        "address": "臺北市大安區敦化南路一段246號"
      }
    },
    {
      "type": "Feature",
      "geometry": {
        "type": "Point",
        "coordinates": [
          121.544591,
          25.042186
        ]
      },
      "properties": {
        "name": "太平洋崇光百貨股份有限公司",
        "address": "臺北市大安區忠孝東路四段45號"
      }
    },
    {
      "type": "Feature",
      "geometry": {
        "type": "Point",
        "coordinates": [
          121.542939,
          25.041136
        ]
      },
      "properties": {
        "name": "太平洋崇光百貨股份有限公司復興分公司",
        "address": "臺北市大安區忠孝東路三段300號"
      }
    },
    {
      "type": "Feature",
      "geometry": {
        "type": "Point",
        "coordinates": [
          121.541535,
          25.025329
        ]
      },
      "properties": {
        "name": "推動力體適能運動有限公司（PUSH Fitness)",
        "address": "臺北市大安區和平東路二段163號"
      }
    },
    {
      "type": "Feature",
      "geometry": {
        "type": "Point",
        "coordinates": [
          121.547395,
          25.0725
        ]
      },
      "properties": {
        "name": "長源汽車台北服務廠",
        "address": "臺北市中山區濱江街321號"
      }
    },
    {
      "type": "Feature",
      "geometry": {
        "type": "Point",
        "coordinates": [
          121.524852,
          25.072594
        ]
      },
      "properties": {
        "name": "臺北市立美術館",
        "address": "臺北市中山區中山北路三段181號"
      }
    },
    {
      "type": "Feature",
      "geometry": {
        "type": "Point",
        "coordinates": [
          121.529745,
          25.113727
        ]
      },
      "properties": {
        "name": "動動MOVEMOVE體適能教室-天母館",
        "address": "臺北市士林區士林區士東路91巷49號"
      }
    },
    {
      "type": "Feature",
      "geometry": {
        "type": "Point",
        "coordinates": [
          121.522318,
          25.044786
        ]
      },
      "properties": {
        "name": "台北寒舍喜來登大飯店",
        "address": "臺北市中正區忠孝東路1段12號"
      }
    },
    {
      "type": "Feature",
      "geometry": {
        "type": "Point",
        "coordinates": [
          121.53342859715,
          25.052573592582
        ]
      },
      "properties": {
        "name": "和泰汽車股份有限公司",
        "address": "臺北市中山區松江路121號"
      }
    },
    {
      "type": "Feature",
      "geometry": {
        "type": "Point",
        "coordinates": [
          121.51484372409,
          25.137990530143
        ]
      },
      "properties": {
        "name": "北投麗禧溫泉酒店",
        "address": "臺北市北投區幽雅路30號"
      }
    },
    {
      "type": "Feature",
      "geometry": {
        "type": "Point",
        "coordinates": [
          121.524852,
          25.072594
        ]
      },
      "properties": {
        "name": "臺北市立美術館",
        "address": "臺北市中山區中山北路三段181號"
      }
    },
    {
      "type": "Feature",
      "geometry": {
        "type": "Point",
        "coordinates": [
          121.522243,
          25.044742
        ]
      },
      "properties": {
        "name": "寒舍台北喜來登大飯店",
        "address": "臺北市中正區忠孝東路一段12號"
      }
    },
    {
      "type": "Feature",
      "geometry": {
        "type": "Point",
        "coordinates": [
          121.54980571496,
          25.0418121961
        ]
      },
      "properties": {
        "name": "傑克在健身（敦南館）",
        "address": "臺北市大安區忠孝東路四段147巷1號"
      }
    },
    {
      "type": "Feature",
      "geometry": {
        "type": "Point",
        "coordinates": [
          121.522318,
          25.044786
        ]
      },
      "properties": {
        "name": "台北寒舍喜來登大飯店",
        "address": "臺北市中正區忠孝東路1段12號"
      }
    },
    {
      "type": "Feature",
      "geometry": {
        "type": "Point",
        "coordinates": [
          121.53305503942,
          25.03523735249
        ]
      },
      "properties": {
        "name": "達康勁健康事業股份有限公司",
        "address": "臺北市大安區新生南路一段155號"
      }
    },
    {
      "type": "Feature",
      "geometry": {
        "type": "Point",
        "coordinates": [
          121.541498,
          25.041891
        ]
      },
      "properties": {
        "name": "AXIS FITNESS 亞西斯VIP私人健身會館",
        "address": "臺北市大安區忠孝東路三段249-1號"
      }
    },
    {
      "type": "Feature",
      "geometry": {
        "type": "Point",
        "coordinates": [
          121.523316,
          25.049707
        ]
      },
      "properties": {
        "name": "台北運動健身中心",
        "address": "臺北市中山區長安東路一段21號"
      }
    },
    {
      "type": "Feature",
      "geometry": {
        "type": "Point",
        "coordinates": [
          121.58317142664,
          25.078175219318
        ]
      },
      "properties": {
        "name": "曌躍股份有限公司",
        "address": "臺北市內湖區文德路108號"
      }
    },
    {
      "type": "Feature",
      "geometry": {
        "type": "Point",
        "coordinates": [
          121.5324,
          25.048574
        ]
      },
      "properties": {
        "name": "好時光松江樂園",
        "address": "臺北市大安區長安東路二段49號"
      }
    },
    {
      "type": "Feature",
      "geometry": {
        "type": "Point",
        "coordinates": [
          121.540351,
          25.052397
        ]
      },
      "properties": {
        "name": "好時光南京樂園",
        "address": "臺北市中山區龍江路96號"
      }
    },
    {
      "type": "Feature",
      "geometry": {
        "type": "Point",
        "coordinates": [
          121.567905,
          25.082385
        ]
      },
      "properties": {
        "name": "好時光西湖樂園",
        "address": "臺北市內湖區內湖路一段321號"
      }
    },
    {
      "type": "Feature",
      "geometry": {
        "type": "Point",
        "coordinates": [
          121.522626,
          25.063935
        ]
      },
      "properties": {
        "name": "好時光民權樂園",
        "address": "臺北市中正區中山區中山北路三段1號"
      }
    },
    {
      "type": "Feature",
      "geometry": {
        "type": "Point",
        "coordinates": [
          121.52322060075,
          25.048862833378
        ]
      },
      "properties": {
        "name": "柯達大飯店 台北天津",
        "address": "臺北市中山區中山北路一段53巷22號"
      }
    },
    {
      "type": "Feature",
      "geometry": {
        "type": "Point",
        "coordinates": [
          121.52698,
          25.144847
        ]
      },
      "properties": {
        "name": "臺北市私立惇敍高級工商職業學校",
        "address": "臺北市北投區泉源路221號"
      }
    },
    {
      "type": "Feature",
      "geometry": {
        "type": "Point",
        "coordinates": [
          121.59332710766,
          25.083108585376
        ]
      },
      "properties": {
        "name": "達新壯股份有限公司(Hypercore超核心健身中心台北內湖成功館)",
        "address": "臺北市內湖區成功路4段168號"
      }
    },
    {
      "type": "Feature",
      "geometry": {
        "type": "Point",
        "coordinates": [
          121.50222149235,
          25.137022819768
        ]
      },
      "properties": {
        "name": "列特博運動健身機構",
        "address": "臺北市北投區大業路700號"
      }
    },
    {
      "type": "Feature",
      "geometry": {
        "type": "Point",
        "coordinates": [
          121.56165308613,
          25.078022019852
        ]
      },
      "properties": {
        "name": "臺北市中山區濱江國民小學",
        "address": "臺北市中山區樂群二路266巷99號"
      }
    },
    {
      "type": "Feature",
      "geometry": {
        "type": "Point",
        "coordinates": [
          121.536327,
          25.050301
        ]
      },
      "properties": {
        "name": "PulseGym建國店",
        "address": "臺北市中山區建國北路一段96號"
      }
    },
    {
      "type": "Feature",
      "geometry": {
        "type": "Point",
        "coordinates": [
          121.519713,
          25.052635
        ]
      },
      "properties": {
        "name": "嘉和智能科技股份有限公司 中山營業處（PULSE GYM)中山店",
        "address": "臺北市大同區南京西路32號"
      }
    },
    {
      "type": "Feature",
      "geometry": {
        "type": "Point",
        "coordinates": [
          121.527229,
          25.018146
        ]
      },
      "properties": {
        "name": "傑瑞運動整合有限公司",
        "address": "臺北市中山區汀州路三段61號"
      }
    },
    {
      "type": "Feature",
      "geometry": {
        "type": "Point",
        "coordinates": [
          121.5241,
          25.055819
        ]
      },
      "properties": {
        "name": "初健身TRUE GYM",
        "address": "臺北市中山區中山北路二段59巷28號"
      }
    },
    {
      "type": "Feature",
      "geometry": {
        "type": "Point",
        "coordinates": [
          121.549793,
          25.041702
        ]
      },
      "properties": {
        "name": "YOGA EDITION",
        "address": "臺北市大安區忠孝東路四段151號"
      }
    },
    {
      "type": "Feature",
      "geometry": {
        "type": "Point",
        "coordinates": [
          121.5814644964,
          25.038395012045
        ]
      },
      "properties": {
        "name": "臺北市立浩然敬老院",
        "address": "臺北市信義區福德街84巷36號"
      }
    },
    {
      "type": "Feature",
      "geometry": {
        "type": "Point",
        "coordinates": [
          121.599957,
          25.056819
        ]
      },
      "properties": {
        "name": "和怡商旅股份有限公司",
        "address": "臺北市南港區重陽路122號"
      }
    },
    {
      "type": "Feature",
      "geometry": {
        "type": "Point",
        "coordinates": [
          121.614827,
          25.05938
        ]
      },
      "properties": {
        "name": "全真概念健康事業股份有限公司-南港分公司",
        "address": "臺北市南港區經貿二路188號"
      }
    },
    {
      "type": "Feature",
      "geometry": {
        "type": "Point",
        "coordinates": [
          121.5444000646,
          25.060592534266
        ]
      },
      "properties": {
        "name": "臺灣集中保管結算所股份有限公司",
        "address": "臺北市松山區復興北路363號"
      }
    },
    {
      "type": "Feature",
      "geometry": {
        "type": "Point",
        "coordinates": [
          121.543869,
          25.062783
        ]
      },
      "properties": {
        "name": "英屬維京群島商李肇勳國際室內設計顧問股份有限公司台灣分公司",
        "address": "臺北市中山區復興北路420號"
      }
    },
    {
      "type": "Feature",
      "geometry": {
        "type": "Point",
        "coordinates": [
          121.56645,
          25.044072
        ]
      },
      "properties": {
        "name": "加減健康管理顧問有限公司台北信義分公司",
        "address": "臺北市信義區基隆路一段135號"
      }
    },
    {
      "type": "Feature",
      "geometry": {
        "type": "Point",
        "coordinates": [
          121.538482,
          25.036291
        ]
      },
      "properties": {
        "name": "臺北市私立延平高級中學",
        "address": "臺北市大安區建國南路1段275號"
      }
    },
    {
      "type": "Feature",
      "geometry": {
        "type": "Point",
        "coordinates": [
          121.55412,
          25.041122
        ]
      },
      "properties": {
        "name": "PFC肌力與體能訓練",
        "address": "臺北市大安區忠孝東路四段250號"
      }
    },
    {
      "type": "Feature",
      "geometry": {
        "type": "Point",
        "coordinates": [
          121.577277,
          25.082189
        ]
      },
      "properties": {
        "name": "三健客體能顧問工作室",
        "address": "臺北市內湖區港華街18號"
      }
    },
    {
      "type": "Feature",
      "geometry": {
        "type": "Point",
        "coordinates": [
          121.553906,
          25.038108
        ]
      },
      "properties": {
        "name": "超越健身工坊",
        "address": "臺北市大安區仁愛路四段341號"
      }
    },
    {
      "type": "Feature",
      "geometry": {
        "type": "Point",
        "coordinates": [
          121.534541,
          25.025517
        ]
      },
      "properties": {
        "name": "運動皮質區體適能訓練所",
        "address": "臺北市大安區和平東路一段274之1號"
      }
    },
    {
      "type": "Feature",
      "geometry": {
        "type": "Point",
        "coordinates": [
          121.55724439197,
          25.052599541903
        ]
      },
      "properties": {
        "name": "Blitz",
        "address": "臺北市松山區光復北路129號"
      }
    },
    {
      "type": "Feature",
      "geometry": {
        "type": "Point",
        "coordinates": [
          121.499229,
          25.141857
        ]
      },
      "properties": {
        "name": "香港商世界健身事業有限公司北投中和分公司",
        "address": "臺北市北投區中和街366-1號"
      }
    },
    {
      "type": "Feature",
      "geometry": {
        "type": "Point",
        "coordinates": [
          121.553165,
          25.041953
        ]
      },
      "properties": {
        "name": "AT力場，絕對領域健康股份有限公司",
        "address": "臺北市大安區忠孝東路四段223巷10弄2號"
      }
    },
    {
      "type": "Feature",
      "geometry": {
        "type": "Point",
        "coordinates": [
          121.515472,
          25.052949
        ]
      },
      "properties": {
        "name": "臺北市大同區公所建功里里民活動場所",
        "address": "臺北市大同區重慶北路一段83巷37號"
      }
    },
    {
      "type": "Feature",
      "geometry": {
        "type": "Point",
        "coordinates": [
          121.546262,
          25.040895
        ]
      },
      "properties": {
        "name": "Goal Fitness 走！健身",
        "address": "臺北市大安區大安路一段85號"
      }
    },
    {
      "type": "Feature",
      "geometry": {
        "type": "Point",
        "coordinates": [
          121.548262,
          25.052651
        ]
      },
      "properties": {
        "name": "仙妮蕾德餐旅管理有限公司 茹曦酒店",
        "address": "臺北市松山區敦化北路100號"
      }
    },
    {
      "type": "Feature",
      "geometry": {
        "type": "Point",
        "coordinates": [
          121.604518,
          25.052558
        ]
      },
      "properties": {
        "name": "潤泰旭展股份有限公司(CITYLINK南港店)",
        "address": "臺北市南港區台北市南港區忠孝東路七段299號"
      }
    },
    {
      "type": "Feature",
      "geometry": {
        "type": "Point",
        "coordinates": [
          121.622085,
          25.038552
        ]
      },
      "properties": {
        "name": "BIG BOSS SPORTS CENTER大老闆運動中心",
        "address": "臺北市南港區舊莊街一段196號"
      }
    },
    {
      "type": "Feature",
      "geometry": {
        "type": "Point",
        "coordinates": [
          121.50426512882,
          25.040574515028
        ]
      },
      "properties": {
        "name": "CV玩家體適能訓練室(貴子體適能工作室)",
        "address": "臺北市萬華區昆明街222號"
      }
    },
    {
      "type": "Feature",
      "geometry": {
        "type": "Point",
        "coordinates": [
          121.543635,
          25.047122
        ]
      },
      "properties": {
        "name": "麥威肌力體能股份有限公司(MYWAY Fitness)",
        "address": "臺北市中山區復興南路一段2號"
      }
    },
    {
      "type": "Feature",
      "geometry": {
        "type": "Point",
        "coordinates": [
          121.5253603325,
          25.092620636855
        ]
      },
      "properties": {
        "name": "群康彼拉提斯(大東)",
        "address": "臺北市士林區大東路162號"
      }
    },
    {
      "type": "Feature",
      "geometry": {
        "type": "Point",
        "coordinates": [
          121.469293,
          25.119364
        ]
      },
      "properties": {
        "name": "關渡自然公園",
        "address": "臺北市北投區關渡路55號"
      }
    },
    {
      "type": "Feature",
      "geometry": {
        "type": "Point",
        "coordinates": [
          121.52215877883,
          25.031119751607
        ]
      },
      "properties": {
        "name": "台北市立中正國中游泳池",
        "address": "臺北市中正區愛國東路158號"
      }
    },
    {
      "type": "Feature",
      "geometry": {
        "type": "Point",
        "coordinates": [
          121.590844,
          25.06964
        ]
      },
      "properties": {
        "name": "良想貴工作室",
        "address": "臺北市內湖區成功路二段309號"
      }
    },
    {
      "type": "Feature",
      "geometry": {
        "type": "Point",
        "coordinates": [
          121.54287110586,
          25.045556569866
        ]
      },
      "properties": {
        "name": "萬泰物流供應鏈股份有限公司",
        "address": "臺北市中山區八德路二段308號"
      }
    },
    {
      "type": "Feature",
      "geometry": {
        "type": "Point",
        "coordinates": [
          121.523687,
          25.042334
        ]
      },
      "properties": {
        "name": "臺北市立成功高級中學",
        "address": "臺北市中正區濟南路一段71號"
      }
    },
    {
      "type": "Feature",
      "geometry": {
        "type": "Point",
        "coordinates": [
          121.491611,
          25.027829
        ]
      },
      "properties": {
        "name": "加勒比健康事業股份有限公司(日本伊藤萬台北艋舺校)",
        "address": "臺北市萬華區西園路二段320巷55弄3號"
      }
    },
    {
      "type": "Feature",
      "geometry": {
        "type": "Point",
        "coordinates": [
          121.576463,
          25.071724
        ]
      },
      "properties": {
        "name": "遊戲橘子數位科技股份有限公司",
        "address": "臺北市內湖區瑞湖街111號"
      }
    },
    {
      "type": "Feature",
      "geometry": {
        "type": "Point",
        "coordinates": [
          121.616194,
          25.051733
        ]
      },
      "properties": {
        "name": "Jessica’s fitness",
        "address": "臺北市南港區中南街140-5號"
      }
    },
    {
      "type": "Feature",
      "geometry": {
        "type": "Point",
        "coordinates": [
          121.550255,
          25.039282
        ]
      },
      "properties": {
        "name": "優競健身事業股份有限公司",
        "address": "臺北市大安區安和路一段27號"
      }
    },
    {
      "type": "Feature",
      "geometry": {
        "type": "Point",
        "coordinates": [
          121.550473,
          25.03932
        ]
      },
      "properties": {
        "name": "優競健身事業股份有限公司",
        "address": "臺北市大安區安和路一段27號"
      }
    },
    {
      "type": "Feature",
      "geometry": {
        "type": "Point",
        "coordinates": [
          121.53322762913,
          25.078553309797
        ]
      },
      "properties": {
        "name": "國民革命忠烈祠",
        "address": "臺北市中山區北安路139號"
      }
    },
    {
      "type": "Feature",
      "geometry": {
        "type": "Point",
        "coordinates": [
          121.543927,
          25.035513
        ]
      },
      "properties": {
        "name": "群安健康事業有限公司",
        "address": "臺北市中山區長春路368號"
      }
    },
    {
      "type": "Feature",
      "geometry": {
        "type": "Point",
        "coordinates": [
          121.52438117226,
          25.057398347425
        ]
      },
      "properties": {
        "name": "菲特邦健康管理",
        "address": "臺北市中山區中山北路二段77巷14號"
      }
    },
    {
      "type": "Feature",
      "geometry": {
        "type": "Point",
        "coordinates": [
          121.4906,
          25.029251
        ]
      },
      "properties": {
        "name": "臺北市市場處所屬公有環南市場改建工程主體工程",
        "address": "臺北市萬華區環河南路二段245號"
      }
    },
    {
      "type": "Feature",
      "geometry": {
        "type": "Point",
        "coordinates": [
          121.587582,
          25.058797
        ]
      },
      "properties": {
        "name": "星宇航空股份有限公司",
        "address": "臺北市信義區忠孝東路四段525號"
      }
    },
    {
      "type": "Feature",
      "geometry": {
        "type": "Point",
        "coordinates": [
          121.52707444818,
          25.054834831276
        ]
      },
      "properties": {
        "name": "香港商世界健身事業有限公司台北長春分公司",
        "address": "臺北市中山區長春路90號"
      }
    },
    {
      "type": "Feature",
      "geometry": {
        "type": "Point",
        "coordinates": [
          121.523074,
          25.061986
        ]
      },
      "properties": {
        "name": "柯達大飯店股份有限公司中山分公司",
        "address": "臺北市中山區中山北路二段139號"
      }
    },
    {
      "type": "Feature",
      "geometry": {
        "type": "Point",
        "coordinates": [
          121.523346,
          25.052813
        ]
      },
      "properties": {
        "name": "柯達大飯店台北一店",
        "address": "臺北市中山區中山北路二段11巷1號"
      }
    },
    {
      "type": "Feature",
      "geometry": {
        "type": "Point",
        "coordinates": [
          121.533459,
          25.05933
        ]
      },
      "properties": {
        "name": "柯達大飯店股份有限公司松江分公司",
        "address": "臺北市中山區松江路251號"
      }
    },
    {
      "type": "Feature",
      "geometry": {
        "type": "Point",
        "coordinates": [
          121.522377,
          25.044684
        ]
      },
      "properties": {
        "name": "台北寒舍喜來登大飯店",
        "address": "臺北市中正區忠孝東路1段12號"
      }
    },
    {
      "type": "Feature",
      "geometry": {
        "type": "Point",
        "coordinates": [
          121.55122408333,
          25.083757410535
        ]
      },
      "properties": {
        "name": "OPTiMAX動作重塑與肌力訓練",
        "address": "臺北市中山區明水路678號"
      }
    },
    {
      "type": "Feature",
      "geometry": {
        "type": "Point",
        "coordinates": [
          121.558182,
          25.03288
        ]
      },
      "properties": {
        "name": "狂潮健身事業有限公司",
        "address": "臺北市信義區信義路四段456號"
      }
    },
    {
      "type": "Feature",
      "geometry": {
        "type": "Point",
        "coordinates": [
          121.536437,
          25.055047
        ]
      },
      "properties": {
        "name": "Curves可爾姿 建國長春店",
        "address": "臺北市中山區建國北路二段74號"
      }
    },
    {
      "type": "Feature",
      "geometry": {
        "type": "Point",
        "coordinates": [
          121.55635226082,
          25.021079390693
        ]
      },
      "properties": {
        "name": "跨越體適能有限公司",
        "address": "臺北市信義區和平東路三段333號"
      }
    },
    {
      "type": "Feature",
      "geometry": {
        "type": "Point",
        "coordinates": [
          121.5750912356,
          25.07734251649
        ]
      },
      "properties": {
        "name": "宏匯瑞光廣場335號B棟",
        "address": "臺北市內湖區瑞光路335號"
      }
    },
    {
      "type": "Feature",
      "geometry": {
        "type": "Point",
        "coordinates": [
          121.517503,
          25.024734
        ]
      },
      "properties": {
        "name": "尋動率",
        "address": "臺北市中正區廈門街75-1號"
      }
    },
    {
      "type": "Feature",
      "geometry": {
        "type": "Point",
        "coordinates": [
          121.564992,
          24.987783
        ]
      },
      "properties": {
        "name": "有道工作室",
        "address": "臺北市文山區木柵路三段48巷1弄7號"
      }
    },
    {
      "type": "Feature",
      "geometry": {
        "type": "Point",
        "coordinates": [
          121.564352,
          25.061145
        ]
      },
      "properties": {
        "name": "Curves女性專用30分鐘健身中心民生圓環店",
        "address": "臺北市松山區富錦街505號"
      }
    },
    {
      "type": "Feature",
      "geometry": {
        "type": "Point",
        "coordinates": [
          121.52729590128,
          25.104915697078
        ]
      },
      "properties": {
        "name": "PQ FITNESS",
        "address": "臺北市士林區忠誠路一段60號"
      }
    },
    {
      "type": "Feature",
      "geometry": {
        "type": "Point",
        "coordinates": [
          121.52888163029,
          25.039164655904
        ]
      },
      "properties": {
        "name": "彰化商業銀行中正分行",
        "address": "臺北市中正區金山南路一段47號"
      }
    },
    {
      "type": "Feature",
      "geometry": {
        "type": "Point",
        "coordinates": [
          121.57545468178,
          25.049871987503
        ]
      },
      "properties": {
        "name": "台北健身院八德店",
        "address": "臺北市松山區台北市松山區八德路四段656號"
      }
    },
    {
      "type": "Feature",
      "geometry": {
        "type": "Point",
        "coordinates": [
          121.5016719905,
          25.090358639665
        ]
      },
      "properties": {
        "name": "臺北市士林區社子國民小學",
        "address": "臺北市士林區延平北路六段308號"
      }
    },
    {
      "type": "Feature",
      "geometry": {
        "type": "Point",
        "coordinates": [
          121.5491001292,
          25.020042557736
        ]
      },
      "properties": {
        "name": "臺北市大安區大安國民小學",
        "address": "臺北市大安區臥龍街129號"
      }
    },
    {
      "type": "Feature",
      "geometry": {
        "type": "Point",
        "coordinates": [
          121.5491001292,
          25.020049846039
        ]
      },
      "properties": {
        "name": "臺北市大安區大安國民小學",
        "address": "臺北市大安區臥龍街129號"
      }
    },
    {
      "type": "Feature",
      "geometry": {
        "type": "Point",
        "coordinates": [
          121.5246259628,
          25.095073734719
        ]
      },
      "properties": {
        "name": "臺北市溪山實驗國民小學",
        "address": "臺北市士林區至善路3段199號"
      }
    },
    {
      "type": "Feature",
      "geometry": {
        "type": "Point",
        "coordinates": [
          121.56117808613,
          24.981019009099
        ]
      },
      "properties": {
        "name": "臺北市文山區力行國民小學",
        "address": "臺北市文山區木新路三段155巷7號"
      }
    },
    {
      "type": "Feature",
      "geometry": {
        "type": "Point",
        "coordinates": [
          121.566757,
          25.036619
        ]
      },
      "properties": {
        "name": "新光三越百貨股份有限公司台北信義分公司三館",
        "address": "臺北市信義區松壽路9號"
      }
    },
    {
      "type": "Feature",
      "geometry": {
        "type": "Point",
        "coordinates": [
          121.559553,
          25.083544
        ]
      },
      "properties": {
        "name": "Hotel Indigo Taipei North 台北大直英迪格酒店",
        "address": "臺北市中山區植福路200號"
      }
    },
    {
      "type": "Feature",
      "geometry": {
        "type": "Point",
        "coordinates": [
          121.52701956715,
          25.090141603993
        ]
      },
      "properties": {
        "name": "TeamLift運動空間士林館",
        "address": "臺北市士林區文林路205號"
      }
    },
    {
      "type": "Feature",
      "geometry": {
        "type": "Point",
        "coordinates": [
          121.57444616768,
          25.076982388132
        ]
      },
      "properties": {
        "name": "宏匯瑞光廣場333號A棟",
        "address": "臺北市內湖區瑞光路333號"
      }
    },
    {
      "type": "Feature",
      "geometry": {
        "type": "Point",
        "coordinates": [
          121.518512081,
          25.035320922342
        ]
      },
      "properties": {
        "name": "國家表演藝術中心國家兩廳院(國家戲劇院)",
        "address": "臺北市中正區中山南路21-1號"
      }
    },
    {
      "type": "Feature",
      "geometry": {
        "type": "Point",
        "coordinates": [
          121.57125,
          24.992921
        ]
      },
      "properties": {
        "name": "臺北市指南實驗國民小學",
        "address": "臺北市文山區指南路三段38巷5-2號"
      }
    },
    {
      "type": "Feature",
      "geometry": {
        "type": "Point",
        "coordinates": [
          121.55255157883,
          25.119544592734
        ]
      },
      "properties": {
        "name": "臺北巿士林區陽明山國民小學",
        "address": "臺北市士林區仰德大道3段61號"
      }
    },
    {
      "type": "Feature",
      "geometry": {
        "type": "Point",
        "coordinates": [
          121.50102487667,
          25.135996834164
        ]
      },
      "properties": {
        "name": "臺北市私立薇閣國民小學",
        "address": "臺北市北投區育仁路106號"
      }
    },
    {
      "type": "Feature",
      "geometry": {
        "type": "Point",
        "coordinates": [
          121.563538,
          25.040171
        ]
      },
      "properties": {
        "name": "遠雄房地產發展股份有限公司",
        "address": "臺北市信義區基隆路一段200號"
      }
    },
    {
      "type": "Feature",
      "geometry": {
        "type": "Point",
        "coordinates": [
          121.521411,
          25.089668
        ]
      },
      "properties": {
        "name": "臺北市士林運動中心",
        "address": "臺北市士林區士商路一號"
      }
    },
    {
      "type": "Feature",
      "geometry": {
        "type": "Point",
        "coordinates": [
          121.54892746971,
          25.143324159093
        ]
      },
      "properties": {
        "name": "雀客國際酒店股份有限公司雀客藏居台北陽明山",
        "address": "臺北市士林區格致路237號"
      }
    },
    {
      "type": "Feature",
      "geometry": {
        "type": "Point",
        "coordinates": [
          121.543516,
          25.041865
        ]
      },
      "properties": {
        "name": "力平方有限公司",
        "address": "臺北市大安區忠孝東路三段303號"
      }
    },
    {
      "type": "Feature",
      "geometry": {
        "type": "Point",
        "coordinates": [
          121.499863,
          25.03335
        ]
      },
      "properties": {
        "name": "臺北市勞動力重建運用處",
        "address": "臺北市萬華區艋舺大道101號"
      }
    },
    {
      "type": "Feature",
      "geometry": {
        "type": "Point",
        "coordinates": [
          121.581773,
          25.063758
        ]
      },
      "properties": {
        "name": "久舜營造股份有限公司",
        "address": "臺北市內湖區新湖二路257號"
      }
    },
    {
      "type": "Feature",
      "geometry": {
        "type": "Point",
        "coordinates": [
          121.53935544818,
          25.009482327163
        ]
      },
      "properties": {
        "name": "蟾蜍山｜煥民新村",
        "address": "臺北市大安區羅斯福路四段119巷66弄12號"
      }
    },
    {
      "type": "Feature",
      "geometry": {
        "type": "Point",
        "coordinates": [
          121.50743028102,
          25.056675519744
        ]
      },
      "properties": {
        "name": "大稻埕碼頭貨櫃市集",
        "address": "臺北市大同區民生西路底(5號"
      }
    },
    {
      "type": "Feature",
      "geometry": {
        "type": "Point",
        "coordinates": [
          121.55368454803,
          25.041257728311
        ]
      },
      "properties": {
        "name": "her fitness她的專屬健身空間(忠孝店)",
        "address": "臺北市大安區忠孝東路四段226號"
      }
    },
    {
      "type": "Feature",
      "geometry": {
        "type": "Point",
        "coordinates": [
          121.53586601097,
          25.051872810031
        ]
      },
      "properties": {
        "name": "奧斯卡建設股份有限公司",
        "address": "臺北市中山區南京東路二段206號"
      }
    },
    {
      "type": "Feature",
      "geometry": {
        "type": "Point",
        "coordinates": [
          121.537862,
          25.0621
        ]
      },
      "properties": {
        "name": "香港商鈦澤集團有限公司-台灣分公司",
        "address": "臺北市中山區民權東路三段2-1號"
      }
    },
    {
      "type": "Feature",
      "geometry": {
        "type": "Point",
        "coordinates": [
          121.5257041292,
          25.110168977247
        ]
      },
      "properties": {
        "name": "Sweet*慢走體適能",
        "address": "臺北市士林區中山北路六段284號"
      }
    },
    {
      "type": "Feature",
      "geometry": {
        "type": "Point",
        "coordinates": [
          121.53928,
          25.029428
        ]
      },
      "properties": {
        "name": "建南區民活動中心",
        "address": "臺北市大安區信義路3段134巷82號"
      }
    },
    {
      "type": "Feature",
      "geometry": {
        "type": "Point",
        "coordinates": [
          121.49864634505,
          25.100252849853
        ]
      },
      "properties": {
        "name": "臺北市政府環境保護局北投垃圾焚化廠",
        "address": "臺北市北投區洲美街271號"
      }
    },
    {
      "type": "Feature",
      "geometry": {
        "type": "Point",
        "coordinates": [
          121.57360400225,
          25.079361069151
        ]
      },
      "properties": {
        "name": "冠競健康事業股份有限公司",
        "address": "臺北市內湖區洲子街55號"
      }
    },
    {
      "type": "Feature",
      "geometry": {
        "type": "Point",
        "coordinates": [
          121.529734,
          25.057855
        ]
      },
      "properties": {
        "name": "天天健體能訓練",
        "address": "臺北市中山區民生東路二段64號"
      }
    },
    {
      "type": "Feature",
      "geometry": {
        "type": "Point",
        "coordinates": [
          121.543226,
          25.03307
        ]
      },
      "properties": {
        "name": "楷沐好好股份有限公司",
        "address": "臺北市大安區信義路三段202號"
      }
    },
    {
      "type": "Feature",
      "geometry": {
        "type": "Point",
        "coordinates": [
          121.56394974713,
          25.165641639356
        ]
      },
      "properties": {
        "name": "雞心崙觀景平台﹝冷水坑遊客中心﹞-(亞洲形上觀音山揹水隊捐贈)",
        "address": "臺北市士林區 "
      }
    },
    {
      "type": "Feature",
      "geometry": {
        "type": "Point",
        "coordinates": [
          121.53137927233,
          25.068681336315
        ]
      },
      "properties": {
        "name": "新生公園游泳池",
        "address": "臺北市中山區新生北路三段105號"
      }
    },
    {
      "type": "Feature",
      "geometry": {
        "type": "Point",
        "coordinates": [
          121.58100421877,
          25.082887482227
        ]
      },
      "properties": {
        "name": "碧湖公園游泳池",
        "address": "臺北市內湖區內湖路二段103巷66號"
      }
    },
    {
      "type": "Feature",
      "geometry": {
        "type": "Point",
        "coordinates": [
          121.503806,
          25.038275
        ]
      },
      "properties": {
        "name": "財團法人台北市中華基督教青年會萬華會館",
        "address": "臺北市萬華區昆明街290號"
      }
    },
    {
      "type": "Feature",
      "geometry": {
        "type": "Point",
        "coordinates": [
          121.551905,
          25.021089
        ]
      },
      "properties": {
        "name": "嘉興區民活動中心",
        "address": "臺北市大安區樂業街97號"
      }
    },
    {
      "type": "Feature",
      "geometry": {
        "type": "Point",
        "coordinates": [
          121.5650636667,
          25.049736235038
        ]
      },
      "properties": {
        "name": "中國石油化學工業開發股份有限公司臺北營業所",
        "address": "臺北市松山區東興路12號"
      }
    },
    {
      "type": "Feature",
      "geometry": {
        "type": "Point",
        "coordinates": [
          121.518345,
          25.055749
        ]
      },
      "properties": {
        "name": "Circus Corner",
        "address": "臺北市大同區承德路二段67號"
      }
    },
    {
      "type": "Feature",
      "geometry": {
        "type": "Point",
        "coordinates": [
          121.52751,
          25.1219
        ]
      },
      "properties": {
        "name": "群康健康事業股份有限公司",
        "address": "臺北市士林區天母西路41巷2號"
      }
    },
    {
      "type": "Feature",
      "geometry": {
        "type": "Point",
        "coordinates": [
          121.51724956926,
          25.047377357898
        ]
      },
      "properties": {
        "name": "交通部臺灣鐵路管理局臺北運務段臺北站",
        "address": "臺北市中正區北平西路3號"
      }
    },
    {
      "type": "Feature",
      "geometry": {
        "type": "Point",
        "coordinates": [
          121.60390674463,
          25.082661981481
        ]
      },
      "properties": {
        "name": "大湖公園游泳池",
        "address": "臺北市內湖區成功路五段31號"
      }
    },
    {
      "type": "Feature",
      "geometry": {
        "type": "Point",
        "coordinates": [
          121.515506,
          25.045406
        ]
      },
      "properties": {
        "name": "站前聖宜診所",
        "address": "臺北市中正區許昌街42號"
      }
    },
    {
      "type": "Feature",
      "geometry": {
        "type": "Point",
        "coordinates": [
          121.539878,
          25.044319
        ]
      },
      "properties": {
        "name": "昌隆區民活動中心",
        "address": "臺北市大安區市民大道3段206號"
      }
    },
    {
      "type": "Feature",
      "geometry": {
        "type": "Point",
        "coordinates": [
          121.555014,
          25.03613
        ]
      },
      "properties": {
        "name": "光信區民活動中心",
        "address": "臺北市大安區延吉街236巷17號"
      }
    },
    {
      "type": "Feature",
      "geometry": {
        "type": "Point",
        "coordinates": [
          121.541423,
          25.028037
        ]
      },
      "properties": {
        "name": "瑞安區民活動中心",
        "address": "臺北市大安區瑞安街71巷2號"
      }
    },
    {
      "type": "Feature",
      "geometry": {
        "type": "Point",
        "coordinates": [
          121.59379403519,
          25.072246605251
        ]
      },
      "properties": {
        "name": "微風廣場實業股份有限公司三總分公司(微風三總商店街)",
        "address": "臺北市內湖區成功路二段325號"
      }
    },
    {
      "type": "Feature",
      "geometry": {
        "type": "Point",
        "coordinates": [
          121.529834,
          25.105257
        ]
      },
      "properties": {
        "name": "臺北市士林區雨農國民小學",
        "address": "臺北市士林區忠義街1號"
      }
    },
    {
      "type": "Feature",
      "geometry": {
        "type": "Point",
        "coordinates": [
          121.5327,
          25.022429
        ]
      },
      "properties": {
        "name": "辛亥區民活動中心",
        "address": "臺北市大安區辛亥路1段臨141號"
      }
    },
    {
      "type": "Feature",
      "geometry": {
        "type": "Point",
        "coordinates": [
          121.52627431304,
          25.031472658101
        ]
      },
      "properties": {
        "name": "中華郵政股份有限公司臺北郵件處理中心",
        "address": "臺北市大安區金山南路二段86號"
      }
    },
    {
      "type": "Feature",
      "geometry": {
        "type": "Point",
        "coordinates": [
          121.46194408651,
          25.120969412662
        ]
      },
      "properties": {
        "name": "大河之戀皇后號",
        "address": "臺北市北投區關渡碼頭"
      }
    },
    {
      "type": "Feature",
      "geometry": {
        "type": "Point",
        "coordinates": [
          121.59001544818,
          25.081947680815
        ]
      },
      "properties": {
        "name": "臺北市內湖區湖濱里區民活動中心",
        "address": "臺北市內湖區內湖路2段346號"
      }
    },
    {
      "type": "Feature",
      "geometry": {
        "type": "Point",
        "coordinates": [
          121.584762,
          25.07707
        ]
      },
      "properties": {
        "name": "臺北市內湖區紫陽里里民活動場所",
        "address": "臺北市內湖區文德路210巷30弄27號"
      }
    },
    {
      "type": "Feature",
      "geometry": {
        "type": "Point",
        "coordinates": [
          121.563933661,
          25.165640183451
        ]
      },
      "properties": {
        "name": "七星山主峰(冷水坑遊客服務站)-(亞洲形上觀音山揹水隊捐贈)",
        "address": "臺北市士林區 "
      }
    },
    {
      "type": "Feature",
      "geometry": {
        "type": "Point",
        "coordinates": [
          121.564359,
          25.038211
        ]
      },
      "properties": {
        "name": "臺北市政府市政大樓",
        "address": "臺北市信義區臺北市市府路1號"
      }
    },
    {
      "type": "Feature",
      "geometry": {
        "type": "Point",
        "coordinates": [
          121.525579,
          25.109536
        ]
      },
      "properties": {
        "name": "境力健康事業有限公司",
        "address": "臺北市士林區中山北路六段258號"
      }
    },
    {
      "type": "Feature",
      "geometry": {
        "type": "Point",
        "coordinates": [
          121.548324,
          25.021106
        ]
      },
      "properties": {
        "name": "柯達大飯店台北敦南",
        "address": "臺北市大安區敦化南路二段238號"
      }
    },
    {
      "type": "Feature",
      "geometry": {
        "type": "Point",
        "coordinates": [
          121.5149271938,
          25.031324309731
        ]
      },
      "properties": {
        "name": "永豐餘營運管理顧問股份有限公司(臺北市)",
        "address": "臺北市中正區重慶南路二段51號"
      }
    },
    {
      "type": "Feature",
      "geometry": {
        "type": "Point",
        "coordinates": [
          121.53427166305,
          25.04181176693
        ]
      },
      "properties": {
        "name": "和苑三井花園飯店 台北忠孝",
        "address": "臺北市大安區忠孝東路三段30號"
      }
    },
    {
      "type": "Feature",
      "geometry": {
        "type": "Point",
        "coordinates": [
          121.554541,
          24.988241
        ]
      },
      "properties": {
        "name": "臺北市文山區永建國民小學",
        "address": "臺北市文山區木柵路1段311巷1號"
      }
    },
    {
      "type": "Feature",
      "geometry": {
        "type": "Point",
        "coordinates": [
          121.523837,
          25.068251
        ]
      },
      "properties": {
        "name": "海克利斯運動器材有限公司",
        "address": "臺北市中山區民族東路10號"
      }
    },
    {
      "type": "Feature",
      "geometry": {
        "type": "Point",
        "coordinates": [
          121.50109591633,
          25.133909556131
        ]
      },
      "properties": {
        "name": "北投青磺名湯(沉逸齋有限公司)",
        "address": "臺北市北投區中央北路1段12號"
      }
    },
    {
      "type": "Feature",
      "geometry": {
        "type": "Point",
        "coordinates": [
          121.570091,
          25.081281
        ]
      },
      "properties": {
        "name": "南陽實業股份有限公司台北分公司 內湖服務廠",
        "address": "臺北市內湖區內湖路1段332號"
      }
    },
    {
      "type": "Feature",
      "geometry": {
        "type": "Point",
        "coordinates": [
          121.509732,
          25.111542
        ]
      },
      "properties": {
        "name": "南陽實業 現代汽車北投廠",
        "address": "臺北市北投區承德路七段95號"
      }
    },
    {
      "type": "Feature",
      "geometry": {
        "type": "Point",
        "coordinates": [
          121.534645,
          25.044526
        ]
      },
      "properties": {
        "name": "忠初我有限公司",
        "address": "臺北市松山區光復北路30號"
      }
    },
    {
      "type": "Feature",
      "geometry": {
        "type": "Point",
        "coordinates": [
          121.556423,
          25.041611
        ]
      },
      "properties": {
        "name": "合作金庫人壽保險股份有限公司",
        "address": "臺北市中山區南京東路二段85.87號"
      }
    },
    {
      "type": "Feature",
      "geometry": {
        "type": "Point",
        "coordinates": [
          121.56732991107,
          25.036053404448
        ]
      },
      "properties": {
        "name": "新光三越百貨股份有限公司台北信義分公司",
        "address": "臺北市信義區松壽路11號"
      }
    },
    {
      "type": "Feature",
      "geometry": {
        "type": "Point",
        "coordinates": [
          121.55405981022,
          24.999535645116
        ]
      },
      "properties": {
        "name": "Power Bank運動教室",
        "address": "臺北市文山區辛亥路五段35號"
      }
    },
    {
      "type": "Feature",
      "geometry": {
        "type": "Point",
        "coordinates": [
          121.5362609792,
          25.073441027248
        ]
      },
      "properties": {
        "name": "臺北市中山區大佳國民小學",
        "address": "臺北市中山區濱江街107號"
      }
    },
    {
      "type": "Feature",
      "geometry": {
        "type": "Point",
        "coordinates": [
          121.50764232888,
          25.13896871784
        ]
      },
      "properties": {
        "name": "財團法人台北市文化基金會北投中心新村",
        "address": "臺北市北投區新民路22巷9號"
      }
    },
    {
      "type": "Feature",
      "geometry": {
        "type": "Point",
        "coordinates": [
          121.565067,
          25.087688
        ]
      },
      "properties": {
        "name": "德明財經科技大學(綜合大樓)",
        "address": "臺北市內湖區環山路1段56號"
      }
    },
    {
      "type": "Feature",
      "geometry": {
        "type": "Point",
        "coordinates": [
          121.51567811689,
          25.046763676341
        ]
      },
      "properties": {
        "name": "天成大飯店",
        "address": "臺北市中正區忠孝西路一段四十三號"
      }
    },
    {
      "type": "Feature",
      "geometry": {
        "type": "Point",
        "coordinates": [
          121.545474,
          25.048797
        ]
      },
      "properties": {
        "name": "合作金庫商業銀行",
        "address": "臺北市松山區台北市松山區長安東路2段225號"
      }
    },
    {
      "type": "Feature",
      "geometry": {
        "type": "Point",
        "coordinates": [
          121.6029785891,
          25.057524358537
        ]
      },
      "properties": {
        "name": "統一速達股份有限公司",
        "address": "臺北市南港區重陽路200號"
      }
    },
    {
      "type": "Feature",
      "geometry": {
        "type": "Point",
        "coordinates": [
          121.514495,
          25.0467
        ]
      },
      "properties": {
        "name": "國家攝影文化中心",
        "address": "臺北市中正區忠孝西路一段70號"
      }
    },
    {
      "type": "Feature",
      "geometry": {
        "type": "Point",
        "coordinates": [
          121.587303,
          25.058612
        ]
      },
      "properties": {
        "name": "星宇航空股份有限公司",
        "address": "臺北市信義區忠孝東路四段525號"
      }
    },
    {
      "type": "Feature",
      "geometry": {
        "type": "Point",
        "coordinates": [
          121.515185,
          25.043675
        ]
      },
      "properties": {
        "name": "合作金庫資產管理股份有限公司",
        "address": "臺北市中正區館前路77號"
      }
    },
    {
      "type": "Feature",
      "geometry": {
        "type": "Point",
        "coordinates": [
          121.589978,
          25.079545
        ]
      },
      "properties": {
        "name": "上竣運動有限公司",
        "address": "臺北市內湖區成功路三段141號"
      }
    },
    {
      "type": "Feature",
      "geometry": {
        "type": "Point",
        "coordinates": [
          121.54135849124,
          25.052335282088
        ]
      },
      "properties": {
        "name": "JR東日本大飯店 台北",
        "address": "臺北市中山區南京東路三段133號"
      }
    },
    {
      "type": "Feature",
      "geometry": {
        "type": "Point",
        "coordinates": [
          121.54135581022,
          25.052357141242
        ]
      },
      "properties": {
        "name": "JR東日本大飯店 台北",
        "address": "臺北市中山區南京東路三段133號"
      }
    },
    {
      "type": "Feature",
      "geometry": {
        "type": "Point",
        "coordinates": [
          121.54136653431,
          25.052349854857
        ]
      },
      "properties": {
        "name": "JR東日本大飯店 台北",
        "address": "臺北市中山區南京東路三段133號"
      }
    },
    {
      "type": "Feature",
      "geometry": {
        "type": "Point",
        "coordinates": [
          121.54136117226,
          25.052349854857
        ]
      },
      "properties": {
        "name": "JR東日本大飯店 台北",
        "address": "臺北市中山區南京東路三段133號"
      }
    },
    {
      "type": "Feature",
      "geometry": {
        "type": "Point",
        "coordinates": [
          121.522525,
          25.056511
        ]
      },
      "properties": {
        "name": "心安實業(X-Fitstudio體適能健體空間)",
        "address": "臺北市中山區中山北路二段56號"
      }
    },
    {
      "type": "Feature",
      "geometry": {
        "type": "Point",
        "coordinates": [
          121.53322198248,
          25.048376656236
        ]
      },
      "properties": {
        "name": "柯達大飯店股份有限公司長安分公司",
        "address": "臺北市中山區松江路61-1號"
      }
    },
    {
      "type": "Feature",
      "geometry": {
        "type": "Point",
        "coordinates": [
          121.56061908613,
          25.051319240553
        ]
      },
      "properties": {
        "name": "RNA",
        "address": "臺北市松山區南京東路五段62號"
      }
    },
    {
      "type": "Feature",
      "geometry": {
        "type": "Point",
        "coordinates": [
          121.557989,
          25.047991
        ]
      },
      "properties": {
        "name": "JUNGLE CENTER",
        "address": "臺北市松山區台北市松山區光復南路1號"
      }
    },
    {
      "type": "Feature",
      "geometry": {
        "type": "Point",
        "coordinates": [
          121.57557268417,
          25.077841618335
        ]
      },
      "properties": {
        "name": "宏匯瑞光廣場337號C棟",
        "address": "臺北市內湖區瑞光路337號"
      }
    },
    {
      "type": "Feature",
      "geometry": {
        "type": "Point",
        "coordinates": [
          121.561351,
          25.044561
        ]
      },
      "properties": {
        "name": "誠品股份有限公司–誠品電影院",
        "address": "臺北市信義區菸廠路88號"
      }
    },
    {
      "type": "Feature",
      "geometry": {
        "type": "Point",
        "coordinates": [
          121.567273,
          25.038983
        ]
      },
      "properties": {
        "name": "微風置地股份有限公司松高分公司",
        "address": "臺北市信義區松高路16號"
      }
    },
    {
      "type": "Feature",
      "geometry": {
        "type": "Point",
        "coordinates": [
          121.56254765547,
          25.003416646148
        ]
      },
      "properties": {
        "name": "萬美社區管理委員會",
        "address": "臺北市文山區萬美街2段2巷1號"
      }
    },
    {
      "type": "Feature",
      "geometry": {
        "type": "Point",
        "coordinates": [
          121.5988960003,
          25.051704159571
        ]
      },
      "properties": {
        "name": "臺北流行音樂中心",
        "address": "臺北市南港區市民大道八段99號"
      }
    },
    {
      "type": "Feature",
      "geometry": {
        "type": "Point",
        "coordinates": [
          121.53565,
          25.04246
        ]
      },
      "properties": {
        "name": "國立臺北科技大學",
        "address": "臺北市大安區忠孝東路3 段1號"
      }
    },
    {
      "type": "Feature",
      "geometry": {
        "type": "Point",
        "coordinates": [
          121.53565,
          25.04246
        ]
      },
      "properties": {
        "name": "國立臺北科技大學",
        "address": "臺北市大安區忠孝東路3 段1號"
      }
    },
    {
      "type": "Feature",
      "geometry": {
        "type": "Point",
        "coordinates": [
          121.5344871292,
          25.016363694255
        ]
      },
      "properties": {
        "name": "國立臺灣大學(校總區)",
        "address": "臺北市大安區羅斯福路4段1號"
      }
    },
    {
      "type": "Feature",
      "geometry": {
        "type": "Point",
        "coordinates": [
          121.557662,
          25.0631
        ]
      },
      "properties": {
        "name": "台灣虎航股份有限公司",
        "address": "臺北市松山區敦化北路405巷123弄3號"
      }
    },
    {
      "type": "Feature",
      "geometry": {
        "type": "Point",
        "coordinates": [
          121.53565,
          25.04246
        ]
      },
      "properties": {
        "name": "國立臺北科技大學",
        "address": "臺北市大安區忠孝東路3 段1號"
      }
    },
    {
      "type": "Feature",
      "geometry": {
        "type": "Point",
        "coordinates": [
          121.5977815629,
          25.051502517312
        ]
      },
      "properties": {
        "name": "臺北流行音樂中心",
        "address": "臺北市南港區市民大道八段99號"
      }
    },
    {
      "type": "Feature",
      "geometry": {
        "type": "Point",
        "coordinates": [
          121.60015778881,
          25.051534775204
        ]
      },
      "properties": {
        "name": "臺北流行音樂中心",
        "address": "臺北市南港區市民大道八段99號"
      }
    },
    {
      "type": "Feature",
      "geometry": {
        "type": "Point",
        "coordinates": [
          121.53565,
          25.04246
        ]
      },
      "properties": {
        "name": "國立臺北科技大學",
        "address": "臺北市大安區忠孝東路3 段1號"
      }
    },
    {
      "type": "Feature",
      "geometry": {
        "type": "Point",
        "coordinates": [
          121.60002647142,
          25.051878274381
        ]
      },
      "properties": {
        "name": "臺北流行音樂中心",
        "address": "臺北市南港區市民大道八段99號"
      }
    },
    {
      "type": "Feature",
      "geometry": {
        "type": "Point",
        "coordinates": [
          121.53657138216,
          25.012820485081
        ]
      },
      "properties": {
        "name": "國立臺灣大學(校總區)",
        "address": "臺北市大安區羅斯福路4段1號"
      }
    },
    {
      "type": "Feature",
      "geometry": {
        "type": "Point",
        "coordinates": [
          121.53565,
          25.04246
        ]
      },
      "properties": {
        "name": "國立臺北科技大學",
        "address": "臺北市大安區忠孝東路3 段1號"
      }
    },
    {
      "type": "Feature",
      "geometry": {
        "type": "Point",
        "coordinates": [
          121.53841842045,
          25.02115187146
        ]
      },
      "properties": {
        "name": "國立臺灣大學(校總區)",
        "address": "臺北市大安區羅斯福路4段1號"
      }
    },
    {
      "type": "Feature",
      "geometry": {
        "type": "Point",
        "coordinates": [
          121.54335653057,
          25.020689790842
        ]
      },
      "properties": {
        "name": "國立臺灣大學(校總區)",
        "address": "臺北市大安區羅斯福路4段1號"
      }
    },
    {
      "type": "Feature",
      "geometry": {
        "type": "Point",
        "coordinates": [
          121.53385657428,
          25.016853257239
        ]
      },
      "properties": {
        "name": "國立臺灣大學(校總區)",
        "address": "臺北市大安區羅斯福路4段1號"
      }
    },
    {
      "type": "Feature",
      "geometry": {
        "type": "Point",
        "coordinates": [
          121.54158255978,
          25.018768861216
        ]
      },
      "properties": {
        "name": "國立臺灣大學(校總區)",
        "address": "臺北市大安區羅斯福路4段1號"
      }
    },
    {
      "type": "Feature",
      "geometry": {
        "type": "Point",
        "coordinates": [
          121.52301906008,
          25.041158379992
        ]
      },
      "properties": {
        "name": "國立臺灣大學(醫學校區)",
        "address": "臺北市中正區仁愛路1段1號"
      }
    },
    {
      "type": "Feature",
      "geometry": {
        "type": "Point",
        "coordinates": [
          121.53688609993,
          25.014819622085
        ]
      },
      "properties": {
        "name": "國立臺灣大學(校總區)",
        "address": "臺北市大安區羅斯福路4段1號"
      }
    },
    {
      "type": "Feature",
      "geometry": {
        "type": "Point",
        "coordinates": [
          121.54240015977,
          25.05284583767
        ]
      },
      "properties": {
        "name": "健身工廠長春廠",
        "address": "臺北市中山區遼寧街177號"
      }
    },
    {
      "type": "Feature",
      "geometry": {
        "type": "Point",
        "coordinates": [
          121.50683990552,
          25.023647529961
        ]
      },
      "properties": {
        "name": "青年公園游泳池",
        "address": "臺北市萬華區水源路199號"
      }
    },
    {
      "type": "Feature",
      "geometry": {
        "type": "Point",
        "coordinates": [
          121.563953,
          25.086912
        ]
      },
      "properties": {
        "name": "德明財經科技大學(綜合大樓)",
        "address": "臺北市內湖區環山路1段56號"
      }
    },
    {
      "type": "Feature",
      "geometry": {
        "type": "Point",
        "coordinates": [
          121.563953,
          25.086912
        ]
      },
      "properties": {
        "name": "德明財經科技大學(綜合大樓)",
        "address": "臺北市內湖區環山路1段56號"
      }
    },
    {
      "type": "Feature",
      "geometry": {
        "type": "Point",
        "coordinates": [
          121.565509,
          25.086536
        ]
      },
      "properties": {
        "name": "德明財經科技大學(綜合大樓)",
        "address": "臺北市內湖區環山路1段56號"
      }
    },
    {
      "type": "Feature",
      "geometry": {
        "type": "Point",
        "coordinates": [
          121.565509,
          25.086536
        ]
      },
      "properties": {
        "name": "德明財經科技大學(綜合大樓)",
        "address": "臺北市內湖區環山路1段56號"
      }
    },
    {
      "type": "Feature",
      "geometry": {
        "type": "Point",
        "coordinates": [
          121.56272946204,
          24.98828617608
        ]
      },
      "properties": {
        "name": "臺北市政府社會局委託財團法人伊甸社會福利基金會經營管理臺北市興隆照顧中心",
        "address": "臺北市文山區興隆路4段105巷45號"
      }
    },
    {
      "type": "Feature",
      "geometry": {
        "type": "Point",
        "coordinates": [
          121.5627482292,
          24.988288606143
        ]
      },
      "properties": {
        "name": "臺北市政府社會局委託財團法人伊甸社會福利基金會經營管理臺北市興隆照顧中心",
        "address": "臺北市文山區興隆路4段105巷45號"
      }
    },
    {
      "type": "Feature",
      "geometry": {
        "type": "Point",
        "coordinates": [
          121.530555,
          25.115072
        ]
      },
      "properties": {
        "name": "Bounce8",
        "address": "臺北市士林區天母東路8巷80號"
      }
    },
    {
      "type": "Feature",
      "geometry": {
        "type": "Point",
        "coordinates": [
          121.56628537576,
          24.966289106606
        ]
      },
      "properties": {
        "name": "慈音山莊休閒農場",
        "address": "臺北市文山區老泉街26巷11號"
      }
    },
    {
      "type": "Feature",
      "geometry": {
        "type": "Point",
        "coordinates": [
          121.56792337737,
          24.971198841295
        ]
      },
      "properties": {
        "name": "馥森梧桐墅（老泉休閒農場）",
        "address": "臺北市文山區老泉街26巷27號"
      }
    },
    {
      "type": "Feature",
      "geometry": {
        "type": "Point",
        "coordinates": [
          121.54390294664,
          25.036969932617
        ]
      },
      "properties": {
        "name": "好時光健身房大安樂園",
        "address": "臺北市大安區復興南路一段249號"
      }
    },
    {
      "type": "Feature",
      "geometry": {
        "type": "Point",
        "coordinates": [
          121.52526864307,
          25.107677846019
        ]
      },
      "properties": {
        "name": "coffit健身咖",
        "address": "臺北市士林區中山北路六段184號"
      }
    },
    {
      "type": "Feature",
      "geometry": {
        "type": "Point",
        "coordinates": [
          121.54124018652,
          24.991434329759
        ]
      },
      "properties": {
        "name": "Curves女性專用30分鐘健身中心景美店",
        "address": "臺北市文山區景文街46-1號"
      }
    },
    {
      "type": "Feature",
      "geometry": {
        "type": "Point",
        "coordinates": [
          121.53767409124,
          25.062127003429
        ]
      },
      "properties": {
        "name": "美商泰優股份有限公司台灣分公司",
        "address": "臺北市中山區民權東路三段2號"
      }
    },
    {
      "type": "Feature",
      "geometry": {
        "type": "Point",
        "coordinates": [
          121.5844616499,
          25.063765220776
        ]
      },
      "properties": {
        "name": "萬海航運股份有限公司(內湖辦公室)",
        "address": "臺北市內湖區新湖一路361號"
      }
    },
    {
      "type": "Feature",
      "geometry": {
        "type": "Point",
        "coordinates": [
          121.55456537031,
          25.050564598581
        ]
      },
      "properties": {
        "name": "育達高級中等學校-雙語國小/國中/高中部",
        "address": "臺北市松山區寧安街52號"
      }
    },
    {
      "type": "Feature",
      "geometry": {
        "type": "Point",
        "coordinates": [
          121.5617691467,
          24.9887469291
        ]
      },
      "properties": {
        "name": "臺北市政府社會局委託財團法人伊甸社會福利基金會經營管理臺北市興隆團體家庭",
        "address": "臺北市文山區木柵路2段138巷33號"
      }
    },
    {
      "type": "Feature",
      "geometry": {
        "type": "Point",
        "coordinates": [
          121.54479454052,
          25.062637996156
        ]
      },
      "properties": {
        "name": "擊客基地",
        "address": "臺北市松山區復興北路369號"
      }
    },
    {
      "type": "Feature",
      "geometry": {
        "type": "Point",
        "coordinates": [
          121.50628804216,
          25.037787642948
        ]
      },
      "properties": {
        "name": "家福股份有限公司台北桂林分公司(家樂福桂林店)",
        "address": "臺北市萬華區桂林路1號"
      }
    },
    {
      "type": "Feature",
      "geometry": {
        "type": "Point",
        "coordinates": [
          121.51308990088,
          25.043207820253
        ]
      },
      "properties": {
        "name": "虎鐵健身工作室",
        "address": "臺北市中正區重慶南路一段88號"
      }
    },
    {
      "type": "Feature",
      "geometry": {
        "type": "Point",
        "coordinates": [
          121.55778345621,
          25.063041479918
        ]
      },
      "properties": {
        "name": "華信航空股份有限公司",
        "address": "臺北市松山區台北市松山區敦化北路405巷123弄3號"
      }
    },
    {
      "type": "Feature",
      "geometry": {
        "type": "Point",
        "coordinates": [
          121.604383,
          25.061926
        ]
      },
      "properties": {
        "name": "臺北市政府環境保護局內湖垃圾焚化廠(葫蘆洲運動公園)",
        "address": "臺北市內湖區安康路228巷20號"
      }
    },
    {
      "type": "Feature",
      "geometry": {
        "type": "Point",
        "coordinates": [
          121.53111774818,
          25.052348552741
        ]
      },
      "properties": {
        "name": "元大人壽元泰廣場",
        "address": "臺北市中山區南京東路二段77號"
      }
    },
    {
      "type": "Feature",
      "geometry": {
        "type": "Point",
        "coordinates": [
          121.543579,
          24.993648
        ]
      },
      "properties": {
        "name": "臺北市立景美國民中學",
        "address": "臺北市文山區景中街27號"
      }
    },
    {
      "type": "Feature",
      "geometry": {
        "type": "Point",
        "coordinates": [
          121.537862,
          25.0621
        ]
      },
      "properties": {
        "name": "香港商鈦澤集團有限公司-台灣分公司",
        "address": "臺北市中山區民權東路三段2-1號"
      }
    },
    {
      "type": "Feature",
      "geometry": {
        "type": "Point",
        "coordinates": [
          121.53410876715,
          25.057729834414
        ]
      },
      "properties": {
        "name": "長榮海運股份有限公司(臺北市)",
        "address": "臺北市中山區民生東路二段166號"
      }
    },
    {
      "type": "Feature",
      "geometry": {
        "type": "Point",
        "coordinates": [
          121.52441330966,
          25.105752799928
        ]
      },
      "properties": {
        "name": "中鼎工程公司",
        "address": "臺北市士林區中山北路六段89號"
      }
    },
    {
      "type": "Feature",
      "geometry": {
        "type": "Point",
        "coordinates": [
          121.55485694924,
          24.983490361544
        ]
      },
      "properties": {
        "name": "臺北市立實踐國民中學",
        "address": "臺北市文山區辛亥路7段67號"
      }
    },
    {
      "type": "Feature",
      "geometry": {
        "type": "Point",
        "coordinates": [
          121.55606455712,
          24.983625257498
        ]
      },
      "properties": {
        "name": "臺北市立實踐國民中學",
        "address": "臺北市文山區辛亥路7段67號"
      }
    },
    {
      "type": "Feature",
      "geometry": {
        "type": "Point",
        "coordinates": [
          121.51684875647,
          25.047753835788
        ]
      },
      "properties": {
        "name": "交通部臺灣鐵路管理局臺北運務段臺北站",
        "address": "臺北市中正區北平西路3號"
      }
    },
    {
      "type": "Feature",
      "geometry": {
        "type": "Point",
        "coordinates": [
          121.53418613852,
          25.052218767752
        ]
      },
      "properties": {
        "name": "More Fit 松江店",
        "address": "臺北市中山區南京東路二段125號"
      }
    },
    {
      "type": "Feature",
      "geometry": {
        "type": "Point",
        "coordinates": [
          121.579242,
          25.041791
        ]
      },
      "properties": {
        "name": "Switch ON 妳的運動空間",
        "address": "臺北市信義區忠孝東路五段625號"
      }
    },
    {
      "type": "Feature",
      "geometry": {
        "type": "Point",
        "coordinates": [
          121.56458854815,
          25.058464589265
        ]
      },
      "properties": {
        "name": "Joysport樂適能運動",
        "address": "臺北市松山區民生東路五段206-6至8號"
      }
    },
    {
      "type": "Feature",
      "geometry": {
        "type": "Point",
        "coordinates": [
          121.504508,
          25.117058
        ]
      },
      "properties": {
        "name": "台北市中華基督教青年會唭哩岸會館",
        "address": "臺北市北投區承德路七段312號"
      }
    },
    {
      "type": "Feature",
      "geometry": {
        "type": "Point",
        "coordinates": [
          121.53930632438,
          25.044932946603
        ]
      },
      "properties": {
        "name": "WEEEFITNESS",
        "address": "臺北市中山區市民大道三段143號"
      }
    },
    {
      "type": "Feature",
      "geometry": {
        "type": "Point",
        "coordinates": [
          121.53726777729,
          25.052760444928
        ]
      },
      "properties": {
        "name": "漢普頓酒店",
        "address": "臺北市中山區建國北路二段7號"
      }
    },
    {
      "type": "Feature",
      "geometry": {
        "type": "Point",
        "coordinates": [
          121.56481574818,
          25.051272492671
        ]
      },
      "properties": {
        "name": "超人運動事業有限公司",
        "address": "臺北市松山區南京東路五段202號"
      }
    },
    {
      "type": "Feature",
      "geometry": {
        "type": "Point",
        "coordinates": [
          121.552014,
          25.041232
        ]
      },
      "properties": {
        "name": "明曜百貨股份有限公司",
        "address": "臺北市大安區忠孝東路4段200號"
      }
    },
    {
      "type": "Feature",
      "geometry": {
        "type": "Point",
        "coordinates": [
          121.56715854964,
          24.984847014841
        ]
      },
      "properties": {
        "name": "財團法人基督教臺北市私立伯大尼兒少家園",
        "address": "臺北市文山區保儀路129號"
      }
    },
    {
      "type": "Feature",
      "geometry": {
        "type": "Point",
        "coordinates": [
          121.55948404307,
          25.051274549957
        ]
      },
      "properties": {
        "name": "喜都(男仕)三溫暖",
        "address": "臺北市松山區南京東路五段38號"
      }
    },
    {
      "type": "Feature",
      "geometry": {
        "type": "Point",
        "coordinates": [
          121.51776164445,
          25.047863135605
        ]
      },
      "properties": {
        "name": "交通部臺灣鐵路管理局臺北運務段臺北站",
        "address": "臺北市中正區北平西路3號"
      }
    },
    {
      "type": "Feature",
      "geometry": {
        "type": "Point",
        "coordinates": [
          121.57435704307,
          25.058783315881
        ]
      },
      "properties": {
        "name": "和泰興業股份有限公司",
        "address": "臺北市內湖區新湖一路36巷18號"
      }
    },
    {
      "type": "Feature",
      "geometry": {
        "type": "Point",
        "coordinates": [
          121.5489739292,
          25.080216555712
        ]
      },
      "properties": {
        "name": "香港商世界健身事業有限公司大直北安分公司",
        "address": "臺北市中山區北安路554巷19號"
      }
    },
    {
      "type": "Feature",
      "geometry": {
        "type": "Point",
        "coordinates": [
          121.58738003045,
          25.058133562302
        ]
      },
      "properties": {
        "name": "星宇航空股份有限公司",
        "address": "臺北市信義區忠孝東路四段525號"
      }
    },
    {
      "type": "Feature",
      "geometry": {
        "type": "Point",
        "coordinates": [
          121.534617,
          25.116001
        ]
      },
      "properties": {
        "name": "臺北市立大學天母校區",
        "address": "臺北市士林區忠誠路二段101號"
      }
    },
    {
      "type": "Feature",
      "geometry": {
        "type": "Point",
        "coordinates": [
          121.577824,
          25.114503
        ]
      },
      "properties": {
        "name": "內雙溪自然中心",
        "address": "臺北市士林區至善路三段150巷27號"
      }
    },
    {
      "type": "Feature",
      "geometry": {
        "type": "Point",
        "coordinates": [
          121.5943264879,
          24.969159489002
        ]
      },
      "properties": {
        "name": "臺北市鐵觀音包種茶研發推廣中心",
        "address": "臺北市文山區指南路三段40巷8-2號"
      }
    },
    {
      "type": "Feature",
      "geometry": {
        "type": "Point",
        "coordinates": [
          121.49346150699,
          25.148613593215
        ]
      },
      "properties": {
        "name": "貴子坑露營場",
        "address": "臺北市北投區秀山路161號"
      }
    },
    {
      "type": "Feature",
      "geometry": {
        "type": "Point",
        "coordinates": [
          121.52845,
          25.080496
        ]
      },
      "properties": {
        "name": "圓山風景區藍鵲地景區",
        "address": "臺北市中山區中山北路4段1號"
      }
    },
    {
      "type": "Feature",
      "geometry": {
        "type": "Point",
        "coordinates": [
          121.548003,
          24.992613
        ]
      },
      "properties": {
        "name": "仙跡岩風景區仙岩廟",
        "address": "臺北市文山區景興路243巷"
      }
    },
    {
      "type": "Feature",
      "geometry": {
        "type": "Point",
        "coordinates": [
          121.55550157429,
          25.100256703143
        ]
      },
      "properties": {
        "name": "九蓮寺",
        "address": "臺北市士林區劍南路203巷6號"
      }
    },
    {
      "type": "Feature",
      "geometry": {
        "type": "Point",
        "coordinates": [
          121.57936608411,
          24.973035498889
        ]
      },
      "properties": {
        "name": "樟山寺",
        "address": "臺北市文山區老泉街45巷29號"
      }
    },
    {
      "type": "Feature",
      "geometry": {
        "type": "Point",
        "coordinates": [
          121.57111474968,
          25.027646908425
        ]
      },
      "properties": {
        "name": "象山步道代天殿靈雲宮",
        "address": "臺北市信義區信義路五段150巷22弄43號"
      }
    },
    {
      "type": "Feature",
      "geometry": {
        "type": "Point",
        "coordinates": [
          121.57430643209,
          25.032051665734
        ]
      },
      "properties": {
        "name": "台北市政府松德辦公大樓",
        "address": "臺北市信義區松德路300號"
      }
    },
    {
      "type": "Feature",
      "geometry": {
        "type": "Point",
        "coordinates": [
          121.57430911311,
          25.032063811718
        ]
      },
      "properties": {
        "name": "台北市政府松德辦公大樓",
        "address": "臺北市信義區松德路300號"
      }
    },
    {
      "type": "Feature",
      "geometry": {
        "type": "Point",
        "coordinates": [
          121.548262,
          25.052651
        ]
      },
      "properties": {
        "name": "宜家家居股份有限公司台北城市店小巨蛋分公司",
        "address": "臺北市松山區敦化北路100號"
      }
    },
    {
      "type": "Feature",
      "geometry": {
        "type": "Point",
        "coordinates": [
          121.548262,
          25.052651
        ]
      },
      "properties": {
        "name": "宜家家居股份有限公司台北城市店小巨蛋分公司",
        "address": "臺北市松山區敦化北路100號"
      }
    },
    {
      "type": "Feature",
      "geometry": {
        "type": "Point",
        "coordinates": [
          121.59042281022,
          25.037781127824
        ]
      },
      "properties": {
        "name": "北興宮步道之北興宮",
        "address": "臺北市南港區成福路272號"
      }
    },
    {
      "type": "Feature",
      "geometry": {
        "type": "Point",
        "coordinates": [
          121.62280810365,
          25.087270519904
        ]
      },
      "properties": {
        "name": "內溝溪生態展示館",
        "address": "臺北市內湖區康樂街236之3號"
      }
    },
    {
      "type": "Feature",
      "geometry": {
        "type": "Point",
        "coordinates": [
          121.52486770511,
          25.050694269918
        ]
      },
      "properties": {
        "name": "米鈦工作室",
        "address": "臺北市中山區林森北路100號"
      }
    },
    {
      "type": "Feature",
      "geometry": {
        "type": "Point",
        "coordinates": [
          121.5422140307,
          25.063969718676
        ]
      },
      "properties": {
        "name": "臺北市中山區五常國民小學",
        "address": "臺北市中山區五常街16號"
      }
    },
    {
      "type": "Feature",
      "geometry": {
        "type": "Point",
        "coordinates": [
          121.56443159124,
          25.05862083484
        ]
      },
      "properties": {
        "name": "香港商世界健身事業有限公司民生圓環分公司",
        "address": "臺北市松山區民生東路五段196號"
      }
    },
    {
      "type": "Feature",
      "geometry": {
        "type": "Point",
        "coordinates": [
          121.54417726259,
          25.046135258288
        ]
      },
      "properties": {
        "name": "微風廣場實業股份有限公司",
        "address": "臺北市松山區復興南路一段39號"
      }
    },
    {
      "type": "Feature",
      "geometry": {
        "type": "Point",
        "coordinates": [
          121.55449115073,
          25.033049021631
        ]
      },
      "properties": {
        "name": "黑松股份有限公司",
        "address": "臺北市大安區信義路四段296號"
      }
    },
    {
      "type": "Feature",
      "geometry": {
        "type": "Point",
        "coordinates": [
          121.58750644025,
          25.059104937316
        ]
      },
      "properties": {
        "name": "星宇航空股份有限公司",
        "address": "臺北市信義區忠孝東路四段525號"
      }
    },
    {
      "type": "Feature",
      "geometry": {
        "type": "Point",
        "coordinates": [
          120.44206185236,
          23.358285018046
        ]
      },
      "properties": {
        "name": "臺北市立南港高級工業職業學校",
        "address": "臺北市南港區興中路29號"
      }
    },
    {
      "type": "Feature",
      "geometry": {
        "type": "Point",
        "coordinates": [
          121.56765372409,
          24.987448426004
        ]
      },
      "properties": {
        "name": "臺北市立木柵國民中學",
        "address": "臺北市文山區木柵路3段102巷12號"
      }
    },
    {
      "type": "Feature",
      "geometry": {
        "type": "Point",
        "coordinates": [
          121.561478,
          24.998038
        ]
      },
      "properties": {
        "name": "臺灣警察專科學校",
        "address": "臺北市文山區興隆路三段153號"
      }
    },
    {
      "type": "Feature",
      "geometry": {
        "type": "Point",
        "coordinates": [
          121.56258246971,
          24.986411004485
        ]
      },
      "properties": {
        "name": "臺北市政府社會局老人自費安養中心",
        "address": "臺北市文山區興隆路4段109巷30弄6號"
      }
    },
    {
      "type": "Feature",
      "geometry": {
        "type": "Point",
        "coordinates": [
          121.53392238499,
          25.021139394068
        ]
      },
      "properties": {
        "name": "臺北市新生老人日間照顧中心",
        "address": "臺北市大安區新生南路三段52-5號"
      }
    },
    {
      "type": "Feature",
      "geometry": {
        "type": "Point",
        "coordinates": [
          121.56483681022,
          25.033763129302
        ]
      },
      "properties": {
        "name": "台北金融大樓股份有限公司(辦公大樓)",
        "address": "臺北市信義區信義路五段7號"
      }
    },
    {
      "type": "Feature",
      "geometry": {
        "type": "Point",
        "coordinates": [
          121.56485557737,
          25.033751363043
        ]
      },
      "properties": {
        "name": "台北金融大樓股份有限公司(辦公大樓)",
        "address": "臺北市信義區信義路五段7號"
      }
    },
    {
      "type": "Feature",
      "geometry": {
        "type": "Point",
        "coordinates": [
          121.5647268708,
          25.033768638115
        ]
      },
      "properties": {
        "name": "台北金融大樓股份有限公司(觀景台)",
        "address": "臺北市信義區信義路5段7號"
      }
    },
    {
      "type": "Feature",
      "geometry": {
        "type": "Point",
        "coordinates": [
          121.56399905947,
          25.033913211489
        ]
      },
      "properties": {
        "name": "台北金融大樓股份有限公司(購物中心)",
        "address": "臺北市信義區市府路45號"
      }
    },
    {
      "type": "Feature",
      "geometry": {
        "type": "Point",
        "coordinates": [
          121.5647618221,
          25.033961537892
        ]
      },
      "properties": {
        "name": "台北金融大樓股份有限公司(購物中心)",
        "address": "臺北市信義區市府路45號"
      }
    },
    {
      "type": "Feature",
      "geometry": {
        "type": "Point",
        "coordinates": [
          121.56481804307,
          25.033767987628
        ]
      },
      "properties": {
        "name": "台北金融大樓股份有限公司(辦公大樓)",
        "address": "臺北市信義區信義路五段7號"
      }
    },
    {
      "type": "Feature",
      "geometry": {
        "type": "Point",
        "coordinates": [
          121.56473491387,
          25.033757517103
        ]
      },
      "properties": {
        "name": "台北金融大樓股份有限公司(觀景台)",
        "address": "臺北市信義區信義路5段7號"
      }
    },
    {
      "type": "Feature",
      "geometry": {
        "type": "Point",
        "coordinates": [
          121.56451649671,
          25.033971511315
        ]
      },
      "properties": {
        "name": "台北金融大樓股份有限公司(購物中心)",
        "address": "臺北市信義區市府路45號"
      }
    },
    {
      "type": "Feature",
      "geometry": {
        "type": "Point",
        "coordinates": [
          121.56476315073,
          25.033760569058
        ]
      },
      "properties": {
        "name": "台北金融大樓股份有限公司(購物中心)",
        "address": "臺北市信義區市府路45號"
      }
    },
    {
      "type": "Feature",
      "geometry": {
        "type": "Point",
        "coordinates": [
          121.56402050765,
          25.034294589018
        ]
      },
      "properties": {
        "name": "台北金融大樓股份有限公司(購物中心)",
        "address": "臺北市信義區市府路45號"
      }
    },
    {
      "type": "Feature",
      "geometry": {
        "type": "Point",
        "coordinates": [
          121.56471882774,
          25.033767233755
        ]
      },
      "properties": {
        "name": "台北金融大樓股份有限公司(觀景台)",
        "address": "臺北市信義區信義路5段7號"
      }
    },
    {
      "type": "Feature",
      "geometry": {
        "type": "Point",
        "coordinates": [
          121.56427788576,
          25.034083252572
        ]
      },
      "properties": {
        "name": "台北金融大樓股份有限公司(購物中心)",
        "address": "臺北市信義區市府路45號"
      }
    },
    {
      "type": "Feature",
      "geometry": {
        "type": "Point",
        "coordinates": [
          121.56473223285,
          25.033767233755
        ]
      },
      "properties": {
        "name": "台北金融大樓股份有限公司(觀景台)",
        "address": "臺北市信義區信義路5段7號"
      }
    },
    {
      "type": "Feature",
      "geometry": {
        "type": "Point",
        "coordinates": [
          121.56470416825,
          25.033910782366
        ]
      },
      "properties": {
        "name": "台北金融大樓股份有限公司(購物中心)",
        "address": "臺北市信義區市府路45號"
      }
    },
    {
      "type": "Feature",
      "geometry": {
        "type": "Point",
        "coordinates": [
          121.56473223285,
          25.033762375429
        ]
      },
      "properties": {
        "name": "台北金融大樓股份有限公司(觀景台)",
        "address": "臺北市信義區信義路5段7號"
      }
    },
    {
      "type": "Feature",
      "geometry": {
        "type": "Point",
        "coordinates": [
          121.56484753431,
          25.033758270976
        ]
      },
      "properties": {
        "name": "台北金融大樓股份有限公司(辦公大樓)",
        "address": "臺北市信義區信義路五段7號"
      }
    },
    {
      "type": "Feature",
      "geometry": {
        "type": "Point",
        "coordinates": [
          121.56444142809,
          25.033930215608
        ]
      },
      "properties": {
        "name": "台北金融大樓股份有限公司(購物中心)",
        "address": "臺北市信義區市府路45號"
      }
    },
    {
      "type": "Feature",
      "geometry": {
        "type": "Point",
        "coordinates": [
          121.56409825728,
          25.034253293456
        ]
      },
      "properties": {
        "name": "台北金融大樓股份有限公司(購物中心)",
        "address": "臺北市信義區市府路45號"
      }
    },
    {
      "type": "Feature",
      "geometry": {
        "type": "Point",
        "coordinates": [
          121.5101501,
          25.055850936485
        ]
      },
      "properties": {
        "name": "第一銀行大稻埕分行",
        "address": "臺北市大同區迪化街一段63號"
      }
    },
    {
      "type": "Feature",
      "geometry": {
        "type": "Point",
        "coordinates": [
          121.52621278869,
          25.022756428148
        ]
      },
      "properties": {
        "name": "窩WoFITNESS",
        "address": "臺北市大安區羅斯福路三段79號"
      }
    },
    {
      "type": "Feature",
      "geometry": {
        "type": "Point",
        "coordinates": [
          121.58770210766,
          25.058831146114
        ]
      },
      "properties": {
        "name": "星宇航空股份有限公司",
        "address": "臺北市信義區忠孝東路四段525號"
      }
    },
    {
      "type": "Feature",
      "geometry": {
        "type": "Point",
        "coordinates": [
          121.58751716434,
          25.059092733253
        ]
      },
      "properties": {
        "name": "星宇航空股份有限公司",
        "address": "臺北市信義區忠孝東路四段525號"
      }
    },
    {
      "type": "Feature",
      "geometry": {
        "type": "Point",
        "coordinates": [
          121.52755676715,
          25.033860739
        ]
      },
      "properties": {
        "name": "芮宜股份有限公司",
        "address": "臺北市大安區信義路2段104號"
      }
    },
    {
      "type": "Feature",
      "geometry": {
        "type": "Point",
        "coordinates": [
          121.5553507292,
          25.051867707419
        ]
      },
      "properties": {
        "name": "唯欣健康股份有限公司",
        "address": "臺北市松山區南京東路四段137號"
      }
    },
    {
      "type": "Feature",
      "geometry": {
        "type": "Point",
        "coordinates": [
          121.52375786015,
          25.046594962995
        ]
      },
      "properties": {
        "name": "鴻鑫運動企業社",
        "address": "臺北市中正區忠孝東路一段15號"
      }
    },
    {
      "type": "Feature",
      "geometry": {
        "type": "Point",
        "coordinates": [
          121.5804546546,
          25.058211659787
        ]
      },
      "properties": {
        "name": "鎔德股份有限公司(內湖展示中心)",
        "address": "臺北市內湖區舊宗路一段36號"
      }
    },
    {
      "type": "Feature",
      "geometry": {
        "type": "Point",
        "coordinates": [
          121.57555444818,
          25.057255740164
        ]
      },
      "properties": {
        "name": "鎔德股份有限公司(行善服務中心)",
        "address": "臺北市內湖區行善路48巷9號"
      }
    },
    {
      "type": "Feature",
      "geometry": {
        "type": "Point",
        "coordinates": [
          121.58679822336,
          24.979619241647
        ]
      },
      "properties": {
        "name": "指南宮管理委員會",
        "address": "臺北市文山區萬壽路115號"
      }
    },
    {
      "type": "Feature",
      "geometry": {
        "type": "Point",
        "coordinates": [
          121.52217555616,
          25.043631349134
        ]
      },
      "properties": {
        "name": "臺北市非政府組織NGO會館",
        "address": "臺北市中正區青島東路8號"
      }
    },
    {
      "type": "Feature",
      "geometry": {
        "type": "Point",
        "coordinates": [
          121.56159345557,
          25.042185538511
        ]
      },
      "properties": {
        "name": "星宇航空股份有限公司",
        "address": "臺北市信義區忠孝東路四段525號"
      }
    },
    {
      "type": "Feature",
      "geometry": {
        "type": "Point",
        "coordinates": [
          121.52395404354,
          25.058657429142
        ]
      },
      "properties": {
        "name": "國家住宅及都市更新中心",
        "address": "臺北市中山區民生東路一段21號"
      }
    },
    {
      "type": "Feature",
      "geometry": {
        "type": "Point",
        "coordinates": [
          121.513696,
          25.053429
        ]
      },
      "properties": {
        "name": "臺北市政府身心障礙綜合服務中心",
        "address": "臺北市中山區長安西路5巷2號"
      }
    },
    {
      "type": "Feature",
      "geometry": {
        "type": "Point",
        "coordinates": [
          121.59486959617,
          25.048960421974
        ]
      },
      "properties": {
        "name": "現代化食品藥物國家級實驗大樓暨行政及訓練大樓興建工程",
        "address": "臺北市南港區昆陽街161-2號"
      }
    },
    {
      "type": "Feature",
      "geometry": {
        "type": "Point",
        "coordinates": [
          121.5328160874,
          25.123936183928
        ]
      },
      "properties": {
        "name": "楷穎運動國際有限公司",
        "address": "臺北市士林區中山北路七段156-1號"
      }
    },
    {
      "type": "Feature",
      "geometry": {
        "type": "Point",
        "coordinates": [
          121.52163165692,
          25.032723191166
        ]
      },
      "properties": {
        "name": "臺北市立中正國民中學",
        "address": "臺北市中正區愛國東路158號"
      }
    },
    {
      "type": "Feature",
      "geometry": {
        "type": "Point",
        "coordinates": [
          121.55546232398,
          25.062632179186
        ]
      },
      "properties": {
        "name": "台灣虎航股份有限公司",
        "address": "臺北市松山區敦化北路405巷123弄3號"
      }
    },
    {
      "type": "Feature",
      "geometry": {
        "type": "Point",
        "coordinates": [
          121.55546768603,
          25.062629750595
        ]
      },
      "properties": {
        "name": "台灣虎航股份有限公司",
        "address": "臺北市松山區敦化北路405巷123弄3號"
      }
    },
    {
      "type": "Feature",
      "geometry": {
        "type": "Point",
        "coordinates": [
          121.56587949324,
          25.084139951749
        ]
      },
      "properties": {
        "name": "臺北市內湖區西湖國民小學",
        "address": "臺北市內湖區環山路一段25號"
      }
    },
    {
      "type": "Feature",
      "geometry": {
        "type": "Point",
        "coordinates": [
          121.588549,
          25.068273545079
        ]
      },
      "properties": {
        "name": "臺北市內湖區新湖國民小學",
        "address": "臺北市內湖區民權東路6段138號"
      }
    },
    {
      "type": "Feature",
      "geometry": {
        "type": "Point",
        "coordinates": [
          121.52280426204,
          25.063645389732
        ]
      },
      "properties": {
        "name": "巨平方健身房",
        "address": "臺北市中山區中山北路二段183之5號"
      }
    },
    {
      "type": "Feature",
      "geometry": {
        "type": "Point",
        "coordinates": [
          121.49999084526,
          25.091209277712
        ]
      },
      "properties": {
        "name": "臺北市士林區社子國民小學",
        "address": "臺北市士林區延平北路六段308號"
      }
    },
    {
      "type": "Feature",
      "geometry": {
        "type": "Point",
        "coordinates": [
          121.56870785329,
          24.988601625523
        ]
      },
      "properties": {
        "name": "Curves 女性專用30分鐘健身中心文山保儀店",
        "address": "臺北市文山區保儀路11號"
      }
    },
    {
      "type": "Feature",
      "geometry": {
        "type": "Point",
        "coordinates": [
          121.46881890446,
          25.133644156986
        ]
      },
      "properties": {
        "name": "城市學校財團法人臺北城市科技大學",
        "address": "臺北市北投區學園路2號"
      }
    },
    {
      "type": "Feature",
      "geometry": {
        "type": "Point",
        "coordinates": [
          121.56652392929,
          25.054476021151
        ]
      },
      "properties": {
        "name": "臺北市政府社會局松山老人服務中心",
        "address": "臺北市松山區健康路317號"
      }
    },
    {
      "type": "Feature",
      "geometry": {
        "type": "Point",
        "coordinates": [
          121.58751314281,
          25.059101628313
        ]
      },
      "properties": {
        "name": "星宇航空股份有限公司",
        "address": "臺北市信義區忠孝東路四段525號"
      }
    },
    {
      "type": "Feature",
      "geometry": {
        "type": "Point",
        "coordinates": [
          121.512922,
          25.049598
        ]
      },
      "properties": {
        "name": "保證責任臺北市台北地下街場地利用合作社",
        "address": "臺北市中正區市民大道1段100號"
      }
    },
    {
      "type": "Feature",
      "geometry": {
        "type": "Point",
        "coordinates": [
          121.5521156811,
          25.041305165298
        ]
      },
      "properties": {
        "name": "觀示苑股份有限公司忠孝分公司",
        "address": "臺北市大安區忠孝東路四段200號"
      }
    },
    {
      "type": "Feature",
      "geometry": {
        "type": "Point",
        "coordinates": [
          121.55039661897,
          25.039219628522
        ]
      },
      "properties": {
        "name": "觀示苑股份有限公司附設臺北市私立觀示苑瑜珈技藝短期補習班敦化分班",
        "address": "臺北市大安區安和路一段27號"
      }
    },
    {
      "type": "Feature",
      "geometry": {
        "type": "Point",
        "coordinates": [
          121.53000559857,
          25.111448565146
        ]
      },
      "properties": {
        "name": "觀示苑股份有限公司天母分公司",
        "address": "臺北市士林區忠誠路2段二十一巷二十七號"
      }
    },
    {
      "type": "Feature",
      "geometry": {
        "type": "Point",
        "coordinates": [
          121.57728298351,
          25.041442725416
        ]
      },
      "properties": {
        "name": "永春活力館",
        "address": "臺北市信義區松山路342巷13號"
      }
    },
    {
      "type": "Feature",
      "geometry": {
        "type": "Point",
        "coordinates": [
          121.53783805329,
          25.063877094618
        ]
      },
      "properties": {
        "name": "榮星花園游泳池",
        "address": "臺北市中山區建國北路三段39號"
      }
    },
    {
      "type": "Feature",
      "geometry": {
        "type": "Point",
        "coordinates": [
          121.53787290657,
          25.063940161435
        ]
      },
      "properties": {
        "name": "榮星花園游泳池",
        "address": "臺北市中山區建國北路三段39號"
      }
    },
    {
      "type": "Feature",
      "geometry": {
        "type": "Point",
        "coordinates": [
          121.54469971958,
          25.03274648852
        ]
      },
      "properties": {
        "name": "合作金庫商業銀行-資訊部",
        "address": "臺北市大安區信義路四段30巷9號"
      }
    },
    {
      "type": "Feature",
      "geometry": {
        "type": "Point",
        "coordinates": [
          121.52168112874,
          25.034634915967
        ]
      },
      "properties": {
        "name": "國立中正紀念堂管理處",
        "address": "臺北市中正區中山南路21號"
      }
    },
    {
      "type": "Feature",
      "geometry": {
        "type": "Point",
        "coordinates": [
          121.52169185283,
          25.034637033
        ]
      },
      "properties": {
        "name": "國立中正紀念堂管理處",
        "address": "臺北市中正區中山南路21號"
      }
    },
    {
      "type": "Feature",
      "geometry": {
        "type": "Point",
        "coordinates": [
          121.57559092304,
          25.077896931446
        ]
      },
      "properties": {
        "name": "奇林樂活股份有限公司",
        "address": "臺北市內湖區瑞光路337號"
      }
    },
    {
      "type": "Feature",
      "geometry": {
        "type": "Point",
        "coordinates": [
          121.54187276971,
          25.048238791874
        ]
      },
      "properties": {
        "name": "永動定律健身訓練工作室",
        "address": "臺北市中山區長安東路二段204號"
      }
    },
    {
      "type": "Feature",
      "geometry": {
        "type": "Point",
        "coordinates": [
          121.53574010365,
          25.149915532814
        ]
      },
      "properties": {
        "name": "臺北市北投區湖山國民小學",
        "address": "臺北市北投區湖底路11號"
      }
    },
    {
      "type": "Feature",
      "geometry": {
        "type": "Point",
        "coordinates": [
          121.5748949292,
          25.061327890539
        ]
      },
      "properties": {
        "name": "美福食集",
        "address": "臺北市內湖區民善街128號"
      }
    },
    {
      "type": "Feature",
      "geometry": {
        "type": "Point",
        "coordinates": [
          121.58750644025,
          25.059091913622
        ]
      },
      "properties": {
        "name": "星宇航空股份有限公司",
        "address": "臺北市信義區忠孝東路四段525號"
      }
    },
    {
      "type": "Feature",
      "geometry": {
        "type": "Point",
        "coordinates": [
          121.52574344818,
          25.060837261692
        ]
      },
      "properties": {
        "name": "探索國際開股份有限公司新舍商旅林森分公司(新舍商旅xinshe_linsen)",
        "address": "臺北市中山區林森北路477號"
      }
    },
    {
      "type": "Feature",
      "geometry": {
        "type": "Point",
        "coordinates": [
          121.55029379095,
          25.05939934285
        ]
      },
      "properties": {
        "name": "玉山銀行股份有限公司(第二總部大樓A棟)",
        "address": "臺北市松山區敦化北路315號"
      }
    },
    {
      "type": "Feature",
      "geometry": {
        "type": "Point",
        "coordinates": [
          121.51109678869,
          25.043232281094
        ]
      },
      "properties": {
        "name": "玉山商業銀行股份有限公司(博愛大樓)",
        "address": "臺北市中正區永綏街5號"
      }
    },
    {
      "type": "Feature",
      "geometry": {
        "type": "Point",
        "coordinates": [
          121.54665540511,
          25.057981408534
        ]
      },
      "properties": {
        "name": "玉山商業銀行股份有限公司(總部大樓)",
        "address": "臺北市松山區民生東路3段115號"
      }
    },
    {
      "type": "Feature",
      "geometry": {
        "type": "Point",
        "coordinates": [
          121.55016521027,
          25.058813001864
        ]
      },
      "properties": {
        "name": "玉山銀行股份有限公司(第二總部大樓B棟)",
        "address": "臺北市松山區敦化北路313巷2號"
      }
    },
    {
      "type": "Feature",
      "geometry": {
        "type": "Point",
        "coordinates": [
          121.51952542664,
          25.06430927434
        ]
      },
      "properties": {
        "name": "玉山商業銀行股份有限公司(登峰大樓)",
        "address": "臺北市中山區撫順街四十一巷十三號"
      }
    },
    {
      "type": "Feature",
      "geometry": {
        "type": "Point",
        "coordinates": [
          121.52039610766,
          25.064334274332
        ]
      },
      "properties": {
        "name": "玉山商業銀行股份有限公司(科技大樓)",
        "address": "臺北市中山區天祥路86巷1號"
      }
    },
    {
      "type": "Feature",
      "geometry": {
        "type": "Point",
        "coordinates": [
          121.54329798976,
          25.034180815292
        ]
      },
      "properties": {
        "name": "進化論Evolution Fitness健身房",
        "address": "臺北市大安區復興南路一段380"
      }
    },
    {
      "type": "Feature",
      "geometry": {
        "type": "Point",
        "coordinates": [
          121.60470225115,
          25.053352239163
        ]
      },
      "properties": {
        "name": "瓶蓋工廠台北製造所",
        "address": "臺北市南港區南港路二段13號"
      }
    },
    {
      "type": "Feature",
      "geometry": {
        "type": "Point",
        "coordinates": [
          121.60384887342,
          25.0536319405
        ]
      },
      "properties": {
        "name": "瓶蓋工廠台北製造所",
        "address": "臺北市南港區南港路二段13號"
      }
    },
    {
      "type": "Feature",
      "geometry": {
        "type": "Point",
        "coordinates": [
          121.51764092156,
          25.048031035437
        ]
      },
      "properties": {
        "name": "微風場站開發股份有限公司",
        "address": "臺北市中正區北平西路3號"
      }
    },
    {
      "type": "Feature",
      "geometry": {
        "type": "Point",
        "coordinates": [
          121.58769942664,
          25.058831032271
        ]
      },
      "properties": {
        "name": "星宇航空股份有限公司",
        "address": "臺北市信義區忠孝東路四段525號"
      }
    },
    {
      "type": "Feature",
      "geometry": {
        "type": "Point",
        "coordinates": [
          121.58750644025,
          25.059094342293
        ]
      },
      "properties": {
        "name": "星宇航空股份有限公司",
        "address": "臺北市信義區忠孝東路四段525號"
      }
    },
    {
      "type": "Feature",
      "geometry": {
        "type": "Point",
        "coordinates": [
          121.58772891788,
          25.058841240259
        ]
      },
      "properties": {
        "name": "星宇航空股份有限公司",
        "address": "臺北市信義區忠孝東路四段525號"
      }
    },
    {
      "type": "Feature",
      "geometry": {
        "type": "Point",
        "coordinates": [
          121.58749276694,
          25.059085113373
        ]
      },
      "properties": {
        "name": "星宇航空股份有限公司",
        "address": "臺北市信義區忠孝東路四段525號"
      }
    },
    {
      "type": "Feature",
      "geometry": {
        "type": "Point",
        "coordinates": [
          121.58769540511,
          25.058852017464
        ]
      },
      "properties": {
        "name": "星宇航空股份有限公司",
        "address": "臺北市信義區忠孝東路四段525號"
      }
    },
    {
      "type": "Feature",
      "geometry": {
        "type": "Point",
        "coordinates": [
          121.58750965743,
          25.059092399356
        ]
      },
      "properties": {
        "name": "星宇航空股份有限公司",
        "address": "臺北市信義區忠孝東路四段525號"
      }
    },
    {
      "type": "Feature",
      "geometry": {
        "type": "Point",
        "coordinates": [
          121.58769540511,
          25.058820976073
        ]
      },
      "properties": {
        "name": "星宇航空股份有限公司",
        "address": "臺北市信義區忠孝東路四段525號"
      }
    },
    {
      "type": "Feature",
      "geometry": {
        "type": "Point",
        "coordinates": [
          121.56448813203,
          25.033991762799
        ]
      },
      "properties": {
        "name": "野村證券投資信託股份有限公司(臺北市)",
        "address": "臺北市信義區信義路5段7號"
      }
    },
    {
      "type": "Feature",
      "geometry": {
        "type": "Point",
        "coordinates": [
          121.57950226096,
          24.998315673679
        ]
      },
      "properties": {
        "name": "臺北捷運動物園站BR01",
        "address": "臺北市文山區新光路2段32號"
      }
    },
    {
      "type": "Feature",
      "geometry": {
        "type": "Point",
        "coordinates": [
          121.57323794199,
          24.998260945172
        ]
      },
      "properties": {
        "name": "臺北捷運木柵站BR02",
        "address": "臺北市文山區木柵路4段135號"
      }
    },
    {
      "type": "Feature",
      "geometry": {
        "type": "Point",
        "coordinates": [
          121.56834129455,
          24.998624945113
        ]
      },
      "properties": {
        "name": "臺北捷運萬芳社區站BR03",
        "address": "臺北市文山區萬芳路60號"
      }
    },
    {
      "type": "Feature",
      "geometry": {
        "type": "Point",
        "coordinates": [
          121.55798488286,
          24.999552545441
        ]
      },
      "properties": {
        "name": "臺北捷運萬芳醫院站BR04",
        "address": "臺北市文山區興隆路3段113號"
      }
    },
    {
      "type": "Feature",
      "geometry": {
        "type": "Point",
        "coordinates": [
          121.55686213322,
          25.005035455626
        ]
      },
      "properties": {
        "name": "臺北捷運辛亥站BR05",
        "address": "臺北市文山區辛亥路4段128號"
      }
    },
    {
      "type": "Feature",
      "geometry": {
        "type": "Point",
        "coordinates": [
          121.55886249381,
          25.018469640658
        ]
      },
      "properties": {
        "name": "臺北捷運麟光站BR06",
        "address": "臺北市大安區和平東路3段410號"
      }
    },
    {
      "type": "Feature",
      "geometry": {
        "type": "Point",
        "coordinates": [
          121.5531761398,
          25.023701188845
        ]
      },
      "properties": {
        "name": "臺北捷運六張犁站BR07",
        "address": "臺北市大安區和平東路3段168號"
      }
    },
    {
      "type": "Feature",
      "geometry": {
        "type": "Point",
        "coordinates": [
          121.54342358139,
          25.026020451683
        ]
      },
      "properties": {
        "name": "臺北捷運科技大樓站BR08",
        "address": "臺北市大安區復興南路2段235號"
      }
    },
    {
      "type": "Feature",
      "geometry": {
        "type": "Point",
        "coordinates": [
          121.54393332958,
          25.041244878387
        ]
      },
      "properties": {
        "name": "臺北捷運忠孝復興站BR10",
        "address": "臺北市大安區忠孝東路3段302號"
      }
    },
    {
      "type": "Feature",
      "geometry": {
        "type": "Point",
        "coordinates": [
          121.54361936461,
          25.03314286136
        ]
      },
      "properties": {
        "name": "臺北捷運大安站BR09",
        "address": "臺北市大安區信義路4段2號"
      }
    },
    {
      "type": "Feature",
      "geometry": {
        "type": "Point",
        "coordinates": [
          121.54404138727,
          25.052098027012
        ]
      },
      "properties": {
        "name": "臺北捷運南京復興站BR11",
        "address": "臺北市松山區南京東路3段253號"
      }
    },
    {
      "type": "Feature",
      "geometry": {
        "type": "Point",
        "coordinates": [
          121.5442019548,
          25.060752216967
        ]
      },
      "properties": {
        "name": "臺北捷運中山國中站BR12",
        "address": "臺北市中山區復興北路376號"
      }
    },
    {
      "type": "Feature",
      "geometry": {
        "type": "Point",
        "coordinates": [
          121.55194044818,
          25.063086547092
        ]
      },
      "properties": {
        "name": "臺北捷運松山機場站BR13",
        "address": "臺北市松山區敦化北路338號"
      }
    },
    {
      "type": "Feature",
      "geometry": {
        "type": "Point",
        "coordinates": [
          121.54686544818,
          25.079549397214
        ]
      },
      "properties": {
        "name": "臺北捷運大直站BR14",
        "address": "臺北市中山區北安路534-1號"
      }
    },
    {
      "type": "Feature",
      "geometry": {
        "type": "Point",
        "coordinates": [
          121.55555576715,
          25.084922538615
        ]
      },
      "properties": {
        "name": "臺北捷運劍南路站BR15",
        "address": "臺北市中山區北安路798號"
      }
    },
    {
      "type": "Feature",
      "geometry": {
        "type": "Point",
        "coordinates": [
          121.56718876715,
          25.082206539669
        ]
      },
      "properties": {
        "name": "臺北捷運西湖站BR16",
        "address": "臺北市內湖區內湖路1段256號"
      }
    },
    {
      "type": "Feature",
      "geometry": {
        "type": "Point",
        "coordinates": [
          121.57505349124,
          25.080083399265
        ]
      },
      "properties": {
        "name": "臺北捷運港墘站BR17",
        "address": "臺北市內湖區內湖路1段663號"
      }
    },
    {
      "type": "Feature",
      "geometry": {
        "type": "Point",
        "coordinates": [
          121.58472204307,
          25.078601969345
        ]
      },
      "properties": {
        "name": "臺北捷運文德站BR18",
        "address": "臺北市內湖區文德路214號"
      }
    },
    {
      "type": "Feature",
      "geometry": {
        "type": "Point",
        "coordinates": [
          121.59438140511,
          25.083736823596
        ]
      },
      "properties": {
        "name": "臺北捷運內湖站BR19",
        "address": "臺北市內湖區成功路4段186號"
      }
    },
    {
      "type": "Feature",
      "geometry": {
        "type": "Point",
        "coordinates": [
          121.60210876715,
          25.083919395344
        ]
      },
      "properties": {
        "name": "臺北捷運大湖公園站BR20",
        "address": "臺北市內湖區成功路5段11號"
      }
    },
    {
      "type": "Feature",
      "geometry": {
        "type": "Point",
        "coordinates": [
          121.60713781022,
          25.072763258163
        ]
      },
      "properties": {
        "name": "臺北捷運葫洲站BR21",
        "address": "臺北市內湖區康寧路3段16號"
      }
    },
    {
      "type": "Feature",
      "geometry": {
        "type": "Point",
        "coordinates": [
          121.61150176715,
          25.067311831456
        ]
      },
      "properties": {
        "name": "臺北捷運東湖站BR22",
        "address": "臺北市內湖區康寧路3段235號"
      }
    },
    {
      "type": "Feature",
      "geometry": {
        "type": "Point",
        "coordinates": [
          121.61592949124,
          25.060008262355
        ]
      },
      "properties": {
        "name": "臺北捷運南港軟體園區站BR23",
        "address": "臺北市南港區經貿二路183號"
      }
    },
    {
      "type": "Feature",
      "geometry": {
        "type": "Point",
        "coordinates": [
          121.61756572409,
          25.055447264994
        ]
      },
      "properties": {
        "name": "臺北捷運南港展覽館站BR24",
        "address": "臺北市南港區南港路1段32號"
      }
    },
    {
      "type": "Feature",
      "geometry": {
        "type": "Point",
        "coordinates": [
          121.49984349124,
          25.035378270444
        ]
      },
      "properties": {
        "name": "臺北捷運龍山寺站BL10",
        "address": "臺北市萬華區西園路1段153號"
      }
    },
    {
      "type": "Feature",
      "geometry": {
        "type": "Point",
        "coordinates": [
          121.50819140511,
          25.04206112026
        ]
      },
      "properties": {
        "name": "臺北捷運西門站BL11",
        "address": "臺北市中正區寶慶路32之1號"
      }
    },
    {
      "type": "Feature",
      "geometry": {
        "type": "Point",
        "coordinates": [
          121.5231571292,
          25.044778980521
        ]
      },
      "properties": {
        "name": "臺北捷運善導寺站BL13",
        "address": "臺北市中正區忠孝東路1段58號"
      }
    },
    {
      "type": "Feature",
      "geometry": {
        "type": "Point",
        "coordinates": [
          121.53287540511,
          25.04243041309
        ]
      },
      "properties": {
        "name": "臺北捷運忠孝新生站BL14",
        "address": "臺北市中正區新生南路1段67號"
      }
    },
    {
      "type": "Feature",
      "geometry": {
        "type": "Point",
        "coordinates": [
          121.54371940511,
          25.041696697376
        ]
      },
      "properties": {
        "name": "臺北捷運忠孝復興站BL15",
        "address": "臺北市大安區忠孝東路4段47號"
      }
    },
    {
      "type": "Feature",
      "geometry": {
        "type": "Point",
        "coordinates": [
          121.55107949124,
          25.041550413466
        ]
      },
      "properties": {
        "name": "臺北捷運忠孝敦化站BL16",
        "address": "臺北市大安區忠孝東路4段182號"
      }
    },
    {
      "type": "Feature",
      "geometry": {
        "type": "Point",
        "coordinates": [
          121.55777472409,
          25.041422413521
        ]
      },
      "properties": {
        "name": "臺北捷運國父紀念館站BL17",
        "address": "臺北市信義區忠孝東路4段400號"
      }
    },
    {
      "type": "Feature",
      "geometry": {
        "type": "Point",
        "coordinates": [
          121.56519344818,
          25.041237126552
        ]
      },
      "properties": {
        "name": "臺北捷運市政府站BL18",
        "address": "臺北市信義區忠孝東路5段2號"
      }
    },
    {
      "type": "Feature",
      "geometry": {
        "type": "Point",
        "coordinates": [
          121.57627053431,
          25.040919268625
        ]
      },
      "properties": {
        "name": "臺北捷運永春站BL19",
        "address": "臺北市信義區忠孝東路5段455號"
      }
    },
    {
      "type": "Feature",
      "geometry": {
        "type": "Point",
        "coordinates": [
          121.58248517226,
          25.045135411934
        ]
      },
      "properties": {
        "name": "臺北捷運後山埤站BL20",
        "address": "臺北市南港區忠孝東路6段2號"
      }
    },
    {
      "type": "Feature",
      "geometry": {
        "type": "Point",
        "coordinates": [
          121.59327068102,
          25.050506123141
        ]
      },
      "properties": {
        "name": "臺北捷運昆陽站BL21",
        "address": "臺北市南港區忠孝東路6段451號"
      }
    },
    {
      "type": "Feature",
      "geometry": {
        "type": "Point",
        "coordinates": [
          121.60667881022,
          25.052176836129
        ]
      },
      "properties": {
        "name": "臺北捷運南港站BL22",
        "address": "臺北市南港區忠孝東路7段380號"
      }
    },
    {
      "type": "Feature",
      "geometry": {
        "type": "Point",
        "coordinates": [
          121.61747753431,
          25.055323406421
        ]
      },
      "properties": {
        "name": "臺北捷運南港展覽館站BL23",
        "address": "臺北市南港區研究院路1段1號"
      }
    },
    {
      "type": "Feature",
      "geometry": {
        "type": "Point",
        "coordinates": [
          121.54084440045,
          24.992848836127
        ]
      },
      "properties": {
        "name": "臺北捷運景美站G05",
        "address": "臺北市文山區羅斯福路6段393號"
      }
    },
    {
      "type": "Feature",
      "geometry": {
        "type": "Point",
        "coordinates": [
          121.53895076249,
          25.001859312489
        ]
      },
      "properties": {
        "name": "臺北捷運萬隆站G06",
        "address": "臺北市文山區羅斯路5段214號"
      }
    },
    {
      "type": "Feature",
      "geometry": {
        "type": "Point",
        "coordinates": [
          121.53424380556,
          25.015021208838
        ]
      },
      "properties": {
        "name": "臺北捷運公館站G07",
        "address": "臺北市大安區羅斯路4段74號"
      }
    },
    {
      "type": "Feature",
      "geometry": {
        "type": "Point",
        "coordinates": [
          121.52819244351,
          25.020828446187
        ]
      },
      "properties": {
        "name": "臺北捷運台電大樓站G08",
        "address": "臺北市中正區羅斯福3段126之5號"
      }
    },
    {
      "type": "Feature",
      "geometry": {
        "type": "Point",
        "coordinates": [
          121.52283044351,
          25.026418824694
        ]
      },
      "properties": {
        "name": "臺北捷運古亭站G09",
        "address": "臺北市中正區羅斯福路2段164-1號"
      }
    },
    {
      "type": "Feature",
      "geometry": {
        "type": "Point",
        "coordinates": [
          121.51083344351,
          25.035602724448
        ]
      },
      "properties": {
        "name": "臺北捷運小南門站G11",
        "address": "臺北市中正區愛國西路22號"
      }
    },
    {
      "type": "Feature",
      "geometry": {
        "type": "Point",
        "coordinates": [
          121.51025908613,
          25.049462836966
        ]
      },
      "properties": {
        "name": "臺北捷運北門站G13",
        "address": "臺北市大同區塔城街10號"
      }
    },
    {
      "type": "Feature",
      "geometry": {
        "type": "Point",
        "coordinates": [
          121.52033636204,
          25.052701551122
        ]
      },
      "properties": {
        "name": "臺北捷運中山站G14",
        "address": "臺北市大同區南京西路55號"
      }
    },
    {
      "type": "Feature",
      "geometry": {
        "type": "Point",
        "coordinates": [
          121.54007423182,
          25.036117975071
        ]
      },
      "properties": {
        "name": "舞動陽光-師大附中運動中心",
        "address": "臺北市大安區信義路三段143號"
      }
    },
    {
      "type": "Feature",
      "geometry": {
        "type": "Point",
        "coordinates": [
          121.54615500948,
          24.989046234904
        ]
      },
      "properties": {
        "name": "世新大學",
        "address": "臺北市文山區試院路148號"
      }
    },
    {
      "type": "Feature",
      "geometry": {
        "type": "Point",
        "coordinates": [
          121.54634,
          24.989821
        ]
      },
      "properties": {
        "name": "世新大學",
        "address": "臺北市文山區試院路148號"
      }
    },
    {
      "type": "Feature",
      "geometry": {
        "type": "Point",
        "coordinates": [
          121.54634,
          24.989821
        ]
      },
      "properties": {
        "name": "世新大學",
        "address": "臺北市文山區試院路148號"
      }
    },
    {
      "type": "Feature",
      "geometry": {
        "type": "Point",
        "coordinates": [
          121.54634,
          24.989821
        ]
      },
      "properties": {
        "name": "世新大學",
        "address": "臺北市文山區試院路148號"
      }
    },
    {
      "type": "Feature",
      "geometry": {
        "type": "Point",
        "coordinates": [
          121.54634,
          24.989821
        ]
      },
      "properties": {
        "name": "世新大學",
        "address": "臺北市文山區試院路148號"
      }
    },
    {
      "type": "Feature",
      "geometry": {
        "type": "Point",
        "coordinates": [
          121.54634,
          24.989821
        ]
      },
      "properties": {
        "name": "世新大學",
        "address": "臺北市文山區試院路148號"
      }
    },
    {
      "type": "Feature",
      "geometry": {
        "type": "Point",
        "coordinates": [
          121.54634,
          24.989821
        ]
      },
      "properties": {
        "name": "世新大學",
        "address": "臺北市文山區試院路148號"
      }
    },
    {
      "type": "Feature",
      "geometry": {
        "type": "Point",
        "coordinates": [
          121.5098751292,
          25.141993354863
        ]
      },
      "properties": {
        "name": "臺北市北投區義方國民小學",
        "address": "臺北市北投區珠海路155號"
      }
    },
    {
      "type": "Feature",
      "geometry": {
        "type": "Point",
        "coordinates": [
          121.52240564818,
          25.042651981093
        ]
      },
      "properties": {
        "name": "中國航運大樓",
        "address": "臺北市中正區濟南路一段15號"
      }
    },
    {
      "type": "Feature",
      "geometry": {
        "type": "Point",
        "coordinates": [
          121.558974,
          24.990578005211
        ]
      },
      "properties": {
        "name": "臺北市私立再興高級中學",
        "address": "臺北市文山區興隆路四段二號"
      }
    },
    {
      "type": "Feature",
      "geometry": {
        "type": "Point",
        "coordinates": [
          121.55899276715,
          24.990563425106
        ]
      },
      "properties": {
        "name": "臺北市私立再興高級中學",
        "address": "臺北市文山區興隆路四段二號"
      }
    },
    {
      "type": "Feature",
      "geometry": {
        "type": "Point",
        "coordinates": [
          121.55899544818,
          24.990575575194
        ]
      },
      "properties": {
        "name": "臺北市私立再興高級中學",
        "address": "臺北市文山區興隆路四段二號"
      }
    },
    {
      "type": "Feature",
      "geometry": {
        "type": "Point",
        "coordinates": [
          121.5650601292,
          25.02900906206
        ]
      },
      "properties": {
        "name": "Curves 女性30分鐘環形運動 北醫世貿店",
        "address": "臺北市信義區莊敬路325巷60號"
      }
    },
    {
      "type": "Feature",
      "geometry": {
        "type": "Point",
        "coordinates": [
          121.53808647124,
          25.024740284909
        ]
      },
      "properties": {
        "name": "臺北市立龍門國民中學游泳池(委外)",
        "address": "臺北市大安區建國南路二段269號"
      }
    },
    {
      "type": "Feature",
      "geometry": {
        "type": "Point",
        "coordinates": [
          121.53305508613,
          25.052077693761
        ]
      },
      "properties": {
        "name": "臺北捷運松江南京站G15",
        "address": "臺北市中山區南京東路2段108號"
      }
    },
    {
      "type": "Feature",
      "geometry": {
        "type": "Point",
        "coordinates": [
          121.55185176715,
          25.051729693883
        ]
      },
      "properties": {
        "name": "臺北捷運台北小巨蛋站G17",
        "address": "臺北市松山區南京東路4段10-1號"
      }
    },
    {
      "type": "Feature",
      "geometry": {
        "type": "Point",
        "coordinates": [
          121.56381472409,
          25.051494122777
        ]
      },
      "properties": {
        "name": "臺北捷運南京三民站G18",
        "address": "臺北市松山區南京東路5段237號"
      }
    },
    {
      "type": "Feature",
      "geometry": {
        "type": "Point",
        "coordinates": [
          121.57764440511,
          25.050077407936
        ]
      },
      "properties": {
        "name": "臺北捷運松山站G19",
        "address": "臺北市松山區八德路4段742號"
      }
    },
    {
      "type": "Feature",
      "geometry": {
        "type": "Point",
        "coordinates": [
          121.53283476715,
          25.042335981178
        ]
      },
      "properties": {
        "name": "臺北捷運忠孝新生站O07",
        "address": "臺北市大安區新生南路1段67號"
      }
    },
    {
      "type": "Feature",
      "geometry": {
        "type": "Point",
        "coordinates": [
          121.53304408613,
          25.052091980159
        ]
      },
      "properties": {
        "name": "臺北捷運松江南京站O08",
        "address": "臺北市中山區松江路126號"
      }
    },
    {
      "type": "Feature",
      "geometry": {
        "type": "Point",
        "coordinates": [
          121.5331191292,
          25.059806548365
        ]
      },
      "properties": {
        "name": "臺北捷運行天宮站O09",
        "address": "臺北市中山區松江路316號"
      }
    },
    {
      "type": "Feature",
      "geometry": {
        "type": "Point",
        "coordinates": [
          121.52643308613,
          25.062683832885
        ]
      },
      "properties": {
        "name": "臺北捷運中山國小站O10",
        "address": "臺北市中山區民權東路一段71號"
      }
    },
    {
      "type": "Feature",
      "geometry": {
        "type": "Point",
        "coordinates": [
          121.51955244818,
          25.062754547095
        ]
      },
      "properties": {
        "name": "臺北捷運民權西路站O11",
        "address": "臺北市大同區民權西路72號"
      }
    },
    {
      "type": "Feature",
      "geometry": {
        "type": "Point",
        "coordinates": [
          121.51313044818,
          25.06321868988
        ]
      },
      "properties": {
        "name": "臺北捷運大橋頭站O12",
        "address": "臺北市大同區民權西路223號"
      }
    },
    {
      "type": "Feature",
      "geometry": {
        "type": "Point",
        "coordinates": [
          121.57027608613,
          25.032856860986
        ]
      },
      "properties": {
        "name": "臺北捷運象山站R02",
        "address": "臺北市信義區信義路5段152號"
      }
    },
    {
      "type": "Feature",
      "geometry": {
        "type": "Point",
        "coordinates": [
          121.56253014535,
          25.033026727378
        ]
      },
      "properties": {
        "name": "臺北捷運台北101/世貿站R03",
        "address": "臺北市信義區信義路5段20號"
      }
    },
    {
      "type": "Feature",
      "geometry": {
        "type": "Point",
        "coordinates": [
          121.55277704845,
          25.033174011992
        ]
      },
      "properties": {
        "name": "臺北捷運信義安和站R04",
        "address": "臺北市大安區信義路4段212之1號"
      }
    },
    {
      "type": "Feature",
      "geometry": {
        "type": "Point",
        "coordinates": [
          121.54358213458,
          25.033317157803
        ]
      },
      "properties": {
        "name": "臺北捷運大安站R05",
        "address": "臺北市大安區信義路3段180號"
      }
    },
    {
      "type": "Feature",
      "geometry": {
        "type": "Point",
        "coordinates": [
          121.53487077254,
          25.033590011836
        ]
      },
      "properties": {
        "name": "臺北捷運大安森林公園站R06",
        "address": "臺北市大安區信義路3段100號"
      }
    },
    {
      "type": "Feature",
      "geometry": {
        "type": "Point",
        "coordinates": [
          121.52871341049,
          25.033911582555
        ]
      },
      "properties": {
        "name": "臺北捷運東門站R07",
        "address": "臺北市大安區信義路2段166號"
      }
    },
    {
      "type": "Feature",
      "geometry": {
        "type": "Point",
        "coordinates": [
          121.51824245356,
          25.032796153768
        ]
      },
      "properties": {
        "name": "臺北捷運中正紀念堂站R08",
        "address": "臺北市中正區羅斯福路1段8-1號"
      }
    },
    {
      "type": "Feature",
      "geometry": {
        "type": "Point",
        "coordinates": [
          121.5159948156,
          25.041340579915
        ]
      },
      "properties": {
        "name": "臺北捷運臺大醫院站R09",
        "address": "臺北市中正區公園路52號"
      }
    },
    {
      "type": "Feature",
      "geometry": {
        "type": "Point",
        "coordinates": [
          121.52037168102,
          25.052741551106
        ]
      },
      "properties": {
        "name": "臺北捷運中山站R11",
        "address": "臺北市中山區南京西路16號"
      }
    },
    {
      "type": "Feature",
      "geometry": {
        "type": "Point",
        "coordinates": [
          121.52067619235,
          25.057818634853
        ]
      },
      "properties": {
        "name": "臺北捷運雙連站R12",
        "address": "臺北市大同區民生西路47號"
      }
    },
    {
      "type": "Feature",
      "geometry": {
        "type": "Point",
        "coordinates": [
          121.51955123541,
          25.062654061881
        ]
      },
      "properties": {
        "name": "臺北捷運民權西路站R13",
        "address": "臺北市大同區民權西路72號"
      }
    },
    {
      "type": "Feature",
      "geometry": {
        "type": "Point",
        "coordinates": [
          121.52014391644,
          25.071392090797
        ]
      },
      "properties": {
        "name": "臺北捷運圓山站R14",
        "address": "臺北市大同區酒泉街9之1號"
      }
    },
    {
      "type": "Feature",
      "geometry": {
        "type": "Point",
        "coordinates": [
          121.52509319235,
          25.084910197937
        ]
      },
      "properties": {
        "name": "臺北捷運劍潭站R15",
        "address": "臺北市士林區中山北路5段65號"
      }
    },
    {
      "type": "Feature",
      "geometry": {
        "type": "Point",
        "coordinates": [
          121.52625055439,
          25.093578939669
        ]
      },
      "properties": {
        "name": "臺北捷運士林站R16",
        "address": "臺北市士林區福德路1號"
      }
    },
    {
      "type": "Feature",
      "geometry": {
        "type": "Point",
        "coordinates": [
          121.52254170368,
          25.103102014273
        ]
      },
      "properties": {
        "name": "臺北捷運芝山站R17",
        "address": "臺北市士林區福國路70號"
      }
    },
    {
      "type": "Feature",
      "geometry": {
        "type": "Point",
        "coordinates": [
          121.51886765996,
          25.109763888943
        ]
      },
      "properties": {
        "name": "臺北捷運明德站R18",
        "address": "臺北市北投區明德路95號"
      }
    },
    {
      "type": "Feature",
      "geometry": {
        "type": "Point",
        "coordinates": [
          121.51559117226,
          25.114554659493
        ]
      },
      "properties": {
        "name": "臺北捷運石牌站R19",
        "address": "臺北市北投區石牌路1段200號"
      }
    },
    {
      "type": "Feature",
      "geometry": {
        "type": "Point",
        "coordinates": [
          121.50625468102,
          25.120903860085
        ]
      },
      "properties": {
        "name": "臺北捷運唭哩岸站R20",
        "address": "臺北市北投區東華街2段301號"
      }
    },
    {
      "type": "Feature",
      "geometry": {
        "type": "Point",
        "coordinates": [
          121.501021,
          25.125723128939
        ]
      },
      "properties": {
        "name": "臺北捷運奇岩站R21",
        "address": "臺北市北投區三合街2段489號"
      }
    },
    {
      "type": "Feature",
      "geometry": {
        "type": "Point",
        "coordinates": [
          121.498645,
          25.132012028302
        ]
      },
      "properties": {
        "name": "臺北捷運北投站R22",
        "address": "臺北市北投區光明路1號"
      }
    },
    {
      "type": "Feature",
      "geometry": {
        "type": "Point",
        "coordinates": [
          121.50254610151,
          25.136957891716
        ]
      },
      "properties": {
        "name": "臺北捷運新北投站R22A",
        "address": "臺北市北投區大業路700號"
      }
    },
    {
      "type": "Feature",
      "geometry": {
        "type": "Point",
        "coordinates": [
          121.4854628133,
          25.137549998643
        ]
      },
      "properties": {
        "name": "臺北捷運復興崗站R23",
        "address": "臺北市北投區中央北路3段53巷10號"
      }
    },
    {
      "type": "Feature",
      "geometry": {
        "type": "Point",
        "coordinates": [
          121.47343146356,
          25.13100095397
        ]
      },
      "properties": {
        "name": "臺北捷運忠義站R24",
        "address": "臺北市北投區中央北路4段301號"
      }
    },
    {
      "type": "Feature",
      "geometry": {
        "type": "Point",
        "coordinates": [
          121.46712805845,
          25.125674349357
        ]
      },
      "properties": {
        "name": "臺北捷運關渡站R25",
        "address": "臺北市北投區大度路3段296巷51號"
      }
    },
    {
      "type": "Feature",
      "geometry": {
        "type": "Point",
        "coordinates": [
          121.54392321533,
          25.052314097827
        ]
      },
      "properties": {
        "name": "臺北捷運南京復興站G16",
        "address": "臺北市中山區南京東路3段172號"
      }
    },
    {
      "type": "Feature",
      "geometry": {
        "type": "Point",
        "coordinates": [
          121.58751314281,
          25.059105946732
        ]
      },
      "properties": {
        "name": "星宇航空股份有限公司",
        "address": "臺北市信義區忠孝東路四段525號"
      }
    },
    {
      "type": "Feature",
      "geometry": {
        "type": "Point",
        "coordinates": [
          121.58769540511,
          25.05881995148
        ]
      },
      "properties": {
        "name": "星宇航空股份有限公司",
        "address": "臺北市信義區忠孝東路四段525號"
      }
    },
    {
      "type": "Feature",
      "geometry": {
        "type": "Point",
        "coordinates": [
          121.55942833582,
          25.08039290735
        ]
      },
      "properties": {
        "name": "Marriott Taipei 台北萬豪酒店",
        "address": "臺北市中山區樂群二路199號"
      }
    },
    {
      "type": "Feature",
      "geometry": {
        "type": "Point",
        "coordinates": [
          121.60347149636,
          25.054346833386
        ]
      },
      "properties": {
        "name": "臺北市南港銀髮人才服務據點",
        "address": "臺北市南港區南港路二段60巷18號"
      }
    },
    {
      "type": "Feature",
      "geometry": {
        "type": "Point",
        "coordinates": [
          121.53450857737,
          25.01636855327
        ]
      },
      "properties": {
        "name": "國立臺灣大學(校總區)",
        "address": "臺北市大安區羅斯福路4段1號"
      }
    },
    {
      "type": "Feature",
      "geometry": {
        "type": "Point",
        "coordinates": [
          121.50287687166,
          25.027085621114
        ]
      },
      "properties": {
        "name": "臺北市萬華區新和國民小學(活動中心)",
        "address": "臺北市萬華區西藏路125巷31號"
      }
    },
    {
      "type": "Feature",
      "geometry": {
        "type": "Point",
        "coordinates": [
          121.53832496862,
          25.025045238379
        ]
      },
      "properties": {
        "name": "作伙CrossFit",
        "address": "臺北市大安區和平東路二段46巷11號"
      }
    },
    {
      "type": "Feature",
      "geometry": {
        "type": "Point",
        "coordinates": [
          121.54414677298,
          25.022311035469
        ]
      },
      "properties": {
        "name": "國立臺北教育大學泳健館-恆動力",
        "address": "臺北市大安區和平東路二段134號"
      }
    },
    {
      "type": "Feature",
      "geometry": {
        "type": "Point",
        "coordinates": [
          121.54135534566,
          25.037441435718
        ]
      },
      "properties": {
        "name": "台灣飛軒理股份有限公司",
        "address": "臺北市大安區仁愛"
      }
    },
    {
      "type": "Feature",
      "geometry": {
        "type": "Point",
        "coordinates": [
          121.55274578178,
          25.034147246648
        ]
      },
      "properties": {
        "name": "Fitnexx私人健身空間",
        "address": "臺北市大安區安和路一段137號"
      }
    },
    {
      "type": "Feature",
      "geometry": {
        "type": "Point",
        "coordinates": [
          121.55740524562,
          25.037287967326
        ]
      },
      "properties": {
        "name": "Fit ISSA 百村企業有限公司",
        "address": "臺北市大安區光復南路390號"
      }
    },
    {
      "type": "Feature",
      "geometry": {
        "type": "Point",
        "coordinates": [
          121.54397100511,
          25.038873617296
        ]
      },
      "properties": {
        "name": "台北大安伊普索酒店",
        "address": "臺北市大安區復興南路一段219-2號"
      }
    },
    {
      "type": "Feature",
      "geometry": {
        "type": "Point",
        "coordinates": [
          121.54859940164,
          25.052837644763
        ]
      },
      "properties": {
        "name": "優勢開發管理顧問有限公司-南京館",
        "address": "臺北市松山區敦化北路100號"
      }
    },
    {
      "type": "Feature",
      "geometry": {
        "type": "Point",
        "coordinates": [
          121.46457303899,
          25.12199003884
        ]
      },
      "properties": {
        "name": "馬偕學校財團法人馬偕醫護管理專科學校(關渡校區)",
        "address": "臺北市北投區聖景路92號"
      }
    },
    {
      "type": "Feature",
      "geometry": {
        "type": "Point",
        "coordinates": [
          121.5462555008,
          25.02347561924
        ]
      },
      "properties": {
        "name": "國立臺北教育大學(學生活動中心)",
        "address": "臺北市大安區和平東路二段134號"
      }
    },
    {
      "type": "Feature",
      "geometry": {
        "type": "Point",
        "coordinates": [
          121.54336761618,
          25.037647402319
        ]
      },
      "properties": {
        "name": "台北福華大飯店",
        "address": "臺北市大安區仁愛路3段160號"
      }
    },
    {
      "type": "Feature",
      "geometry": {
        "type": "Point",
        "coordinates": [
          121.53660948645,
          25.021733354661
        ]
      },
      "properties": {
        "name": "國立臺灣大學(校總區)",
        "address": "臺北市大安區羅斯福路4段1號"
      }
    },
    {
      "type": "Feature",
      "geometry": {
        "type": "Point",
        "coordinates": [
          121.52250430511,
          25.089249984359
        ]
      },
      "properties": {
        "name": "A fitness",
        "address": "臺北市士林區基河路138號"
      }
    },
    {
      "type": "Feature",
      "geometry": {
        "type": "Point",
        "coordinates": [
          121.54685360465,
          25.180085109445
        ]
      },
      "properties": {
        "name": "小觀音棧",
        "address": "臺北市北投區竹子湖路64之13號"
      }
    },
    {
      "type": "Feature",
      "geometry": {
        "type": "Point",
        "coordinates": [
          121.5607173584,
          25.032410444368
        ]
      },
      "properties": {
        "name": "Ynot Fitness 何不相信健身房",
        "address": "臺北市信義區信義路五段8巷15號"
      }
    },
    {
      "type": "Feature",
      "geometry": {
        "type": "Point",
        "coordinates": [
          121.54095040633,
          25.019772292763
        ]
      },
      "properties": {
        "name": "國立臺灣大學(校總區)",
        "address": "臺北市大安區羅斯福路4段1號"
      }
    },
    {
      "type": "Feature",
      "geometry": {
        "type": "Point",
        "coordinates": [
          121.538294308,
          25.017703872505
        ]
      },
      "properties": {
        "name": "國立臺灣大學(校總區)",
        "address": "臺北市大安區羅斯福路4段1號"
      }
    },
    {
      "type": "Feature",
      "geometry": {
        "type": "Point",
        "coordinates": [
          121.52829115073,
          25.018446954752
        ]
      },
      "properties": {
        "name": "台北信友堂何烈館",
        "address": "臺北市中正區辛亥路一段8號"
      }
    },
    {
      "type": "Feature",
      "geometry": {
        "type": "Point",
        "coordinates": [
          121.54520009126,
          25.016995646199
        ]
      },
      "properties": {
        "name": "國立臺灣大學(長興校區)",
        "address": "臺北市大安區長興街50號"
      }
    },
    {
      "type": "Feature",
      "geometry": {
        "type": "Point",
        "coordinates": [
          121.54017568376,
          25.017712739532
        ]
      },
      "properties": {
        "name": "國立臺灣大學(校總區)",
        "address": "臺北市大安區羅斯福路4段1號"
      }
    },
    {
      "type": "Feature",
      "geometry": {
        "type": "Point",
        "coordinates": [
          121.53789088659,
          25.013737353304
        ]
      },
      "properties": {
        "name": "國立臺灣大學(校總區)",
        "address": "臺北市大安區羅斯福路4段1號"
      }
    },
    {
      "type": "Feature",
      "geometry": {
        "type": "Point",
        "coordinates": [
          121.51167050511,
          25.088387177676
        ]
      },
      "properties": {
        "name": "百齡左岸河濱公園(社子岸)網球場",
        "address": "臺北市士林區通河西街二段10號"
      }
    },
    {
      "type": "Feature",
      "geometry": {
        "type": "Point",
        "coordinates": [
          121.57126742664,
          24.99296299293
        ]
      },
      "properties": {
        "name": "靜心學校財團法人臺北市私立靜心高級中等學校",
        "address": "臺北市文山區興隆路二段46號"
      }
    },
    {
      "type": "Feature",
      "geometry": {
        "type": "Point",
        "coordinates": [
          121.50678128557,
          25.093427281095
        ]
      },
      "properties": {
        "name": "百齡左岸河濱公園(社子岸)棒球場",
        "address": "臺北市士林區通河西街二段126號"
      }
    },
    {
      "type": "Feature",
      "geometry": {
        "type": "Point",
        "coordinates": [
          121.53659372516,
          25.017631310522
        ]
      },
      "properties": {
        "name": "國立臺灣大學(校總區)",
        "address": "臺北市大安區羅斯福路4段1號"
      }
    },
    {
      "type": "Feature",
      "geometry": {
        "type": "Point",
        "coordinates": [
          121.54397523108,
          25.012276775825
        ]
      },
      "properties": {
        "name": "國立臺灣大學(校總區)",
        "address": "臺北市大安區羅斯福路4段1號"
      }
    },
    {
      "type": "Feature",
      "geometry": {
        "type": "Point",
        "coordinates": [
          121.53911652318,
          25.020790780139
        ]
      },
      "properties": {
        "name": "國立臺灣大學(校總區)",
        "address": "臺北市大安區羅斯福路4段1號"
      }
    },
    {
      "type": "Feature",
      "geometry": {
        "type": "Point",
        "coordinates": [
          121.50861703242,
          25.045112674253
        ]
      },
      "properties": {
        "name": "台灣西鐵國際旅館",
        "address": "臺北市萬華區中華路一段88號"
      }
    },
    {
      "type": "Feature",
      "geometry": {
        "type": "Point",
        "coordinates": [
          121.55635883558,
          25.000206017655
        ]
      },
      "properties": {
        "name": "More Fit 萬芳店",
        "address": "臺北市文山區興隆路三段71號"
      }
    },
    {
      "type": "Feature",
      "geometry": {
        "type": "Point",
        "coordinates": [
          121.53266994893,
          25.016115030573
        ]
      },
      "properties": {
        "name": "NOWGO 健身工作室",
        "address": "臺北市中正區羅斯福路三段312號"
      }
    },
    {
      "type": "Feature",
      "geometry": {
        "type": "Point",
        "coordinates": [
          121.51534466351,
          25.046372138494
        ]
      },
      "properties": {
        "name": "新光三越百貨股份有限公司台北站前分公司",
        "address": "臺北市中正區忠孝西路1段66號"
      }
    },
    {
      "type": "Feature",
      "geometry": {
        "type": "Point",
        "coordinates": [
          121.54139629973,
          25.01403331692
        ]
      },
      "properties": {
        "name": "國立臺灣科技大學",
        "address": "臺北市大安區基隆路4段43號"
      }
    },
    {
      "type": "Feature",
      "geometry": {
        "type": "Point",
        "coordinates": [
          121.54020491545,
          25.012890219317
        ]
      },
      "properties": {
        "name": "國立臺灣科技大學",
        "address": "臺北市大安區基隆路4段43號"
      }
    },
    {
      "type": "Feature",
      "geometry": {
        "type": "Point",
        "coordinates": [
          121.54112164667,
          25.012540658695
        ]
      },
      "properties": {
        "name": "國立臺灣科技大學",
        "address": "臺北市大安區基隆路4段43號"
      }
    },
    {
      "type": "Feature",
      "geometry": {
        "type": "Point",
        "coordinates": [
          121.54163908391,
          25.012045402381
        ]
      },
      "properties": {
        "name": "國立臺灣科技大學",
        "address": "臺北市大安區基隆路4段43號"
      }
    },
    {
      "type": "Feature",
      "geometry": {
        "type": "Point",
        "coordinates": [
          121.54063906271,
          25.013670637378
        ]
      },
      "properties": {
        "name": "國立臺灣科技大學",
        "address": "臺北市大安區基隆路4段43號"
      }
    },
    {
      "type": "Feature",
      "geometry": {
        "type": "Point",
        "coordinates": [
          121.54274378382,
          25.014930135217
        ]
      },
      "properties": {
        "name": "國立臺灣科技大學",
        "address": "臺北市大安區基隆路4段43號"
      }
    },
    {
      "type": "Feature",
      "geometry": {
        "type": "Point",
        "coordinates": [
          121.54328523139,
          25.014296095811
        ]
      },
      "properties": {
        "name": "國立臺灣科技大學",
        "address": "臺北市大安區基隆路4段43號"
      }
    },
    {
      "type": "Feature",
      "geometry": {
        "type": "Point",
        "coordinates": [
          121.54196080654,
          25.013562370033
        ]
      },
      "properties": {
        "name": "國立臺灣科技大學",
        "address": "臺北市大安區基隆路4段43號"
      }
    },
    {
      "type": "Feature",
      "geometry": {
        "type": "Point",
        "coordinates": [
          121.54226382146,
          25.012489590682
        ]
      },
      "properties": {
        "name": "國立臺灣科技大學",
        "address": "臺北市大安區基隆路4段43號"
      }
    },
    {
      "type": "Feature",
      "geometry": {
        "type": "Point",
        "coordinates": [
          121.54134423121,
          25.01235995267
        ]
      },
      "properties": {
        "name": "國立臺灣科技大學",
        "address": "臺北市大安區基隆路4段43號"
      }
    },
    {
      "type": "Feature",
      "geometry": {
        "type": "Point",
        "coordinates": [
          121.54301981022,
          25.01414341379
        ]
      },
      "properties": {
        "name": "國立臺灣科技大學",
        "address": "臺北市大安區基隆路4段43號"
      }
    },
    {
      "type": "Feature",
      "geometry": {
        "type": "Point",
        "coordinates": [
          121.54264982919,
          25.01361555467
        ]
      },
      "properties": {
        "name": "國立臺灣科技大學",
        "address": "臺北市大安區基隆路4段43號"
      }
    },
    {
      "type": "Feature",
      "geometry": {
        "type": "Point",
        "coordinates": [
          121.54194472041,
          25.012333005095
        ]
      },
      "properties": {
        "name": "國立臺灣科技大學",
        "address": "臺北市大安區基隆路4段43號"
      }
    },
    {
      "type": "Feature",
      "geometry": {
        "type": "Point",
        "coordinates": [
          121.54247556276,
          25.012736809406
        ]
      },
      "properties": {
        "name": "國立臺灣科技大學",
        "address": "臺北市大安區基隆路4段43號"
      }
    },
    {
      "type": "Feature",
      "geometry": {
        "type": "Point",
        "coordinates": [
          121.53590201606,
          25.042912945229
        ]
      },
      "properties": {
        "name": "國立臺北科技大學",
        "address": "臺北市大安區忠孝東路3 段1號"
      }
    },
    {
      "type": "Feature",
      "geometry": {
        "type": "Point",
        "coordinates": [
          121.51427870575,
          25.121579044573
        ]
      },
      "properties": {
        "name": "國立陽明交通大學-陽明校區",
        "address": "臺北市北投區立農街2段155號"
      }
    },
    {
      "type": "Feature",
      "geometry": {
        "type": "Point",
        "coordinates": [
          121.52889617156,
          25.111047198424
        ]
      },
      "properties": {
        "name": "施達實業有限公司附設臺北市私立施達社區長照機構",
        "address": "臺北市士林區德行東路109巷104號"
      }
    },
    {
      "type": "Feature",
      "geometry": {
        "type": "Point",
        "coordinates": [
          121.60789843691,
          25.056538876834
        ]
      },
      "properties": {
        "name": "臺北市立南港高級工業職業學校",
        "address": "臺北市南港區興中路29號"
      }
    },
    {
      "type": "Feature",
      "geometry": {
        "type": "Point",
        "coordinates": [
          121.55122063942,
          25.029156726701
        ]
      },
      "properties": {
        "name": "瓦城安和店",
        "address": "臺北市大安區安和路二段133號"
      }
    },
    {
      "type": "Feature",
      "geometry": {
        "type": "Point",
        "coordinates": [
          121.50747831283,
          25.126822990897
        ]
      },
      "properties": {
        "name": "臺北市北投區清江國民小學",
        "address": "臺北市北投區公舘路220號"
      }
    },
    {
      "type": "Feature",
      "geometry": {
        "type": "Point",
        "coordinates": [
          121.5780750938,
          25.061004994986
        ]
      },
      "properties": {
        "name": "宜家家居股份有限公司內湖店",
        "address": "臺北市內湖區舊宗路一段128號"
      }
    },
    {
      "type": "Feature",
      "geometry": {
        "type": "Point",
        "coordinates": [
          121.57804828358,
          25.061013798745
        ]
      },
      "properties": {
        "name": "宜家家居股份有限公司內湖店",
        "address": "臺北市內湖區舊宗路一段128號"
      }
    },
    {
      "type": "Feature",
      "geometry": {
        "type": "Point",
        "coordinates": [
          121.57805632664,
          25.061004084252
        ]
      },
      "properties": {
        "name": "宜家家居股份有限公司內湖店",
        "address": "臺北市內湖區舊宗路一段128號"
      }
    },
    {
      "type": "Feature",
      "geometry": {
        "type": "Point",
        "coordinates": [
          121.5186429053,
          25.051689323476
        ]
      },
      "properties": {
        "name": "臺北市立建成國民中學",
        "address": "臺北市大同區長安西路37之1號"
      }
    },
    {
      "type": "Feature",
      "geometry": {
        "type": "Point",
        "coordinates": [
          121.54371162484,
          25.030801923278
        ]
      },
      "properties": {
        "name": "閃電肌力體能訓練",
        "address": "臺北市大安區復興南路二段65號"
      }
    },
    {
      "type": "Feature",
      "geometry": {
        "type": "Point",
        "coordinates": [
          121.61884768689,
          25.05427951256
        ]
      },
      "properties": {
        "name": "臺北市立誠正國民中學",
        "address": "臺北市南港區富康街1巷24號"
      }
    },
    {
      "type": "Feature",
      "geometry": {
        "type": "Point",
        "coordinates": [
          121.59762606494,
          25.05127890189
        ]
      },
      "properties": {
        "name": "臺北流行音樂中心",
        "address": "臺北市南港區市民大道八段99號"
      }
    },
    {
      "type": "Feature",
      "geometry": {
        "type": "Point",
        "coordinates": [
          121.58769004307,
          25.058817522813
        ]
      },
      "properties": {
        "name": "星宇航空股份有限公司",
        "address": "臺北市信義區忠孝東路四段525號"
      }
    },
    {
      "type": "Feature",
      "geometry": {
        "type": "Point",
        "coordinates": [
          121.58770478869,
          25.058844238143
        ]
      },
      "properties": {
        "name": "星宇航空股份有限公司",
        "address": "臺北市信義區忠孝東路四段525號"
      }
    },
    {
      "type": "Feature",
      "geometry": {
        "type": "Point",
        "coordinates": [
          121.58771417226,
          25.058830690739
        ]
      },
      "properties": {
        "name": "星宇航空股份有限公司",
        "address": "臺北市信義區忠孝東路四段525號"
      }
    },
    {
      "type": "Feature",
      "geometry": {
        "type": "Point",
        "coordinates": [
          121.58751528743,
          25.05908025605
        ]
      },
      "properties": {
        "name": "星宇航空股份有限公司",
        "address": "臺北市信義區忠孝東路四段525號"
      }
    },
    {
      "type": "Feature",
      "geometry": {
        "type": "Point",
        "coordinates": [
          121.53385144818,
          25.117979815793
        ]
      },
      "properties": {
        "name": "新光三越百貨股份有限公司台北天母分公司-二館",
        "address": "臺北市士林區忠誠路二段200號"
      }
    },
    {
      "type": "Feature",
      "geometry": {
        "type": "Point",
        "coordinates": [
          121.53733528207,
          25.11600482276
        ]
      },
      "properties": {
        "name": "臺北市立大學天母校區",
        "address": "臺北市士林區忠誠路二段101號"
      }
    },
    {
      "type": "Feature",
      "geometry": {
        "type": "Point",
        "coordinates": [
          121.51884931537,
          25.073178963142
        ]
      },
      "properties": {
        "name": "好團健身空間",
        "address": "臺北市大同區承德路三段244號"
      }
    },
    {
      "type": "Feature",
      "geometry": {
        "type": "Point",
        "coordinates": [
          121.54315962866,
          25.039533606374
        ]
      },
      "properties": {
        "name": "拿鐵健身工作室",
        "address": "臺北市大安區仁愛路3段143巷21號"
      }
    },
    {
      "type": "Feature",
      "geometry": {
        "type": "Point",
        "coordinates": [
          121.5841168628,
          25.057688053524
        ]
      },
      "properties": {
        "name": "週美里里民活動場所",
        "address": "臺北市內湖區南京東路六段330巷18弄12號"
      }
    },
    {
      "type": "Feature",
      "geometry": {
        "type": "Point",
        "coordinates": [
          121.55547572909,
          25.062644322141
        ]
      },
      "properties": {
        "name": "台灣虎航股份有限公司",
        "address": "臺北市松山區敦化北路405巷123弄3號"
      }
    },
    {
      "type": "Feature",
      "geometry": {
        "type": "Point",
        "coordinates": [
          121.50024817226,
          25.134183641158
        ]
      },
      "properties": {
        "name": "臺北市北投區北投國民小學",
        "address": "臺北市北投區中央北路1段73號"
      }
    },
    {
      "type": "Feature",
      "geometry": {
        "type": "Point",
        "coordinates": [
          121.51744873871,
          25.04655230474
        ]
      },
      "properties": {
        "name": "K區東森廣場",
        "address": "臺北市中正區忠孝西路一段47號"
      }
    },
    {
      "type": "Feature",
      "geometry": {
        "type": "Point",
        "coordinates": [
          121.51191617226,
          25.047279611763
        ]
      },
      "properties": {
        "name": "國立陽明交通大學台北北門校區",
        "address": "臺北市中正區忠孝西路1段118號"
      }
    },
    {
      "type": "Feature",
      "geometry": {
        "type": "Point",
        "coordinates": [
          121.5523323628,
          25.048381914429
        ]
      },
      "properties": {
        "name": "臺北市藝文推廣處",
        "address": "臺北市松山區八德路3段25號"
      }
    },
    {
      "type": "Feature",
      "geometry": {
        "type": "Point",
        "coordinates": [
          121.5833686628,
          25.055290719744
        ]
      },
      "properties": {
        "name": "洲尾庄興安宮",
        "address": "臺北市內湖區潭美街183號"
      }
    },
    {
      "type": "Feature",
      "geometry": {
        "type": "Point",
        "coordinates": [
          121.53635760075,
          25.003643446391
        ]
      },
      "properties": {
        "name": "景美游泳池",
        "address": "臺北市文山區羅斯福路五段176巷50號"
      }
    },
    {
      "type": "Feature",
      "geometry": {
        "type": "Point",
        "coordinates": [
          121.5562051292,
          24.980784288347
        ]
      },
      "properties": {
        "name": "臺北市立景美女子高級中學",
        "address": "臺北市文山區木新路3段312號"
      }
    },
    {
      "type": "Feature",
      "geometry": {
        "type": "Point",
        "coordinates": [
          121.53888672957,
          25.015462601164
        ]
      },
      "properties": {
        "name": "國立臺灣大學(校總區)",
        "address": "臺北市大安區羅斯福路4段1號"
      }
    },
    {
      "type": "Feature",
      "geometry": {
        "type": "Point",
        "coordinates": [
          121.49762782026,
          25.029708044463
        ]
      },
      "properties": {
        "name": "臺北市立南海實驗幼兒園",
        "address": "臺北市萬華區西藏路424號"
      }
    },
    {
      "type": "Feature",
      "geometry": {
        "type": "Point",
        "coordinates": [
          121.5470780057,
          25.015501454656
        ]
      },
      "properties": {
        "name": "國立臺灣大學(長興校區)",
        "address": "臺北市大安區長興街50號"
      }
    },
    {
      "type": "Feature",
      "geometry": {
        "type": "Point",
        "coordinates": [
          121.53809482774,
          25.117069273277
        ]
      },
      "properties": {
        "name": "臺北市立天母國民中學",
        "address": "臺北市士林區天母東路120號"
      }
    },
    {
      "type": "Feature",
      "geometry": {
        "type": "Point",
        "coordinates": [
          121.52703184533,
          25.057225613585
        ]
      },
      "properties": {
        "name": "臺北市政府工務局新建工程處養護工程隊第一分隊",
        "address": "臺北市中山區新生北路二段78號"
      }
    },
    {
      "type": "Feature",
      "geometry": {
        "type": "Point",
        "coordinates": [
          121.54155326518,
          25.019403877077
        ]
      },
      "properties": {
        "name": "國立臺灣大學(校總區)",
        "address": "臺北市大安區羅斯福路4段1號"
      }
    },
    {
      "type": "Feature",
      "geometry": {
        "type": "Point",
        "coordinates": [
          121.53600885969,
          24.996744262326
        ]
      },
      "properties": {
        "name": "臺北市政府工務局新建工程處養護工程隊第六分隊",
        "address": "臺北市文山區景後街151號"
      }
    },
    {
      "type": "Feature",
      "geometry": {
        "type": "Point",
        "coordinates": [
          121.51751337353,
          25.046646238734
        ]
      },
      "properties": {
        "name": "K區東森廣場",
        "address": "臺北市中正區忠孝西路一段47號"
      }
    },
    {
      "type": "Feature",
      "geometry": {
        "type": "Point",
        "coordinates": [
          121.6206621292,
          25.059984691007
        ]
      },
      "properties": {
        "name": "臺北市政府工務局新建工程處養護工程隊第四分隊",
        "address": "臺北市南港區港東街"
      }
    },
    {
      "type": "Feature",
      "geometry": {
        "type": "Point",
        "coordinates": [
          121.56077681022,
          25.079587827664
        ]
      },
      "properties": {
        "name": "臺北市濱江實驗國民中學",
        "address": "臺北市中山區樂群二路262號"
      }
    },
    {
      "type": "Feature",
      "geometry": {
        "type": "Point",
        "coordinates": [
          121.49932836172,
          25.023022566455
        ]
      },
      "properties": {
        "name": "臺北市萬華區萬大國民小學",
        "address": "臺北市萬華區萬大路346號"
      }
    },
    {
      "type": "Feature",
      "geometry": {
        "type": "Point",
        "coordinates": [
          121.55234040586,
          25.048390961978
        ]
      },
      "properties": {
        "name": "臺北市藝文推廣處",
        "address": "臺北市松山區八德路3段25號"
      }
    },
    {
      "type": "Feature",
      "geometry": {
        "type": "Point",
        "coordinates": [
          121.54255730409,
          25.017049191019
        ]
      },
      "properties": {
        "name": "國立臺灣大學(校總區)",
        "address": "臺北市大安區羅斯福路4段1號"
      }
    },
    {
      "type": "Feature",
      "geometry": {
        "type": "Point",
        "coordinates": [
          121.53662753009,
          25.018781959988
        ]
      },
      "properties": {
        "name": "國立臺灣大學(校總區)",
        "address": "臺北市大安區羅斯福路4段1號"
      }
    },
    {
      "type": "Feature",
      "geometry": {
        "type": "Point",
        "coordinates": [
          121.53446384671,
          25.037117941161
        ]
      },
      "properties": {
        "name": "臺北市大安區幸安國民小學",
        "address": "臺北市大安區仁愛路三段22號"
      }
    },
    {
      "type": "Feature",
      "geometry": {
        "type": "Point",
        "coordinates": [
          121.51176236204,
          25.115528765919
        ]
      },
      "properties": {
        "name": "臺北市北投區石牌國民小學",
        "address": "臺北市北投區致遠二路80號"
      }
    },
    {
      "type": "Feature",
      "geometry": {
        "type": "Point",
        "coordinates": [
          121.54985957442,
          25.004869170688
        ]
      },
      "properties": {
        "name": "臺北市立興福國民中學",
        "address": "臺北市文山區福興路80號"
      }
    },
    {
      "type": "Feature",
      "geometry": {
        "type": "Point",
        "coordinates": [
          121.5523503256,
          25.048451562381
        ]
      },
      "properties": {
        "name": "臺北市藝文推廣處",
        "address": "臺北市松山區八德路3段25號"
      }
    },
    {
      "type": "Feature",
      "geometry": {
        "type": "Point",
        "coordinates": [
          121.54503891387,
          25.012168215127
        ]
      },
      "properties": {
        "name": "國立臺灣大學(芳蘭校區)",
        "address": "臺北市大安區芳蘭路71號"
      }
    },
    {
      "type": "Feature",
      "geometry": {
        "type": "Point",
        "coordinates": [
          121.54433506734,
          25.017791744537
        ]
      },
      "properties": {
        "name": "國立臺灣大學(校總區)",
        "address": "臺北市大安區羅斯福路4段1號"
      }
    },
    {
      "type": "Feature",
      "geometry": {
        "type": "Point",
        "coordinates": [
          121.57769555987,
          24.984589660066
        ]
      },
      "properties": {
        "name": "臺北市立北政國民中學",
        "address": "臺北市文山區指南路3段2巷14號"
      }
    },
    {
      "type": "Feature",
      "geometry": {
        "type": "Point",
        "coordinates": [
          121.50513896791,
          25.119190280669
        ]
      },
      "properties": {
        "name": "臺北市北投區立農國民小學",
        "address": "臺北市北投區立農街一段250號"
      }
    },
    {
      "type": "Feature",
      "geometry": {
        "type": "Point",
        "coordinates": [
          121.54112575912,
          24.992026343933
        ]
      },
      "properties": {
        "name": "臺北市藝文推廣處-文山劇場",
        "address": "臺北市文山區景文街32號"
      }
    },
    {
      "type": "Feature",
      "geometry": {
        "type": "Point",
        "coordinates": [
          121.54156245995,
          25.020141147198
        ]
      },
      "properties": {
        "name": "國立臺灣大學(校總區)",
        "address": "臺北市大安區羅斯福路4段1號"
      }
    },
    {
      "type": "Feature",
      "geometry": {
        "type": "Point",
        "coordinates": [
          121.55235112995,
          25.048398734365
        ]
      },
      "properties": {
        "name": "臺北市藝文推廣處",
        "address": "臺北市松山區八德路3段25號"
      }
    },
    {
      "type": "Feature",
      "geometry": {
        "type": "Point",
        "coordinates": [
          121.53631471442,
          25.016218839432
        ]
      },
      "properties": {
        "name": "國立臺灣大學(校總區)",
        "address": "臺北市大安區羅斯福路4段1號"
      }
    },
    {
      "type": "Feature",
      "geometry": {
        "type": "Point",
        "coordinates": [
          121.53444044413,
          25.016774182724
        ]
      },
      "properties": {
        "name": "國立臺灣大學(校總區)",
        "address": "臺北市大安區羅斯福路4段1號"
      }
    },
    {
      "type": "Feature",
      "geometry": {
        "type": "Point",
        "coordinates": [
          121.55234657226,
          25.048419577138
        ]
      },
      "properties": {
        "name": "臺北市藝文推廣處",
        "address": "臺北市松山區八德路3段25號"
      }
    },
    {
      "type": "Feature",
      "geometry": {
        "type": "Point",
        "coordinates": [
          121.54157124361,
          25.134726867388
        ]
      },
      "properties": {
        "name": "臺北市立陽明教養院華岡院區",
        "address": "臺北市士林區凱旋路61巷4弄9號"
      }
    },
    {
      "type": "Feature",
      "geometry": {
        "type": "Point",
        "coordinates": [
          121.53657656988,
          25.01257019336
        ]
      },
      "properties": {
        "name": "國立臺灣大學(校總區)",
        "address": "臺北市大安區羅斯福路4段1號"
      }
    },
    {
      "type": "Feature",
      "geometry": {
        "type": "Point",
        "coordinates": [
          121.60746173101,
          25.05336238211
        ]
      },
      "properties": {
        "name": "臺北市南港區戶政事務所",
        "address": "臺北市南港區南港路1段360號"
      }
    },
    {
      "type": "Feature",
      "geometry": {
        "type": "Point",
        "coordinates": [
          121.57418104307,
          25.065509280787
        ]
      },
      "properties": {
        "name": "臺北市政府工務局新建工程處養護工程隊第二分隊",
        "address": "臺北市內湖區民權東路六段臨8-1號"
      }
    },
    {
      "type": "Feature",
      "geometry": {
        "type": "Point",
        "coordinates": [
          121.60530336204,
          25.062450642259
        ]
      },
      "properties": {
        "name": "臺北市政府環境保護局內湖垃圾焚化廠",
        "address": "臺北市內湖區安康路290號"
      }
    },
    {
      "type": "Feature",
      "geometry": {
        "type": "Point",
        "coordinates": [
          121.53492498248,
          25.037390075582
        ]
      },
      "properties": {
        "name": "臺北市大安區幸安國民小學",
        "address": "臺北市大安區仁愛路三段22號"
      }
    },
    {
      "type": "Feature",
      "geometry": {
        "type": "Point",
        "coordinates": [
          121.5380153541,
          25.019422026352
        ]
      },
      "properties": {
        "name": "國立臺灣大學(校總區)",
        "address": "臺北市大安區羅斯福路4段1號"
      }
    },
    {
      "type": "Feature",
      "geometry": {
        "type": "Point",
        "coordinates": [
          121.54483796336,
          25.020051959026
        ]
      },
      "properties": {
        "name": "國立臺灣大學(校總區)",
        "address": "臺北市大安區羅斯福路4段1號"
      }
    },
    {
      "type": "Feature",
      "geometry": {
        "type": "Point",
        "coordinates": [
          121.53960531305,
          25.013515597868
        ]
      },
      "properties": {
        "name": "國立臺灣大學(校總區)",
        "address": "臺北市大安區羅斯福路4段1號"
      }
    },
    {
      "type": "Feature",
      "geometry": {
        "type": "Point",
        "coordinates": [
          121.54158621276,
          25.134730602939
        ]
      },
      "properties": {
        "name": "臺北市立陽明教養院華岡院區",
        "address": "臺北市士林區凱旋路61巷4弄9號"
      }
    },
    {
      "type": "Feature",
      "geometry": {
        "type": "Point",
        "coordinates": [
          121.53478592017,
          25.008451727874
        ]
      },
      "properties": {
        "name": "國立臺灣師範大學公館校區(汀州路4段88號)",
        "address": "臺北市文山區汀州路4段88號"
      }
    },
    {
      "type": "Feature",
      "geometry": {
        "type": "Point",
        "coordinates": [
          121.534400389,
          25.008572269523
        ]
      },
      "properties": {
        "name": "國立臺灣師範大學公館校區(汀州路4段88號)",
        "address": "臺北市文山區汀州路4段88號"
      }
    },
    {
      "type": "Feature",
      "geometry": {
        "type": "Point",
        "coordinates": [
          121.55277417226,
          25.063742403978
        ]
      },
      "properties": {
        "name": "交通部民用航空局臺北國際航空站(松山機場)",
        "address": "臺北市松山區敦化北路340-9號"
      }
    },
    {
      "type": "Feature",
      "geometry": {
        "type": "Point",
        "coordinates": [
          121.53556242664,
          25.048531133178
        ]
      },
      "properties": {
        "name": "立榮航空股份有限公司",
        "address": "臺北市中山區長安東路二段117號"
      }
    },
    {
      "type": "Feature",
      "geometry": {
        "type": "Point",
        "coordinates": [
          121.53556778869,
          25.048538419789
        ]
      },
      "properties": {
        "name": "立榮航空股份有限公司",
        "address": "臺北市中山區長安東路二段117號"
      }
    },
    {
      "type": "Feature",
      "geometry": {
        "type": "Point",
        "coordinates": [
          121.53556510766,
          25.048533562049
        ]
      },
      "properties": {
        "name": "立榮航空股份有限公司",
        "address": "臺北市中山區長安東路二段117號"
      }
    },
    {
      "type": "Feature",
      "geometry": {
        "type": "Point",
        "coordinates": [
          121.53556376715,
          25.048541379975
        ]
      },
      "properties": {
        "name": "立榮航空股份有限公司",
        "address": "臺北市中山區長安東路二段117號"
      }
    },
    {
      "type": "Feature",
      "geometry": {
        "type": "Point",
        "coordinates": [
          121.53556242664,
          25.04854084866
        ]
      },
      "properties": {
        "name": "立榮航空股份有限公司",
        "address": "臺北市中山區長安東路二段117號"
      }
    },
    {
      "type": "Feature",
      "geometry": {
        "type": "Point",
        "coordinates": [
          121.53557315073,
          25.04854084866
        ]
      },
      "properties": {
        "name": "立榮航空股份有限公司",
        "address": "臺北市中山區長安東路二段117號"
      }
    },
    {
      "type": "Feature",
      "geometry": {
        "type": "Point",
        "coordinates": [
          121.53556510766,
          25.04854327753
        ]
      },
      "properties": {
        "name": "立榮航空股份有限公司",
        "address": "臺北市中山區長安東路二段117號"
      }
    },
    {
      "type": "Feature",
      "geometry": {
        "type": "Point",
        "coordinates": [
          121.53556510766,
          25.048535990919
        ]
      },
      "properties": {
        "name": "立榮航空股份有限公司",
        "address": "臺北市中山區長安東路二段117號"
      }
    },
    {
      "type": "Feature",
      "geometry": {
        "type": "Point",
        "coordinates": [
          121.53556510766,
          25.048538419789
        ]
      },
      "properties": {
        "name": "立榮航空股份有限公司",
        "address": "臺北市中山區長安東路二段117號"
      }
    },
    {
      "type": "Feature",
      "geometry": {
        "type": "Point",
        "coordinates": [
          121.53557046971,
          25.048538419789
        ]
      },
      "properties": {
        "name": "立榮航空股份有限公司",
        "address": "臺北市中山區長安東路二段117號"
      }
    },
    {
      "type": "Feature",
      "geometry": {
        "type": "Point",
        "coordinates": [
          121.53556242664,
          25.0485457064
        ]
      },
      "properties": {
        "name": "立榮航空股份有限公司",
        "address": "臺北市中山區長安東路二段117號"
      }
    },
    {
      "type": "Feature",
      "geometry": {
        "type": "Point",
        "coordinates": [
          121.53556242664,
          25.04854084866
        ]
      },
      "properties": {
        "name": "立榮航空股份有限公司",
        "address": "臺北市中山區長安東路二段117號"
      }
    },
    {
      "type": "Feature",
      "geometry": {
        "type": "Point",
        "coordinates": [
          121.53556510766,
          25.04854084866
        ]
      },
      "properties": {
        "name": "立榮航空股份有限公司",
        "address": "臺北市中山區長安東路二段117號"
      }
    },
    {
      "type": "Feature",
      "geometry": {
        "type": "Point",
        "coordinates": [
          121.53556242664,
          25.0485457064
        ]
      },
      "properties": {
        "name": "立榮航空股份有限公司",
        "address": "臺北市中山區長安東路二段117號"
      }
    },
    {
      "type": "Feature",
      "geometry": {
        "type": "Point",
        "coordinates": [
          121.5355570646,
          25.048535990919
        ]
      },
      "properties": {
        "name": "立榮航空股份有限公司",
        "address": "臺北市中山區長安東路二段117號"
      }
    },
    {
      "type": "Feature",
      "geometry": {
        "type": "Point",
        "coordinates": [
          121.53555438358,
          25.04854327753
        ]
      },
      "properties": {
        "name": "立榮航空股份有限公司",
        "address": "臺北市中山區長安東路二段117號"
      }
    },
    {
      "type": "Feature",
      "geometry": {
        "type": "Point",
        "coordinates": [
          121.5355570646,
          25.0485457064
        ]
      },
      "properties": {
        "name": "立榮航空股份有限公司",
        "address": "臺北市中山區長安東路二段117號"
      }
    },
    {
      "type": "Feature",
      "geometry": {
        "type": "Point",
        "coordinates": [
          121.53556242664,
          25.04854084866
        ]
      },
      "properties": {
        "name": "立榮航空股份有限公司",
        "address": "臺北市中山區長安東路二段117號"
      }
    },
    {
      "type": "Feature",
      "geometry": {
        "type": "Point",
        "coordinates": [
          121.53556510766,
          25.048535990919
        ]
      },
      "properties": {
        "name": "立榮航空股份有限公司",
        "address": "臺北市中山區長安東路二段117號"
      }
    },
    {
      "type": "Feature",
      "geometry": {
        "type": "Point",
        "coordinates": [
          121.53556778869,
          25.048531133178
        ]
      },
      "properties": {
        "name": "立榮航空股份有限公司",
        "address": "臺北市中山區長安東路二段117號"
      }
    },
    {
      "type": "Feature",
      "geometry": {
        "type": "Point",
        "coordinates": [
          121.56677224943,
          25.031851645812
        ]
      },
      "properties": {
        "name": "臺北市信義運動中心",
        "address": "臺北市信義區松勤街100號"
      }
    },
    {
      "type": "Feature",
      "geometry": {
        "type": "Point",
        "coordinates": [
          121.60610923871,
          25.055300692589
        ]
      },
      "properties": {
        "name": "打鐵健身 南港店",
        "address": "臺北市南港區興華路77號"
      }
    },
    {
      "type": "Feature",
      "geometry": {
        "type": "Point",
        "coordinates": [
          121.55214682965,
          25.048130957813
        ]
      },
      "properties": {
        "name": "打鐵健身-松山店",
        "address": "臺北市松山區八德路三段36號"
      }
    },
    {
      "type": "Feature",
      "geometry": {
        "type": "Point",
        "coordinates": [
          121.54655834276,
          25.151500708759
        ]
      },
      "properties": {
        "name": "小油坑往七星山主峰0.6k處觀景平台(亞洲形上觀音山揹水隊捐贈)",
        "address": "臺北市北投區 "
      }
    },
    {
      "type": "Feature",
      "geometry": {
        "type": "Point",
        "coordinates": [
          121.49844485329,
          25.131045957281
        ]
      },
      "properties": {
        "name": "栖里健身事業股份有限公司",
        "address": "臺北市北投區公館路427號"
      }
    },
    {
      "type": "Feature",
      "geometry": {
        "type": "Point",
        "coordinates": [
          121.53637276715,
          25.110340473447
        ]
      },
      "properties": {
        "name": "芝山國小",
        "address": "臺北市士林區德行東路285號"
      }
    },
    {
      "type": "Feature",
      "geometry": {
        "type": "Point",
        "coordinates": [
          121.56697548358,
          25.079837039769
        ]
      },
      "properties": {
        "name": "優勢開發管理顧問有限公司-內科館",
        "address": "臺北市內湖區瑞光路550號"
      }
    },
    {
      "type": "Feature",
      "geometry": {
        "type": "Point",
        "coordinates": [
          121.54368627226,
          25.044622798038
        ]
      },
      "properties": {
        "name": "Pro Space",
        "address": "臺北市大安區復興南路一段62號"
      }
    },
    {
      "type": "Feature",
      "geometry": {
        "type": "Point",
        "coordinates": [
          121.58468240511,
          25.037420411591
        ]
      },
      "properties": {
        "name": "松山奉天宮",
        "address": "臺北市信義區福德街221巷12號"
      }
    },
    {
      "type": "Feature",
      "geometry": {
        "type": "Point",
        "coordinates": [
          121.54807059874,
          25.048833522587
        ]
      },
      "properties": {
        "name": "臺北市松山區敦化國民小學",
        "address": "臺北市松山區敦化北路2號"
      }
    },
    {
      "type": "Feature",
      "geometry": {
        "type": "Point",
        "coordinates": [
          121.54797837168,
          25.049843926054
        ]
      },
      "properties": {
        "name": "臺北市松山區敦化國民小學",
        "address": "臺北市松山區敦化北路2號"
      }
    },
    {
      "type": "Feature",
      "geometry": {
        "type": "Point",
        "coordinates": [
          121.54680351777,
          25.05114596518
        ]
      },
      "properties": {
        "name": "臺北市立敦化國民中學",
        "address": "臺北市松山區南京東路三段300號"
      }
    },
    {
      "type": "Feature",
      "geometry": {
        "type": "Point",
        "coordinates": [
          121.55575249124,
          25.051439722797
        ]
      },
      "properties": {
        "name": "Fitness Hub",
        "address": "臺北市松山區南京東路四段130號"
      }
    },
    {
      "type": "Feature",
      "geometry": {
        "type": "Point",
        "coordinates": [
          121.54672898433,
          25.051578432157
        ]
      },
      "properties": {
        "name": "臺北市立敦化國民中學",
        "address": "臺北市松山區南京東路三段300號"
      }
    },
    {
      "type": "Feature",
      "geometry": {
        "type": "Point",
        "coordinates": [
          121.50718372409,
          25.041547505971
        ]
      },
      "properties": {
        "name": "可爾姿女性30分鐘環狀運動 西門漢中店",
        "address": "臺北市萬華區漢中街157號"
      }
    },
    {
      "type": "Feature",
      "geometry": {
        "type": "Point",
        "coordinates": [
          121.56788568649,
          25.036541965709
        ]
      },
      "properties": {
        "name": "遠東百貨股份有限公司信義分公司",
        "address": "臺北市信義區松仁路58號"
      }
    },
    {
      "type": "Feature",
      "geometry": {
        "type": "Point",
        "coordinates": [
          121.56790445364,
          25.036517826446
        ]
      },
      "properties": {
        "name": "遠東百貨股份有限公司信義分公司",
        "address": "臺北市信義區松仁路58號"
      }
    },
    {
      "type": "Feature",
      "geometry": {
        "type": "Point",
        "coordinates": [
          121.52839100753,
          25.037901927366
        ]
      },
      "properties": {
        "name": "波克萊體能顧問有限公司",
        "address": "臺北市中正區金山南路一段65號"
      }
    },
    {
      "type": "Feature",
      "geometry": {
        "type": "Point",
        "coordinates": [
          121.55915017226,
          25.03178566215
        ]
      },
      "properties": {
        "name": "森運動工作室",
        "address": "臺北市信義區基隆路二段23號"
      }
    },
    {
      "type": "Feature",
      "geometry": {
        "type": "Point",
        "coordinates": [
          121.51105631898,
          25.036798187809
        ]
      },
      "properties": {
        "name": "臺灣臺北地方法院",
        "address": "臺北市中正區博愛路131號"
      }
    },
    {
      "type": "Feature",
      "geometry": {
        "type": "Point",
        "coordinates": [
          121.5111072584,
          25.0367909005
        ]
      },
      "properties": {
        "name": "臺灣臺北地方法院",
        "address": "臺北市中正區博愛路131號"
      }
    },
    {
      "type": "Feature",
      "geometry": {
        "type": "Point",
        "coordinates": [
          121.52258198494,
          25.094392564894
        ]
      },
      "properties": {
        "name": "臺北市立士林國民中學",
        "address": "臺北市士林區中正路345號"
      }
    },
    {
      "type": "Feature",
      "geometry": {
        "type": "Point",
        "coordinates": [
          121.5442491292,
          24.996210273946
        ]
      },
      "properties": {
        "name": "臺北市立景興國民中學",
        "address": "臺北市文山區景興路46巷2號"
      }
    },
    {
      "type": "Feature",
      "geometry": {
        "type": "Point",
        "coordinates": [
          121.49796828178,
          25.023016152512
        ]
      },
      "properties": {
        "name": "臺北市萬華區東園國民小學",
        "address": "臺北市萬華區東園街195號"
      }
    },
    {
      "type": "Feature",
      "geometry": {
        "type": "Point",
        "coordinates": [
          121.54442003972,
          25.058225795408
        ]
      },
      "properties": {
        "name": "1010湘(復北店)",
        "address": "臺北市松山區復興北路301號"
      }
    },
    {
      "type": "Feature",
      "geometry": {
        "type": "Point",
        "coordinates": [
          121.52341362246,
          25.118810855371
        ]
      },
      "properties": {
        "name": "瓦城泰國料理 天母店",
        "address": "臺北市北投區天母西路111號"
      }
    },
    {
      "type": "Feature",
      "geometry": {
        "type": "Point",
        "coordinates": [
          121.56645632256,
          25.082084882868
        ]
      },
      "properties": {
        "name": "瓦城泰國料理 - 西湖店",
        "address": "臺北市內湖區內湖路一段246-1號"
      }
    },
    {
      "type": "Feature",
      "geometry": {
        "type": "Point",
        "coordinates": [
          121.52253730102,
          25.094303236075
        ]
      },
      "properties": {
        "name": "臺北市立士林國民中學",
        "address": "臺北市士林區中正路345號"
      }
    },
    {
      "type": "Feature",
      "geometry": {
        "type": "Point",
        "coordinates": [
          121.52257081396,
          25.094478276938
        ]
      },
      "properties": {
        "name": "臺北市立士林國民中學",
        "address": "臺北市士林區中正路345號"
      }
    },
    {
      "type": "Feature",
      "geometry": {
        "type": "Point",
        "coordinates": [
          121.51671108014,
          25.030337132447
        ]
      },
      "properties": {
        "name": "BeeFit蜂運動寧波教室",
        "address": "臺北市中正區寧波西街79號"
      }
    },
    {
      "type": "Feature",
      "geometry": {
        "type": "Point",
        "coordinates": [
          121.49128568613,
          25.03406704559
        ]
      },
      "properties": {
        "name": "臺北市萬華區華江國民小學",
        "address": "臺北市萬華區環河南路2段250巷42弄2號"
      }
    },
    {
      "type": "Feature",
      "geometry": {
        "type": "Point",
        "coordinates": [
          121.56588772387,
          25.043102762994
        ]
      },
      "properties": {
        "name": "More Fit 市府店",
        "address": "臺北市信義區基隆路一段139號"
      }
    },
    {
      "type": "Feature",
      "geometry": {
        "type": "Point",
        "coordinates": [
          121.51838099266,
          25.035023138929
        ]
      },
      "properties": {
        "name": "國家表演藝術中心國家兩廳院(國家戲劇院)",
        "address": "臺北市中正區中山南路21-1號"
      }
    },
    {
      "type": "Feature",
      "geometry": {
        "type": "Point",
        "coordinates": [
          121.58471104784,
          25.094116154873
        ]
      },
      "properties": {
        "name": "觀音佛祖慈聖宮",
        "address": "臺北市內湖區內湖路三段256巷16號"
      }
    },
    {
      "type": "Feature",
      "geometry": {
        "type": "Point",
        "coordinates": [
          121.58117766861,
          25.104218343739
        ]
      },
      "properties": {
        "name": "碧山露營場",
        "address": "臺北市內湖區碧山路26之7號"
      }
    },
    {
      "type": "Feature",
      "geometry": {
        "type": "Point",
        "coordinates": [
          121.57162577786,
          25.089844362167
        ]
      },
      "properties": {
        "name": "金面山步道竹月寺",
        "address": "臺北市內湖區環山路二段50巷14弄14號"
      }
    },
    {
      "type": "Feature",
      "geometry": {
        "type": "Point",
        "coordinates": [
          121.66405016844,
          25.02746945135
        ]
      },
      "properties": {
        "name": "南港茶葉製造示範場",
        "address": "臺北市南港區舊莊街二段336號"
      }
    },
    {
      "type": "Feature",
      "geometry": {
        "type": "Point",
        "coordinates": [
          121.59082825275,
          25.097674692943
        ]
      },
      "properties": {
        "name": "圓覺寺",
        "address": "臺北市內湖區碧山路39號"
      }
    },
    {
      "type": "Feature",
      "geometry": {
        "type": "Point",
        "coordinates": [
          121.55139672366,
          25.088927225681
        ]
      },
      "properties": {
        "name": "靜修宮",
        "address": "臺北市中山區劍南路336巷6號"
      }
    },
    {
      "type": "Feature",
      "geometry": {
        "type": "Point",
        "coordinates": [
          121.58291408613,
          25.065936403354
        ]
      },
      "properties": {
        "name": "友訊科技股份有限公司",
        "address": "臺北市內湖區新湖三路289號"
      }
    },
    {
      "type": "Feature",
      "geometry": {
        "type": "Point",
        "coordinates": [
          121.58343989976,
          25.066749817402
        ]
      },
      "properties": {
        "name": "友訊科技股份有限公司",
        "address": "臺北市內湖區新湖三路289號"
      }
    },
    {
      "type": "Feature",
      "geometry": {
        "type": "Point",
        "coordinates": [
          121.51574183569,
          25.095186638507
        ]
      },
      "properties": {
        "name": "臺北市立士林高級商業職業學校",
        "address": "臺北市士林區士商路150號"
      }
    },
    {
      "type": "Feature",
      "geometry": {
        "type": "Point",
        "coordinates": [
          121.57128696453,
          25.183759596424
        ]
      },
      "properties": {
        "name": "陽明山大屯山面天山觀景平台(亞洲形上觀音山揹水隊捐贈)",
        "address": "臺北市士林區竹子湖路1-20號"
      }
    },
    {
      "type": "Feature",
      "geometry": {
        "type": "Point",
        "coordinates": [
          121.52993399853,
          25.053692643294
        ]
      },
      "properties": {
        "name": "臺北市數位實驗高級中等學校",
        "address": "臺北市中山區吉林路110號"
      }
    },
    {
      "type": "Feature",
      "geometry": {
        "type": "Point",
        "coordinates": [
          121.55475912124,
          25.033388089178
        ]
      },
      "properties": {
        "name": "Anytime Fitness 信義安和店",
        "address": "臺北市大安區信義路四段279號"
      }
    },
    {
      "type": "Feature",
      "geometry": {
        "type": "Point",
        "coordinates": [
          121.49609508742,
          25.028623885008
        ]
      },
      "properties": {
        "name": "臺市立華江高級中學運動中心(舞動陽光有限公司)",
        "address": "臺北市萬華區西藏路213號"
      }
    },
    {
      "type": "Feature",
      "geometry": {
        "type": "Point",
        "coordinates": [
          121.54661883508,
          25.08184627014
        ]
      },
      "properties": {
        "name": "臺北市立圖書館大直分館",
        "address": "臺北市中山區大直街25號"
      }
    },
    {
      "type": "Feature",
      "geometry": {
        "type": "Point",
        "coordinates": [
          121.51063849472,
          25.049934474369
        ]
      },
      "properties": {
        "name": "保證責任臺北市台北地下街場地利用合作社",
        "address": "臺北市中正區市民大道1段100號"
      }
    },
    {
      "type": "Feature",
      "geometry": {
        "type": "Point",
        "coordinates": [
          121.51830348185,
          25.048299320725
        ]
      },
      "properties": {
        "name": "保證責任臺北市台北地下街場地利用合作社",
        "address": "臺北市中正區市民大道1段100號"
      }
    },
    {
      "type": "Feature",
      "geometry": {
        "type": "Point",
        "coordinates": [
          121.51593350099,
          25.048598340318
        ]
      },
      "properties": {
        "name": "保證責任臺北市台北地下街場地利用合作社",
        "address": "臺北市中正區市民大道1段100號"
      }
    },
    {
      "type": "Feature",
      "geometry": {
        "type": "Point",
        "coordinates": [
          121.51229705381,
          25.049706447272
        ]
      },
      "properties": {
        "name": "保證責任臺北市台北地下街場地利用合作社",
        "address": "臺北市中正區市民大道1段100號"
      }
    },
    {
      "type": "Feature",
      "geometry": {
        "type": "Point",
        "coordinates": [
          121.51326264954,
          25.04926830085
        ]
      },
      "properties": {
        "name": "保證責任臺北市台北地下街場地利用合作社",
        "address": "臺北市中正區市民大道1段100號"
      }
    },
    {
      "type": "Feature",
      "geometry": {
        "type": "Point",
        "coordinates": [
          121.51492003213,
          25.049087526106
        ]
      },
      "properties": {
        "name": "保證責任臺北市台北地下街場地利用合作社",
        "address": "臺北市中正區市民大道1段100號"
      }
    },
    {
      "type": "Feature",
      "geometry": {
        "type": "Point",
        "coordinates": [
          121.51360597247,
          25.049303838608
        ]
      },
      "properties": {
        "name": "保證責任臺北市台北地下街場地利用合作社",
        "address": "臺北市中正區市民大道1段100號"
      }
    },
    {
      "type": "Feature",
      "geometry": {
        "type": "Point",
        "coordinates": [
          121.51761855917,
          25.048535977754
        ]
      },
      "properties": {
        "name": "保證責任臺北市台北地下街場地利用合作社",
        "address": "臺北市中正區市民大道1段100號"
      }
    },
    {
      "type": "Feature",
      "geometry": {
        "type": "Point",
        "coordinates": [
          121.52588761004,
          25.027571532929
        ]
      },
      "properties": {
        "name": "川復有限公司",
        "address": "臺北市大安區金山南路二段222號"
      }
    },
    {
      "type": "Feature",
      "geometry": {
        "type": "Point",
        "coordinates": [
          121.52104240766,
          25.093768343382
        ]
      },
      "properties": {
        "name": "407肌力訓練",
        "address": "臺北市士林區中正路407號"
      }
    },
    {
      "type": "Feature",
      "geometry": {
        "type": "Point",
        "coordinates": [
          121.56321860075,
          25.031906549545
        ]
      },
      "properties": {
        "name": "臺北市信義區信義國民小學",
        "address": "臺北市信義區松勤街60號"
      }
    },
    {
      "type": "Feature",
      "geometry": {
        "type": "Point",
        "coordinates": [
          121.511059,
          25.0367909005
        ]
      },
      "properties": {
        "name": "臺灣臺北地方法院",
        "address": "臺北市中正區博愛路131號"
      }
    },
    {
      "type": "Feature",
      "geometry": {
        "type": "Point",
        "coordinates": [
          121.51106168102,
          25.036798187809
        ]
      },
      "properties": {
        "name": "臺灣臺北地方法院",
        "address": "臺北市中正區博愛路131號"
      }
    },
    {
      "type": "Feature",
      "geometry": {
        "type": "Point",
        "coordinates": [
          121.55106110766,
          25.052065378814
        ]
      },
      "properties": {
        "name": "K·Ｄ+ Fitness",
        "address": "臺北市松山區南京東路四段51號"
      }
    },
    {
      "type": "Feature",
      "geometry": {
        "type": "Point",
        "coordinates": [
          121.52278669745,
          25.028009896814
        ]
      },
      "properties": {
        "name": "BeeFit蜂運動古亭教室",
        "address": "臺北市大安區羅斯福路二段35巷13號"
      }
    },
    {
      "type": "Feature",
      "geometry": {
        "type": "Point",
        "coordinates": [
          121.58870608613,
          25.077079088914
        ]
      },
      "properties": {
        "name": "臺北市內湖國中",
        "address": "臺北市內湖區台北市內湖區陽光街1號"
      }
    },
    {
      "type": "Feature",
      "geometry": {
        "type": "Point",
        "coordinates": [
          121.50385763821,
          25.134987400892
        ]
      },
      "properties": {
        "name": "臺北市立北投國民中學",
        "address": "臺北市北投區溫泉路62號"
      }
    },
    {
      "type": "Feature",
      "geometry": {
        "type": "Point",
        "coordinates": [
          121.57784336791,
          25.074236105129
        ]
      },
      "properties": {
        "name": "台達電子工業股份有限公司",
        "address": "臺北市內湖區瑞光路186號"
      }
    },
    {
      "type": "Feature",
      "geometry": {
        "type": "Point",
        "coordinates": [
          121.60990508613,
          25.033616761779
        ]
      },
      "properties": {
        "name": "中華學校財團法人中華科技大學",
        "address": "臺北市南港區研究院路3段245號"
      }
    },
    {
      "type": "Feature",
      "geometry": {
        "type": "Point",
        "coordinates": [
          121.59356295439,
          25.053850396394
        ]
      },
      "properties": {
        "name": "臺北市玉成國小",
        "address": "臺北市南港區臺北市南港區向陽路31號"
      }
    },
    {
      "type": "Feature",
      "geometry": {
        "type": "Point",
        "coordinates": [
          121.54831234536,
          24.996470317487
        ]
      },
      "properties": {
        "name": "臺北市文山區景興國民小學",
        "address": "臺北市文山區景華街150巷21號"
      }
    },
    {
      "type": "Feature",
      "geometry": {
        "type": "Point",
        "coordinates": [
          121.50717178869,
          25.136734550458
        ]
      },
      "properties": {
        "name": "北投溫泉博物館",
        "address": "臺北市北投區中山路2號"
      }
    },
    {
      "type": "Feature",
      "geometry": {
        "type": "Point",
        "coordinates": [
          121.61063718613,
          25.068025034812
        ]
      },
      "properties": {
        "name": "南湖國小運動中心",
        "address": "臺北市內湖區康寧路三段200號"
      }
    },
    {
      "type": "Feature",
      "geometry": {
        "type": "Point",
        "coordinates": [
          121.52433316715,
          25.03132098414
        ]
      },
      "properties": {
        "name": "中華郵政股份有限公司愛國大樓",
        "address": "臺北市大安區愛國東路216號"
      }
    },
    {
      "type": "Feature",
      "geometry": {
        "type": "Point",
        "coordinates": [
          121.55919508691,
          25.080147237622
        ]
      },
      "properties": {
        "name": "Marriott Taipei 台北萬豪酒店",
        "address": "臺北市中山區樂群二路199號"
      }
    },
    {
      "type": "Feature",
      "geometry": {
        "type": "Point",
        "coordinates": [
          121.51671800586,
          25.073465247275
        ]
      },
      "properties": {
        "name": "臺北市大同區大龍國民小學",
        "address": "臺北市大同區哈密街47號"
      }
    },
    {
      "type": "Feature",
      "geometry": {
        "type": "Point",
        "coordinates": [
          121.57432255584,
          25.034991812045
        ]
      },
      "properties": {
        "name": "誠品股份有限公司196號辦公室",
        "address": "臺北市信義區松德路196號"
      }
    },
    {
      "type": "Feature",
      "geometry": {
        "type": "Point",
        "coordinates": [
          121.5418148094,
          25.05209743045
        ]
      },
      "properties": {
        "name": "Jexer Fitness & Spa 南京復興",
        "address": "臺北市中山區南京東路三段133號"
      }
    },
    {
      "type": "Feature",
      "geometry": {
        "type": "Point",
        "coordinates": [
          121.52452346715,
          25.056126148748
        ]
      },
      "properties": {
        "name": "健身工廠-中山北廠",
        "address": "臺北市中山區中山北路二段59巷45號"
      }
    },
    {
      "type": "Feature",
      "geometry": {
        "type": "Point",
        "coordinates": [
          121.53534134422,
          25.058264157421
        ]
      },
      "properties": {
        "name": "上海商業儲蓄銀行股份有限公司(總行大樓)",
        "address": "臺北市中山區民權東路一段2號"
      }
    },
    {
      "type": "Feature",
      "geometry": {
        "type": "Point",
        "coordinates": [
          121.58201899348,
          25.037840114987
        ]
      },
      "properties": {
        "name": "台北市立圖書館廣慈分館",
        "address": "臺北市信義區福德街86號"
      }
    },
    {
      "type": "Feature",
      "geometry": {
        "type": "Point",
        "coordinates": [
          121.52001794382,
          25.063649366085
        ]
      },
      "properties": {
        "name": "Transcend勸世健身",
        "address": "臺北市中山區撫順街31號"
      }
    },
    {
      "type": "Feature",
      "geometry": {
        "type": "Point",
        "coordinates": [
          121.53284247935,
          25.052474764383
        ]
      },
      "properties": {
        "name": "財團法人陽光社會福利基金會陽光活力中心",
        "address": "臺北市中山區松江路122號"
      }
    },
    {
      "type": "Feature",
      "geometry": {
        "type": "Point",
        "coordinates": [
          121.55600827737,
          25.03813469363
        ]
      },
      "properties": {
        "name": "低氧喜客",
        "address": "臺北市大安區仁愛路四段411號"
      }
    },
    {
      "type": "Feature",
      "geometry": {
        "type": "Point",
        "coordinates": [
          121.5466322076,
          25.029635066213
        ]
      },
      "properties": {
        "name": "臺北市大安區建安國民小學",
        "address": "臺北市大安區大安路二段99號"
      }
    },
    {
      "type": "Feature",
      "geometry": {
        "type": "Point",
        "coordinates": [
          121.50749876715,
          25.134549401433
        ]
      },
      "properties": {
        "name": "大地國際酒店股份有限公司",
        "address": "臺北市北投區奇岩路1號"
      }
    },
    {
      "type": "Feature",
      "geometry": {
        "type": "Point",
        "coordinates": [
          121.50750681022,
          25.134570373642
        ]
      },
      "properties": {
        "name": "大地國際酒店股份有限公司",
        "address": "臺北市北投區奇岩路1號"
      }
    },
    {
      "type": "Feature",
      "geometry": {
        "type": "Point",
        "coordinates": [
          121.52561976715,
          25.054255425355
        ]
      },
      "properties": {
        "name": "欣欣秀泰影城",
        "address": "臺北市中山區林森北路247號"
      }
    },
    {
      "type": "Feature",
      "geometry": {
        "type": "Point",
        "coordinates": [
          121.55724532664,
          25.033688328103
        ]
      },
      "properties": {
        "name": "構韋有限公司",
        "address": "臺北市大安區光復南路578號"
      }
    },
    {
      "type": "Feature",
      "geometry": {
        "type": "Point",
        "coordinates": [
          121.54570302555,
          25.020605877606
        ]
      },
      "properties": {
        "name": "臺北市大安運動中心",
        "address": "臺北市大安區辛亥路3段55號"
      }
    },
    {
      "type": "Feature",
      "geometry": {
        "type": "Point",
        "coordinates": [
          121.54579686132,
          25.020540321115
        ]
      },
      "properties": {
        "name": "臺北市大安運動中心",
        "address": "臺北市大安區辛亥路3段55號"
      }
    },
    {
      "type": "Feature",
      "geometry": {
        "type": "Point",
        "coordinates": [
          121.61938289124,
          25.058455448167
        ]
      },
      "properties": {
        "name": "台北漢來大飯店GRAND HILAI TAIPEI",
        "address": "臺北市南港區經貿一路168號"
      }
    },
    {
      "type": "Feature",
      "geometry": {
        "type": "Point",
        "coordinates": [
          121.61936680511,
          25.058465162862
        ]
      },
      "properties": {
        "name": "台北漢來大飯店GRAND HILAI TAIPEI",
        "address": "臺北市南港區經貿一路168號"
      }
    },
    {
      "type": "Feature",
      "geometry": {
        "type": "Point",
        "coordinates": [
          121.46729379672,
          25.119932411221
        ]
      },
      "properties": {
        "name": "臺北市立關渡國民中學",
        "address": "臺北市北投區知行路212號"
      }
    },
    {
      "type": "Feature",
      "geometry": {
        "type": "Point",
        "coordinates": [
          121.50926143937,
          25.022830987229
        ]
      },
      "properties": {
        "name": "臺北市立古亭國民中學",
        "address": "臺北市中正區中華路二段465號"
      }
    },
    {
      "type": "Feature",
      "geometry": {
        "type": "Point",
        "coordinates": [
          121.61980653286,
          25.072095071965
        ]
      },
      "properties": {
        "name": "臺北市立東湖國民中學",
        "address": "臺北市內湖區康樂街131號"
      }
    },
    {
      "type": "Feature",
      "geometry": {
        "type": "Point",
        "coordinates": [
          121.5990885496,
          25.088187317069
        ]
      },
      "properties": {
        "name": "臺北市內湖區大湖國民小學",
        "address": "臺北市內湖區大湖山莊街170號"
      }
    },
    {
      "type": "Feature",
      "geometry": {
        "type": "Point",
        "coordinates": [
          121.5165001292,
          25.054447669585
        ]
      },
      "properties": {
        "name": "臺北市大同區日新國民小學",
        "address": "臺北市大同區太原路151號"
      }
    },
    {
      "type": "Feature",
      "geometry": {
        "type": "Point",
        "coordinates": [
          121.5087979256,
          25.137006573102
        ]
      },
      "properties": {
        "name": "梅庭",
        "address": "臺北市北投區中山路6號"
      }
    },
    {
      "type": "Feature",
      "geometry": {
        "type": "Point",
        "coordinates": [
          121.61980653286,
          25.072617177594
        ]
      },
      "properties": {
        "name": "臺北市立東湖國民中學",
        "address": "臺北市內湖區康樂街131號"
      }
    },
    {
      "type": "Feature",
      "geometry": {
        "type": "Point",
        "coordinates": [
          121.5514497276,
          25.079519197767
        ]
      },
      "properties": {
        "name": "齊天健身",
        "address": "臺北市中山區明水路567號"
      }
    },
    {
      "type": "Feature",
      "geometry": {
        "type": "Point",
        "coordinates": [
          121.5093331292,
          25.042819981048
        ]
      },
      "properties": {
        "name": "德立莊酒店",
        "address": "臺北市中正區秀山街4號"
      }
    },
    {
      "type": "Feature",
      "geometry": {
        "type": "Point",
        "coordinates": [
          121.50457376715,
          25.040994364217
        ]
      },
      "properties": {
        "name": "洛碁大飯店新仕界",
        "address": "臺北市萬華區昆明街141號"
      }
    },
    {
      "type": "Feature",
      "geometry": {
        "type": "Point",
        "coordinates": [
          121.51667692776,
          25.104291586873
        ]
      },
      "properties": {
        "name": "臺北市立中正高級中學",
        "address": "臺北市北投區文林北路77號"
      }
    },
    {
      "type": "Feature",
      "geometry": {
        "type": "Point",
        "coordinates": [
          121.54440542664,
          25.060592534266
        ]
      },
      "properties": {
        "name": "臺灣集中保管結算所股份有限公司",
        "address": "臺北市松山區復興北路363號"
      }
    },
    {
      "type": "Feature",
      "geometry": {
        "type": "Point",
        "coordinates": [
          121.50958724051,
          25.045081237092
        ]
      },
      "properties": {
        "name": "捷絲旅西門館",
        "address": "臺北市中正區中華路一段41號"
      }
    },
    {
      "type": "Feature",
      "geometry": {
        "type": "Point",
        "coordinates": [
          121.62052025563,
          25.036466388775
        ]
      },
      "properties": {
        "name": "臺北市政府環境保護局南港區清潔隊停車場",
        "address": "臺北市南港區南深路37號"
      }
    },
    {
      "type": "Feature",
      "geometry": {
        "type": "Point",
        "coordinates": [
          121.51522357926,
          25.029435671472
        ]
      },
      "properties": {
        "name": "臺北市政府環境保護局中正區清潔隊區隊部",
        "address": "臺北市中正區重慶南路三段6號"
      }
    },
    {
      "type": "Feature",
      "geometry": {
        "type": "Point",
        "coordinates": [
          121.54734257831,
          25.020049651939
        ]
      },
      "properties": {
        "name": "臺北市政府環境保護局大安區清潔隊臥龍分隊",
        "address": "臺北市大安區基隆路三段臨24號"
      }
    },
    {
      "type": "Feature",
      "geometry": {
        "type": "Point",
        "coordinates": [
          121.52069263928,
          25.076122826197
        ]
      },
      "properties": {
        "name": "臺北市政府環境保護局大同區清潔隊大龍分隊",
        "address": "臺北市大同區承德路3段303之1號"
      }
    },
    {
      "type": "Feature",
      "geometry": {
        "type": "Point",
        "coordinates": [
          121.50164629249,
          25.044312297047
        ]
      },
      "properties": {
        "name": "臺北市政府環境保護局萬華區清潔隊青年分隊",
        "address": "臺北市萬華區成都路臨173號"
      }
    },
    {
      "type": "Feature",
      "geometry": {
        "type": "Point",
        "coordinates": [
          121.53383768235,
          25.022055322588
        ]
      },
      "properties": {
        "name": "臺北市政府環境保護局大安區清潔隊台大分隊",
        "address": "臺北市大安區辛亥路一段臨138號"
      }
    },
    {
      "type": "Feature",
      "geometry": {
        "type": "Point",
        "coordinates": [
          121.54561058266,
          25.072867502658
        ]
      },
      "properties": {
        "name": "臺北市政府環境保護局中山區清潔隊停車場",
        "address": "臺北市中山區濱江街301巷內"
      }
    },
    {
      "type": "Feature",
      "geometry": {
        "type": "Point",
        "coordinates": [
          121.56319795826,
          24.984626935205
        ]
      },
      "properties": {
        "name": "臺北市政府環境保護局文山區清潔隊復興分隊",
        "address": "臺北市文山區忠順街二段22號"
      }
    },
    {
      "type": "Feature",
      "geometry": {
        "type": "Point",
        "coordinates": [
          121.56880674259,
          25.024497703543
        ]
      },
      "properties": {
        "name": "臺北市政府環境保護局信義區清潔隊吳興分隊",
        "address": "臺北市信義區松仁路240巷19號"
      }
    },
    {
      "type": "Feature",
      "geometry": {
        "type": "Point",
        "coordinates": [
          121.51408490644,
          25.044407114614
        ]
      },
      "properties": {
        "name": "臺北市政府環境保護局中正區清潔隊博愛分隊",
        "address": "臺北市中正區懷寧街58號"
      }
    },
    {
      "type": "Feature",
      "geometry": {
        "type": "Point",
        "coordinates": [
          121.53696387815,
          25.042323014843
        ]
      },
      "properties": {
        "name": "臺北市政府環境保護局大安區清潔隊敦化分隊",
        "address": "臺北市大安區忠孝東路三段31號"
      }
    },
    {
      "type": "Feature",
      "geometry": {
        "type": "Point",
        "coordinates": [
          121.54573700133,
          25.07306635022
        ]
      },
      "properties": {
        "name": "臺北市政府環境保護局松山區清潔隊停車場",
        "address": "臺北市松山區濱江街301巷底"
      }
    },
    {
      "type": "Feature",
      "geometry": {
        "type": "Point",
        "coordinates": [
          121.53790395826,
          25.025102647612
        ]
      },
      "properties": {
        "name": "臺北市政府環境保護局大安區清潔隊瑞安分隊",
        "address": "臺北市大安區建國南路二段臨263號"
      }
    },
    {
      "type": "Feature",
      "geometry": {
        "type": "Point",
        "coordinates": [
          121.4959433203,
          25.040633934806
        ]
      },
      "properties": {
        "name": "臺北市政府環境保護局中正區清潔隊仁愛分隊",
        "address": "臺北市中正區林森北路5巷7號"
      }
    },
    {
      "type": "Feature",
      "geometry": {
        "type": "Point",
        "coordinates": [
          121.50299723633,
          25.12313348547
        ]
      },
      "properties": {
        "name": "臺北市政府環境保護局北投區清潔隊光明分隊",
        "address": "臺北市北投區磺港路275號"
      }
    },
    {
      "type": "Feature",
      "geometry": {
        "type": "Point",
        "coordinates": [
          121.49347793143,
          25.123678962314
        ]
      },
      "properties": {
        "name": "臺北市政府環境保護局士林區清潔隊停車場(大度)",
        "address": "臺北市北投區大度路1段150巷11號"
      }
    },
    {
      "type": "Feature",
      "geometry": {
        "type": "Point",
        "coordinates": [
          121.56245640643,
          24.987307225152
        ]
      },
      "properties": {
        "name": "臺北市政府環境保護局文山區清潔隊木柵分隊",
        "address": "臺北市文山區木柵路二段138巷26號"
      }
    },
    {
      "type": "Feature",
      "geometry": {
        "type": "Point",
        "coordinates": [
          121.4673291502,
          25.122982581065
        ]
      },
      "properties": {
        "name": "臺北市政府環境保護局北投區清潔隊關渡分隊",
        "address": "臺北市北投區大渡路3段臨250號"
      }
    },
    {
      "type": "Feature",
      "geometry": {
        "type": "Point",
        "coordinates": [
          121.54659708746,
          25.137098906433
        ]
      },
      "properties": {
        "name": "臺北市政府環境保護局士林區清潔隊草山分隊",
        "address": "臺北市士林區格致路 34 號"
      }
    },
    {
      "type": "Feature",
      "geometry": {
        "type": "Point",
        "coordinates": [
          121.5127645383,
          25.141175078272
        ]
      },
      "properties": {
        "name": "臺北市政府環境保護局北投區清潔隊陽明分隊二班",
        "address": "臺北市北投區新民路73-7號"
      }
    },
    {
      "type": "Feature",
      "geometry": {
        "type": "Point",
        "coordinates": [
          121.50707650301,
          25.047989072546
        ]
      },
      "properties": {
        "name": "臺北市政府環境保護局萬華區清潔隊武昌分隊",
        "address": "臺北市萬華區西寧南路4號"
      }
    },
    {
      "type": "Feature",
      "geometry": {
        "type": "Point",
        "coordinates": [
          121.60173810724,
          25.086055492092
        ]
      },
      "properties": {
        "name": "臺北市政府環境保護局內湖區清潔隊內湖分隊",
        "address": "臺北市內湖區大湖山莊街117號"
      }
    },
    {
      "type": "Feature",
      "geometry": {
        "type": "Point",
        "coordinates": [
          121.52016504439,
          25.077207660711
        ]
      },
      "properties": {
        "name": "臺北市政府環境保護局中山區清潔隊中山分隊",
        "address": "臺北市中山區新生北路二段臨30-1號"
      }
    },
    {
      "type": "Feature",
      "geometry": {
        "type": "Point",
        "coordinates": [
          121.52748949257,
          25.013204459864
        ]
      },
      "properties": {
        "name": "臺北市政府環境保護局中正區清潔隊公館分隊",
        "address": "臺北市中正區水源路臨2號"
      }
    },
    {
      "type": "Feature",
      "geometry": {
        "type": "Point",
        "coordinates": [
          121.5323553203,
          25.022736604804
        ]
      },
      "properties": {
        "name": "臺北市政府環境保護局大安區清潔隊和平分隊",
        "address": "臺北市大安區辛亥路一段臨143號"
      }
    },
    {
      "type": "Feature",
      "geometry": {
        "type": "Point",
        "coordinates": [
          121.5706873203,
          25.041223934552
        ]
      },
      "properties": {
        "name": "臺北市政府環境保護局信義區清潔隊五分埔分隊",
        "address": "臺北市信義區忠孝東路5段257巷2號"
      }
    },
    {
      "type": "Feature",
      "geometry": {
        "type": "Point",
        "coordinates": [
          121.51746807894,
          25.09063267366
        ]
      },
      "properties": {
        "name": "臺北市政府環境保護局士林區清潔隊天母分隊",
        "address": "臺北市士林區承德路7段413巷內"
      }
    },
    {
      "type": "Feature",
      "geometry": {
        "type": "Point",
        "coordinates": [
          121.50661946882,
          25.085947818907
        ]
      },
      "properties": {
        "name": "臺北市政府環境保護局士林區清潔隊社子分隊葫蘆班",
        "address": "臺北市士林區中正路 臨707-1號"
      }
    },
    {
      "type": "Feature",
      "geometry": {
        "type": "Point",
        "coordinates": [
          121.51407846715,
          25.074915170849
        ]
      },
      "properties": {
        "name": "臺北市政府環境保護局環保稽查大隊",
        "address": "臺北市大同區重慶北路3段347號"
      }
    },
    {
      "type": "Feature",
      "geometry": {
        "type": "Point",
        "coordinates": [
          121.55233772484,
          25.048382400196
        ]
      },
      "properties": {
        "name": "臺北市藝文推廣處",
        "address": "臺北市松山區八德路3段25號"
      }
    },
    {
      "type": "Feature",
      "geometry": {
        "type": "Point",
        "coordinates": [
          121.49488304439,
          25.035630412673
        ]
      },
      "properties": {
        "name": "臺北市政府環境保護局萬華區清潔隊昆明分隊",
        "address": "臺北市萬華區和平西路三段251號"
      }
    },
    {
      "type": "Feature",
      "geometry": {
        "type": "Point",
        "coordinates": [
          121.57915263928,
          25.073453351414
        ]
      },
      "properties": {
        "name": "臺北市政府環境保護局內湖區清潔隊科技分隊",
        "address": "臺北市內湖區瑞光路160號"
      }
    },
    {
      "type": "Feature",
      "geometry": {
        "type": "Point",
        "coordinates": [
          121.62292070551,
          25.028953332898
        ]
      },
      "properties": {
        "name": "臺北市政府環境保護局廢棄物處理場行政辦公大樓",
        "address": "臺北市南港區南深路37 號"
      }
    },
    {
      "type": "Feature",
      "geometry": {
        "type": "Point",
        "coordinates": [
          121.53699435229,
          25.060307130572
        ]
      },
      "properties": {
        "name": "臺北市政府環境保護局中山區清潔隊民權二分隊",
        "address": "臺北市中山區錦州街臨306號"
      }
    },
    {
      "type": "Feature",
      "geometry": {
        "type": "Point",
        "coordinates": [
          121.53531559622,
          24.999628512415
        ]
      },
      "properties": {
        "name": "臺北市政府環境保護局文山區清潔隊景美分隊",
        "address": "臺北市文山區溪州街臨220號"
      }
    },
    {
      "type": "Feature",
      "geometry": {
        "type": "Point",
        "coordinates": [
          121.5109868388,
          25.02834921346
        ]
      },
      "properties": {
        "name": "臺北市政府環境保護局中正區清潔隊南昌分隊",
        "address": "臺北市中正區三元街131號"
      }
    },
    {
      "type": "Feature",
      "geometry": {
        "type": "Point",
        "coordinates": [
          121.58428012269,
          25.066468963639
        ]
      },
      "properties": {
        "name": "臺北市政府環境保護局資源回收隊內湖再生家具",
        "address": "臺北市內湖區行忠路178巷1號"
      }
    },
    {
      "type": "Feature",
      "geometry": {
        "type": "Point",
        "coordinates": [
          121.55322099602,
          25.029464888422
        ]
      },
      "properties": {
        "name": "臺北市政府環境保護局大安區清潔隊安和分隊",
        "address": "臺北市大安區通化街120巷20號"
      }
    },
    {
      "type": "Feature",
      "geometry": {
        "type": "Point",
        "coordinates": [
          121.52460595826,
          25.044373976196
        ]
      },
      "properties": {
        "name": "臺北市政府環境保護局中正區清潔隊忠孝分隊",
        "address": "臺北市中正區台北市中正區忠孝東路一段108號"
      }
    },
    {
      "type": "Feature",
      "geometry": {
        "type": "Point",
        "coordinates": [
          121.56868359622,
          25.051463642329
        ]
      },
      "properties": {
        "name": "臺北市政府環境保護局松山區清潔隊松山分隊",
        "address": "臺北市松山區南京東路5段372號"
      }
    },
    {
      "type": "Feature",
      "geometry": {
        "type": "Point",
        "coordinates": [
          121.61042908613,
          25.066543443027
        ]
      },
      "properties": {
        "name": "臺北市立南湖高級中學",
        "address": "臺北市內湖區康寧路3段220號"
      }
    },
    {
      "type": "Feature",
      "geometry": {
        "type": "Point",
        "coordinates": [
          121.50800081022,
          25.138079236665
        ]
      },
      "properties": {
        "name": "臺北市立新民國民中學",
        "address": "臺北市北投區新民路10號"
      }
    },
    {
      "type": "Feature",
      "geometry": {
        "type": "Point",
        "coordinates": [
          121.47141855531,
          25.122799579704
        ]
      },
      "properties": {
        "name": "臺北市政府環境保護局直屬隊機動二分隊",
        "address": "臺北市北投區大度路150巷11號"
      }
    },
    {
      "type": "Feature",
      "geometry": {
        "type": "Point",
        "coordinates": [
          121.51170769261,
          25.076547988281
        ]
      },
      "properties": {
        "name": "臺北市政府環境保護局大同區清潔隊蘭州分隊",
        "address": "臺北市大同區敦煌路 臨151-1號"
      }
    },
    {
      "type": "Feature",
      "geometry": {
        "type": "Point",
        "coordinates": [
          121.59448868235,
          25.054036071907
        ]
      },
      "properties": {
        "name": "臺北市政府環境保護局南港區清潔隊玉成分隊",
        "address": "臺北市南港區向陽路49號"
      }
    },
    {
      "type": "Feature",
      "geometry": {
        "type": "Point",
        "coordinates": [
          121.49505323417,
          25.022134359228
        ]
      },
      "properties": {
        "name": "臺北市政府環境保護局萬華區清潔隊東園分隊",
        "address": "臺北市萬華區寶興街222巷11-1號"
      }
    },
    {
      "type": "Feature",
      "geometry": {
        "type": "Point",
        "coordinates": [
          121.59381159622,
          24.999016240953
        ]
      },
      "properties": {
        "name": "臺北市政府環境保護局信義區清潔隊四號停車場",
        "address": "臺北市文山區木柵路5段151號"
      }
    },
    {
      "type": "Feature",
      "geometry": {
        "type": "Point",
        "coordinates": [
          121.53369123633,
          25.148563571777
        ]
      },
      "properties": {
        "name": "臺北市政府環境保護局北投區清潔隊陽明分隊一班",
        "address": "臺北市北投區紗帽路141巷23號"
      }
    },
    {
      "type": "Feature",
      "geometry": {
        "type": "Point",
        "coordinates": [
          121.5074313108,
          25.052642807896
        ]
      },
      "properties": {
        "name": "臺北市政府環境保護局大同區清潔隊延平分隊",
        "address": "臺北市大同區環河北路一段 臨63-1號"
      }
    },
    {
      "type": "Feature",
      "geometry": {
        "type": "Point",
        "coordinates": [
          121.49984176848,
          25.041829362177
        ]
      },
      "properties": {
        "name": "臺北市政府環境保護局萬華區清潔隊漢中分隊",
        "address": "臺北市萬華區環河南路一段臨280-1號"
      }
    },
    {
      "type": "Feature",
      "geometry": {
        "type": "Point",
        "coordinates": [
          121.52972204439,
          25.082465868472
        ]
      },
      "properties": {
        "name": "臺北市政府環境保護局中山區清潔隊長安分隊",
        "address": "臺北市中山區建國北路一段臨5-1號"
      }
    },
    {
      "type": "Feature",
      "geometry": {
        "type": "Point",
        "coordinates": [
          121.59001872541,
          25.067743780947
        ]
      },
      "properties": {
        "name": "臺北市政府環境保護局內湖區清潔隊區隊部",
        "address": "臺北市內湖區成功路二段320巷19號"
      }
    },
    {
      "type": "Feature",
      "geometry": {
        "type": "Point",
        "coordinates": [
          121.57860295826,
          25.031552504744
        ]
      },
      "properties": {
        "name": "臺北市政府環境保護局信義區清潔隊福德分隊",
        "address": "臺北市信義區松山路658號"
      }
    },
    {
      "type": "Feature",
      "geometry": {
        "type": "Point",
        "coordinates": [
          121.59094276848,
          25.068984447555
        ]
      },
      "properties": {
        "name": "臺北市政府環境保護局內湖區清潔隊文德分隊",
        "address": "臺北市內湖區民權東路六段臨10-2號"
      }
    },
    {
      "type": "Feature",
      "geometry": {
        "type": "Point",
        "coordinates": [
          121.52788138664,
          25.089984598219
        ]
      },
      "properties": {
        "name": "臺北市政府環境保護局士林區清潔隊文林分隊文外班",
        "address": "臺北市士林區中山北路五段376號"
      }
    },
    {
      "type": "Feature",
      "geometry": {
        "type": "Point",
        "coordinates": [
          121.57010668235,
          24.989664654734
        ]
      },
      "properties": {
        "name": "臺北市政府環境保護局文山區清潔隊區隊部",
        "address": "臺北市文山區木柵路三段220號"
      }
    },
    {
      "type": "Feature",
      "geometry": {
        "type": "Point",
        "coordinates": [
          121.5378283203,
          25.04099550246
        ]
      },
      "properties": {
        "name": "臺北市政府環境保護局大安區清潔隊新生分隊",
        "address": "臺北市大安區建國南路一段臨173號"
      }
    },
    {
      "type": "Feature",
      "geometry": {
        "type": "Point",
        "coordinates": [
          121.53144592455,
          25.071968521731
        ]
      },
      "properties": {
        "name": "臺北市政府環境保護局中山區清潔隊圓山分隊",
        "address": "臺北市中山區新生北路三段 51 -3號"
      }
    },
    {
      "type": "Feature",
      "geometry": {
        "type": "Point",
        "coordinates": [
          121.56881210464,
          25.02449284485
        ]
      },
      "properties": {
        "name": "臺北市政府環境保護局信義區清潔隊六張犁分隊",
        "address": "臺北市信義區松仁路240巷19號"
      }
    },
    {
      "type": "Feature",
      "geometry": {
        "type": "Point",
        "coordinates": [
          121.53822831983,
          25.029202401305
        ]
      },
      "properties": {
        "name": "臺北市政府環境保護局大安區清潔隊建南停車場",
        "address": "臺北市大安區建國南路二段臨149號"
      }
    },
    {
      "type": "Feature",
      "geometry": {
        "type": "Point",
        "coordinates": [
          121.59384768451,
          24.999000317545
        ]
      },
      "properties": {
        "name": "臺北市政府環境保護局資源回收隊木柵回收場",
        "address": "臺北市文山區木柵路五段151號"
      }
    },
    {
      "type": "Feature",
      "geometry": {
        "type": "Point",
        "coordinates": [
          121.50760484256,
          25.028718672848
        ]
      },
      "properties": {
        "name": "臺北市政府環境保護局中正區清潔隊泉州分隊",
        "address": "臺北市中正區惠安街47號"
      }
    },
    {
      "type": "Feature",
      "geometry": {
        "type": "Point",
        "coordinates": [
          121.51407151224,
          25.074908710247
        ]
      },
      "properties": {
        "name": "臺北市政府環境保護局公廁管理隊",
        "address": "臺北市大同區重慶北路三段347號"
      }
    },
    {
      "type": "Feature",
      "geometry": {
        "type": "Point",
        "coordinates": [
          121.56801212342,
          25.035155459231
        ]
      },
      "properties": {
        "name": "意寬精品旅館(HOME HOTEL)",
        "address": "臺北市信義區松仁路90號"
      }
    },
    {
      "type": "Feature",
      "geometry": {
        "type": "Point",
        "coordinates": [
          121.50874824653,
          25.050248928697
        ]
      },
      "properties": {
        "name": "臺北市政府環境保護局直屬隊機動分隊",
        "address": "臺北市大同區鄭州路 臨50號"
      }
    },
    {
      "type": "Feature",
      "geometry": {
        "type": "Point",
        "coordinates": [
          121.50641955315,
          25.085824347931
        ]
      },
      "properties": {
        "name": "臺北市政府環境保護局士林區清潔隊社子分隊社子班",
        "address": "臺北市士林區中正路臨692號"
      }
    },
    {
      "type": "Feature",
      "geometry": {
        "type": "Point",
        "coordinates": [
          121.49856749558,
          25.113317597008
        ]
      },
      "properties": {
        "name": "臺北市政府環境保護局北投區清潔隊石牌分隊",
        "address": "臺北市北投區承德路7段393巷200號"
      }
    },
    {
      "type": "Feature",
      "geometry": {
        "type": "Point",
        "coordinates": [
          121.49549732246,
          25.036975073264
        ]
      },
      "properties": {
        "name": "臺北市政府環境保護局資源回收隊萬華展示場",
        "address": "臺北市萬華區環河南路2段102號"
      }
    },
    {
      "type": "Feature",
      "geometry": {
        "type": "Point",
        "coordinates": [
          121.53714151224,
          25.056083594424
        ]
      },
      "properties": {
        "name": "臺北市政府環境保護局溝渠清理第一隊停車場",
        "address": "臺北市中山區建國北路2段及興安街交叉橋孔下"
      }
    },
    {
      "type": "Feature",
      "geometry": {
        "type": "Point",
        "coordinates": [
          121.52015827377,
          25.100025634731
        ]
      },
      "properties": {
        "name": "臺北市政府環境保護局士林區清潔隊蘭雅分隊",
        "address": "臺北市士林區文昌路臨211號"
      }
    },
    {
      "type": "Feature",
      "geometry": {
        "type": "Point",
        "coordinates": [
          121.48877155315,
          25.032575985274
        ]
      },
      "properties": {
        "name": "臺北市政府環境保護局萬華區清潔隊大理分隊",
        "address": "臺北市萬華區長順街臨131號"
      }
    },
    {
      "type": "Feature",
      "geometry": {
        "type": "Point",
        "coordinates": [
          121.53381087213,
          25.022052083407
        ]
      },
      "properties": {
        "name": "臺北市政府環境保護局中正區清潔隊停車場(辛亥)",
        "address": "臺北市中正區辛亥路1段臨136號"
      }
    },
    {
      "type": "Feature",
      "geometry": {
        "type": "Point",
        "coordinates": [
          121.5340902794,
          25.06705734314
        ]
      },
      "properties": {
        "name": "臺北市政府環境保護局溝渠清理第二隊停車場",
        "address": "臺北市中山區建國北路3段96-1號"
      }
    },
    {
      "type": "Feature",
      "geometry": {
        "type": "Point",
        "coordinates": [
          121.61078722422,
          25.067919960471
        ]
      },
      "properties": {
        "name": "臺北市內湖區南湖國民小學（五樓體育科辦公室外）",
        "address": "臺北市內湖區康寧路三段200號"
      }
    },
    {
      "type": "Feature",
      "geometry": {
        "type": "Point",
        "coordinates": [
          121.47413936337,
          25.027593085515
        ]
      },
      "properties": {
        "name": "臺北市政府環境保護局萬華區清潔隊停車場",
        "address": "臺北市萬華區鄭州路底三號"
      }
    },
    {
      "type": "Feature",
      "geometry": {
        "type": "Point",
        "coordinates": [
          121.62235487429,
          25.029112179213
        ]
      },
      "properties": {
        "name": "臺北市政府環境保護局山水綠生態公園",
        "address": "臺北市南港區南深路37號"
      }
    },
    {
      "type": "Feature",
      "geometry": {
        "type": "Point",
        "coordinates": [
          121.57937483109,
          25.073360592639
        ]
      },
      "properties": {
        "name": "臺北市政府環境保護局內湖區清潔隊西湖分隊",
        "address": "臺北市內湖區瑞光路160號"
      }
    },
    {
      "type": "Feature",
      "geometry": {
        "type": "Point",
        "coordinates": [
          121.58811295826,
          25.0026318095
        ]
      },
      "properties": {
        "name": "臺北市政府環境保護局文山區清潔隊博嘉分隊",
        "address": "臺北市文山區木柵路五段52號"
      }
    },
    {
      "type": "Feature",
      "geometry": {
        "type": "Point",
        "coordinates": [
          121.54174634311,
          25.054532370911
        ]
      },
      "properties": {
        "name": "臺北市政府環境保護局中山區清潔隊南京分隊",
        "address": "臺北市中山區長春路350號"
      }
    },
    {
      "type": "Feature",
      "geometry": {
        "type": "Point",
        "coordinates": [
          121.58931590429,
          25.007451404565
        ]
      },
      "properties": {
        "name": "臺北市政府環境保護局文山區清潔隊停車場",
        "address": "臺北市文山區木柵路5段151號"
      }
    },
    {
      "type": "Feature",
      "geometry": {
        "type": "Point",
        "coordinates": [
          121.48916468718,
          25.101899921001
        ]
      },
      "properties": {
        "name": "臺北市政府環境保護局士林區清潔隊停車場(臨江)",
        "address": "臺北市士林區延平北路7段224號"
      }
    },
    {
      "type": "Feature",
      "geometry": {
        "type": "Point",
        "coordinates": [
          121.52259268235,
          25.020437789713
        ]
      },
      "properties": {
        "name": "臺北市政府環境保護局中正區清潔隊停車場(師大)",
        "address": "臺北市中正區師大路臨241號"
      }
    },
    {
      "type": "Feature",
      "geometry": {
        "type": "Point",
        "coordinates": [
          121.58604880199,
          25.069868791842
        ]
      },
      "properties": {
        "name": "臺北市立三民國中",
        "address": "臺北市內湖區114台北市內湖區民權東路六段45號"
      }
    },
    {
      "type": "Feature",
      "geometry": {
        "type": "Point",
        "coordinates": [
          121.58659172409,
          25.078426543187
        ]
      },
      "properties": {
        "name": "臺北市立內湖高級中學",
        "address": "臺北市內湖區文德路218號"
      }
    },
    {
      "type": "Feature",
      "geometry": {
        "type": "Point",
        "coordinates": [
          121.54124405349,
          25.040397584235
        ]
      },
      "properties": {
        "name": "臺北市立懷生國民中學",
        "address": "臺北市大安區忠孝東路3段248巷30號"
      }
    },
    {
      "type": "Feature",
      "geometry": {
        "type": "Point",
        "coordinates": [
          121.55371968235,
          25.054705499199
        ]
      },
      "properties": {
        "name": "臺北市政府環境保護局松山區清潔隊東社分隊",
        "address": "臺北市松山區光復北路190巷39號"
      }
    },
    {
      "type": "Feature",
      "geometry": {
        "type": "Point",
        "coordinates": [
          121.51442159622,
          25.062821114924
        ]
      },
      "properties": {
        "name": "臺北市政府環境保護局大同區清潔隊建成分隊",
        "address": "臺北市大同區民權西路194號"
      }
    },
    {
      "type": "Feature",
      "geometry": {
        "type": "Point",
        "coordinates": [
          121.61123913052,
          25.061173354859
        ]
      },
      "properties": {
        "name": "臺北市政府環境保護局南港區清潔隊南港分隊",
        "address": "臺北市南港區松河街699號"
      }
    },
    {
      "type": "Feature",
      "geometry": {
        "type": "Point",
        "coordinates": [
          121.49925006407,
          25.107971748377
        ]
      },
      "properties": {
        "name": "臺北市政府環境保護局北投區清潔隊停車場",
        "address": "臺北市北投區洲美街271號"
      }
    },
    {
      "type": "Feature",
      "geometry": {
        "type": "Point",
        "coordinates": [
          121.52062540643,
          25.097817916689
        ]
      },
      "properties": {
        "name": "臺北市政府環境保護局士林區清潔隊文林分隊文內班",
        "address": "臺北市士林區文昌路臨159-1號"
      }
    },
    {
      "type": "Feature",
      "geometry": {
        "type": "Point",
        "coordinates": [
          121.56784259622,
          25.06351421135
        ]
      },
      "properties": {
        "name": "臺北市政府環境保護局松山區清潔隊上塔悠分隊",
        "address": "臺北市松山區民權東路5段臨94號"
      }
    },
    {
      "type": "Feature",
      "geometry": {
        "type": "Point",
        "coordinates": [
          121.52702836337,
          25.077841206763
        ]
      },
      "properties": {
        "name": "臺北市政府環境保護局中山區清潔隊大直分隊",
        "address": "臺北市中山區大直街21巷2號"
      }
    },
    {
      "type": "Feature",
      "geometry": {
        "type": "Point",
        "coordinates": [
          121.62104376848,
          25.073150208266
        ]
      },
      "properties": {
        "name": "臺北市政府環境保護局內湖區清潔隊東湖分隊",
        "address": "臺北市內湖區康樂街150號"
      }
    },
    {
      "type": "Feature",
      "geometry": {
        "type": "Point",
        "coordinates": [
          121.57484987345,
          25.070701802083
        ]
      },
      "properties": {
        "name": "臺北市政府環境保護局內湖區清潔隊停車場",
        "address": "臺北市內湖區舊宗路二段158號"
      }
    },
    {
      "type": "Feature",
      "geometry": {
        "type": "Point",
        "coordinates": [
          121.54785495826,
          24.999054811085
        ]
      },
      "properties": {
        "name": "臺北市政府環境保護局文山區清潔隊興隆分隊",
        "address": "臺北市文山區興隆路二段97號"
      }
    },
    {
      "type": "Feature",
      "geometry": {
        "type": "Point",
        "coordinates": [
          121.58935735463,
          25.007417214629
        ]
      },
      "properties": {
        "name": "臺北市政府環境保護局廢棄物處理場福德坑復育園區",
        "address": "臺北市文山區木柵路5段151號"
      }
    },
    {
      "type": "Feature",
      "geometry": {
        "type": "Point",
        "coordinates": [
          121.51406506204,
          25.074900600763
        ]
      },
      "properties": {
        "name": "臺北市政府環境保護局環保稽查大隊",
        "address": "臺北市大同區重慶北路3段347號"
      }
    },
    {
      "type": "Feature",
      "geometry": {
        "type": "Point",
        "coordinates": [
          121.5599262854,
          25.085954513542
        ]
      },
      "properties": {
        "name": "臺北市內湖區文湖國民小學",
        "address": "臺北市內湖區文湖街15號"
      }
    },
    {
      "type": "Feature",
      "geometry": {
        "type": "Point",
        "coordinates": [
          121.53523775347,
          25.010912013516
        ]
      },
      "properties": {
        "name": "公館計程車服務站",
        "address": "臺北市中正區汀州路3段230巷15號"
      }
    },
    {
      "type": "Feature",
      "geometry": {
        "type": "Point",
        "coordinates": [
          121.59165344818,
          25.084012915733
        ]
      },
      "properties": {
        "name": "臺北市內湖區碧湖國民小學",
        "address": "臺北市內湖區金龍路100號"
      }
    },
    {
      "type": "Feature",
      "geometry": {
        "type": "Point",
        "coordinates": [
          121.53577752862,
          25.073342493179
        ]
      },
      "properties": {
        "name": "臺北市中山區大佳國民小學",
        "address": "臺北市中山區濱江街107號"
      }
    },
    {
      "type": "Feature",
      "geometry": {
        "type": "Point",
        "coordinates": [
          121.54219182065,
          25.063973743238
        ]
      },
      "properties": {
        "name": "臺北市中山區五常國民小學",
        "address": "臺北市中山區五常街16號"
      }
    },
    {
      "type": "Feature",
      "geometry": {
        "type": "Point",
        "coordinates": [
          121.54587209767,
          25.080689047148
        ]
      },
      "properties": {
        "name": "臺北市中山區大直國民小學",
        "address": "臺北市中山區大直街2號"
      }
    },
    {
      "type": "Feature",
      "geometry": {
        "type": "Point",
        "coordinates": [
          121.54214669617,
          25.041471910997
        ]
      },
      "properties": {
        "name": "新光三越Diamond Towers",
        "address": "臺北市大安區忠孝東路三段268號"
      }
    },
    {
      "type": "Feature",
      "geometry": {
        "type": "Point",
        "coordinates": [
          121.54257722291,
          25.041286648181
        ]
      },
      "properties": {
        "name": "新光三越Diamond Towers",
        "address": "臺北市大安區忠孝東路三段268號"
      }
    },
    {
      "type": "Feature",
      "geometry": {
        "type": "Point",
        "coordinates": [
          121.52555538279,
          25.068174233572
        ]
      },
      "properties": {
        "name": "歐華酒店",
        "address": "臺北市中山區林森北路646號"
      }
    },
    {
      "type": "Feature",
      "geometry": {
        "type": "Point",
        "coordinates": [
          121.6137978,
          25.058504705502
        ]
      },
      "properties": {
        "name": "東元電機股份有限公司",
        "address": "臺北市南港區三重路19-9號"
      }
    },
    {
      "type": "Feature",
      "geometry": {
        "type": "Point",
        "coordinates": [
          121.56739745815,
          24.985377790072
        ]
      },
      "properties": {
        "name": "臺北市景文高級中學",
        "address": "臺北市文山區保儀路127號"
      }
    },
    {
      "type": "Feature",
      "geometry": {
        "type": "Point",
        "coordinates": [
          121.5515238628,
          25.056798840099
        ]
      },
      "properties": {
        "name": "臺北市立松山幼兒園",
        "address": "臺北市松山區敦化北路199巷5號"
      }
    },
    {
      "type": "Feature",
      "geometry": {
        "type": "Point",
        "coordinates": [
          121.50860387742,
          25.041731199467
        ]
      },
      "properties": {
        "name": "相鐵Grand Fresa台北西門",
        "address": "臺北市中正區中華路一段57號"
      }
    },
    {
      "type": "Feature",
      "geometry": {
        "type": "Point",
        "coordinates": [
          121.61570458613,
          25.062543890115
        ]
      },
      "properties": {
        "name": "好享健身有限公司",
        "address": "臺北市南港區經貿二路235巷60弄2號"
      }
    },
    {
      "type": "Feature",
      "geometry": {
        "type": "Point",
        "coordinates": [
          121.50201969979,
          25.032278057189
        ]
      },
      "properties": {
        "name": "頂碩區民活動中心",
        "address": "臺北市萬華區興寧街2號"
      }
    },
    {
      "type": "Feature",
      "geometry": {
        "type": "Point",
        "coordinates": [
          121.57916444818,
          25.051158980539
        ]
      },
      "properties": {
        "name": "臺北市松山區松山國民小學",
        "address": "臺北市松山區八德路4段746號"
      }
    },
    {
      "type": "Feature",
      "geometry": {
        "type": "Point",
        "coordinates": [
          121.57566119235,
          24.987710855618
        ]
      },
      "properties": {
        "name": "臺北市立聯合醫院附設政大門診部",
        "address": "臺北市文山區指南路2段117號"
      }
    },
    {
      "type": "Feature",
      "geometry": {
        "type": "Point",
        "coordinates": [
          121.5401209322,
          24.988642462931
        ]
      },
      "properties": {
        "name": "臺北市文山區景美國民小學",
        "address": "臺北市文山區景文街108號"
      }
    },
    {
      "type": "Feature",
      "geometry": {
        "type": "Point",
        "coordinates": [
          121.54315671423,
          25.034399302422
        ]
      },
      "properties": {
        "name": "臺北市政府客家事務委員會(文化會館)",
        "address": "臺北市大安區信義路3段157巷11號"
      }
    },
    {
      "type": "Feature",
      "geometry": {
        "type": "Point",
        "coordinates": [
          121.51598504484,
          25.103276841007
        ]
      },
      "properties": {
        "name": "臺北市立中正高級中學",
        "address": "臺北市北投區文林北路77號"
      }
    },
    {
      "type": "Feature",
      "geometry": {
        "type": "Point",
        "coordinates": [
          121.53824821533,
          25.024722991312
        ]
      },
      "properties": {
        "name": "臺北市立龍門國民中學",
        "address": "臺北市大安區建國南路2段269號"
      }
    },
    {
      "type": "Feature",
      "geometry": {
        "type": "Point",
        "coordinates": [
          121.55787891644,
          25.040049733671
        ]
      },
      "properties": {
        "name": "臺北市信義區光復國民小學",
        "address": "臺北市信義區光復南路271號"
      }
    },
    {
      "type": "Feature",
      "geometry": {
        "type": "Point",
        "coordinates": [
          121.54297125182,
          25.031913324021
        ]
      },
      "properties": {
        "name": "臺北市立大安高級工業職業學校",
        "address": "臺北市大安區復興南路2段52號"
      }
    },
    {
      "type": "Feature",
      "geometry": {
        "type": "Point",
        "coordinates": [
          121.51962522119,
          25.092808526431
        ]
      },
      "properties": {
        "name": "臺北市士林區戶政事務所",
        "address": "臺北市士林區中正路439號"
      }
    },
    {
      "type": "Feature",
      "geometry": {
        "type": "Point",
        "coordinates": [
          121.55765776715,
          24.983737859745
        ]
      },
      "properties": {
        "name": "臺北市文山區實踐國民小學",
        "address": "臺北市文山區忠順街1段4號"
      }
    },
    {
      "type": "Feature",
      "geometry": {
        "type": "Point",
        "coordinates": [
          121.55083702555,
          25.001996947787
        ]
      },
      "properties": {
        "name": "臺北市文山區興德國民小學",
        "address": "臺北市文山區興隆路二段235號"
      }
    },
    {
      "type": "Feature",
      "geometry": {
        "type": "Point",
        "coordinates": [
          121.56745444818,
          25.003273710744
        ]
      },
      "properties": {
        "name": "臺北市文山區萬芳國民小學",
        "address": "臺北市文山區萬和街1號"
      }
    },
    {
      "type": "Feature",
      "geometry": {
        "type": "Point",
        "coordinates": [
          121.56126359713,
          25.004587994579
        ]
      },
      "properties": {
        "name": "臺北市政府公務人員訓練處",
        "address": "臺北市文山區萬美街2段21巷20號"
      }
    },
    {
      "type": "Feature",
      "geometry": {
        "type": "Point",
        "coordinates": [
          121.55566548713,
          25.103248536846
        ]
      },
      "properties": {
        "name": "臺北市立至善國民中學",
        "address": "臺北市士林區至善路二段360號"
      }
    },
    {
      "type": "Feature",
      "geometry": {
        "type": "Point",
        "coordinates": [
          121.57660968102,
          25.129485666762
        ]
      },
      "properties": {
        "name": "臺北市士林區平等國民小學",
        "address": "臺北市士林區平菁街101號"
      }
    },
    {
      "type": "Feature",
      "geometry": {
        "type": "Point",
        "coordinates": [
          121.52946128178,
          25.098271173676
        ]
      },
      "properties": {
        "name": "臺北巿士林區福林國民小學",
        "address": "臺北市士林區福志路75號"
      }
    },
    {
      "type": "Feature",
      "geometry": {
        "type": "Point",
        "coordinates": [
          121.52907311022,
          25.093151323472
        ]
      },
      "properties": {
        "name": "台北士林萬麗酒店",
        "address": "臺北市士林區中山北路5段470巷8號"
      }
    },
    {
      "type": "Feature",
      "geometry": {
        "type": "Point",
        "coordinates": [
          121.56674693796,
          25.047489808683
        ]
      },
      "properties": {
        "name": "鴻名企業股份有限公司",
        "address": "臺北市信義區東興路59號"
      }
    },
    {
      "type": "Feature",
      "geometry": {
        "type": "Point",
        "coordinates": [
          121.55959354194,
          25.042338009437
        ]
      },
      "properties": {
        "name": "臺北大巨蛋",
        "address": "臺北市信義區忠孝東路4段515號"
      }
    },
    {
      "type": "Feature",
      "geometry": {
        "type": "Point",
        "coordinates": [
          121.5595952781,
          25.042338926889
        ]
      },
      "properties": {
        "name": "臺北大巨蛋",
        "address": "臺北市信義區忠孝東路4段515號"
      }
    },
    {
      "type": "Feature",
      "geometry": {
        "type": "Point",
        "coordinates": [
          121.55959797108,
          25.042334033002
        ]
      },
      "properties": {
        "name": "臺北大巨蛋",
        "address": "臺北市信義區忠孝東路4段515號"
      }
    },
    {
      "type": "Feature",
      "geometry": {
        "type": "Point",
        "coordinates": [
          121.55959761909,
          25.042340412616
        ]
      },
      "properties": {
        "name": "臺北大巨蛋",
        "address": "臺北市信義區忠孝東路4段515號"
      }
    },
    {
      "type": "Feature",
      "geometry": {
        "type": "Point",
        "coordinates": [
          121.55959206306,
          25.042339833981
        ]
      },
      "properties": {
        "name": "臺北大巨蛋",
        "address": "臺北市信義區忠孝東路4段515號"
      }
    },
    {
      "type": "Feature",
      "geometry": {
        "type": "Point",
        "coordinates": [
          121.55959227363,
          25.042337743639
        ]
      },
      "properties": {
        "name": "臺北大巨蛋",
        "address": "臺北市信義區忠孝東路4段515號"
      }
    },
    {
      "type": "Feature",
      "geometry": {
        "type": "Point",
        "coordinates": [
          121.55959467454,
          25.04233555463
        ]
      },
      "properties": {
        "name": "臺北大巨蛋",
        "address": "臺北市信義區忠孝東路4段515號"
      }
    },
    {
      "type": "Feature",
      "geometry": {
        "type": "Point",
        "coordinates": [
          121.55959370058,
          25.042337983623
        ]
      },
      "properties": {
        "name": "臺北大巨蛋",
        "address": "臺北市信義區忠孝東路4段515號"
      }
    },
    {
      "type": "Feature",
      "geometry": {
        "type": "Point",
        "coordinates": [
          121.55959220894,
          25.042334103607
        ]
      },
      "properties": {
        "name": "臺北大巨蛋",
        "address": "臺北市信義區忠孝東路4段515號"
      }
    },
    {
      "type": "Feature",
      "geometry": {
        "type": "Point",
        "coordinates": [
          121.55959177986,
          25.042340412577
        ]
      },
      "properties": {
        "name": "臺北大巨蛋",
        "address": "臺北市信義區忠孝東路4段515號"
      }
    },
    {
      "type": "Feature",
      "geometry": {
        "type": "Point",
        "coordinates": [
          121.55959708173,
          25.042336122193
        ]
      },
      "properties": {
        "name": "臺北大巨蛋",
        "address": "臺北市信義區忠孝東路4段515號"
      }
    },
    {
      "type": "Feature",
      "geometry": {
        "type": "Point",
        "coordinates": [
          121.55959166676,
          25.042337926589
        ]
      },
      "properties": {
        "name": "臺北大巨蛋",
        "address": "臺北市信義區忠孝東路4段515號"
      }
    },
    {
      "type": "Feature",
      "geometry": {
        "type": "Point",
        "coordinates": [
          121.5595953381,
          25.042342735163
        ]
      },
      "properties": {
        "name": "臺北大巨蛋",
        "address": "臺北市信義區忠孝東路4段515號"
      }
    },
    {
      "type": "Feature",
      "geometry": {
        "type": "Point",
        "coordinates": [
          121.55958930752,
          25.042340412616
        ]
      },
      "properties": {
        "name": "臺北大巨蛋",
        "address": "臺北市信義區忠孝東路4段515號"
      }
    },
    {
      "type": "Feature",
      "geometry": {
        "type": "Point",
        "coordinates": [
          121.55959802722,
          25.042335376844
        ]
      },
      "properties": {
        "name": "臺北大巨蛋",
        "address": "臺北市信義區忠孝東路4段515號"
      }
    },
    {
      "type": "Feature",
      "geometry": {
        "type": "Point",
        "coordinates": [
          121.55959289918,
          25.042335076612
        ]
      },
      "properties": {
        "name": "臺北大巨蛋",
        "address": "臺北市信義區忠孝東路4段515號"
      }
    },
    {
      "type": "Feature",
      "geometry": {
        "type": "Point",
        "coordinates": [
          121.55959558852,
          25.042337983623
        ]
      },
      "properties": {
        "name": "臺北大巨蛋",
        "address": "臺北市信義區忠孝東路4段515號"
      }
    },
    {
      "type": "Feature",
      "geometry": {
        "type": "Point",
        "coordinates": [
          121.55959156858,
          25.042333125636
        ]
      },
      "properties": {
        "name": "臺北大巨蛋",
        "address": "臺北市信義區忠孝東路4段515號"
      }
    },
    {
      "type": "Feature",
      "geometry": {
        "type": "Point",
        "coordinates": [
          121.5876583646,
          25.062308312105
        ]
      },
      "properties": {
        "name": "碩天科技股份有限公司",
        "address": "臺北市內湖區金莊路26號"
      }
    },
    {
      "type": "Feature",
      "geometry": {
        "type": "Point",
        "coordinates": [
          121.55959325872,
          25.042338096813
        ]
      },
      "properties": {
        "name": "臺北大巨蛋",
        "address": "臺北市信義區忠孝東路4段515號"
      }
    },
    {
      "type": "Feature",
      "geometry": {
        "type": "Point",
        "coordinates": [
          121.53795448538,
          24.989336543236
        ]
      },
      "properties": {
        "name": "好習慣運動教室｜滬江高中館",
        "address": "臺北市文山區羅斯福路六段336號"
      }
    },
    {
      "type": "Feature",
      "geometry": {
        "type": "Point",
        "coordinates": [
          121.6194671433,
          25.058164486544
        ]
      },
      "properties": {
        "name": "漢來美食股份有限公司台北南港分公司",
        "address": "臺北市南港區經貿一路168號"
      }
    },
    {
      "type": "Feature",
      "geometry": {
        "type": "Point",
        "coordinates": [
          121.60337481022,
          25.060462888243
        ]
      },
      "properties": {
        "name": "臺北市動物之家",
        "address": "臺北市內湖區安美街191號"
      }
    },
    {
      "type": "Feature",
      "geometry": {
        "type": "Point",
        "coordinates": [
          121.6106566291,
          25.057915965567
        ]
      },
      "properties": {
        "name": "臺北市南港區南港國民小學",
        "address": "臺北市南港區惠民街67號"
      }
    },
    {
      "type": "Feature",
      "geometry": {
        "type": "Point",
        "coordinates": [
          121.57381074566,
          25.048182971253
        ]
      },
      "properties": {
        "name": "臺北市立永吉國民中學",
        "address": "臺北市信義區松隆路161號"
      }
    },
    {
      "type": "Feature",
      "geometry": {
        "type": "Point",
        "coordinates": [
          121.51722815967,
          25.091938235636
        ]
      },
      "properties": {
        "name": "臺北市立陽明高級中學",
        "address": "臺北市士林區中正路510號"
      }
    },
    {
      "type": "Feature",
      "geometry": {
        "type": "Point",
        "coordinates": [
          121.50868217226,
          25.051245980504
        ]
      },
      "properties": {
        "name": "臺北市立聯合醫院中興院區",
        "address": "臺北市大同區鄭州路145號"
      }
    },
    {
      "type": "Feature",
      "geometry": {
        "type": "Point",
        "coordinates": [
          121.54925524088,
          25.019707247507
        ]
      },
      "properties": {
        "name": "臺北市立和平高級中學",
        "address": "臺北市大安區臥龍街100號"
      }
    },
    {
      "type": "Feature",
      "geometry": {
        "type": "Point",
        "coordinates": [
          121.54319566063,
          24.996357446866
        ]
      },
      "properties": {
        "name": "臺北市立景興國民中學",
        "address": "臺北市文山區景興路46巷2號"
      }
    },
    {
      "type": "Feature",
      "geometry": {
        "type": "Point",
        "coordinates": [
          121.55919140511,
          25.006535977866
        ]
      },
      "properties": {
        "name": "臺北市文山區辛亥國民小學",
        "address": "臺北市文山區辛亥路4段103號"
      }
    },
    {
      "type": "Feature",
      "geometry": {
        "type": "Point",
        "coordinates": [
          121.58822257377,
          25.069633106866
        ]
      },
      "properties": {
        "name": "臺北市內湖區公所",
        "address": "臺北市內湖區民權東路六段99號"
      }
    },
    {
      "type": "Feature",
      "geometry": {
        "type": "Point",
        "coordinates": [
          121.51498975961,
          25.104599214478
        ]
      },
      "properties": {
        "name": "臺北市立中正高級中學",
        "address": "臺北市北投區文林北路77號"
      }
    },
    {
      "type": "Feature",
      "geometry": {
        "type": "Point",
        "coordinates": [
          121.58232073919,
          25.039271793787
        ]
      },
      "properties": {
        "name": "永福之家廣慈園區",
        "address": "臺北市信義區大道路110號"
      }
    },
    {
      "type": "Feature",
      "geometry": {
        "type": "Point",
        "coordinates": [
          121.51771999419,
          25.054113905303
        ]
      },
      "properties": {
        "name": "臺北市大同區日新國民小學",
        "address": "臺北市大同區太原路151號"
      }
    },
    {
      "type": "Feature",
      "geometry": {
        "type": "Point",
        "coordinates": [
          121.59500823285,
          25.051980660678
        ]
      },
      "properties": {
        "name": "臺北市立南港高級中學",
        "address": "臺北市南港區向陽路21號"
      }
    },
    {
      "type": "Feature",
      "geometry": {
        "type": "Point",
        "coordinates": [
          121.59494925036,
          25.052292078257
        ]
      },
      "properties": {
        "name": "臺北市立南港高級中學",
        "address": "臺北市南港區向陽路21號"
      }
    },
    {
      "type": "Feature",
      "geometry": {
        "type": "Point",
        "coordinates": [
          121.59479911313,
          25.05216756445
        ]
      },
      "properties": {
        "name": "臺北市立南港高級中學",
        "address": "臺北市南港區向陽路21號"
      }
    },
    {
      "type": "Feature",
      "geometry": {
        "type": "Point",
        "coordinates": [
          121.59477766496,
          25.052158114906
        ]
      },
      "properties": {
        "name": "臺北市立南港高級中學",
        "address": "臺北市南港區向陽路21號"
      }
    },
    {
      "type": "Feature",
      "geometry": {
        "type": "Point",
        "coordinates": [
          121.54399916715,
          25.034318395876
        ]
      },
      "properties": {
        "name": "台北美侖大飯店",
        "address": "臺北市大安區復興南路一段317號"
      }
    },
    {
      "type": "Feature",
      "geometry": {
        "type": "Point",
        "coordinates": [
          121.56484485329,
          25.033756221369
        ]
      },
      "properties": {
        "name": "台北金融大樓股份有限公司(辦公大樓)",
        "address": "臺北市信義區信義路五段7號"
      }
    },
    {
      "type": "Feature",
      "geometry": {
        "type": "Point",
        "coordinates": [
          121.52571155547,
          25.061229994933
        ]
      },
      "properties": {
        "name": "趣旅館．林森館",
        "address": "臺北市中山區林森北路487號"
      }
    },
    {
      "type": "Feature",
      "geometry": {
        "type": "Point",
        "coordinates": [
          121.5196355236,
          25.092821930313
        ]
      },
      "properties": {
        "name": "臺北市士林地政事務所",
        "address": "臺北市士林區中正路439號"
      }
    },
    {
      "type": "Feature",
      "geometry": {
        "type": "Point",
        "coordinates": [
          121.52807980336,
          25.070234285812
        ]
      },
      "properties": {
        "name": "中山計程車服務站",
        "address": "臺北市中山區新生北路3段170號"
      }
    },
    {
      "type": "Feature",
      "geometry": {
        "type": "Point",
        "coordinates": [
          121.54996606945,
          25.018188539533
        ]
      },
      "properties": {
        "name": "臺北市芳和實驗中學",
        "address": "臺北市大安區臥龍街170號"
      }
    },
    {
      "type": "Feature",
      "geometry": {
        "type": "Point",
        "coordinates": [
          121.54977776212,
          25.051293959188
        ]
      },
      "properties": {
        "name": "臺北小巨蛋",
        "address": "臺北市松山區南京東路4段2號"
      }
    },
    {
      "type": "Feature",
      "geometry": {
        "type": "Point",
        "coordinates": [
          121.56279840511,
          25.056707642925
        ]
      },
      "properties": {
        "name": "臺北市松山區健康國民小學",
        "address": "臺北市松山區延壽街168號"
      }
    },
    {
      "type": "Feature",
      "geometry": {
        "type": "Point",
        "coordinates": [
          121.57527308613,
          25.00032507923
        ]
      },
      "properties": {
        "name": "博嘉運動公園",
        "address": "臺北市文山區木柵路4段159巷16號"
      }
    },
    {
      "type": "Feature",
      "geometry": {
        "type": "Point",
        "coordinates": [
          121.56442048765,
          25.03839682577
        ]
      },
      "properties": {
        "name": "臺北市政府市政大樓",
        "address": "臺北市信義區臺北市市府路1號"
      }
    },
    {
      "type": "Feature",
      "geometry": {
        "type": "Point",
        "coordinates": [
          121.53338407007,
          25.029472997608
        ]
      },
      "properties": {
        "name": "臺北市大安區新生國民小學",
        "address": "臺北市大安區新生南路二段36號"
      }
    },
    {
      "type": "Feature",
      "geometry": {
        "type": "Point",
        "coordinates": [
          121.56437973308,
          25.038265289901
        ]
      },
      "properties": {
        "name": "臺北市政府市政大樓",
        "address": "臺北市信義區臺北市市府路1號"
      }
    },
    {
      "type": "Feature",
      "geometry": {
        "type": "Point",
        "coordinates": [
          121.53320204769,
          25.046413091529
        ]
      },
      "properties": {
        "name": "臺北市立長安國民中學",
        "address": "臺北市中山區松江路70巷11號"
      }
    },
    {
      "type": "Feature",
      "geometry": {
        "type": "Point",
        "coordinates": [
          121.54480100193,
          25.038267821041
        ]
      },
      "properties": {
        "name": "臺北市公有光復市場",
        "address": "臺北市信義區仁愛路4段496巷19號"
      }
    },
    {
      "type": "Feature",
      "geometry": {
        "type": "Point",
        "coordinates": [
          121.54978308613,
          25.05136440586
        ]
      },
      "properties": {
        "name": "臺北小巨蛋",
        "address": "臺北市松山區南京東路4段2號"
      }
    },
    {
      "type": "Feature",
      "geometry": {
        "type": "Point",
        "coordinates": [
          121.54285764382,
          25.079251961993
        ]
      },
      "properties": {
        "name": "臺北市立大直高級中學警衛室旁",
        "address": "臺北市中山區北安路420號"
      }
    },
    {
      "type": "Feature",
      "geometry": {
        "type": "Point",
        "coordinates": [
          121.54917481022,
          25.01968052365
        ]
      },
      "properties": {
        "name": "臺北市立和平高級中學",
        "address": "臺北市大安區臥龍街100號"
      }
    },
    {
      "type": "Feature",
      "geometry": {
        "type": "Point",
        "coordinates": [
          121.50292090961,
          25.132324057313
        ]
      },
      "properties": {
        "name": "臺北市北投區戶政事務所",
        "address": "臺北市北投區新市街30號"
      }
    },
    {
      "type": "Feature",
      "geometry": {
        "type": "Point",
        "coordinates": [
          121.54916676715,
          25.019664846158
        ]
      },
      "properties": {
        "name": "臺北市立和平高級中學",
        "address": "臺北市大安區臥龍街100號"
      }
    },
    {
      "type": "Feature",
      "geometry": {
        "type": "Point",
        "coordinates": [
          121.47731876715,
          25.134677225744
        ]
      },
      "properties": {
        "name": "臺北市立桃源國民中學",
        "address": "臺北市北投區中央北路4段48號"
      }
    },
    {
      "type": "Feature",
      "geometry": {
        "type": "Point",
        "coordinates": [
          121.57440644818,
          25.044367208346
        ]
      },
      "properties": {
        "name": "臺北市公有永吉市場",
        "address": "臺北市信義區永吉路278巷1弄30號"
      }
    },
    {
      "type": "Feature",
      "geometry": {
        "type": "Point",
        "coordinates": [
          121.5153412584,
          25.037573397638
        ]
      },
      "properties": {
        "name": "臺北市立弘道國民中學",
        "address": "臺北市中正區公園路21號"
      }
    },
    {
      "type": "Feature",
      "geometry": {
        "type": "Point",
        "coordinates": [
          121.57527576715,
          25.000337228353
        ]
      },
      "properties": {
        "name": "博嘉運動公園",
        "address": "臺北市文山區木柵路4段159巷16號"
      }
    },
    {
      "type": "Feature",
      "geometry": {
        "type": "Point",
        "coordinates": [
          121.52214546938,
          25.11228089568
        ]
      },
      "properties": {
        "name": "臺北市北投區明德國民小學",
        "address": "臺北市北投區明德路190號"
      }
    },
    {
      "type": "Feature",
      "geometry": {
        "type": "Point",
        "coordinates": [
          121.53703264643,
          25.044246952527
        ]
      },
      "properties": {
        "name": "建國計程車服務站",
        "address": "臺北市大安區建國南路一段63號"
      }
    },
    {
      "type": "Feature",
      "geometry": {
        "type": "Point",
        "coordinates": [
          121.56436632797,
          25.038272577122
        ]
      },
      "properties": {
        "name": "臺北市政府市政大樓",
        "address": "臺北市信義區臺北市市府路1號"
      }
    },
    {
      "type": "Feature",
      "geometry": {
        "type": "Point",
        "coordinates": [
          121.50796040511,
          25.084130113598
        ]
      },
      "properties": {
        "name": "臺北市士林區葫蘆國民小學",
        "address": "臺北市士林區環河北路三段95號"
      }
    },
    {
      "type": "Feature",
      "geometry": {
        "type": "Point",
        "coordinates": [
          121.49298098107,
          25.03653336295
        ]
      },
      "properties": {
        "name": "台北市廣州街臨時攤販集中場",
        "address": "臺北市萬華區廣州街220號"
      }
    },
    {
      "type": "Feature",
      "geometry": {
        "type": "Point",
        "coordinates": [
          121.56437366244,
          25.038319627759
        ]
      },
      "properties": {
        "name": "臺北市政府市政大樓",
        "address": "臺北市信義區臺北市市府路1號"
      }
    },
    {
      "type": "Feature",
      "geometry": {
        "type": "Point",
        "coordinates": [
          121.59165881022,
          25.084021110797
        ]
      },
      "properties": {
        "name": "臺北市內湖區碧湖國民小學",
        "address": "臺北市內湖區金龍路100號"
      }
    },
    {
      "type": "Feature",
      "geometry": {
        "type": "Point",
        "coordinates": [
          121.56436096593,
          25.038275006196
        ]
      },
      "properties": {
        "name": "臺北市政府市政大樓",
        "address": "臺北市信義區臺北市市府路1號"
      }
    },
    {
      "type": "Feature",
      "geometry": {
        "type": "Point",
        "coordinates": [
          121.58688372409,
          25.047125408789
        ]
      },
      "properties": {
        "name": "臺北市南港區成德國民小學",
        "address": "臺北市南港區東新街65號"
      }
    },
    {
      "type": "Feature",
      "geometry": {
        "type": "Point",
        "coordinates": [
          121.5328505467,
          25.02956773824
        ]
      },
      "properties": {
        "name": "臺北市大安區新生國民小學",
        "address": "臺北市大安區新生南路二段36號"
      }
    },
    {
      "type": "Feature",
      "geometry": {
        "type": "Point",
        "coordinates": [
          121.53320980364,
          25.030033469372
        ]
      },
      "properties": {
        "name": "臺北市大安區新生國民小學",
        "address": "臺北市大安區新生南路二段36號"
      }
    },
    {
      "type": "Feature",
      "geometry": {
        "type": "Point",
        "coordinates": [
          121.57915288613,
          25.073463914687
        ]
      },
      "properties": {
        "name": "臺北市公共運輸處瑞光計程車服務站",
        "address": "臺北市內湖區瑞光路160號"
      }
    },
    {
      "type": "Feature",
      "geometry": {
        "type": "Point",
        "coordinates": [
          121.58770207147,
          25.005533861081
        ]
      },
      "properties": {
        "name": "臺北市政府環境保護局木柵垃圾焚化廠",
        "address": "臺北市文山區木柵路5段53號"
      }
    },
    {
      "type": "Feature",
      "geometry": {
        "type": "Point",
        "coordinates": [
          121.564369009,
          25.038273467713
        ]
      },
      "properties": {
        "name": "臺北市政府市政大樓",
        "address": "臺北市信義區臺北市市府路1號"
      }
    },
    {
      "type": "Feature",
      "geometry": {
        "type": "Point",
        "coordinates": [
          121.52417648718,
          25.087886028927
        ]
      },
      "properties": {
        "name": "臺北市公有士林市場",
        "address": "臺北市士林區基河路101號"
      }
    },
    {
      "type": "Feature",
      "geometry": {
        "type": "Point",
        "coordinates": [
          121.54991393628,
          25.084319324125
        ]
      },
      "properties": {
        "name": "大直計程車服務站",
        "address": "臺北市中山區北安路676號"
      }
    },
    {
      "type": "Feature",
      "geometry": {
        "type": "Point",
        "coordinates": [
          121.54538039341,
          25.060639553954
        ]
      },
      "properties": {
        "name": "臺北市立中山國民中學",
        "address": "臺北市松山區復興北路361巷7號"
      }
    },
    {
      "type": "Feature",
      "geometry": {
        "type": "Point",
        "coordinates": [
          121.54942208613,
          25.078816256173
        ]
      },
      "properties": {
        "name": "臺北市中山區永安國民小學",
        "address": "臺北市中山區明水路397巷19弄1號"
      }
    },
    {
      "type": "Feature",
      "geometry": {
        "type": "Point",
        "coordinates": [
          121.5416928045,
          25.077950096356
        ]
      },
      "properties": {
        "name": "臺北市立北安國民中學",
        "address": "臺北市中山區明水路325號"
      }
    },
    {
      "type": "Feature",
      "geometry": {
        "type": "Point",
        "coordinates": [
          121.56077681022,
          25.079604825446
        ]
      },
      "properties": {
        "name": "臺北市濱江實驗國民中學",
        "address": "臺北市中山區樂群二路262號"
      }
    },
    {
      "type": "Feature",
      "geometry": {
        "type": "Point",
        "coordinates": [
          121.52945008757,
          25.116081369801
        ]
      },
      "properties": {
        "name": "台北美國學校",
        "address": "臺北市士林區11152 中山北路六段 800號"
      }
    },
    {
      "type": "Feature",
      "geometry": {
        "type": "Point",
        "coordinates": [
          121.53014715329,
          25.117409980388
        ]
      },
      "properties": {
        "name": "台北美國學校",
        "address": "臺北市士林區11152 中山北路六段 800號"
      }
    },
    {
      "type": "Feature",
      "geometry": {
        "type": "Point",
        "coordinates": [
          121.52993851958,
          25.11640063529
        ]
      },
      "properties": {
        "name": "台北美國學校",
        "address": "臺北市士林區11152 中山北路六段 800號"
      }
    },
    {
      "type": "Feature",
      "geometry": {
        "type": "Point",
        "coordinates": [
          121.5293187175,
          25.115952710615
        ]
      },
      "properties": {
        "name": "台北美國學校",
        "address": "臺北市士林區11152 中山北路六段 800號"
      }
    },
    {
      "type": "Feature",
      "geometry": {
        "type": "Point",
        "coordinates": [
          121.52985224087,
          25.114870519156
        ]
      },
      "properties": {
        "name": "台北美國學校",
        "address": "臺北市士林區11152 中山北路六段 800號"
      }
    },
    {
      "type": "Feature",
      "geometry": {
        "type": "Point",
        "coordinates": [
          121.56646137597,
          25.039392374213
        ]
      },
      "properties": {
        "name": "新光三越百貨股份有限公司台北信義分公司四館",
        "address": "臺北市信義區松高路19號"
      }
    },
    {
      "type": "Feature",
      "geometry": {
        "type": "Point",
        "coordinates": [
          121.52982896141,
          25.116708721409
        ]
      },
      "properties": {
        "name": "台北美國學校",
        "address": "臺北市士林區11152 中山北路六段 800號"
      }
    },
    {
      "type": "Feature",
      "geometry": {
        "type": "Point",
        "coordinates": [
          121.51474385329,
          25.097139105961
        ]
      },
      "properties": {
        "name": "臺北市立兒童新樂園",
        "address": "臺北市士林區承德路5段55號"
      }
    },
    {
      "type": "Feature",
      "geometry": {
        "type": "Point",
        "coordinates": [
          121.51473581022,
          25.097139105961
        ]
      },
      "properties": {
        "name": "臺北市立兒童新樂園",
        "address": "臺北市士林區承德路5段55號"
      }
    },
    {
      "type": "Feature",
      "geometry": {
        "type": "Point",
        "coordinates": [
          121.570903,
          25.036421153105
        ]
      },
      "properties": {
        "name": "博愛國小運動中心-舞動陽光有限公司",
        "address": "臺北市信義區松仁路95巷20號"
      }
    },
    {
      "type": "Feature",
      "geometry": {
        "type": "Point",
        "coordinates": [
          121.61654005404,
          25.057742652884
        ]
      },
      "properties": {
        "name": "世貿公園地下停車場",
        "address": "臺北市南港區經貿2路88巷1號"
      }
    },
    {
      "type": "Feature",
      "geometry": {
        "type": "Point",
        "coordinates": [
          121.606489,
          25.056179162062
        ]
      },
      "properties": {
        "name": "興中立體停車場",
        "address": "臺北市南港區興中路44巷1號"
      }
    },
    {
      "type": "Feature",
      "geometry": {
        "type": "Point",
        "coordinates": [
          121.61184950221,
          25.056729667071
        ]
      },
      "properties": {
        "name": "南港國小地下停車場",
        "address": "臺北市南港區興東街59號"
      }
    },
    {
      "type": "Feature",
      "geometry": {
        "type": "Point",
        "coordinates": [
          121.52132839563,
          25.086017724736
        ]
      },
      "properties": {
        "name": "前港公園地下停車場",
        "address": "臺北市士林區前港街45號"
      }
    },
    {
      "type": "Feature",
      "geometry": {
        "type": "Point",
        "coordinates": [
          121.50426108613,
          25.131168947869
        ]
      },
      "properties": {
        "name": "大豐公園地下停車場",
        "address": "臺北市北投區大興街145號"
      }
    },
    {
      "type": "Feature",
      "geometry": {
        "type": "Point",
        "coordinates": [
          121.52930917226,
          25.10965339071
        ]
      },
      "properties": {
        "name": "蘭雅公園地下停車場",
        "address": "臺北市士林區德行東路129巷31號"
      }
    },
    {
      "type": "Feature",
      "geometry": {
        "type": "Point",
        "coordinates": [
          121.5306111292,
          25.096079962209
        ]
      },
      "properties": {
        "name": "福林公園地下停車場",
        "address": "臺北市士林區中正路17號"
      }
    },
    {
      "type": "Feature",
      "geometry": {
        "type": "Point",
        "coordinates": [
          121.50587840511,
          25.04838498167
        ]
      },
      "properties": {
        "name": "洛陽立體停車場",
        "address": "臺北市萬華區環河南路1段1號"
      }
    },
    {
      "type": "Feature",
      "geometry": {
        "type": "Point",
        "coordinates": [
          121.50850004307,
          25.080942688504
        ]
      },
      "properties": {
        "name": "海光公園地下停車場",
        "address": "臺北市士林區葫蘆街83號"
      }
    },
    {
      "type": "Feature",
      "geometry": {
        "type": "Point",
        "coordinates": [
          121.5805010971,
          25.04676260335
        ]
      },
      "properties": {
        "name": "五分埔公園地下停車場",
        "address": "臺北市信義區中坡北路57號"
      }
    },
    {
      "type": "Feature",
      "geometry": {
        "type": "Point",
        "coordinates": [
          121.56617737302,
          25.028894391927
        ]
      },
      "properties": {
        "name": "臺北市災害應變中心地下停車場",
        "address": "臺北市信義區莊敬路391巷11弄2號"
      }
    },
    {
      "type": "Feature",
      "geometry": {
        "type": "Point",
        "coordinates": [
          121.57832069199,
          25.049223369137
        ]
      },
      "properties": {
        "name": "松山車站地下停車場",
        "address": "臺北市信義區松山路11號"
      }
    },
    {
      "type": "Feature",
      "geometry": {
        "type": "Point",
        "coordinates": [
          121.57427517226,
          25.03210155911
        ]
      },
      "properties": {
        "name": "臺北市停車管理工程處",
        "address": "臺北市信義區松德路300號"
      }
    },
    {
      "type": "Feature",
      "geometry": {
        "type": "Point",
        "coordinates": [
          121.56306741049,
          24.990527167935
        ]
      },
      "properties": {
        "name": "南方桃花源社區管理委員會",
        "address": "臺北市文山區木柵路二段109巷27弄2號"
      }
    },
    {
      "type": "Feature",
      "geometry": {
        "type": "Point",
        "coordinates": [
          121.56303241049,
          24.991478877616
        ]
      },
      "properties": {
        "name": "敦南莊子社區管理室",
        "address": "臺北市文山區木柵路二段109巷100弄1號"
      }
    },
    {
      "type": "Feature",
      "geometry": {
        "type": "Point",
        "coordinates": [
          121.57049399635,
          25.078838294107
        ]
      },
      "properties": {
        "name": "沛力訓練",
        "address": "臺北市內湖區瑞光路443號"
      }
    },
    {
      "type": "Feature",
      "geometry": {
        "type": "Point",
        "coordinates": [
          121.51341041679,
          25.059389102129
        ]
      },
      "properties": {
        "name": "台北互舍酒店",
        "address": "臺北市大同區台北市大同區重慶北路二段172號"
      }
    },
    {
      "type": "Feature",
      "geometry": {
        "type": "Point",
        "coordinates": [
          121.51006940511,
          25.023954138417
        ]
      },
      "properties": {
        "name": "古亭國中地下停車場",
        "address": "臺北市萬華區中華路2段606巷1號"
      }
    },
    {
      "type": "Feature",
      "geometry": {
        "type": "Point",
        "coordinates": [
          121.49927340511,
          25.027889848583
        ]
      },
      "properties": {
        "name": "萬華國中地下停車場",
        "address": "臺北市萬華區西藏路201號"
      }
    },
    {
      "type": "Feature",
      "geometry": {
        "type": "Point",
        "coordinates": [
          121.51074540511,
          25.050982694143
        ]
      },
      "properties": {
        "name": "塔城公園地下停車場",
        "address": "臺北市大同區塔城街11號"
      }
    },
    {
      "type": "Feature",
      "geometry": {
        "type": "Point",
        "coordinates": [
          121.50289527591,
          25.023873271306
        ]
      },
      "properties": {
        "name": "青年公園棒球場地下停車場",
        "address": "臺北市萬華區青年路69號"
      }
    },
    {
      "type": "Feature",
      "geometry": {
        "type": "Point",
        "coordinates": [
          121.57280728688,
          25.034900406102
        ]
      },
      "properties": {
        "name": "興雅國中地下停車場",
        "address": "臺北市信義區松德路200巷18號"
      }
    },
    {
      "type": "Feature",
      "geometry": {
        "type": "Point",
        "coordinates": [
          121.56772296791,
          25.03326380687
        ]
      },
      "properties": {
        "name": "信義廣場地下停車場",
        "address": "臺北市信義區信義路5段11號"
      }
    },
    {
      "type": "Feature",
      "geometry": {
        "type": "Point",
        "coordinates": [
          121.56823632995,
          25.040267592403
        ]
      },
      "properties": {
        "name": "忠信公園地下停車場",
        "address": "臺北市信義區松仁路2號"
      }
    },
    {
      "type": "Feature",
      "geometry": {
        "type": "Point",
        "coordinates": [
          121.56325631243,
          25.031590098796
        ]
      },
      "properties": {
        "name": "信義國小地下停車場",
        "address": "臺北市信義區松勤街60號"
      }
    },
    {
      "type": "Feature",
      "geometry": {
        "type": "Point",
        "coordinates": [
          121.56540332995,
          25.043550736353
        ]
      },
      "properties": {
        "name": "松山高中地下停車場",
        "address": "臺北市信義區基隆路1段156號"
      }
    },
    {
      "type": "Feature",
      "geometry": {
        "type": "Point",
        "coordinates": [
          121.51967576715,
          25.05044440783
        ]
      },
      "properties": {
        "name": "建成國中地下停車場",
        "address": "臺北市大同區長安西路37號"
      }
    },
    {
      "type": "Feature",
      "geometry": {
        "type": "Point",
        "coordinates": [
          121.51175962044,
          25.074371115839
        ]
      },
      "properties": {
        "name": "啓聰學校地下停車場",
        "address": "臺北市大同區延平北路4段205號"
      }
    },
    {
      "type": "Feature",
      "geometry": {
        "type": "Point",
        "coordinates": [
          121.51673589635,
          25.073437116054
        ]
      },
      "properties": {
        "name": "大龍國小地下停車場",
        "address": "臺北市大同區哈密街47號"
      }
    },
    {
      "type": "Feature",
      "geometry": {
        "type": "Point",
        "coordinates": [
          121.5247820971,
          25.059292367003
        ]
      },
      "properties": {
        "name": "永盛公園地下停車場",
        "address": "臺北市中山區中山北路2段93巷30號"
      }
    },
    {
      "type": "Feature",
      "geometry": {
        "type": "Point",
        "coordinates": [
          121.55987753969,
          24.990816597852
        ]
      },
      "properties": {
        "name": "文山雅筑社區管理委員會",
        "address": "臺北市文山區興隆路四段29巷4弄1號"
      }
    },
    {
      "type": "Feature",
      "geometry": {
        "type": "Point",
        "coordinates": [
          121.56005534324,
          24.989476182979
        ]
      },
      "properties": {
        "name": "明興社區巷弄長照站",
        "address": "臺北市文山區興隆路4段61號"
      }
    },
    {
      "type": "Feature",
      "geometry": {
        "type": "Point",
        "coordinates": [
          121.56287345356,
          24.9902007482
        ]
      },
      "properties": {
        "name": "臺北市文山區明興里辦公處",
        "address": "臺北市文山區木柵路二段109巷25弄6號"
      }
    },
    {
      "type": "Feature",
      "geometry": {
        "type": "Point",
        "coordinates": [
          121.55961685867,
          24.990433028009
        ]
      },
      "properties": {
        "name": "太子新城建設",
        "address": "臺北市文山區興隆路四段33號"
      }
    },
    {
      "type": "Feature",
      "geometry": {
        "type": "Point",
        "coordinates": [
          121.56611737302,
          25.055881095102
        ]
      },
      "properties": {
        "name": "西松高中地下停車場",
        "address": "臺北市松山區健康路325巷19弄1號"
      }
    },
    {
      "type": "Feature",
      "geometry": {
        "type": "Point",
        "coordinates": [
          121.55946224382,
          25.058391159493
        ]
      },
      "properties": {
        "name": "民生立體停車場",
        "address": "臺北市松山區民生東路5段84號"
      }
    },
    {
      "type": "Feature",
      "geometry": {
        "type": "Point",
        "coordinates": [
          121.54711177813,
          25.06045180811
        ]
      },
      "properties": {
        "name": "民有市場地下停車場",
        "address": "臺北市松山區民權東路3段140巷15號"
      }
    },
    {
      "type": "Feature",
      "geometry": {
        "type": "Point",
        "coordinates": [
          121.57764760586,
          25.050052239374
        ]
      },
      "properties": {
        "name": "松山國小地下停車場",
        "address": "臺北市松山區八德路4段746號"
      }
    },
    {
      "type": "Feature",
      "geometry": {
        "type": "Point",
        "coordinates": [
          121.53822969199,
          25.024714326402
        ]
      },
      "properties": {
        "name": "龍門國中地下停車場",
        "address": "臺北市大安區建國南路2段269號"
      }
    },
    {
      "type": "Feature",
      "geometry": {
        "type": "Point",
        "coordinates": [
          121.53162496791,
          25.029624820885
        ]
      },
      "properties": {
        "name": "金華公園地下停車場",
        "address": "臺北市大安區金華街190號"
      }
    },
    {
      "type": "Feature",
      "geometry": {
        "type": "Point",
        "coordinates": [
          121.5358790971,
          25.033334165129
        ]
      },
      "properties": {
        "name": "大安森林公園地下停車場",
        "address": "臺北市大安區建國南路2段2號"
      }
    },
    {
      "type": "Feature",
      "geometry": {
        "type": "Point",
        "coordinates": [
          121.4916351292,
          25.027864414349
        ]
      },
      "properties": {
        "name": "雙園國中地下停車場",
        "address": "臺北市萬華區西園路2段320巷55弄3號"
      }
    },
    {
      "type": "Feature",
      "geometry": {
        "type": "Point",
        "coordinates": [
          121.50746708613,
          25.024398986
        ]
      },
      "properties": {
        "name": "青年公園高爾夫球場地下停車場",
        "address": "臺北市萬華區國興路5號"
      }
    },
    {
      "type": "Feature",
      "geometry": {
        "type": "Point",
        "coordinates": [
          121.56943892484,
          25.079330787024
        ]
      },
      "properties": {
        "name": "洲子立體停車場",
        "address": "臺北市內湖區瑞光路513巷22弄2號"
      }
    },
    {
      "type": "Feature",
      "geometry": {
        "type": "Point",
        "coordinates": [
          121.57838669199,
          25.080564307577
        ]
      },
      "properties": {
        "name": "港富立體停車場",
        "address": "臺北市內湖區內湖路1段737巷50弄32號"
      }
    },
    {
      "type": "Feature",
      "geometry": {
        "type": "Point",
        "coordinates": [
          121.57225269199,
          25.039220879856
        ]
      },
      "properties": {
        "name": "松山工農地下停車場",
        "address": "臺北市信義區忠孝東路5段236巷15號"
      }
    },
    {
      "type": "Feature",
      "geometry": {
        "type": "Point",
        "coordinates": [
          121.61608944818,
          25.069223443544
        ]
      },
      "properties": {
        "name": "東湖國小地下停車場",
        "address": "臺北市內湖區東湖路115號"
      }
    },
    {
      "type": "Feature",
      "geometry": {
        "type": "Point",
        "coordinates": [
          121.58720218324,
          25.042267383684
        ]
      },
      "properties": {
        "name": "玉成公園附建地下停車場",
        "address": "臺北市南港區成福路118號"
      }
    },
    {
      "type": "Feature",
      "geometry": {
        "type": "Point",
        "coordinates": [
          121.57670259489,
          24.989522295759
        ]
      },
      "properties": {
        "name": "萬興國小地下停車場",
        "address": "臺北市文山區秀明路2段116號"
      }
    },
    {
      "type": "Feature",
      "geometry": {
        "type": "Point",
        "coordinates": [
          121.55120036204,
          25.000639141479
        ]
      },
      "properties": {
        "name": "興隆公園地下停車場",
        "address": "臺北市文山區仙岩路128號"
      }
    },
    {
      "type": "Feature",
      "geometry": {
        "type": "Point",
        "coordinates": [
          121.53020332995,
          25.049867254138
        ]
      },
      "properties": {
        "name": "長安國小地下停車場",
        "address": "臺北市中山區吉林路15號"
      }
    },
    {
      "type": "Feature",
      "geometry": {
        "type": "Point",
        "coordinates": [
          121.56729465257,
          25.059842530181
        ]
      },
      "properties": {
        "name": "臺北市立民生國民中學",
        "address": "臺北市松山區新東街30巷1號"
      }
    },
    {
      "type": "Feature",
      "geometry": {
        "type": "Point",
        "coordinates": [
          121.58051828613,
          25.04931542504
        ]
      },
      "properties": {
        "name": "台北松山意舍酒店",
        "address": "臺北市南港區市民大道七段8號"
      }
    },
    {
      "type": "Feature",
      "geometry": {
        "type": "Point",
        "coordinates": [
          121.50558370511,
          25.045193797827
        ]
      },
      "properties": {
        "name": "台北西門町意舍酒店",
        "address": "臺北市萬華區武昌街二段77號"
      }
    },
    {
      "type": "Feature",
      "geometry": {
        "type": "Point",
        "coordinates": [
          121.52309435913,
          25.055735493469
        ]
      },
      "properties": {
        "name": "台北中山意舍酒店",
        "address": "臺北市中山區中山北路二段57-1號"
      }
    },
    {
      "type": "Feature",
      "geometry": {
        "type": "Point",
        "coordinates": [
          121.56169941049,
          24.992636597206
        ]
      },
      "properties": {
        "name": "觀星台北社區管理委員會(D棟閱報室)",
        "address": "臺北市文山區木柵路二段109巷100弄66號"
      }
    },
    {
      "type": "Feature",
      "geometry": {
        "type": "Point",
        "coordinates": [
          121.56184345356,
          24.990316447913
        ]
      },
      "properties": {
        "name": "幸福社區管理委員會",
        "address": "臺北市文山區木柵路二段109巷25弄69號"
      }
    },
    {
      "type": "Feature",
      "geometry": {
        "type": "Point",
        "coordinates": [
          121.56213272947,
          24.992484447358
        ]
      },
      "properties": {
        "name": "觀星台北社區C棟閱報室",
        "address": "臺北市文山區木柵路二段109巷100弄30號"
      }
    },
    {
      "type": "Feature",
      "geometry": {
        "type": "Point",
        "coordinates": [
          121.48449180558,
          25.139652946426
        ]
      },
      "properties": {
        "name": "臺北市北投區桃源國民小學",
        "address": "臺北市北投區中央北路三段40巷45號"
      }
    },
    {
      "type": "Feature",
      "geometry": {
        "type": "Point",
        "coordinates": [
          121.53104065949,
          25.110581451597
        ]
      },
      "properties": {
        "name": "臺北市立蘭雅國民中學",
        "address": "臺北市士林區忠誠路2段51號"
      }
    },
    {
      "type": "Feature",
      "geometry": {
        "type": "Point",
        "coordinates": [
          121.57489676715,
          25.045368999714
        ]
      },
      "properties": {
        "name": "博俊體能事業有限公司",
        "address": "臺北市信義區永吉路302號"
      }
    },
    {
      "type": "Feature",
      "geometry": {
        "type": "Point",
        "coordinates": [
          121.51488800387,
          25.031756318041
        ]
      },
      "properties": {
        "name": "郵政博物館",
        "address": "臺北市中正區重慶南路2段45號"
      }
    },
    {
      "type": "Feature",
      "geometry": {
        "type": "Point",
        "coordinates": [
          121.50361040511,
          25.043207789448
        ]
      },
      "properties": {
        "name": "臺北市萬華區西門國民小學",
        "address": "臺北市萬華區成都路98號"
      }
    },
    {
      "type": "Feature",
      "geometry": {
        "type": "Point",
        "coordinates": [
          121.56313805306,
          24.989223754932
        ]
      },
      "properties": {
        "name": "慧誠老人養護所",
        "address": "臺北市文山區木柵路二段163號"
      }
    },
    {
      "type": "Feature",
      "geometry": {
        "type": "Point",
        "coordinates": [
          121.53980390405,
          25.040340060903
        ]
      },
      "properties": {
        "name": "臺灣當代文化實驗場",
        "address": "臺北市大安區建國南路一段177號"
      }
    },
    {
      "type": "Feature",
      "geometry": {
        "type": "Point",
        "coordinates": [
          121.5382973253,
          25.040122071386
        ]
      },
      "properties": {
        "name": "臺灣當代文化實驗場",
        "address": "臺北市大安區建國南路一段177號"
      }
    },
    {
      "type": "Feature",
      "geometry": {
        "type": "Point",
        "coordinates": [
          121.53893917306,
          25.03878507855
        ]
      },
      "properties": {
        "name": "臺灣當代文化實驗場",
        "address": "臺北市大安區建國南路一段177號"
      }
    },
    {
      "type": "Feature",
      "geometry": {
        "type": "Point",
        "coordinates": [
          121.50400981022,
          25.155167896338
        ]
      },
      "properties": {
        "name": "臺北市北投區大屯國民小學",
        "address": "臺北市北投區復興三路312號"
      }
    },
    {
      "type": "Feature",
      "geometry": {
        "type": "Point",
        "coordinates": [
          121.56581697479,
          25.040555534194
        ]
      },
      "properties": {
        "name": "時代國際飯店股份有限公司(台北W飯店)安全部",
        "address": "臺北市信義區忠孝東路5段10號"
      }
    },
    {
      "type": "Feature",
      "geometry": {
        "type": "Point",
        "coordinates": [
          121.51423368102,
          25.11499796161
        ]
      },
      "properties": {
        "name": "臺北市立石牌國民中學",
        "address": "臺北市北投區石牌路一段139號"
      }
    },
    {
      "type": "Feature",
      "geometry": {
        "type": "Point",
        "coordinates": [
          121.5135541292,
          25.120581469871
        ]
      },
      "properties": {
        "name": "日本伊藤萬游泳學校-陽明營業所",
        "address": "臺北市北投區台北市北投區立農街二段155號"
      }
    },
    {
      "type": "Feature",
      "geometry": {
        "type": "Point",
        "coordinates": [
          121.51927871277,
          25.021259577748
        ]
      },
      "properties": {
        "name": "陪你健身運動空間",
        "address": "臺北市中正區水源路91號"
      }
    },
    {
      "type": "Feature",
      "geometry": {
        "type": "Point",
        "coordinates": [
          121.46617811256,
          25.126323538143
        ]
      },
      "properties": {
        "name": "舞動陽光有限公司關渡國小",
        "address": "臺北市北投區中央北路四段581號"
      }
    },
    {
      "type": "Feature",
      "geometry": {
        "type": "Point",
        "coordinates": [
          121.53575026643,
          25.013928337575
        ]
      },
      "properties": {
        "name": "臺北市大安區銘傳國民小學",
        "address": "臺北市大安區羅斯福路4段21號"
      }
    },
    {
      "type": "Feature",
      "geometry": {
        "type": "Point",
        "coordinates": [
          121.5333811292,
          25.117703219276
        ]
      },
      "properties": {
        "name": "旭昇健康有限公司",
        "address": "臺北市士林區天母東路50巷8號"
      }
    },
    {
      "type": "Feature",
      "geometry": {
        "type": "Point",
        "coordinates": [
          121.57319032247,
          25.062975176124
        ]
      },
      "properties": {
        "name": "燦坤內湖旗艦店",
        "address": "臺北市內湖區堤頂大道一段331號"
      }
    },
    {
      "type": "Feature",
      "geometry": {
        "type": "Point",
        "coordinates": [
          121.57309268058,
          25.062817847094
        ]
      },
      "properties": {
        "name": "燦坤內湖旗艦店",
        "address": "臺北市內湖區堤頂大道一段331號"
      }
    },
    {
      "type": "Feature",
      "geometry": {
        "type": "Point",
        "coordinates": [
          121.55426746971,
          25.000716623508
        ]
      },
      "properties": {
        "name": "全球動競健康有限公司",
        "address": "臺北市文山區興隆路二段252號"
      }
    },
    {
      "type": "Feature",
      "geometry": {
        "type": "Point",
        "coordinates": [
          121.57328012887,
          25.062903174344
        ]
      },
      "properties": {
        "name": "燦坤實業股份有限公司",
        "address": "臺北市內湖區堤頂大道一段331號"
      }
    },
    {
      "type": "Feature",
      "geometry": {
        "type": "Point",
        "coordinates": [
          121.53138228178,
          25.111901607407
        ]
      },
      "properties": {
        "name": "大葉高島屋百貨股份有限公司",
        "address": "臺北市士林區忠誠路2段55號"
      }
    },
    {
      "type": "Feature",
      "geometry": {
        "type": "Point",
        "coordinates": [
          121.48378042561,
          25.134749743224
        ]
      },
      "properties": {
        "name": "臺北捷運北投會館",
        "address": "臺北市北投區大業路527巷88號"
      }
    },
    {
      "type": "Feature",
      "geometry": {
        "type": "Point",
        "coordinates": [
          121.48381917704,
          25.13476273493
        ]
      },
      "properties": {
        "name": "臺北捷運北投會館",
        "address": "臺北市北投區大業路527巷88號"
      }
    },
    {
      "type": "Feature",
      "geometry": {
        "type": "Point",
        "coordinates": [
          121.54605966204,
          25.041917472086
        ]
      },
      "properties": {
        "name": "仙細工作室",
        "address": "臺北市大安區忠孝東路四段59號"
      }
    },
    {
      "type": "Feature",
      "geometry": {
        "type": "Point",
        "coordinates": [
          121.58147198163,
          25.03839647623
        ]
      },
      "properties": {
        "name": "臺北市立浩然敬老院",
        "address": "臺北市信義區福德街84巷36號"
      }
    },
    {
      "type": "Feature",
      "geometry": {
        "type": "Point",
        "coordinates": [
          121.53366289635,
          25.029857843015
        ]
      },
      "properties": {
        "name": "臺北市大安區新生國民小學",
        "address": "臺北市大安區新生南路二段36號"
      }
    },
    {
      "type": "Feature",
      "geometry": {
        "type": "Point",
        "coordinates": [
          121.58774508613,
          25.045053980447
        ]
      },
      "properties": {
        "name": "臺北市立成德國民中學",
        "address": "臺北市南港區東新街108巷23號"
      }
    },
    {
      "type": "Feature",
      "geometry": {
        "type": "Point",
        "coordinates": [
          121.56376123942,
          25.0812498801
        ]
      },
      "properties": {
        "name": "台灣大昌華嘉股份有限公司",
        "address": "臺北市內湖區堤頂大道２段407巷22號"
      }
    },
    {
      "type": "Feature",
      "geometry": {
        "type": "Point",
        "coordinates": [
          121.56373174818,
          25.081185342498
        ]
      },
      "properties": {
        "name": "台灣大昌華嘉股份有限公司",
        "address": "臺北市內湖區堤頂大道２段407巷22號"
      }
    },
    {
      "type": "Feature",
      "geometry": {
        "type": "Point",
        "coordinates": [
          121.56372102409,
          25.081190198945
        ]
      },
      "properties": {
        "name": "台灣大昌華嘉股份有限公司",
        "address": "臺北市內湖區堤頂大道２段407巷22號"
      }
    },
    {
      "type": "Feature",
      "geometry": {
        "type": "Point",
        "coordinates": [
          121.51837073193,
          25.085952292915
        ]
      },
      "properties": {
        "name": "臺北市士林區百齡國民小學",
        "address": "臺北市士林區福港街205號"
      }
    },
    {
      "type": "Feature",
      "geometry": {
        "type": "Point",
        "coordinates": [
          121.54394641387,
          25.059545818674
        ]
      },
      "properties": {
        "name": "新驛旅店復興北路店",
        "address": "臺北市中山區復興北路338號"
      }
    },
    {
      "type": "Feature",
      "geometry": {
        "type": "Point",
        "coordinates": [
          121.49799081022,
          25.030768514119
        ]
      },
      "properties": {
        "name": "臺北市萬華區雙園國民小學",
        "address": "臺北市萬華區莒光路315號"
      }
    },
    {
      "type": "Feature",
      "geometry": {
        "type": "Point",
        "coordinates": [
          121.49259613289,
          25.027565721334
        ]
      },
      "properties": {
        "name": "臺北市立雙園國民中學",
        "address": "臺北市萬華區興義街2號"
      }
    },
    {
      "type": "Feature",
      "geometry": {
        "type": "Point",
        "coordinates": [
          121.5519524292,
          25.029850230926
        ]
      },
      "properties": {
        "name": "臺北市立人國際國民中小學",
        "address": "臺北市大安區安和路二段99號"
      }
    },
    {
      "type": "Feature",
      "geometry": {
        "type": "Point",
        "coordinates": [
          121.51312981022,
          25.038603698453
        ]
      },
      "properties": {
        "name": "臺北市立第一女子高級中學",
        "address": "臺北市中正區重慶南路一段165號"
      }
    },
    {
      "type": "Feature",
      "geometry": {
        "type": "Point",
        "coordinates": [
          121.50622411715,
          25.136402235426
        ]
      },
      "properties": {
        "name": "臺北市立圖書館北投分館",
        "address": "臺北市北投區光明路251號"
      }
    },
    {
      "type": "Feature",
      "geometry": {
        "type": "Point",
        "coordinates": [
          121.52008111971,
          25.041823787754
        ]
      },
      "properties": {
        "name": "臺北市中正區河堤國民小學",
        "address": "臺北市中正區汀州路2段180號"
      }
    },
    {
      "type": "Feature",
      "geometry": {
        "type": "Point",
        "coordinates": [
          121.57857277151,
          25.043203801934
        ]
      },
      "properties": {
        "name": "臺北市信義區雙永國民小學",
        "address": "臺北市信義區松山路287巷5號"
      }
    },
    {
      "type": "Feature",
      "geometry": {
        "type": "Point",
        "coordinates": [
          121.58620834453,
          25.036895453972
        ]
      },
      "properties": {
        "name": "臺北市立?公國民中學",
        "address": "臺北市信義區福德街221巷15號"
      }
    },
    {
      "type": "Feature",
      "geometry": {
        "type": "Point",
        "coordinates": [
          121.53416853723,
          25.063527623178
        ]
      },
      "properties": {
        "name": "臺北市中山地政事務所",
        "address": "臺北市中山區臺北市中山區松江路357巷1號"
      }
    },
    {
      "type": "Feature",
      "geometry": {
        "type": "Point",
        "coordinates": [
          121.51586730594,
          25.032959398709
        ]
      },
      "properties": {
        "name": "內政部警政署保安警察第六總隊",
        "address": "臺北市中正區南昌路一段10號"
      }
    },
    {
      "type": "Feature",
      "geometry": {
        "type": "Point",
        "coordinates": [
          121.51516072409,
          25.059054651264
        ]
      },
      "properties": {
        "name": "臺灣新文化運動紀念館",
        "address": "臺北市大同區寧夏路87號"
      }
    },
    {
      "type": "Feature",
      "geometry": {
        "type": "Point",
        "coordinates": [
          121.5289167532,
          25.078916108054
        ]
      },
      "properties": {
        "name": "財團法人臺灣敦睦聯誼會所屬作業組織圓山大飯店",
        "address": "臺北市中山區中山北路4段1巷1號"
      }
    },
    {
      "type": "Feature",
      "geometry": {
        "type": "Point",
        "coordinates": [
          121.56814644818,
          25.028647535602
        ]
      },
      "properties": {
        "name": "臺北市立信義國民中學",
        "address": "臺北市信義區松仁路158巷1號"
      }
    },
    {
      "type": "Feature",
      "geometry": {
        "type": "Point",
        "coordinates": [
          121.52556849735,
          25.018566762826
        ]
      },
      "properties": {
        "name": "臺北市立螢橋國民中學",
        "address": "臺北市中正區汀州路三段4號"
      }
    },
    {
      "type": "Feature",
      "geometry": {
        "type": "Point",
        "coordinates": [
          121.58912486702,
          25.069239775708
        ]
      },
      "properties": {
        "name": "臺北市內湖區戶政事務所",
        "address": "臺北市內湖區民權東路六段99號"
      }
    },
    {
      "type": "Feature",
      "geometry": {
        "type": "Point",
        "coordinates": [
          121.53782858723,
          25.039500496342
        ]
      },
      "properties": {
        "name": "台北市建國假日玉市A區",
        "address": "臺北市大安區建國南路一段高架橋下第五橋孔"
      }
    },
    {
      "type": "Feature",
      "geometry": {
        "type": "Point",
        "coordinates": [
          121.5319341292,
          25.045095472036
        ]
      },
      "properties": {
        "name": "光華數位新天地",
        "address": "臺北市中正區市民大道三段8號"
      }
    },
    {
      "type": "Feature",
      "geometry": {
        "type": "Point",
        "coordinates": [
          121.58198958128,
          25.037739310301
        ]
      },
      "properties": {
        "name": "臺北市信義區戶政事務所",
        "address": "臺北市信義區福德街86號"
      }
    },
    {
      "type": "Feature",
      "geometry": {
        "type": "Point",
        "coordinates": [
          121.51272563958,
          25.047194439977
        ]
      },
      "properties": {
        "name": "凱基證券股份有限公司(宏啟大樓13樓)",
        "address": "臺北市中正區忠孝西路1段100號"
      }
    },
    {
      "type": "Feature",
      "geometry": {
        "type": "Point",
        "coordinates": [
          121.51050531386,
          25.030085690007
        ]
      },
      "properties": {
        "name": "臺北市國語實驗國民小學",
        "address": "臺北市中正區南海路58號"
      }
    },
    {
      "type": "Feature",
      "geometry": {
        "type": "Point",
        "coordinates": [
          121.51770444526,
          25.114605809936
        ]
      },
      "properties": {
        "name": "財團法人伊甸社會福利基金會附設臺北市私立頤福社區式長期照顧服務機構",
        "address": "臺北市北投區裕民六路120號"
      }
    },
    {
      "type": "Feature",
      "geometry": {
        "type": "Point",
        "coordinates": [
          121.52335827337,
          25.063017511977
        ]
      },
      "properties": {
        "name": "燦路都飯店",
        "address": "臺北市中山區民權東路一段9號"
      }
    },
    {
      "type": "Feature",
      "geometry": {
        "type": "Point",
        "coordinates": [
          121.5794454504,
          25.049365391418
        ]
      },
      "properties": {
        "name": "國營臺灣鐵路股份有限公司北區營運處臺北運務段松山站",
        "address": "臺北市信義區永吉里松山路11號"
      }
    },
    {
      "type": "Feature",
      "geometry": {
        "type": "Point",
        "coordinates": [
          121.51218297226,
          25.056406720969
        ]
      },
      "properties": {
        "name": "星聚點壹號文創股份有限公司延平分公司",
        "address": "臺北市大同區延平北路二段83號"
      }
    },
    {
      "type": "Feature",
      "geometry": {
        "type": "Point",
        "coordinates": [
          121.54922673632,
          25.031249794819
        ]
      },
      "properties": {
        "name": "植健身 敦南店",
        "address": "臺北市大安區敦化南路二段59號"
      }
    },
    {
      "type": "Feature",
      "geometry": {
        "type": "Point",
        "coordinates": [
          121.53567180556,
          25.042499430694
        ]
      },
      "properties": {
        "name": "國立臺北科技大學",
        "address": "臺北市大安區忠孝東路3 段1號"
      }
    },
    {
      "type": "Feature",
      "geometry": {
        "type": "Point",
        "coordinates": [
          121.53566876715,
          25.042518903012
        ]
      },
      "properties": {
        "name": "國立臺北科技大學",
        "address": "臺北市大安區忠孝東路3 段1號"
      }
    },
    {
      "type": "Feature",
      "geometry": {
        "type": "Point",
        "coordinates": [
          121.56752314238,
          24.99156889427
        ]
      },
      "properties": {
        "name": "臺北市立文山特殊教育學校",
        "address": "臺北市文山區秀明路一段169號"
      }
    },
    {
      "type": "Feature",
      "geometry": {
        "type": "Point",
        "coordinates": [
          121.52442403375,
          25.105764129336
        ]
      },
      "properties": {
        "name": "中鼎工程公司",
        "address": "臺北市士林區中山北路六段89號"
      }
    },
    {
      "type": "Feature",
      "geometry": {
        "type": "Point",
        "coordinates": [
          121.5260709759,
          25.063077971328
        ]
      },
      "properties": {
        "name": "臺北市中山區中山國民小學",
        "address": "臺北市中山區民權東路1段69號"
      }
    },
    {
      "type": "Feature",
      "geometry": {
        "type": "Point",
        "coordinates": [
          121.57429908613,
          24.999087931599
        ]
      },
      "properties": {
        "name": "BELIEF_IT運動工作室",
        "address": "臺北市文山區和平東路四段389號"
      }
    },
    {
      "type": "Feature",
      "geometry": {
        "type": "Point",
        "coordinates": [
          121.52318151488,
          25.108507938025
        ]
      },
      "properties": {
        "name": "臺北市士林區蘭雅國民小學",
        "address": "臺北市士林區磺溪街57號"
      }
    },
    {
      "type": "Feature",
      "geometry": {
        "type": "Point",
        "coordinates": [
          121.50934283175,
          25.086250814465
        ]
      },
      "properties": {
        "name": "Curves社子延北店",
        "address": "臺北市士林區延平北路五段307號"
      }
    },
    {
      "type": "Feature",
      "geometry": {
        "type": "Point",
        "coordinates": [
          121.51470949353,
          25.097106911594
        ]
      },
      "properties": {
        "name": "臺北市立兒童新樂園",
        "address": "臺北市士林區承德路5段55號"
      }
    },
    {
      "type": "Feature",
      "geometry": {
        "type": "Point",
        "coordinates": [
          121.52725921533,
          25.097294437995
        ]
      },
      "properties": {
        "name": "Curves可爾姿士林店",
        "address": "臺北市士林區中山北路五段687號"
      }
    },
    {
      "type": "Feature",
      "geometry": {
        "type": "Point",
        "coordinates": [
          121.53016492431,
          25.139634096333
        ]
      },
      "properties": {
        "name": "皇池溫泉御膳館",
        "address": "臺北市北投區紗帽路42-2號"
      }
    },
    {
      "type": "Feature",
      "geometry": {
        "type": "Point",
        "coordinates": [
          121.52020268102,
          25.092645289562
        ]
      },
      "properties": {
        "name": "特力屋股份有限公司士林分公司",
        "address": "臺北市士林區基河路258號"
      }
    },
    {
      "type": "Feature",
      "geometry": {
        "type": "Point",
        "coordinates": [
          121.52843444818,
          25.057373692791
        ]
      },
      "properties": {
        "name": "臺北市中山老人住宅暨服務中心",
        "address": "臺北市中山區新生北路2段101巷2號"
      }
    },
    {
      "type": "Feature",
      "geometry": {
        "type": "Point",
        "coordinates": [
          121.5605421292,
          25.051937388584
        ]
      },
      "properties": {
        "name": "森蒲有限公司（Energym)",
        "address": "臺北市松山區南京東路五段123巷1弄4號"
      }
    },
    {
      "type": "Feature",
      "geometry": {
        "type": "Point",
        "coordinates": [
          121.54322470255,
          25.051726382523
        ]
      },
      "properties": {
        "name": "Curves女性專用30分鐘健身中心南京復興店",
        "address": "臺北市中山區南京東路三段208號"
      }
    },
    {
      "type": "Feature",
      "geometry": {
        "type": "Point",
        "coordinates": [
          121.61429209189,
          25.05716488018
        ]
      },
      "properties": {
        "name": "世正南軟大樓",
        "address": "臺北市南港區三重路66號"
      }
    },
    {
      "type": "Feature",
      "geometry": {
        "type": "Point",
        "coordinates": [
          121.52853006715,
          25.041236861007
        ]
      },
      "properties": {
        "name": "國立臺灣文學館 臺北分館（臺灣文學基地）",
        "address": "臺北市中正區濟南路二段27號"
      }
    },
    {
      "type": "Feature",
      "geometry": {
        "type": "Point",
        "coordinates": [
          121.57240346445,
          25.029479922418
        ]
      },
      "properties": {
        "name": "象山步道",
        "address": "臺北市信義區象山步道"
      }
    },
    {
      "type": "Feature",
      "geometry": {
        "type": "Point",
        "coordinates": [
          121.57440485622,
          25.026884479561
        ]
      },
      "properties": {
        "name": "象山步道",
        "address": "臺北市信義區象山步道"
      }
    },
    {
      "type": "Feature",
      "geometry": {
        "type": "Point",
        "coordinates": [
          121.57440857993,
          25.027009543366
        ]
      },
      "properties": {
        "name": "象山步道",
        "address": "臺北市信義區象山步道"
      }
    },
    {
      "type": "Feature",
      "geometry": {
        "type": "Point",
        "coordinates": [
          121.57445683833,
          25.027003605015
        ]
      },
      "properties": {
        "name": "象山步道",
        "address": "臺北市信義區象山步道"
      }
    },
    {
      "type": "Feature",
      "geometry": {
        "type": "Point",
        "coordinates": [
          121.57447292446,
          25.026989029234
        ]
      },
      "properties": {
        "name": "象山步道",
        "address": "臺北市信義區象山步道"
      }
    },
    {
      "type": "Feature",
      "geometry": {
        "type": "Point",
        "coordinates": [
          121.53617680075,
          25.051722043721
        ]
      },
      "properties": {
        "name": "維克訓練Victor’s Training",
        "address": "臺北市中山區南京東路二段216號"
      }
    },
    {
      "type": "Feature",
      "geometry": {
        "type": "Point",
        "coordinates": [
          121.51532232089,
          25.046293122884
        ]
      },
      "properties": {
        "name": "新光人壽保險股份有限公司",
        "address": "臺北市中正區忠孝西路一段66號"
      }
    },
    {
      "type": "Feature",
      "geometry": {
        "type": "Point",
        "coordinates": [
          121.56114712537,
          25.051713552232
        ]
      },
      "properties": {
        "name": "新光人壽保險股份有限公司_松山金融大樓",
        "address": "臺北市松山區南京東路五段125號"
      }
    },
    {
      "type": "Feature",
      "geometry": {
        "type": "Point",
        "coordinates": [
          121.56076618613,
          24.987826805159
        ]
      },
      "properties": {
        "name": "臺北市立文山幼兒園",
        "address": "臺北市文山區興隆路4段105巷1號"
      }
    },
    {
      "type": "Feature",
      "geometry": {
        "type": "Point",
        "coordinates": [
          121.52045064763,
          25.054213066958
        ]
      },
      "properties": {
        "name": "臺北捷運中山地下街",
        "address": "臺北市中山區南京西路16號"
      }
    },
    {
      "type": "Feature",
      "geometry": {
        "type": "Point",
        "coordinates": [
          121.51257352698,
          25.057109627695
        ]
      },
      "properties": {
        "name": "新芳春茶行",
        "address": "臺北市大同區民生西路309號"
      }
    },
    {
      "type": "Feature",
      "geometry": {
        "type": "Point",
        "coordinates": [
          121.51389602715,
          25.063847717802
        ]
      },
      "properties": {
        "name": "臺北市立民權國民中學",
        "address": "臺北市大同區重慶北路3段1號"
      }
    },
    {
      "type": "Feature",
      "geometry": {
        "type": "Point",
        "coordinates": [
          121.54414548988,
          25.062157463863
        ]
      },
      "properties": {
        "name": "碩妃健康事業股份有限公司",
        "address": "臺北市中山區民權東路三段二號"
      }
    },
    {
      "type": "Feature",
      "geometry": {
        "type": "Point",
        "coordinates": [
          121.54644276715,
          25.041715798361
        ]
      },
      "properties": {
        "name": "臺北捷運東區地下街",
        "address": "臺北市大安區大安路1段77號"
      }
    },
    {
      "type": "Feature",
      "geometry": {
        "type": "Point",
        "coordinates": [
          121.6085361292,
          25.033641363073
        ]
      },
      "properties": {
        "name": "臺北市立育成高級中學",
        "address": "臺北市南港區重陽路366號"
      }
    },
    {
      "type": "Feature",
      "geometry": {
        "type": "Point",
        "coordinates": [
          121.51539957683,
          25.043926205475
        ]
      },
      "properties": {
        "name": "合作金庫資產管理股份有限公司",
        "address": "臺北市中正區館前路77號"
      }
    },
    {
      "type": "Feature",
      "geometry": {
        "type": "Point",
        "coordinates": [
          121.53489791657,
          25.023970896163
        ]
      },
      "properties": {
        "name": "臺北巿大安區龍安國民小學",
        "address": "臺北市大安區新生南路3段33號"
      }
    },
    {
      "type": "Feature",
      "geometry": {
        "type": "Point",
        "coordinates": [
          121.5124781292,
          25.066086653227
        ]
      },
      "properties": {
        "name": "臺北市大同區延平國民小學",
        "address": "臺北市大同區昌吉街97號"
      }
    },
    {
      "type": "Feature",
      "geometry": {
        "type": "Point",
        "coordinates": [
          121.6011701292,
          25.073043109919
        ]
      },
      "properties": {
        "name": "臺北市內湖區麗湖國民小學",
        "address": "臺北市內湖區金湖路363巷8號"
      }
    },
    {
      "type": "Feature",
      "geometry": {
        "type": "Point",
        "coordinates": [
          121.6011701292,
          25.073052064587
        ]
      },
      "properties": {
        "name": "臺北市內湖區麗湖國民小學",
        "address": "臺北市內湖區金湖路363巷8號"
      }
    },
    {
      "type": "Feature",
      "geometry": {
        "type": "Point",
        "coordinates": [
          121.53971778613,
          25.056018876497
        ]
      },
      "properties": {
        "name": "甲山林湯旅(JSL HOTEL)",
        "address": "臺北市中山區興安街60號"
      }
    },
    {
      "type": "Feature",
      "geometry": {
        "type": "Point",
        "coordinates": [
          121.54054158432,
          25.004396251014
        ]
      },
      "properties": {
        "name": "健身工廠萬隆廠",
        "address": "臺北市文山區興隆路一段15號"
      }
    },
    {
      "type": "Feature",
      "geometry": {
        "type": "Point",
        "coordinates": [
          121.55228540075,
          25.030166962519
        ]
      },
      "properties": {
        "name": "BEYOND FITNESS",
        "address": "臺北市大安區安和路二段81號"
      }
    },
    {
      "type": "Feature",
      "geometry": {
        "type": "Point",
        "coordinates": [
          121.51812344818,
          25.076326252693
        ]
      },
      "properties": {
        "name": "臺北市立重慶國民中學",
        "address": "臺北市大同區敦煌路19號"
      }
    },
    {
      "type": "Feature",
      "geometry": {
        "type": "Point",
        "coordinates": [
          121.56914981017,
          25.04845316191
        ]
      },
      "properties": {
        "name": "藍陽國際有限公司",
        "address": "臺北市信義區基隆路一段25號"
      }
    },
    {
      "type": "Feature",
      "geometry": {
        "type": "Point",
        "coordinates": [
          121.62020892116,
          25.307307953566
        ]
      },
      "properties": {
        "name": "春天酒店股份有限公司",
        "address": "臺北市北投區幽雅路18號"
      }
    },
    {
      "type": "Feature",
      "geometry": {
        "type": "Point",
        "coordinates": [
          121.53723676715,
          25.067516724001
        ]
      },
      "properties": {
        "name": "臺北農產運銷股份有限公司",
        "address": "臺北市中山區民族東路336號"
      }
    },
    {
      "type": "Feature",
      "geometry": {
        "type": "Point",
        "coordinates": [
          121.51848081022,
          25.061215630229
        ]
      },
      "properties": {
        "name": "臺北市立成淵高級中學",
        "address": "臺北市大同區承德路2段235號"
      }
    },
    {
      "type": "Feature",
      "geometry": {
        "type": "Point",
        "coordinates": [
          121.55277149124,
          25.063732689701
        ]
      },
      "properties": {
        "name": "交通部民用航空局臺北國際航空站(松山機場)",
        "address": "臺北市松山區敦化北路340-9號"
      }
    },
    {
      "type": "Feature",
      "geometry": {
        "type": "Point",
        "coordinates": [
          121.50910136242,
          25.034041730278
        ]
      },
      "properties": {
        "name": "臺北市立南門國民中學",
        "address": "臺北市中正區廣州街6號"
      }
    },
    {
      "type": "Feature",
      "geometry": {
        "type": "Point",
        "coordinates": [
          121.53367937265,
          25.067247315698
        ]
      },
      "properties": {
        "name": "世方旅居文旅",
        "address": "臺北市中山區松江路485號"
      }
    },
    {
      "type": "Feature",
      "geometry": {
        "type": "Point",
        "coordinates": [
          121.5185727292,
          25.064109418132
        ]
      },
      "properties": {
        "name": "樸苒安有限公司",
        "address": "臺北市大同區承德路三段25號"
      }
    },
    {
      "type": "Feature",
      "geometry": {
        "type": "Point",
        "coordinates": [
          121.50806970766,
          25.042912475329
        ]
      },
      "properties": {
        "name": "永安棧 WESTGATEHOTEL",
        "address": "臺北市萬華區中華路一段150號"
      }
    },
    {
      "type": "Feature",
      "geometry": {
        "type": "Point",
        "coordinates": [
          121.54848937377,
          25.102396431727
        ]
      },
      "properties": {
        "name": "國立故宮博物院",
        "address": "臺北市士林區至善路2段221號"
      }
    },
    {
      "type": "Feature",
      "geometry": {
        "type": "Point",
        "coordinates": [
          121.54069937868,
          25.052287220663
        ]
      },
      "properties": {
        "name": "富驛時尚酒店",
        "address": "臺北市中山區南京東路三段131號"
      }
    },
    {
      "type": "Feature",
      "geometry": {
        "type": "Point",
        "coordinates": [
          121.53974981022,
          25.047025464647
        ]
      },
      "properties": {
        "name": "第一商業銀行信用卡處(八德大樓)",
        "address": "臺北市中山區八德路二段203號"
      }
    },
    {
      "type": "Feature",
      "geometry": {
        "type": "Point",
        "coordinates": [
          121.572968207,
          25.041110419391
        ]
      },
      "properties": {
        "name": "柯旅天閣股份有限公司",
        "address": "臺北市信義區忠孝東路五段297號"
      }
    },
    {
      "type": "Feature",
      "geometry": {
        "type": "Point",
        "coordinates": [
          121.48246881022,
          25.105914102725
        ]
      },
      "properties": {
        "name": "臺北市士林區富安國民小學",
        "address": "臺北市士林區延平北路8段135號"
      }
    },
    {
      "type": "Feature",
      "geometry": {
        "type": "Point",
        "coordinates": [
          121.51384198613,
          25.051885747572
        ]
      },
      "properties": {
        "name": "承攜行旅台北重慶館",
        "address": "臺北市大同區重慶北路一段62號"
      }
    },
    {
      "type": "Feature",
      "geometry": {
        "type": "Point",
        "coordinates": [
          121.57003746971,
          25.051566681768
        ]
      },
      "properties": {
        "name": "城市商旅台北南東館",
        "address": "臺北市松山區南京東路五段411號"
      }
    },
    {
      "type": "Feature",
      "geometry": {
        "type": "Point",
        "coordinates": [
          121.53201029124,
          25.051795498296
        ]
      },
      "properties": {
        "name": "希芙健康股份有限公司",
        "address": "臺北市中山區南京東路二段100號"
      }
    },
    {
      "type": "Feature",
      "geometry": {
        "type": "Point",
        "coordinates": [
          121.54564182488,
          25.061408533188
        ]
      },
      "properties": {
        "name": "中山國中星耀樓",
        "address": "臺北市松山區民權東路三段106巷3弄2號"
      }
    },
    {
      "type": "Feature",
      "geometry": {
        "type": "Point",
        "coordinates": [
          121.52358760511,
          25.044004167612
        ]
      },
      "properties": {
        "name": "台北時代寓所",
        "address": "臺北市中正區幸福里林森南路7號"
      }
    },
    {
      "type": "Feature",
      "geometry": {
        "type": "Point",
        "coordinates": [
          121.52358492409,
          25.044006596572
        ]
      },
      "properties": {
        "name": "台北時代寓所",
        "address": "臺北市中正區幸福里林森南路7號"
      }
    },
    {
      "type": "Feature",
      "geometry": {
        "type": "Point",
        "coordinates": [
          121.55267573175,
          25.048106450746
        ]
      },
      "properties": {
        "name": "阿樹國際旅店",
        "address": "臺北市松山區八德路三段76號"
      }
    },
    {
      "type": "Feature",
      "geometry": {
        "type": "Point",
        "coordinates": [
          121.54974730898,
          25.100506069575
        ]
      },
      "properties": {
        "name": "國立故宮博物院",
        "address": "臺北市士林區至善路2段221號"
      }
    },
    {
      "type": "Feature",
      "geometry": {
        "type": "Point",
        "coordinates": [
          121.57674189635,
          25.038473024076
        ]
      },
      "properties": {
        "name": "國揚健康事業有限公司",
        "address": "臺北市信義區松德路65號"
      }
    },
    {
      "type": "Feature",
      "geometry": {
        "type": "Point",
        "coordinates": [
          121.55343876715,
          25.051485521136
        ]
      },
      "properties": {
        "name": "Curves 女性專用30分鐘健身中心南京小巨蛋店",
        "address": "臺北市松山區南京東路4段50號"
      }
    },
    {
      "type": "Feature",
      "geometry": {
        "type": "Point",
        "coordinates": [
          121.50999640511,
          25.024792933574
        ]
      },
      "properties": {
        "name": "臺北市立古亭國民中學",
        "address": "臺北市中正區中華路二段465號"
      }
    },
    {
      "type": "Feature",
      "geometry": {
        "type": "Point",
        "coordinates": [
          121.53024389485,
          25.052323954222
        ]
      },
      "properties": {
        "name": "第一華僑大飯店",
        "address": "臺北市中山區南京東路二段63號"
      }
    },
    {
      "type": "Feature",
      "geometry": {
        "type": "Point",
        "coordinates": [
          121.5470070646,
          25.057219828349
        ]
      },
      "properties": {
        "name": "給力健身房民生店",
        "address": "臺北市松山區民生東路三段128號"
      }
    },
    {
      "type": "Feature",
      "geometry": {
        "type": "Point",
        "coordinates": [
          121.53750401173,
          25.054209970609
        ]
      },
      "properties": {
        "name": "台新國際商業銀行建北分行",
        "address": "臺北市中山區建國北路２段17號"
      }
    },
    {
      "type": "Feature",
      "geometry": {
        "type": "Point",
        "coordinates": [
          121.55008780114,
          25.037744840416
        ]
      },
      "properties": {
        "name": "台新國際商業銀行敦南分行",
        "address": "臺北市大安區仁愛路四段118號"
      }
    },
    {
      "type": "Feature",
      "geometry": {
        "type": "Point",
        "coordinates": [
          121.57407701173,
          25.073025105992
        ]
      },
      "properties": {
        "name": "台新國際商業銀行內湖大樓",
        "address": "臺北市內湖區舊宗路２段207號"
      }
    },
    {
      "type": "Feature",
      "geometry": {
        "type": "Point",
        "coordinates": [
          121.55561323292,
          25.041225967973
        ]
      },
      "properties": {
        "name": "台新國際商業銀行忠孝分行",
        "address": "臺北市大安區忠孝東路４段282號"
      }
    },
    {
      "type": "Feature",
      "geometry": {
        "type": "Point",
        "coordinates": [
          121.58770344818,
          25.058827920542
        ]
      },
      "properties": {
        "name": "星宇航空股份有限公司",
        "address": "臺北市信義區忠孝東路四段525號"
      }
    },
    {
      "type": "Feature",
      "geometry": {
        "type": "Point",
        "coordinates": [
          121.58769138358,
          25.05883831827
        ]
      },
      "properties": {
        "name": "星宇航空股份有限公司",
        "address": "臺北市信義區忠孝東路四段525號"
      }
    },
    {
      "type": "Feature",
      "geometry": {
        "type": "Point",
        "coordinates": [
          121.51426697069,
          25.052308755357
        ]
      },
      "properties": {
        "name": "台北桃禧大飯店",
        "address": "臺北市大同區重慶北路一段73號"
      }
    },
    {
      "type": "Feature",
      "geometry": {
        "type": "Point",
        "coordinates": [
          121.5362005209,
          25.020618497253
        ]
      },
      "properties": {
        "name": "國立臺灣大學(校總區)",
        "address": "臺北市大安區羅斯福路4段1號"
      }
    },
    {
      "type": "Feature",
      "geometry": {
        "type": "Point",
        "coordinates": [
          121.53730285004,
          25.043560138111
        ]
      },
      "properties": {
        "name": "國立臺北科技大學",
        "address": "臺北市大安區忠孝東路3 段1號"
      }
    },
    {
      "type": "Feature",
      "geometry": {
        "type": "Point",
        "coordinates": [
          121.50668673331,
          25.021797520404
        ]
      },
      "properties": {
        "name": "青年公園",
        "address": "臺北市萬華區水源路199號"
      }
    },
    {
      "type": "Feature",
      "geometry": {
        "type": "Point",
        "coordinates": [
          121.53910423541,
          25.134629008115
        ]
      },
      "properties": {
        "name": "中國文化大學 大恩館",
        "address": "臺北市士林區華岡路55號"
      }
    },
    {
      "type": "Feature",
      "geometry": {
        "type": "Point",
        "coordinates": [
          121.53972891353,
          25.136369270892
        ]
      },
      "properties": {
        "name": "中國文化大學 大恩館",
        "address": "臺北市士林區華岡路55號"
      }
    },
    {
      "type": "Feature",
      "geometry": {
        "type": "Point",
        "coordinates": [
          121.500151155,
          25.035469770474
        ]
      },
      "properties": {
        "name": "艋舺公園",
        "address": "臺北市萬華區西園路1段145號"
      }
    },
    {
      "type": "Feature",
      "geometry": {
        "type": "Point",
        "coordinates": [
          121.53375760492,
          25.043670986888
        ]
      },
      "properties": {
        "name": "國立臺北科技大學",
        "address": "臺北市大安區忠孝東路3 段1號"
      }
    },
    {
      "type": "Feature",
      "geometry": {
        "type": "Point",
        "coordinates": [
          121.53546129883,
          25.030083077265
        ]
      },
      "properties": {
        "name": "大安森林公園",
        "address": "臺北市大安區新生南路2段1號"
      }
    },
    {
      "type": "Feature",
      "geometry": {
        "type": "Point",
        "coordinates": [
          121.5404822807,
          25.137024593543
        ]
      },
      "properties": {
        "name": "中國文化大學 大恩館",
        "address": "臺北市士林區華岡路55號"
      }
    },
    {
      "type": "Feature",
      "geometry": {
        "type": "Point",
        "coordinates": [
          121.53697265949,
          25.000711887191
        ]
      },
      "properties": {
        "name": "臺北市古亭地政事務所",
        "address": "臺北市文山區萬隆街47之12號"
      }
    },
    {
      "type": "Feature",
      "geometry": {
        "type": "Point",
        "coordinates": [
          121.49717668687,
          25.032424193093
        ]
      },
      "properties": {
        "name": "和平青草園",
        "address": "臺北市萬華區西園路二段42號"
      }
    },
    {
      "type": "Feature",
      "geometry": {
        "type": "Point",
        "coordinates": [
          121.5070995584,
          25.022130618428
        ]
      },
      "properties": {
        "name": "青年公園",
        "address": "臺北市萬華區水源路199號"
      }
    },
    {
      "type": "Feature",
      "geometry": {
        "type": "Point",
        "coordinates": [
          121.51426624088,
          25.041856054191
        ]
      },
      "properties": {
        "name": "二二八和平公園",
        "address": "臺北市中正區懷寧街103號"
      }
    },
    {
      "type": "Feature",
      "geometry": {
        "type": "Point",
        "coordinates": [
          121.53810715663,
          25.042104721635
        ]
      },
      "properties": {
        "name": "國立臺北科技大學",
        "address": "臺北市大安區忠孝東路3 段1號"
      }
    },
    {
      "type": "Feature",
      "geometry": {
        "type": "Point",
        "coordinates": [
          121.53551460839,
          25.042204310504
        ]
      },
      "properties": {
        "name": "國立臺北科技大學",
        "address": "臺北市大安區忠孝東路3 段1號"
      }
    },
    {
      "type": "Feature",
      "geometry": {
        "type": "Point",
        "coordinates": [
          121.53427402608,
          25.043416151867
        ]
      },
      "properties": {
        "name": "國立臺北科技大學",
        "address": "臺北市大安區忠孝東路3 段1號"
      }
    },
    {
      "type": "Feature",
      "geometry": {
        "type": "Point",
        "coordinates": [
          121.59123658469,
          25.045983093171
        ]
      },
      "properties": {
        "name": "南港公園",
        "address": "臺北市南港區東新街170之1號"
      }
    },
    {
      "type": "Feature",
      "geometry": {
        "type": "Point",
        "coordinates": [
          121.53634564599,
          25.116839952328
        ]
      },
      "properties": {
        "name": "臺北市立臺北特殊教育學校",
        "address": "臺北市士林區忠誠路二段207巷3號"
      }
    },
    {
      "type": "Feature",
      "geometry": {
        "type": "Point",
        "coordinates": [
          121.5082359628,
          25.051257944604
        ]
      },
      "properties": {
        "name": "臺北市立忠孝國民中學",
        "address": "臺北市大同區西寧北路32號"
      }
    },
    {
      "type": "Feature",
      "geometry": {
        "type": "Point",
        "coordinates": [
          121.5135729628,
          25.07435214225
        ]
      },
      "properties": {
        "name": "臺北市立圖書館大同分館",
        "address": "臺北市大同區重慶北路3段318號"
      }
    },
    {
      "type": "Feature",
      "geometry": {
        "type": "Point",
        "coordinates": [
          121.53891523871,
          24.998714538702
        ]
      },
      "properties": {
        "name": "臺北市文山區志清國民小學",
        "address": "臺北市文山區景福街21巷5號"
      }
    },
    {
      "type": "Feature",
      "geometry": {
        "type": "Point",
        "coordinates": [
          121.61264056355,
          25.067433395832
        ]
      },
      "properties": {
        "name": "臺北市立圖書館東湖分館",
        "address": "臺北市內湖區五分街6號"
      }
    },
    {
      "type": "Feature",
      "geometry": {
        "type": "Point",
        "coordinates": [
          121.53838252866,
          25.029198813733
        ]
      },
      "properties": {
        "name": "臺北市立圖書館總館",
        "address": "臺北市大安區建國南路二段125號"
      }
    },
    {
      "type": "Feature",
      "geometry": {
        "type": "Point",
        "coordinates": [
          121.56279563679,
          25.059249236391
        ]
      },
      "properties": {
        "name": "臺北市立圖書館三民分館",
        "address": "臺北市松山區民生東路5段163-1號"
      }
    },
    {
      "type": "Feature",
      "geometry": {
        "type": "Point",
        "coordinates": [
          121.5108971292,
          25.082243271384
        ]
      },
      "properties": {
        "name": "臺北市立圖書館葫蘆堵分館",
        "address": "臺北市士林區延平北路五段136巷1號"
      }
    },
    {
      "type": "Feature",
      "geometry": {
        "type": "Point",
        "coordinates": [
          121.57416195954,
          25.048276970641
        ]
      },
      "properties": {
        "name": "臺北市立永吉國民中學",
        "address": "臺北市信義區松隆路161號"
      }
    },
    {
      "type": "Feature",
      "geometry": {
        "type": "Point",
        "coordinates": [
          121.6162111292,
          25.058985333375
        ]
      },
      "properties": {
        "name": "中國信託商業銀行",
        "address": "臺北市南港區台北市南港區經貿二路168號"
      }
    },
    {
      "type": "Feature",
      "geometry": {
        "type": "Point",
        "coordinates": [
          121.61621917226,
          25.058995048027
        ]
      },
      "properties": {
        "name": "中國信託商業銀行",
        "address": "臺北市南港區台北市南港區經貿二路168號"
      }
    },
    {
      "type": "Feature",
      "geometry": {
        "type": "Point",
        "coordinates": [
          121.61620844818,
          25.058987762038
        ]
      },
      "properties": {
        "name": "中國信託商業銀行",
        "address": "臺北市南港區台北市南港區經貿二路168號"
      }
    },
    {
      "type": "Feature",
      "geometry": {
        "type": "Point",
        "coordinates": [
          121.61620308613,
          25.058990190701
        ]
      },
      "properties": {
        "name": "中國信託商業銀行",
        "address": "臺北市南港區台北市南港區經貿二路168號"
      }
    },
    {
      "type": "Feature",
      "geometry": {
        "type": "Point",
        "coordinates": [
          121.61620576715,
          25.058990190701
        ]
      },
      "properties": {
        "name": "中國信託商業銀行",
        "address": "臺北市南港區台北市南港區經貿二路168號"
      }
    },
    {
      "type": "Feature",
      "geometry": {
        "type": "Point",
        "coordinates": [
          121.49076254457,
          25.031408855436
        ]
      },
      "properties": {
        "name": "長順區民活動中心",
        "address": "臺北市萬華區長順街臨127號"
      }
    },
    {
      "type": "Feature",
      "geometry": {
        "type": "Point",
        "coordinates": [
          121.56190531606,
          25.031348576259
        ]
      },
      "properties": {
        "name": "臺北市信義公民會館（四四南村）",
        "address": "臺北市信義區松勤街52號"
      }
    },
    {
      "type": "Feature",
      "geometry": {
        "type": "Point",
        "coordinates": [
          121.60723113709,
          25.052729432021
        ]
      },
      "properties": {
        "name": "潤泰旭展股份有限公司(CITYLINK南港店)",
        "address": "臺北市南港區忠孝東路七段369號"
      }
    },
    {
      "type": "Feature",
      "geometry": {
        "type": "Point",
        "coordinates": [
          121.52303087482,
          25.056248874882
        ]
      },
      "properties": {
        "name": "第一商業銀行中山分行",
        "address": "臺北市中山區中山北路二段61號"
      }
    },
    {
      "type": "Feature",
      "geometry": {
        "type": "Point",
        "coordinates": [
          121.52048210989,
          25.089216869717
        ]
      },
      "properties": {
        "name": "見潭璞旅",
        "address": "臺北市士林區承德路四段250號"
      }
    },
    {
      "type": "Feature",
      "geometry": {
        "type": "Point",
        "coordinates": [
          121.52875253954,
          25.080750154016
        ]
      },
      "properties": {
        "name": "圓山步道",
        "address": "臺北市中山區中山北路四段登山步道"
      }
    },
    {
      "type": "Feature",
      "geometry": {
        "type": "Point",
        "coordinates": [
          121.52769702936,
          25.084804321223
        ]
      },
      "properties": {
        "name": "圓山步道",
        "address": "臺北市中山區中山北路四段登山步道"
      }
    },
    {
      "type": "Feature",
      "geometry": {
        "type": "Point",
        "coordinates": [
          121.52873542846,
          25.084146645663
        ]
      },
      "properties": {
        "name": "圓山步道",
        "address": "臺北市中山區中山北路四段登山步道"
      }
    },
    {
      "type": "Feature",
      "geometry": {
        "type": "Point",
        "coordinates": [
          121.5307100646,
          25.043148919704
        ]
      },
      "properties": {
        "name": "格拉斯麗台北飯店",
        "address": "臺北市中正區忠孝東路二段89號"
      }
    },
    {
      "type": "Feature",
      "geometry": {
        "type": "Point",
        "coordinates": [
          121.60993494818,
          25.052266436101
        ]
      },
      "properties": {
        "name": "台北生技園區",
        "address": "臺北市南港區忠孝東路七段508號"
      }
    },
    {
      "type": "Feature",
      "geometry": {
        "type": "Point",
        "coordinates": [
          121.60546488253,
          25.074167227798
        ]
      },
      "properties": {
        "name": "珕體能工作室",
        "address": "臺北市內湖區成功路五段79號"
      }
    },
    {
      "type": "Feature",
      "geometry": {
        "type": "Point",
        "coordinates": [
          121.53324462201,
          25.090308233755
        ]
      },
      "properties": {
        "name": "圓山步道",
        "address": "臺北市中山區中山北路四段登山步道"
      }
    },
    {
      "type": "Feature",
      "geometry": {
        "type": "Point",
        "coordinates": [
          121.5321457657,
          25.088002155459
        ]
      },
      "properties": {
        "name": "圓山步道",
        "address": "臺北市中山區中山北路四段登山步道"
      }
    },
    {
      "type": "Feature",
      "geometry": {
        "type": "Point",
        "coordinates": [
          121.55452376715,
          25.025948677988
        ]
      },
      "properties": {
        "name": "臺北市私立喬治高級工商職業學校",
        "address": "臺北市信義區基隆路二段155號"
      }
    },
    {
      "type": "Feature",
      "geometry": {
        "type": "Point",
        "coordinates": [
          121.55452644818,
          25.025943819353
        ]
      },
      "properties": {
        "name": "臺北市私立喬治高級工商職業學校",
        "address": "臺北市信義區基隆路二段155號"
      }
    },
    {
      "type": "Feature",
      "geometry": {
        "type": "Point",
        "coordinates": [
          121.55156199487,
          25.101867389662
        ]
      },
      "properties": {
        "name": "臺北市私立衛理女子高級中學",
        "address": "臺北市士林區至善路2段321號"
      }
    },
    {
      "type": "Feature",
      "geometry": {
        "type": "Point",
        "coordinates": [
          121.55256469709,
          25.102849663591
        ]
      },
      "properties": {
        "name": "臺北市私立衛理女子高級中學",
        "address": "臺北市士林區至善路2段321號"
      }
    },
    {
      "type": "Feature",
      "geometry": {
        "type": "Point",
        "coordinates": [
          121.5605362772,
          25.081019846291
        ]
      },
      "properties": {
        "name": "強大肌力訓練中心有限公司",
        "address": "臺北市中山區樂群二路265巷32號"
      }
    },
    {
      "type": "Feature",
      "geometry": {
        "type": "Point",
        "coordinates": [
          121.51336522409,
          25.045858197746
        ]
      },
      "properties": {
        "name": "洛碁大飯店驛",
        "address": "臺北市中正區黎明里重慶南路一段21號"
      }
    },
    {
      "type": "Feature",
      "geometry": {
        "type": "Point",
        "coordinates": [
          121.56312361642,
          25.039835026411
        ]
      },
      "properties": {
        "name": "瀚寓酒店",
        "address": "臺北市信義區基隆路一段206號"
      }
    },
    {
      "type": "Feature",
      "geometry": {
        "type": "Point",
        "coordinates": [
          121.61720378612,
          25.055959309245
        ]
      },
      "properties": {
        "name": "臺北捷運南港展覽館站BR24",
        "address": "臺北市南港區南港路1段32號"
      }
    },
    {
      "type": "Feature",
      "geometry": {
        "type": "Point",
        "coordinates": [
          121.52433577226,
          25.065876017482
        ]
      },
      "properties": {
        "name": "台北中山雅樂軒酒店",
        "address": "臺北市中山區雙城街一號"
      }
    },
    {
      "type": "Feature",
      "geometry": {
        "type": "Point",
        "coordinates": [
          121.51957185329,
          25.043948302083
        ]
      },
      "properties": {
        "name": "立法院(中山南路1號)",
        "address": "臺北市中正區中山南路1號"
      }
    },
    {
      "type": "Feature",
      "geometry": {
        "type": "Point",
        "coordinates": [
          121.53583261173,
          25.004518814246
        ]
      },
      "properties": {
        "name": "煦陽適能空間",
        "address": "臺北市文山區汀洲路四段173號"
      }
    },
    {
      "type": "Feature",
      "geometry": {
        "type": "Point",
        "coordinates": [
          121.53292429129,
          25.017105097726
        ]
      },
      "properties": {
        "name": "Vital Essence Fitness 運動賦能",
        "address": "臺北市大安區Section 3, Xinsheng S Rd, 98號"
      }
    },
    {
      "type": "Feature",
      "geometry": {
        "type": "Point",
        "coordinates": [
          121.51989893797,
          25.043498184371
        ]
      },
      "properties": {
        "name": "立法院(中山南路1號)",
        "address": "臺北市中正區中山南路1號"
      }
    },
    {
      "type": "Feature",
      "geometry": {
        "type": "Point",
        "coordinates": [
          121.51991644818,
          25.043296581854
        ]
      },
      "properties": {
        "name": "立法院(濟南路一段1號)",
        "address": "臺北市中正區濟南路一段1號"
      }
    },
    {
      "type": "Feature",
      "geometry": {
        "type": "Point",
        "coordinates": [
          121.54562037667,
          25.061398363362
        ]
      },
      "properties": {
        "name": "中山國中星耀樓",
        "address": "臺北市松山區民權東路三段106巷3弄2號"
      }
    },
    {
      "type": "Feature",
      "geometry": {
        "type": "Point",
        "coordinates": [
          121.55160961022,
          25.035362141317
        ]
      },
      "properties": {
        "name": "畢人體能有限公司Berenfit",
        "address": "臺北市大安區信義路四段199巷32號"
      }
    },
    {
      "type": "Feature",
      "geometry": {
        "type": "Point",
        "coordinates": [
          121.53182193262,
          25.022642039831
        ]
      },
      "properties": {
        "name": "臺北市私立新民國民小學",
        "address": "臺北市大安區辛亥路一段113號"
      }
    },
    {
      "type": "Feature",
      "geometry": {
        "type": "Point",
        "coordinates": [
          121.57052424307,
          25.081528426494
        ]
      },
      "properties": {
        "name": "力康健康事業股份有限公司",
        "address": "臺北市內湖區內湖路一段356號"
      }
    },
    {
      "type": "Feature",
      "geometry": {
        "type": "Point",
        "coordinates": [
          121.51921710511,
          25.118657798071
        ]
      },
      "properties": {
        "name": "力康運動醫學機構天母館",
        "address": "臺北市北投區明德路365號"
      }
    },
    {
      "type": "Feature",
      "geometry": {
        "type": "Point",
        "coordinates": [
          121.53916940511,
          25.004744015534
        ]
      },
      "properties": {
        "name": "力康運動醫學機構萬隆館",
        "address": "臺北市文山區羅斯福路五段127號"
      }
    },
    {
      "type": "Feature",
      "geometry": {
        "type": "Point",
        "coordinates": [
          121.56676217226,
          25.038059827298
        ]
      },
      "properties": {
        "name": "新光三越百貨股份有限公司台北信義分公司二館",
        "address": "臺北市信義區松高路12號"
      }
    },
    {
      "type": "Feature",
      "geometry": {
        "type": "Point",
        "coordinates": [
          121.5160035292,
          25.118119281343
        ]
      },
      "properties": {
        "name": "維京健身工作室",
        "address": "臺北市北投區義理街81號"
      }
    },
    {
      "type": "Feature",
      "geometry": {
        "type": "Point",
        "coordinates": [
          121.51294355876,
          25.046101686872
        ]
      },
      "properties": {
        "name": "柯旅天閣股份有限公司開封分公司",
        "address": "臺北市中正區開封街一段33號"
      }
    },
    {
      "type": "Feature",
      "geometry": {
        "type": "Point",
        "coordinates": [
          121.53350178869,
          25.058653834129
        ]
      },
      "properties": {
        "name": "英屬百慕達商友邦人壽保險股份有限公司台灣分公司(松江路)",
        "address": "臺北市中山區松江路223號"
      }
    },
    {
      "type": "Feature",
      "geometry": {
        "type": "Point",
        "coordinates": [
          121.54912638358,
          25.022120353147
        ]
      },
      "properties": {
        "name": "英屬百慕達商友邦人壽保險股份有限公司台灣分公司(敦化南路)",
        "address": "臺北市大安區敦化南路二段333號"
      }
    },
    {
      "type": "Feature",
      "geometry": {
        "type": "Point",
        "coordinates": [
          121.50681353142,
          25.040198971525
        ]
      },
      "properties": {
        "name": "臺北市立文獻館",
        "address": "臺北市萬華區中華路一段174-1號"
      }
    },
    {
      "type": "Feature",
      "geometry": {
        "type": "Point",
        "coordinates": [
          121.60789204567,
          25.056529815498
        ]
      },
      "properties": {
        "name": "臺北市立南港高級工業職業學校",
        "address": "臺北市南港區興中路29號"
      }
    },
    {
      "type": "Feature",
      "geometry": {
        "type": "Point",
        "coordinates": [
          121.51720324835,
          25.123680864099
        ]
      },
      "properties": {
        "name": "國立陽明交通大學-陽明校區",
        "address": "臺北市北投區立農街2段155號"
      }
    },
    {
      "type": "Feature",
      "geometry": {
        "type": "Point",
        "coordinates": [
          121.51344868457,
          25.11918166706
        ]
      },
      "properties": {
        "name": "國立陽明交通大學-陽明校區",
        "address": "臺北市北投區立農街2段155號"
      }
    },
    {
      "type": "Feature",
      "geometry": {
        "type": "Point",
        "coordinates": [
          121.51254501988,
          25.122962484169
        ]
      },
      "properties": {
        "name": "國立陽明交通大學-陽明校區",
        "address": "臺北市北投區立農街2段155號"
      }
    },
    {
      "type": "Feature",
      "geometry": {
        "type": "Point",
        "coordinates": [
          121.51005137114,
          25.122467249391
        ]
      },
      "properties": {
        "name": "國立陽明交通大學-陽明校區",
        "address": "臺北市北投區立農街2段155號"
      }
    },
    {
      "type": "Feature",
      "geometry": {
        "type": "Point",
        "coordinates": [
          121.51483580326,
          25.12560226834
        ]
      },
      "properties": {
        "name": "國立陽明交通大學-陽明校區",
        "address": "臺北市北投區立農街2段155號"
      }
    },
    {
      "type": "Feature",
      "geometry": {
        "type": "Point",
        "coordinates": [
          121.51427328479,
          25.120102081327
        ]
      },
      "properties": {
        "name": "國立陽明交通大學-陽明校區",
        "address": "臺北市北投區立農街2段155號"
      }
    },
    {
      "type": "Feature",
      "geometry": {
        "type": "Point",
        "coordinates": [
          121.51582443698,
          25.122660834571
        ]
      },
      "properties": {
        "name": "國立陽明交通大學-陽明校區",
        "address": "臺北市北投區立農街2段155號"
      }
    },
    {
      "type": "Feature",
      "geometry": {
        "type": "Point",
        "coordinates": [
          121.5129049713,
          25.123403144901
        ]
      },
      "properties": {
        "name": "國立陽明交通大學-陽明校區",
        "address": "臺北市北投區立農街2段155號"
      }
    },
    {
      "type": "Feature",
      "geometry": {
        "type": "Point",
        "coordinates": [
          121.51490709907,
          25.123480079606
        ]
      },
      "properties": {
        "name": "國立陽明交通大學-陽明校區",
        "address": "臺北市北投區立農街2段155號"
      }
    },
    {
      "type": "Feature",
      "geometry": {
        "type": "Point",
        "coordinates": [
          121.51180854032,
          25.061454259702
        ]
      },
      "properties": {
        "name": "臺北市大同區太平國民小學",
        "address": "臺北市大同區延平北路二段239號"
      }
    },
    {
      "type": "Feature",
      "geometry": {
        "type": "Point",
        "coordinates": [
          121.52769832484,
          25.032305213077
        ]
      },
      "properties": {
        "name": "臺北市大安區金華國民小學",
        "address": "臺北市大安區愛國東路79巷11號"
      }
    },
    {
      "type": "Feature",
      "geometry": {
        "type": "Point",
        "coordinates": [
          121.61544868393,
          25.068712896628
        ]
      },
      "properties": {
        "name": "臺北市內湖區東湖國民小學",
        "address": "臺北市內湖區東湖路115號"
      }
    },
    {
      "type": "Feature",
      "geometry": {
        "type": "Point",
        "coordinates": [
          121.61609481022,
          25.069260857006
        ]
      },
      "properties": {
        "name": "臺北市內湖區東湖國民小學",
        "address": "臺北市內湖區東湖路115號"
      }
    },
    {
      "type": "Feature",
      "geometry": {
        "type": "Point",
        "coordinates": [
          121.55427072537,
          24.997582939507
        ]
      },
      "properties": {
        "name": "中國科技大學臺北校區",
        "address": "臺北市文山區興隆路3段56號"
      }
    },
    {
      "type": "Feature",
      "geometry": {
        "type": "Point",
        "coordinates": [
          121.54942382026,
          25.052365001524
        ]
      },
      "properties": {
        "name": "臺北嘉佩樂酒吧 Capella Glasshouse",
        "address": "臺北市松山區敦化北路129號"
      }
    },
    {
      "type": "Feature",
      "geometry": {
        "type": "Point",
        "coordinates": [
          121.50341935009,
          25.136620284475
        ]
      },
      "properties": {
        "name": "新北投車站",
        "address": "臺北市北投區七星街1號"
      }
    },
    {
      "type": "Feature",
      "geometry": {
        "type": "Point",
        "coordinates": [
          121.54992805822,
          25.053272034892
        ]
      },
      "properties": {
        "name": "臺北嘉佩樂酒店 Capella Taipei",
        "address": "臺北市松山區敦化北路139號"
      }
    },
    {
      "type": "Feature",
      "geometry": {
        "type": "Point",
        "coordinates": [
          121.49890701287,
          25.02670837221
        ]
      },
      "properties": {
        "name": "臺北市萬華區西園國民小學",
        "address": "臺北市萬華區東園街73巷65號"
      }
    },
    {
      "type": "Feature",
      "geometry": {
        "type": "Point",
        "coordinates": [
          121.53722603503,
          25.117577264378
        ]
      },
      "properties": {
        "name": "臺北市士林區三玉國民小學",
        "address": "臺北市士林區天母東路116號"
      }
    },
    {
      "type": "Feature",
      "geometry": {
        "type": "Point",
        "coordinates": [
          121.52932940366,
          25.045108621716
        ]
      },
      "properties": {
        "name": "光點華山電影館",
        "address": "臺北市中正區八德路1段1號"
      }
    },
    {
      "type": "Feature",
      "geometry": {
        "type": "Point",
        "coordinates": [
          121.4959349628,
          25.036458888336
        ]
      },
      "properties": {
        "name": "臺北市萬華區龍山國民小學",
        "address": "臺北市萬華區和平西路3段235號"
      }
    },
    {
      "type": "Feature",
      "geometry": {
        "type": "Point",
        "coordinates": [
          121.50135319037,
          25.033514712112
        ]
      },
      "properties": {
        "name": "臺北市勞動檢查處",
        "address": "臺北市萬華區艋舺大道101號"
      }
    },
    {
      "type": "Feature",
      "geometry": {
        "type": "Point",
        "coordinates": [
          121.55892653591,
          25.03940813986
        ]
      },
      "properties": {
        "name": "國立國父紀念館",
        "address": "臺北市信義區仁愛路4段505號"
      }
    },
    {
      "type": "Feature",
      "geometry": {
        "type": "Point",
        "coordinates": [
          121.55865046148,
          25.039370826831
        ]
      },
      "properties": {
        "name": "國立國父紀念館",
        "address": "臺北市信義區仁愛路4段505號"
      }
    },
    {
      "type": "Feature",
      "geometry": {
        "type": "Point",
        "coordinates": [
          121.56163012205,
          25.044597209474
        ]
      },
      "properties": {
        "name": "誠品生活股份有限公司松菸店",
        "address": "臺北市信義區菸廠路88號"
      }
    },
    {
      "type": "Feature",
      "geometry": {
        "type": "Point",
        "coordinates": [
          121.56125117226,
          25.032792017268
        ]
      },
      "properties": {
        "name": "艾奕康工程顧問股份有限公司",
        "address": "臺北市信義區信義路五段8號"
      }
    },
    {
      "type": "Feature",
      "geometry": {
        "type": "Point",
        "coordinates": [
          121.58769674562,
          25.058823973959
        ]
      },
      "properties": {
        "name": "星宇航空股份有限公司",
        "address": "臺北市信義區忠孝東路四段525號"
      }
    },
    {
      "type": "Feature",
      "geometry": {
        "type": "Point",
        "coordinates": [
          121.53500786873,
          25.013726957414
        ]
      },
      "properties": {
        "name": "臺北市水源劇場",
        "address": "臺北市中正區羅斯福路四段92號"
      }
    },
    {
      "type": "Feature",
      "geometry": {
        "type": "Point",
        "coordinates": [
          121.52431968613,
          25.065866303374
        ]
      },
      "properties": {
        "name": "台北中山雅樂軒酒店",
        "address": "臺北市中山區雙城街一號"
      }
    },
    {
      "type": "Feature",
      "geometry": {
        "type": "Point",
        "coordinates": [
          121.5228834233,
          25.053976082483
        ]
      },
      "properties": {
        "name": "老爺大酒店股份有限公司",
        "address": "臺北市中山區中山北路2段37-1號"
      }
    },
    {
      "type": "Feature",
      "geometry": {
        "type": "Point",
        "coordinates": [
          121.5233558,
          25.065135547801
        ]
      },
      "properties": {
        "name": "GYM RULES 健身規則",
        "address": "臺北市中山區農安街9號"
      }
    },
    {
      "type": "Feature",
      "geometry": {
        "type": "Point",
        "coordinates": [
          121.5615848902,
          25.044586644856
        ]
      },
      "properties": {
        "name": "誠品生活股份有限公司松菸店",
        "address": "臺北市信義區菸廠路88號"
      }
    },
    {
      "type": "Feature",
      "geometry": {
        "type": "Point",
        "coordinates": [
          121.51830899586,
          25.049441769675
        ]
      },
      "properties": {
        "name": "京站實業股份有限公司",
        "address": "臺北市大同區承德路一段一號"
      }
    },
    {
      "type": "Feature",
      "geometry": {
        "type": "Point",
        "coordinates": [
          121.51829823026,
          25.049123357662
        ]
      },
      "properties": {
        "name": "京站實業股份有限公司",
        "address": "臺北市大同區承德路一段一號"
      }
    },
    {
      "type": "Feature",
      "geometry": {
        "type": "Point",
        "coordinates": [
          121.53275592664,
          25.051213910452
        ]
      },
      "properties": {
        "name": "元大人壽金星大樓",
        "address": "臺北市中山區(104)臺北市中山區松江路106號"
      }
    },
    {
      "type": "Feature",
      "geometry": {
        "type": "Point",
        "coordinates": [
          121.58763185231,
          25.097365200174
        ]
      },
      "properties": {
        "name": "碧山巖開漳聖王廟",
        "address": "臺北市內湖區碧山路24號"
      }
    },
    {
      "type": "Feature",
      "geometry": {
        "type": "Point",
        "coordinates": [
          121.55425508613,
          24.997561897413
        ]
      },
      "properties": {
        "name": "中國科技大學臺北校區",
        "address": "臺北市文山區興隆路3段56號"
      }
    },
    {
      "type": "Feature",
      "geometry": {
        "type": "Point",
        "coordinates": [
          121.54272508613,
          25.079250936227
        ]
      },
      "properties": {
        "name": "臺北市立中山女子高級中學",
        "address": "臺北市中山區長安東路2段141號"
      }
    },
    {
      "type": "Feature",
      "geometry": {
        "type": "Point",
        "coordinates": [
          121.57628165034,
          24.995965263649
        ]
      },
      "properties": {
        "name": "貓空纜車動物園站",
        "address": "臺北市文山區新光路2段8號"
      }
    },
    {
      "type": "Feature",
      "geometry": {
        "type": "Point",
        "coordinates": [
          121.58757465949,
          24.990204615493
        ]
      },
      "properties": {
        "name": "貓空纜車動物園南站",
        "address": "臺北市文山區新光路2段30-2號"
      }
    },
    {
      "type": "Feature",
      "geometry": {
        "type": "Point",
        "coordinates": [
          121.58971274562,
          24.979075593019
        ]
      },
      "properties": {
        "name": "貓空纜車指南宮站",
        "address": "臺北市文山區指南路3段157巷200號"
      }
    },
    {
      "type": "Feature",
      "geometry": {
        "type": "Point",
        "coordinates": [
          121.58829834051,
          24.968924291417
        ]
      },
      "properties": {
        "name": "貓空纜車貓空站",
        "address": "臺北市文山區指南路3段38巷35號"
      }
    },
    {
      "type": "Feature",
      "geometry": {
        "type": "Point",
        "coordinates": [
          121.56898270255,
          25.040884768541
        ]
      },
      "properties": {
        "name": "臺北市政府消防局信義分隊",
        "address": "臺北市信義區松仁路1號"
      }
    },
    {
      "type": "Feature",
      "geometry": {
        "type": "Point",
        "coordinates": [
          121.51345874562,
          25.047027678129
        ]
      },
      "properties": {
        "name": "臺北市政府消防局城中分隊",
        "address": "臺北市中正區忠孝西路1段86號"
      }
    },
    {
      "type": "Feature",
      "geometry": {
        "type": "Point",
        "coordinates": [
          121.59036310766,
          25.069366813431
        ]
      },
      "properties": {
        "name": "臺北市政府消防局防災科學教育館",
        "address": "臺北市內湖區成功路二段376號"
      }
    },
    {
      "type": "Feature",
      "geometry": {
        "type": "Point",
        "coordinates": [
          121.56616774562,
          25.028888284305
        ]
      },
      "properties": {
        "name": "臺北市災害應變中心",
        "address": "臺北市信義區莊敬路391巷11弄2號"
      }
    },
    {
      "type": "Feature",
      "geometry": {
        "type": "Point",
        "coordinates": [
          121.54273849124,
          25.079251543348
        ]
      },
      "properties": {
        "name": "臺北市立中山女子高級中學",
        "address": "臺北市中山區長安東路2段141號"
      }
    },
    {
      "type": "Feature",
      "geometry": {
        "type": "Point",
        "coordinates": [
          121.5105840171,
          25.047283104749
        ]
      },
      "properties": {
        "name": "citizenM Taipei Northgate世民酒店",
        "address": "臺北市中正區中華路一段3號"
      }
    },
    {
      "type": "Feature",
      "geometry": {
        "type": "Point",
        "coordinates": [
          121.54313198941,
          25.038864502318
        ]
      },
      "properties": {
        "name": "元大金融廣場",
        "address": "臺北市大安區台北市大安區仁愛路三段157號"
      }
    }
  ]
}