機構名稱,縣市區名,地址
大衛牙醫診所,松山區,臺北市松山區富錦街527號1樓
交通部民用航空局航空醫務中心,松山區,臺北市松山區敦化北路405巷123弄10號
漢浤堂健康中醫診所,松山區,臺北市松山區民生東路四段128號
政雄牙醫診所,松山區,臺北市松山區民生東路五段２４３號
春日和中醫診所,松山區,臺北市松山區復興北路81巷35號1樓
嘉一牙醫診所,松山區,臺北市松山區新東街11巷3號1樓
松新牙醫診所,松山區,臺北市松山區八德路4段687號2樓及689號2樓
鉑金牙醫診所,松山區,臺北市松山區八德路3段164號1樓、164之1號(1樓)
髮立現診所,松山區,臺北市松山區民生東路3段113巷6弄3號1樓
恆美學診所,松山區,臺北市松山區南京東路4段56號2樓
爾雅中醫診所,松山區,臺北市松山區慶城街24號5樓
瑞麗嘉健康美學慶中診所,松山區,臺北市松山區南京東路3段259號5樓
蘭瑞診所,松山區,臺北市松山區敦化南路1段25號3樓
麥茵茲美形診所,松山區,臺北市松山區南京東路5段71號2樓之3、2樓之4及3樓之5
欣百漢中醫診所,松山區,臺北市松山區南京東路5段80號1、2、3樓
南京小岩井診所,松山區,臺北市松山區南京東路3段303巷8弄6號1樓
大友牙醫診所,松山區,臺北市松山區撫遠街350之1號(1樓)
佳斯緹牙醫診所,松山區,臺北市松山區民生東路3段113巷6弄5號1樓
佳利安診所,松山區,臺北市松山區南京東路3段305號8樓
守葳診所,松山區,臺北市松山區南京東路3段256巷46號1、2樓
嬌妮美診所,松山區,臺北市松山區南京東路5段3號9樓
弘宇診所,松山區,臺北市松山區民權東路3段160巷2之6號(1樓)
君綺國際診所,松山區,臺北市松山區敦化南路1段25號2樓
佳思優醫美整形診所,松山區,臺北市松山區敦化北路8號1樓(1、2層)
勤美民生牙醫診所,松山區,臺北市松山區民生東路5段58號1樓
怡德牙醫診所,松山區,臺北市松山區八德路4段226號(1樓)
韓后國際健康醫美診所,松山區,臺北市松山區復興北路69號10樓
誠楷牙醫診所,松山區,臺北市松山區敦化南路1段7號3樓
宥全診所,松山區,臺北市松山區民生東路5段216號1樓
余內科診所,松山區,臺北市松山區八德路四段６４６號
周玄文診所,松山區,臺北市松山區民權東路三段１６０巷１９弄６號
渼生堂中醫診所,松山區,臺北市松山區八德路3段138號(1、2樓)
微風牙醫診所,松山區,臺北市松山區復興南路1段51號2樓
博飛迅牙醫診所,松山區,臺北市松山區八德路4段666號7樓之2
饒河牙醫診所,松山區,臺北市松山區塔悠路１３號
微醫未來美學診所,松山區,臺北市松山區南京東路5段166、168號11樓
宸曜診所,松山區,臺北市松山區敦化北路155巷8號1、2樓
佑達骨科診所,松山區,臺北市松山區南京東路4段95號1樓
安禾聯合診所,松山區,臺北市松山區民權東路三段一七八號三樓
皇脈中醫診所,松山區,臺北市松山區八德路四段245巷29號
安兒康小兒專科診所,松山區,臺北市松山區敦化北路116號、118號、118號2樓
生春牙醫診所,松山區,臺北市松山區南京東路五段139號
固榮牙醫診所,松山區,臺北市松山區延吉街１６號
國晉中醫診所,松山區,臺北市松山區光復南路６巷４６號
群益牙醫診所,松山區,臺北市松山區光復北路１２３號１樓
慶華牙醫診所,松山區,臺北市松山區延吉街１０巷８號
仲佑中醫診所,松山區,臺北市松山區八德路三段２12號１樓
生昇復健專科診所,松山區,臺北市松山區三民路39號
林聰賢婦產科診所,松山區,臺北市松山區八德路四段３４５號２Ｆ
培靈醫院,松山區,臺北市松山區八德路四段355號
長泰牙醫診所,松山區,臺北市松山區長春路５００號２樓
安德森整形外科診所,松山區,臺北市松山區復興北路337號3樓
久恆牙醫診所,松山區,臺北市松山區民生東路5段93號
宏國牙醫診所,松山區,臺北市松山區民生東路五段１５號
林永濤整形外科診所,松山區,臺北市松山區光復北路７號７樓
南京安澐診所,松山區,臺北市松山區健康路303號(1樓)
魔法兔齒顎矯正牙醫診所,松山區,臺北市松山區東興路2巷5號
立健美診所,松山區,臺北市松山區民權東路3段130號1樓
新富錦中醫診所,松山區,臺北市松山區民生東路5段203號
金欣牙醫診所,松山區,臺北市松山區八德路3段164號1樓、164之1號(1樓)
品睿牙醫診所,松山區,臺北市松山區民生東路三段113巷25弄6號2樓
華中牙醫診所,松山區,臺北市松山區南京東路四段１１７號
吉聖牙醫診所,松山區,臺北市松山區八德路四段７號
民生漢唐中醫診所,松山區,臺北市松山區民生東路5段138巷3號2樓之5
馥之美診所,松山區,臺北市松山區慶城街24之1號5樓
安成診所,松山區,臺北市松山區富錦街４９７號
芯橙診所,松山區,臺北市松山區復興北路33號6樓
佳家美學診所,松山區,臺北市松山區復興北路145號3樓
泰康牙醫診所,松山區,臺北市松山區南京東路五段６４號３樓
采鴻牙醫診所,松山區,臺北市松山區復興北路145號8樓
采德牙醫診所,松山區,臺北市松山區南京東路五段106號2樓
景賀診所,松山區,臺北市松山區民生東路5段85號
蘋果樹醫美診所,松山區,臺北市松山區南京東路三段309號3樓
何兆芬健康診所,松山區,臺北市松山區南京東路四段47號2樓
崇皓牙醫診所,松山區,臺北市松山區光復北路202號1樓
立悅皮膚科診所,松山區,臺北市松山區南京東路五段46號4樓
森之谷美學牙醫診所,松山區,臺北市松山區南京東路五段40、42號
金贊診所,松山區,臺北市松山區南京東路四段66號2樓、寧安街68巷25號2樓
美仕媞時尚醫美診所,松山區,臺北市松山區民權東路三段178號15樓
聯青診所,松山區,臺北市松山區南京東路4段16號5樓
周適偉診所,松山區,臺北市松山區復興北路69號7樓
双眼明眼科診所,松山區,臺北市松山區南京東路三段309號2樓
博康中醫診所,松山區,臺北市松山區南京東路五段280號
鈞賀診所,松山區,臺北市松山區富錦街462號
弘光耳鼻喉科診所,松山區,臺北市松山區民生東路四段117號
W頂尖醫美診所,松山區,臺北市松山區南京東路三段270號4樓
美學牙醫診所,松山區,臺北市松山區民生東路四段97巷1弄4號
双悅診所,松山區,臺北市松山區南京東路5段163之1號(1、2樓)
康河牙醫診所,松山區,臺北市松山區南京東路四段77號2樓
新尊榮牙醫診所,松山區,臺北市松山區八德路四段674號
慈和中醫診所,松山區,臺北市松山區八德路四段245巷32弄65號
欣悅超美診所,松山區,臺北市松山區復興北路73號3樓
新心診所,松山區,臺北市松山區光復北路11巷63號
佳禾牙醫診所,松山區,臺北市松山區八德路四段6號
恩信牙醫診所,松山區,臺北市松山區南京東路五段200號6樓之4
長庚醫療財團法人長庚診所,松山區,臺北市松山區民生東路三段130巷9號2、3、4樓
松山大愛眼科診所,松山區,臺北市松山區南京東路五段269號1、2、3樓
極光美學診所,松山區,臺北市松山區南京東路四段25號2樓
東青中醫診所,松山區,臺北市松山區民生東路五段245號、245之1號
臻品絕色診所,松山區,臺北市松山區興安街157號
駿昂耳鼻喉科診所,松山區,臺北市松山區八德路2段395號1樓及397號1樓
悠適復健科診所,松山區,臺北市松山區光復北路11巷65號1樓、67號1樓
康活診所,松山區,臺北市松山區復興北路333號5樓
南京光澤診所,松山區,臺北市松山區南京東路五段154號2樓、156號2樓
薏安牙醫診所,松山區,臺北市松山區南京東路四段197號2樓之2、2樓之3
達特邱診所,松山區,臺北市松山區八德路二段350號2樓
澄東耳鼻喉科診所,松山區,臺北市松山區三民路37號
佳誠美學牙醫診所,松山區,臺北市松山區南京東路五段232號
喜樂芽牙醫診所,松山區,臺北市松山區八德路四段245巷33號
青花瓷養生中醫診所,松山區,臺北市松山區南京東路5段169號(2樓)
靜巷美學牙醫診所,松山區,臺北市松山區民權東路3段106巷36號1樓
吉祥預防醫學診所,松山區,臺北市松山區南京東路三段303巷6弄9號1樓
民昇中醫診所,松山區,臺北市松山區民生東路五段87號
欣悅中醫診所,松山區,臺北市松山區南京東路4段193號1樓
泰安親親家庭診所,松山區,臺北市松山區光復北路97號
恩緹悠活時尚診所,松山區,臺北市松山區慶城街24號4樓
本質牙醫診所,松山區,臺北市松山區南京東路5段167號(實際營業地址:1、2層)
聖光眼科診所,松山區,臺北市松山區南京東路四段181、183號
樂康診所,松山區,臺北市松山區八德路三段 221之1號
原邑診所,松山區,臺北市松山區健康路325巷6弄21號
妍棠美學診所,松山區,臺北市松山區敦化北路145巷49號
康健診所,松山區,臺北市松山區延吉街9之4號(1樓)及11號2樓
麗得醫美整形外科診所,松山區,臺北市松山區南京東路5段1號5樓
伍德中醫診所,松山區,臺北市松山區健康路231號
聯欣診所,松山區,臺北市松山區南京東路4段16號5樓
名悅時尚診所,松山區,臺北市松山區南京東路3段259號9樓
依定美時尚診所,松山區,臺北市松山區八德路3段2號2樓
傑尼斯時尚醫美整形外科診所,松山區,臺北市松山區南京東路五段230號3樓之7、3樓之8
彥明中醫診所,松山區,臺北市松山區南京東路5段250巷2弄1之1號1樓、1之2號(1樓)
頤鳴堂中醫診所,松山區,臺北市松山區長春路446號(1樓)
杏莆堂中醫診所,松山區,臺北市松山區延壽街392號1樓
鳳凰中醫診所,松山區,臺北市松山區南京東路三段303巷6弄9號1樓
慶城牙醫診所,松山區,臺北市松山區長春路480號(1樓)及敦化北路120巷64號2樓
親親家庭診所,松山區,臺北市松山區南京東路五段347號
黎博彥診所,松山區,臺北市松山區民生東路五段230號
正風復健科診所,松山區,臺北市松山區光復北路133及135號1樓
大家好診所,松山區,臺北市松山區民生東路四段８０巷１１弄２號１樓
湘豐診所,松山區,臺北市松山區敦化北路１４１號５樓
松山信合美眼科診所,松山區,臺北市松山區三民路      9號、9之3號、9之4號、9之5號、9之6號、9之8號
美麗優品時尚診所,松山區,臺北市松山區民生東路四段97巷2弄1號
邱楠超診所,松山區,臺北市松山區延吉街20號1樓
祐腎內科診所,松山區,臺北市松山區南京東路四段50號8樓
趙耳鼻喉科診所,松山區,臺北市松山區八德路四段６４９號一樓
謝耳鼻喉科診所,松山區,臺北市松山區民生東路五段１４８號２樓
康明哲小兒科內科診所,松山區,臺北市松山區三民路１３６巷１５號
王俊彰耳鼻喉科診所,松山區,臺北市松山區民生東路五段１７號
林志聖眼科診所,松山區,臺北市松山區三民路１４０號
張芳杰內兒科診所,松山區,臺北市松山區民生東路五段１３８巷７號
高國隆婦產科診所,松山區,臺北市松山區八德路四段257號2樓
林忠志診所,松山區,臺北市松山區南京東路五段291巷20弄3之3號
陳炳堅內科診所,松山區,臺北市松山區延壽街３２７號
王世興醫師診所,松山區,臺北市松山區八德路四段10號
康瑞耳鼻喉科診所,松山區,臺北市松山區八德路三段154號1樓
華南小兒科診所,松山區,臺北市松山區延吉街３０巷１５號
張國華整形外科診所,松山區,臺北市松山區南京東路五段34號2樓
民生翁耳鼻喉科診所,松山區,臺北市松山區民生東路五段78號1樓
臺北市立聯合醫院附設松山門診部,松山區,臺北市松山區八德路4段694號(1樓)
宜陞中醫診所,松山區,臺北市松山區復興北路333號4樓之3、之4
長庚醫療財團法人台北長庚紀念醫院,松山區,臺北市松山區敦化北路199號、197號、臺北市松山區敦化北路199巷6號
洪小兒科診所,松山區,臺北市松山區市民大道五段１６５號１樓
方一強眼科診所,松山區,臺北市松山區民生東路四段１０１號２樓
康和牙醫診所,松山區,臺北市松山區八德路3段241號1、2樓
江崇萍小兒科診所,松山區,臺北市松山區南京東路五段２５１巷２４弄２７號
安德聯合診所,松山區,臺北市松山區八德路三段３４號４樓及１２樓
美佳皮膚科診所,松山區,臺北市松山區八德路三段１６４號２樓
傅眼科診所,松山區,臺北市松山區八德路三段156號3樓
王躬仁診所,松山區,臺北市松山區新中街１２之３號１樓
李國師牙醫診所,松山區,臺北市松山區八德路三段８１號２樓－２
小林牙醫診所,松山區,臺北市松山區南京東路五段２９１巷３２號
啟瑞牙醫診所,松山區,臺北市松山區三民路１１０巷１０號１樓
宏昌牙醫診所,松山區,臺北市松山區延吉街４９號
王樣牙醫診所,松山區,臺北市松山區敦化北路４巷３５號
一泰牙醫診所,松山區,臺北市松山區民權東路五段５０號
王誌牙醫診所,松山區,臺北市松山區民權東路三段１６０巷２４號
光一診所,松山區,臺北市松山區延吉街22巷1號1樓
原點牙醫診所,松山區,臺北市松山區慶城街16巷1號
完全優整合醫學診所,松山區,臺北市松山區南京東路三段303巷6弄11號
介壽診所,松山區,臺北市松山區光復北路226號
樂福牙醫診所,松山區,臺北市松山區南京東路五段100號、102號6樓之1
哲伸牙醫診所,松山區,臺北市松山區八德路三段１０６巷５０號
正信牙醫診所,松山區,臺北市松山區民生東路五段１６５號２樓－１
三軍總醫院松山分院附設民眾診療服務處,松山區,臺北市松山區健康路１３１號
李士虹皮膚科診所,松山區,臺北市松山區民權東路3段136號3樓之1
聖唐中醫診所,松山區,臺北市松山區延壽街48號
松原復健診所,松山區,臺北市松山區光復北路206號
佳德診所,松山區,臺北市松山區健康路18號、18之1號1樓及地下1層
安德復復健專科診所,松山區,臺北市松山區光復北路181號地下二層
胡廣煜牙醫診所,松山區,臺北市松山區民生東路三段118號6樓之3
弘祐中醫診所,松山區,臺北市松山區八德路三段12巷4弄15號
陳大昕耳鼻喉科診所,松山區,臺北市松山區八德路四段１００號
尚群眼科診所,松山區,臺北市松山區南京東路五段４３號１樓
松展牙醫診所,松山區,臺北市松山區三民路8號1樓
育晟中醫診所,松山區,臺北市松山區延吉街46巷4號１樓
益茂中醫診所,松山區,臺北市松山區八德路三段12巷52弄10號
誠美牙醫診所,松山區,臺北市松山區民生東路五段１６０號１樓
見安中醫診所,松山區,臺北市松山區基隆路一段３２號１、２樓
松山內兒科診所,松山區,臺北市松山區八德路四段２５５號
藍明賢牙醫診所,松山區,臺北市松山區敦化北路２２２巷１之１號１樓
馨牙醫診所,松山區,臺北市松山區長春路506號
延壽耳鼻喉科診所,松山區,臺北市松山區延壽街113號
高登牙醫診所,松山區,臺北市松山區民權東路三段１６６號１樓
林翰牙醫診所,松山區,臺北市松山區新東街３０巷42號
峰牙醫診所,松山區,臺北市松山區民生東路四段49號、53號地下1樓
元品牙醫診所,松山區,臺北市松山區饒河街１９８號
暘昇牙醫診所,松山區,臺北市松山區南京東路三段２６０－１號２樓
台新牙醫診所,松山區,臺北市松山區民生東路五段１４６號２樓
敦品牙醫診所,松山區,臺北市松山區敦化北路２２２巷１０號
冠亞牙醫診所,松山區,臺北市松山區八德路三段207號1樓
大統牙醫診所,松山區,臺北市松山區八德路三段２２５號２樓－４
明義牙醫診所,松山區,臺北市松山區長安東路二段２１５號５樓－２
國峰牙醫診所,松山區,臺北市松山區撫遠街３７０號
新華南牙醫診所,松山區,臺北市松山區延吉街２６號
張萬屏牙醫診所,松山區,臺北市松山區南京東路五段１２３巷８弄２號之４
東方牙醫診所,松山區,臺北市松山區民生東路五段二六八號一樓
多倫多牙醫診所,松山區,臺北市松山區延吉街45號
南加州牙醫診所,松山區,臺北市松山區敦化南路一段69號2樓、67號2樓
紀泓輝牙醫診所,松山區,臺北市松山區民生東路四段８４－１號
傑美牙醫診所,松山區,臺北市松山區八德路三段172號1樓
瑞宏中醫診所,松山區,臺北市松山區八德路四段６７３巷１０號
永昌漢方中醫診所,松山區,臺北市松山區南京東路5段123巷2弄25號
仁和堂中醫診所,松山區,臺北市松山區八德路四段２０１號１樓
和豐中醫診所,松山區,臺北市松山區南京東路五段251巷24弄19號1樓
景仲牙醫診所,松山區,臺北市松山區復興北路２１５號
立達牙醫診所,松山區,臺北市松山區敦化北路２２２巷６２號
虹福牙醫診所,松山區,臺北市松山區市民大道四段５３號
長島牙醫診所,松山區,臺北市松山區民生東路五段９０號１樓
華美牙醫診所,松山區,臺北市松山區南京東路4段102號3樓
新東牙醫診所,松山區,臺北市松山區新東街11巷15--1號１樓
碧礽牙醫診所,松山區,臺北市松山區光復北路８２號７樓
臻品牙醫診所,松山區,臺北市松山區民生東路五段１２０號３樓之４
李美玲牙醫診所,松山區,臺北市松山區民生東路三段１１３巷１１號２樓
仁惠牙醫診所,松山區,臺北市松山區八德路三段74巷64號
史丹佛牙醫診所,松山區,臺北市松山區南京東路四段１０７號２樓
延齡牙醫診所,松山區,臺北市松山區延壽街１２５號
上傑牙醫診所,松山區,臺北市松山區八德路二段３８６號２樓－３
日聖眼科診所,松山區,臺北市松山區新中街３５號
德昌中醫診所,松山區,臺北市松山區延吉街38號
永承診所,松山區,臺北市松山區敦化北路155巷9號地下一層
蔡恭禮內兒科診所,松山區,臺北市松山區新東街28號之2
劉內兒科診所,松山區,臺北市松山區民生東路五段148號、148之1號
李玉閣牙醫診所,松山區,臺北市松山區南京東路五段１６３－３號３樓
宏慈牙醫診所,松山區,臺北市松山區光復南路21之4號
正斌牙醫診所,松山區,臺北市松山區南京東路四段７５巷１８號
偉德牙醫診所,松山區,臺北市松山區南京東路四段１０６號２樓
施牙醫診所,松山區,臺北市松山區三民路１４３號
光泰牙醫診所,松山區,臺北市松山區南京東路四段１７２號
得揚牙醫診所,松山區,臺北市松山區三民路１３６巷４２號
元榜牙醫診所,松山區,臺北市松山區民生東路四段８８號
周牙醫診所,松山區,臺北市松山區南京東路五段２５６號
丘牙醫診所,松山區,臺北市松山區民生東路五段２２２號
麟翔牙醫診所,松山區,臺北市松山區慶城街２４號２樓
向虹牙醫診所,松山區,臺北市松山區民族東路７６１號
正一中醫診所,松山區,臺北市松山區延吉街18號1樓
車參薇小兒科診所,松山區,臺北市松山區八德路三段195號１樓
趙彥宇邱慧嫻皮膚科聯合診所,松山區,臺北市松山區慶城街8之1號3樓及8號3樓
英爵聯合診所,松山區,臺北市松山區南京東路3段331號2樓
閎新耳鼻喉科皮膚科聯合診所,松山區,臺北市松山區八德路三段20之2號
怡碩視光眼科診所,松山區,臺北市松山區復興北路313巷28號
聯安診所,松山區,臺北市松山區南京東路4段16號地下二樓
裕昇診所,松山區,臺北市松山區民生東路5段95號
宇恩復健科診所,松山區,臺北市松山區民權東路三段140巷15號3樓
王貞乃皮膚科診所,松山區,臺北市松山區民生東路四段80巷6弄7號
杏典牙醫診所,松山區,臺北市松山區民生東路5段103號２樓
康霖牙醫診所,松山區,臺北市松山區延壽街４３０號
立人牙醫診所,松山區,臺北市松山區民權東路三段１０３巷１號
蔡嘉倫牙醫診所,松山區,臺北市松山區民生東路三段１１６號３樓
博仁綜合醫院,松山區,臺北市松山區光復北路66號、68號地下一層、68號、68號2至7樓、68號2樓之1至7樓之1、68號2樓之2至7樓之2
振誠中醫診所,松山區,臺北市松山區撫遠街３６８號
茶米中醫診所,松山區,臺北市松山區南京東路五段225號3樓
崇民牙醫診所,松山區,臺北市松山區南京東路三段２５９號３樓
杏頤牙醫診所,松山區,臺北市松山區復興北路361巷2之1號(1樓)
健本牙醫診所,松山區,臺北市松山區八德路四段２１０－２號
柏林牙醫診所,松山區,臺北市松山區慶城街21之2號2樓
黃系倫牙醫診所,松山區,臺北市松山區復興北路３１３巷３０號２樓
誼欣牙醫診所,松山區,臺北市松山區延壽街338號
泛亞皮膚科整形外科診所,松山區,臺北市松山區復興北路35號4樓
尚志塾遠絡診所,松山區,臺北市松山區南京東路四段164號3樓之1
澄品牙醫診所,松山區,臺北市松山區敦化北路145巷73號
耀渼麗醫學美容診所,松山區,臺北市松山區南京東路3段259號4樓
雷湘安皮膚科診所,松山區,臺北市松山區三民路43巷1號
富樂診所,松山區,臺北市松山區敦化北路167號1樓A區
得意牙醫診所,松山區,臺北市松山區民權東路三段160巷22號2樓之2
雅客牙醫診所,松山區,臺北市松山區南京東路五段3號4樓
兆恩牙醫診所,松山區,臺北市松山區興安街218號
新中牙醫診所,松山區,臺北市松山區新中街１２之１號
德基牙醫診所,松山區,臺北市松山區八德路三段27號2樓
基督復臨安息日會醫療財團法人臺安醫院,松山區,"臺北市松山區八德路二段424,426號"
大都會牙醫診所,松山區,臺北市松山區八德路三段110號
竹君牙醫診所,松山區,臺北市松山區南京東路五段５４號２樓
正顏診所,松山區,臺北市松山區八德路二段410巷12號
景賀醫美診所,松山區,臺北市松山區光復北路125號1樓
李政洋身心診所,松山區,臺北市松山區三民路84號
明君牙醫診所,松山區,臺北市松山區八德路四段８０５號
泛美牙醫診所,松山區,臺北市松山區光復北路１４１號１樓
京華皮膚科診所,松山區,臺北市松山區八德路三段238號
美人魚時尚婦產科診所,松山區,臺北市松山區南京東路三段331號9樓
維一牙醫診所,松山區,臺北市松山區民生東路5段188號1樓
民生瀚威中醫診所,松山區,臺北市松山區新中街25號1樓
江建中診所,松山區,臺北市松山區八德路4段285號1樓
朱家庭醫學科診所,松山區,臺北市松山區八德路3段12巷57弄39之1號1樓
博美牙醫診所,松山區,臺北市松山區八德路4段106巷2弄20號1樓
繼康美學牙醫診所,松山區,臺北市松山區延壽街337號1樓
佑家診所,松山區,臺北市松山區八德路三段233號
禾玥醫學診所,松山區,臺北市松山區南京東路3段269巷6號1樓
八德牙醫診所,松山區,臺北市松山區八德路四段636號(實際營業地址:1、2層)
榮恩耳鼻喉科小兒科聯合診所,松山區,臺北市松山區南京東路五段２５８號
吳耳鼻喉科診所,松山區,臺北市松山區三民路１１３巷１－１號
吳慶南內科診所,松山區,臺北市松山區民生東路五段１３８巷１號
揚登牙醫診所,松山區,臺北市松山區南京東路五段２５０巷９－３號１樓
泰華牙醫診所,松山區,臺北市松山區光復北路38號
髮王植髮診所,松山區,臺北市松山區慶城街21之3號3樓
西松牙醫診所,松山區,臺北市松山區南京東路五段２９１巷４號
華泰中醫診所,松山區,臺北市松山區新東街66巷18號1樓
全煜耳鼻喉科診所,松山區,臺北市松山區復興北路73號2樓
康健牙醫診所,松山區,臺北市松山區延壽街１４３號
奧斯卡眼科診所,松山區,臺北市松山區敦化南路1段7號2樓及3樓之1
楠桐中醫診所,松山區,臺北市松山區八德路四段94號
理想中醫診所,松山區,臺北市松山區南京東路五段46號2樓
延吉中醫診所,松山區,臺北市松山區延吉街11號5樓之5
維哲中醫診所,松山區,臺北市松山區南京東路四段102號4樓
雅安牙醫診所,松山區,臺北市松山區民權東路三段117號
詹前俊小兒科診所,松山區,臺北市松山區民生東路五段１０５號
光與綠牙醫診所,松山區,臺北市松山區復興北路361巷8號1樓
毛冠人牙醫診所,松山區,臺北市松山區南京東路五段２３巷１８號
景泰牙醫診所,大安區,臺北市大安區安和路二段一四七及一四九號一樓
青田牙醫診所,大安區,臺北市大安區仁愛路三段26之3號3樓
康泰牙醫診所,大安區,臺北市大安區四維路１７０巷１６號
吳坤光婦產科診所,大安區,臺北市大安區信義路四段５９號
昇陽中醫診所,大安區,臺北市大安區潮州街85號、金山南路2段148號2樓之1
新潔明牙醫診所,大安區,臺北市大安區信義路三段149號2樓之1
嘉德麗雅診所,大安區,臺北市大安區信義路4段155號7樓
張涵郁診所,大安區,臺北市大安區光復南路416號1樓、412號2樓
璞之妍診所,大安區,臺北市大安區安和路1段21巷5號、敦化南路1段233巷13號
語悅牙醫診所,大安區,臺北市大安區和平東路2段265巷18號1樓
育群中醫診所,大安區,臺北市大安區忠孝東路四段216巷32弄8號2樓
名範牙醫診所,大安區,臺北市大安區安和路二段１６７號３樓
金郁婦產科診所,大安區,臺北市大安區忠孝東路四段177號7樓之4
蘇仁和耳鼻喉科診所,大安區,臺北市大安區安和路一段十一號四樓之一
啓安診所,大安區,臺北市大安區忠孝東路3段243號3樓
永誠復健科診所,大安區,臺北市大安區復興南路二段236號2樓
呂文智中醫診所,大安區,臺北市大安區和平東路一段二五八號二樓
日禾牙醫診所,大安區,臺北市大安區忠孝東路3段217巷3弄4號
鑫辰牙醫診所,大安區,臺北市大安區信義路二段１９８巷８－１號
國立台灣大學保健中心,大安區,臺北市大安區羅斯福路四段１號
臻心美妍診所,大安區,臺北市大安區信義路4段71號5樓
教主診所,大安區,臺北市大安區和平東路1段6號6樓、6樓之1
好牙屋牙醫診所,大安區,臺北市大安區光復南路622號
群和牙醫診所,大安區,臺北市大安區光復南路三四八之二號
嘉士美牙醫診所,大安區,臺北市大安區復興南路2段148巷35號
中山醫療社團法人中山醫院,大安區,臺北市大安區仁愛路四段112巷11號
宏恩醫療財團法人宏恩綜合醫院,大安區,臺北市大安區仁愛路四段71巷1號、仁 愛路四段61號、仁愛路四段91巷16號
游鴻儒皮膚科診所,大安區,臺北市大安區仁愛路四段一五一巷三六號二樓
黃明仁牙醫診所,大安區,臺北市大安區延吉街２４２號
慧安牙醫診所,大安區,臺北市大安區忠孝東路四段75之7號(8樓)
璽悅中醫診所,大安區,臺北市大安區敦化南路1段184號5樓
忠孝美麗爾診所,大安區,臺北市大安區敦化南路1段216號6樓
禾馨新生婦幼診所,大安區,臺北市大安區新生南路三段2號、2號2樓、2號3樓
首爾醫美診所,大安區,臺北市大安區信義路4段382號5樓
東區時尚美學診所,大安區,臺北市大安區忠孝東路4段134號9樓
大安悅兒親子中醫診所,大安區,臺北市大安區光復南路432號
環球診所,大安區,臺北市大安區信義路二段184號4樓
國立臺灣大學醫學院附設醫院癌醫中心分院,大安區,臺北市大安區基隆路 3段155巷57號
里昂哈佛仁愛牙醫診所,大安區,臺北市大安區仁愛路4段416號2樓、418號2樓
尚行美耳鼻喉專科診所,大安區,臺北市大安區光復南路288號3樓之1、4樓之3
徐國峰中醫診所,大安區,臺北市大安區建國南路1段160號10樓之1
丰緹絲醫美診所,大安區,臺北市大安區大安路一段80號2樓
多娜台北植髮診所,大安區,臺北市大安區信義路三段158號3樓
看見佳醫診所,大安區,臺北市大安區忠孝東路3段305號5樓之3
大地牙醫診所,大安區,臺北市大安區大安路二段一二 0 號一樓
玩美爵品牙醫診所,大安區,臺北市大安區忠孝東路4段218號2樓、218之1號2樓
光彩時尚診所,大安區,臺北市大安區忠孝東路四段191號6樓
時尚假期醫美診所,大安區,臺北市大安區復興南路1段222號5樓
真愛貝齒牙醫診所,大安區,臺北市大安區忠孝東路4段67之4號 (實際營業地址：5樓)
沐美診所,大安區,臺北市大安區仁愛路4段25之1號5樓
大安丰采睡眠醫學診所,大安區,臺北市大安區新生南路2段18號1樓、地下1層
維格診所,大安區,臺北市大安區仁愛路4段401號1樓、403號1樓、403號2樓、403號地下1層
欣民牙醫診所,大安區,臺北市大安區安和路一段１３５巷１８號
霍天年整形外科診所,大安區,臺北市大安區忠孝東路四段一九一號六樓之一
詹骨科診所,大安區,臺北市大安區信義路四段５３巷６號
中心診所醫療財團法人中心綜合醫院,大安區,臺北市大安區忠孝東路四段７７號
巧玉牙醫診所,大安區,臺北市大安區信義路4段263號4樓之1
正誠牙醫診所,大安區,臺北市大安區仁愛路4段79號9樓、9樓之2
明圓中醫診所,大安區,臺北市大安區和平東路三段320號
敦平診所,大安區,臺北市大安區敦化南路2段333、335號3樓
佳立得耳鼻喉科診所,大安區,臺北市大安區新生南路1段165巷1號1樓
延吉診所,大安區,臺北市大安區延吉街二四一巷二弄五號一樓
杏保醫網信誠診所,大安區,臺北市大安區信義路4段197號1樓、199巷2號1樓、199巷2號2樓、199巷2號2樓之1
張若偉中醫診所,大安區,臺北市大安區忠孝東路三段305號10樓之3
博安家庭醫學科診所,大安區,臺北市大安區麗水街3號
巨星整形外科診所,大安區,臺北市大安區忠孝東路四段107號5樓之2
金品牙醫診所,大安區,臺北市大安區金山南路2段142之1號
麗晶牙醫診所,大安區,臺北市大安區和平東路二段１７５巷２７號
瑞御診所,大安區,臺北市大安區敦化南路一段259號12樓
璽恩牙醫診所,大安區,臺北市大安區金山南路2段192巷8號1樓及夾層、2樓、3樓
三普牙醫診所,大安區,臺北市大安區安和路2段69巷8號
恩典中醫診所,大安區,臺北市大安區忠孝東路4段51之6號(7樓)
柏登牙醫診所,大安區,臺北市大安區建國南路一段152號
黃崇禮皮膚科診所,大安區,臺北市大安區信義路三段192-1號3樓
黃禎憲皮膚科診所,大安區,臺北市大安區師大路７1號2樓及７7號
誠樂牙醫診所,大安區,臺北市大安區新生南路3段98號5樓
優爾視眼科診所,大安區,臺北市大安區敦化南路一段283號2樓、2樓之1
生髮診所,大安區,臺北市大安區敦化南路1段190巷12號、忠孝東路4段101巷16號2樓之3
綺色佳診所,大安區,臺北市大安區敦化南路二段128號地下層
北秀醫美健康管理診所,大安區,臺北市大安區光復南路116巷1號6樓、3號6樓、5號6樓 (實際營業地址：7樓)
大安皮膚專科診所,大安區,臺北市大安區新生南路2段8之1號2樓
龍泉牙醫診所,大安區,臺北市大安區羅斯福路三段１１７號
劉耳鼻喉科診所,大安區,臺北市大安區復興南路2段151巷27號、27之1號
時晴牙醫診所,大安區,臺北市大安區忠孝東路3段251巷3弄3號1樓
安民家庭醫學科診所,大安區,臺北市大安區大安路1段65號2樓之1
得康牙醫診所,大安區,臺北市大安區通化街１３７號１Ｆ
王修含皮膚科診所,大安區,臺北市大安區忠孝東路四段333號4樓
瑞誠牙醫診所,大安區,臺北市大安區安和路1段106號2樓
新苑牙醫診所,大安區,臺北市大安區和平東路二段265巷12號
定國牙醫診所,大安區,臺北市大安區和平東路二段２０１－１號２樓
陳志明診所,大安區,臺北市大安區和平東路二段３３７號
光悅牙醫診所,大安區,臺北市大安區和平東路2段18之8號9樓
耐斯診所,大安區,臺北市大安區敦化南路1段216號11樓
小小怡登兒童牙醫診所,大安區,臺北市大安區敦化南路1段252巷24號1樓
捷安牙醫診所,大安區,臺北市大安區金山南路2段3號2樓
水天使診所,大安區,臺北市大安區忠孝東路4段218之2號6樓
奕品牙醫診所,大安區,臺北市大安區信義路四段55號4樓
榮杰美學牙醫診所,大安區,臺北市大安區光復南路280巷24號2樓
紐約整形外科診所,大安區,臺北市大安區敦化南路1段219號3樓
月馨牙醫診所,大安區,臺北市大安區復興南路二段一五一巷三一號
惠天牙醫診所,大安區,臺北市大安區忠孝東路四段２７６號２樓
黃清浩耳鼻喉科診所,大安區,臺北市大安區光復南路430號
尚緹診所,大安區,臺北市大安區敦化南路二段1號5樓
三上牙醫診所,大安區,臺北市大安區羅斯福路2段105號2樓
潘健理診所,大安區,臺北市大安區忠孝東路三段86號8樓
凡登斐麗診所,大安區,臺北市大安區信義路3段149號3樓、149號3樓之1
長松眼科診所,大安區,臺北市大安區大安路一段一二六巷一號
秋江外科診所,大安區,臺北市大安區信義路二段一七八號二樓
家齡診所,大安區,臺北市大安區敦化南路1段191號地下之9至19、地下之88至96、地下之100至101
巧聖牙醫診所,大安區,臺北市大安區忠孝東路四段５７號之３
劉建宏診所,大安區,臺北市大安區大安路二段139號
忠孝維格牙醫診所,大安區,臺北市大安區忠孝東路四段54號3樓
師苑牙醫診所,大安區,臺北市大安區和平東路二段187號
韓佳人診所,大安區,臺北市大安區忠孝東路4段122之1號(實際營業地址：2樓)
久明診所,大安區,臺北市大安區敦化南路1段344號2樓、344號2樓之1
大安眼科診所,大安區,臺北市大安區和平東路1段258號
大安漢補世家中醫診所,大安區,臺北市大安區復興南路1段142號(1樓)
哲恩美學牙醫診所,大安區,臺北市大安區新生南路3段110號（1樓、2樓）
立大牙醫診所,大安區,臺北市大安區忠孝東路三段２５１巷４弄１０號
敦里牙醫診所,大安區,臺北市大安區信義路4段306號
名漾中醫診所,大安區,臺北市大安區忠孝東路4段341號7樓之1
惠群牙醫診所,大安區,臺北市大安區羅斯福路2段79號5樓之4、5樓之5
名山牙醫診所,大安區,臺北市大安區復興南路1段380號1樓
台北亞緻診所,大安區,臺北市大安區仁愛路4段2號6樓
怡登采風牙醫診所,大安區,臺北市大安區四維路170巷19號、臺北市大安區大安路2段141巷34號2樓
信恩美醫診所,大安區,臺北市大安區信義路二段７２號４樓
群維診所,大安區,臺北市大安區忠孝東路3段88號2樓、2樓之1
沈德昌診所,大安區,臺北市大安區四維路１８９號１樓
輕齡美腿診所,大安區,臺北市大安區大安路1段51巷19號1樓
心妍診所,大安區,臺北市大安區忠孝東路3段249之1號8樓
許必靈牙醫診所,大安區,臺北市大安區安和路一段９９號２樓之１
紹光中醫診所,大安區,臺北市大安區文昌街214號(1樓、2樓)、210巷1號1樓
康博診所,大安區,臺北市大安區復興南路1段227號5樓
海亞大健康管理診所,大安區,臺北市大安區忠孝東路4段230號6樓
琢美妍時尚診所,大安區,臺北市大安區忠孝東路4段51之4號(5樓)
伯特利敦南身心診所,大安區,臺北市大安區和平東路3段1巷51號2樓
瑞安牙醫診所,大安區,臺北市大安區建國南路二段151巷41號
大中診所,大安區,臺北市大安區信義路4段265巷2號5樓
王君瑜整形外科診所,大安區,臺北市大安區仁愛路4段107號2樓
國仁中醫診所,大安區,臺北市大安區通化街５７巷２９號
深浦中醫診所,大安區,臺北市大安區新生南路1段111號1樓(不含夾層)
潘淋華中醫診所,大安區,臺北市大安區羅斯福路三段７５號３樓
吉辰中醫診所,大安區,臺北市大安區復興南路二段３２１號１樓
大安元氣堂中醫診所,大安區,臺北市大安區信義路四段265巷48號
聶美華中醫診所,大安區,臺北市大安區忠孝東路3段246號
當代漢醫苑中醫診所,大安區,臺北市大安區大安路一段七三號四樓
麗華中醫診所,大安區,臺北市大安區忠孝東路四段４８號三樓
李穎哲中醫診所,大安區,臺北市大安區羅斯福路三段二九七之二號二樓
全方位牙醫診所,大安區,臺北市大安區泰順街44巷2號3樓之1、3樓之2
心齋中醫診所,大安區,臺北市大安區泰順街60巷23號1樓
尚群牙醫診所,大安區,臺北市大安區忠孝東路三段一九七之四號
凡登整形外科診所,大安區,臺北市大安區信義路三段149號4樓、149號4樓之1
杏福中醫診所,大安區,臺北市大安區復興南路二段一三一號
瑞品牙醫診所,大安區,臺北市大安區光復南路三九O之一號一樓
弘全牙醫診所,大安區,臺北市大安區瑞安街２８０號
基督復臨安息日會醫療財團法人臺安診所,大安區,臺北市大安區敦化南路二段76號11樓、11樓之1、11樓之2、11樓之3
敦南牙醫聯合診所,大安區,臺北市大安區仁愛路4段4號3樓
翰德國際中醫診所,大安區,臺北市大安區永康街2巷2號2樓
禾亞國際健康診所,大安區,臺北市大安區仁愛路4段27巷3號2樓
當代牙醫診所,大安區,臺北市大安區復興南路二段８８號４樓
古道堂中醫診所,大安區,臺北市大安區青田街６巷８號－５二樓
宜德復健科診所,大安區,臺北市大安區和平東路三段二一0號
敦維牙醫診所,大安區,臺北市大安區四維路33號
微整形外科診所,大安區,臺北市大安區忠孝東路4段2號7樓之8、7樓之9
恆美診所,大安區,臺北市大安區忠孝東路4段212號5樓
博恩妍診所,大安區,臺北市大安區忠孝東路四段177號12樓
漢蒂妮醫美診所,大安區,臺北市大安區新生南路1段165巷41號1樓、41之1號1樓
敦南麗緻牙醫診所,大安區,臺北市大安區敦化南路1段252巷17號1樓
渥爾牙醫診所,大安區,臺北市大安區復興南路二段8號4樓
嵐亭中醫診所,大安區,臺北市大安區忠孝東路3段207之1號
佳安牙醫診所,大安區,臺北市大安區信義路三段31巷9之2號
鄧雲立中醫診所,大安區,臺北市大安區信義路4段235號3樓
大安黃耳鼻喉科診所,大安區,臺北市大安區和平東路3段234號
李細祥內科診所,大安區,臺北市大安區四維路198巷30弄5號
潘國輝牙醫診所,大安區,臺北市大安區新生南路一段九十五號二樓
麗波永康國際診所,大安區,臺北市大安區信義路2段178號(4樓、5樓)
澤風雅全方位診所,大安區,臺北市大安區忠孝東路4段176之1號11樓
光能身心診所,大安區,臺北市大安區忠孝東路四段15號8樓
華漾皮膚專科診所,大安區,臺北市大安區金華街二四九號
巴比侖診所,大安區,臺北市大安區敦化南路2段5號3樓之2、3樓之3
敦力診所,大安區,臺北市大安區敦化南路二段164號2樓、2樓之1、2樓之2、2樓之3
保源中醫診所,大安區,臺北市大安區通化街十九巷七號
祥仁牙醫診所,大安區,臺北市大安區濟南路三段17之1號
超仁牙醫診所,大安區,臺北市大安區延吉街114號2樓
立祥牙醫診所,大安區,臺北市大安區復興南路二段１１０號
鼎昀牙醫診所,大安區,臺北市大安區光復南路一八0巷七號三樓之一
中日美聯合牙醫診所,大安區,臺北市大安區和平東路3段51號
誠安牙醫診所,大安區,臺北市大安區新生南路一段145巷17號
銘揚牙醫診所,大安區,臺北市大安區基隆路二段一六 0 號
普羅牙醫診所,大安區,臺北市大安區復興南路二段一六四號三樓
維鈞牙醫診所,大安區,臺北市大安區安和路二段32巷12號一樓
逸品牙醫診所,大安區,臺北市大安區仁愛路4段27巷4弄16號
程國慶牙醫診所,大安區,臺北市大安區忠孝東路4段329號2樓、2樓之1、2樓之2、2樓之3、329之1號
陽昇牙醫診所,大安區,臺北市大安區忠孝東路四段216巷11弄6號3樓
博恩牙醫診所,大安區,臺北市大安區通化街１４６號１Ｆ
敦煌牙醫診所,大安區,臺北市大安區信義路4段 ２5號３Ｆ之1
康萊牙醫診所,大安區,臺北市大安區敦化南路一段三一九號三樓
金華牙醫診所,大安區,臺北市大安區金華街１１８號－６三樓
天仁牙醫診所,大安區,臺北市大安區樂利路３８號
弘名牙醫診所,大安區,臺北市大安區和平東路3段250號
群容牙醫診所,大安區,臺北市大安區復興南路一段九十號二樓之二
揚名牙醫診所,大安區,臺北市大安區忠孝東路四段２５０號２樓之５
輝揚牙醫診所,大安區,臺北市大安區金山南路二段三號九樓之一
明曜牙醫診所,大安區,臺北市大安區忠孝東路四段１７０巷５弄１６號１樓
周彥儒牙醫診所,大安區,臺北市大安區和平東路一段218號3樓4樓
上上牙醫診所,大安區,臺北市大安區和平東路二段３１１巷１４號
見安牙醫診所,大安區,臺北市大安區金華街２４１號
萬安中醫診所,大安區,臺北市大安區光復南路308巷25號1樓
育揚中醫診所,大安區,臺北市大安區和平東路2段221號
美成中醫診所,大安區,臺北市大安區忠孝東路四段341號8樓
宏秀堂中醫診所,大安區,臺北市大安區忠孝東路3段217巷2弄16號1樓
維康中醫診所,大安區,臺北市大安區四維路一七0巷二十九號
長春中醫診所,大安區,臺北市大安區信義路三段一九0之二號一樓
天慈中醫診所,大安區,臺北市大安區師大路一O二巷三號一樓
宜仁堂中醫診所,大安區,臺北市大安區仁愛路四段三OO巷九弄二號
佶安中醫診所,大安區,臺北市大安區信義路3段172號3樓
瑞康中醫診所,大安區,臺北市大安區瑞安街208巷24弄12號
介良中醫診所,大安區,臺北市大安區忠孝東路三段一五四號2樓
金龍堂中醫診所,大安區,臺北市大安區泰順街１７號
鴻安中醫診所,大安區,臺北市大安區樂業街78號
至善牙醫診所,大安區,臺北市大安區和平東路一段67號3樓
群星牙醫診所,大安區,臺北市大安區信義路3段192之1號2樓
胡桃鉗牙醫診所,大安區,臺北市大安區信義路三段200號3樓、3樓之1
波士頓牙醫診所,大安區,臺北市大安區光復南路２８８號２樓之２
誠良牙醫診所,大安區,臺北市大安區永康街13巷1號２樓之1
首席牙醫診所,大安區,臺北市大安區安和路一段七十號二樓
泰福牙醫診所,大安區,臺北市大安區泰順街６０巷8號3樓
上鵬牙醫診所,大安區,臺北市大安區羅斯福路三段１４９號２樓－２
新象牙醫診所,大安區,臺北市大安區和平東路二段１１１號２樓
愛育牙醫診所,大安區,臺北市大安區復興南路2段193巷7號
元華牙醫診所,大安區,臺北市大安區復興南路一段１３５巷１７號２樓之１
廣大牙醫診所,大安區,臺北市大安區復興南路一段１３３號２樓
正品牙醫診所,大安區,臺北市大安區信義路四段２６５巷３－２號
偉明牙醫診所,大安區,臺北市大安區仁愛路4段33號3樓之1
大勝牙醫診所,大安區,臺北市大安區復興南路二段３２０號
名流牙醫診所,大安區,臺北市大安區仁愛路四段１３７號２樓
國安牙醫診所,大安區,臺北市大安區信義路四段179號、181號2樓、187號2樓
天祥牙醫診所,大安區,臺北市大安區光復南路４２０巷７號
名祥牙醫診所,大安區,臺北市大安區仁愛路四段２７巷４弄６號
曾安牙醫診所,大安區,臺北市大安區光復南路３０６號３樓－１
小王子牙醫診所,大安區,臺北市大安區和平東路二段四O號二樓
群智牙醫診所,大安區,臺北市大安區信義路三段一０六號二樓之五
來德牙醫診所,大安區,臺北市大安區仁愛路四段一四五號三樓
心陽牙醫診所,大安區,臺北市大安區仁愛路4段411號2樓、413號2樓
貝爾牙醫診所,大安區,臺北市大安區忠孝東路四段218之1號C棟4樓
磊磊牙醫診所,大安區,臺北市大安區瑞安街６５號
柏堅牙醫診所,大安區,臺北市大安區建國南路一段１６０號３樓
雅品牙醫診所,大安區,臺北市大安區仁愛路四段１０１號３樓之１
洪介文牙醫診所,大安區,臺北市大安區信義路三段１４７巷１７弄１９－１號１樓
全家福牙醫診所,大安區,臺北市大安區師大路１０５巷１號
明泰牙醫診所,大安區,臺北市大安區和平東路三段三一八號
慈恩牙醫診所,大安區,臺北市大安區信義路三段１３４巷５８號１樓
以諾牙醫診所,大安區,臺北市大安區和平東路三段七十之一號一樓
致強牙醫診所,大安區,臺北市大安區忠孝東路三段二一七巷六弄二之一號一樓
卓越牙醫診所,大安區,臺北市大安區延吉街241巷2弄1號1樓
椰林牙醫診所,大安區,臺北市大安區信義路二段２２６號３樓
金翎牙醫診所,大安區,臺北市大安區師大路１２１號
翔麟牙醫診所,大安區,臺北市大安區羅斯福路三段二四一號二樓二樓之一
建豐牙醫診所,大安區,臺北市大安區雲和街７６－１號
碩美牙醫診所,大安區,臺北市大安區和平東路二段三十六巷三號九樓
林孟文牙醫診所,大安區,臺北市大安區信義路四段143號2樓
林靜毅牙醫診所,大安區,臺北市大安區復興南路一段200號2樓
鄭耳鼻喉科診所,大安區,臺北市大安區信義路四段３４１號
林繼國診所,大安區,臺北市大安區忠孝東路三段２１７巷１弄１２號１樓
國泰醫療財團法人國泰綜合醫院,大安區,臺北市大安區仁愛路四段266巷6號，280號
靖妃中醫診所,大安區,臺北市大安區敦化南路2段63巷58號
復安牙醫診所,大安區,臺北市大安區信義路4段25號
莊國豐婦產科診所,大安區,臺北市大安區和平東路1段8號2樓
杏誠復健科診所,大安區,臺北市大安區信義路4段173號2樓
諾美整形外科診所,大安區,臺北市大安區復興南路1段135巷27號2樓之2
亞立山大時尚整形診所,大安區,臺北市大安區忠孝東路4段107號3樓之1
電眼美人診所,大安區,臺北市大安區忠孝東路三段239號3樓
康婕婦產科診所,大安區,臺北市大安區光復南路240巷23號2樓
優美診所,大安區,臺北市大安區新生南路二段2號7樓之5
潤弘診所,大安區,臺北市大安區建國南路二段276號3樓
聯合整形外科診所,大安區,臺北市大安區新生南路二段8號2樓
頂好林耳鼻喉科診所,大安區,臺北市大安區敦化南路一段１６０巷５０號
安法診所,大安區,臺北市大安區敦化南路二段９７號２７樓
謝林診所,大安區,臺北市大安區大安路2段21號
簡萬居耳鼻喉科診所,大安區,臺北市大安區辛亥路一段２８號
陳柏豪耳鼻喉科診所,大安區,臺北市大安區和平東路一段１０號
仁安診所,大安區,臺北市大安區和平東路二段一七五巷三十四號一樓
實美整形外科診所,大安區,臺北市大安區信義路四段６３號１樓
葉明憲小兒科診所,大安區,臺北市大安區羅斯福路三段１９１號２Ｆ
羅斯福診所,大安區,臺北市大安區羅斯福路3段253號2樓，2樓之1，2樓之3
萬通耳鼻喉科診所,大安區,臺北市大安區延吉街６４－２號１樓
誠品診所,大安區,臺北市大安區敦化南路一段３１７號
安德牙醫診所,大安區,臺北市大安區復興南路一段九十二之四號之一樓
美齡牙醫診所,大安區,臺北市大安區通化街３９巷５０弄５８號
謝牙醫診所,大安區,臺北市大安區仁愛路四段３００巷２６弄９號１樓
經典牙醫診所,大安區,臺北市大安區溫洲街４７號
祥齡牙醫診所,大安區,臺北市大安區羅斯福路二段９９號１Ｆ
懷恩牙醫診所,大安區,臺北市大安區和平東路二段102之2號
逸群牙醫診所,大安區,臺北市大安區安和路2段241號2樓
德美牙醫診所,大安區,臺北市大安區麗水街８號２樓
佳恩牙醫診所,大安區,臺北市大安區光復南路４２６號１Ｆ
名品牙醫診所,大安區,臺北市大安區和平東路二段２５９號３樓
守禮牙醫診所,大安區,臺北市大安區大安路二段１７號１樓
光復牙醫診所,大安區,臺北市大安區通化街１２巷６號
懷仁牙醫診所,大安區,臺北市大安區東豐街５７號１樓
健元牙醫診所,大安區,臺北市大安區四維路５２巷１６號
永悅診所,大安區,臺北市大安區忠孝東路四段50號7樓
春天診所,大安區,臺北市大安區信義路四段184號3樓
安吉耳鼻喉科診所,大安區,臺北市大安區和平東路三段226號
薇娜時尚美學診所,大安區,臺北市大安區忠孝東路4段53之2號
藝林整形外科診所,大安區,臺北市大安區羅斯福路3段309號4樓之2
佳音診所,大安區,臺北市大安區復興南路1段261之3號1樓
蔡博庸整形外科診所,大安區,臺北市大安區忠孝東路四段231號7樓之1
通化延吉診所,大安區,臺北市大安區信義路四段２６５巷３６號
林正宗婦產科診所,大安區,臺北市大安區和平東路三段100號2樓
那明珠診所,大安區,臺北市大安區和平東路3段8號
一嚴堂中醫診所,大安區,臺北市大安區羅斯福路3段283巷7弄8號
家安復健科診所,大安區,臺北市大安區敦化南路二段一六八及一七0號地下一樓
綺顏診所,大安區,臺北市大安區仁愛路四段一0九號二樓B室
薇妮斯整形外科診所,大安區,臺北市大安區忠孝東路4段120之12號12樓
滿意婦產科診所,大安區,臺北市大安區羅斯福路三段二七一號三樓及三樓之一
和平大愛眼科診所,大安區,臺北市大安區和平東路一段六號二樓
漂亮愛爾麗整形外科診所,大安區,臺北市大安區忠孝東路4段325號3樓
愛爾麗診所,大安區,臺北市大安區忠孝東路三段305號3樓
極緻美學牙醫診所,大安區,臺北市大安區復興南路1段305號及303號2樓
臺北市立聯合醫院附設大安門診部,大安區,臺北市大安區辛亥路3段15號
曹眼科診所,大安區,臺北市大安區和平東路二段２６９號２樓
祥光診所,大安區,臺北市大安區忠孝東路三段八十六號十一樓之一
張國麟耳鼻喉科診所,大安區,臺北市大安區和平東路三段一四七號一樓
大安春暉診所,大安區,臺北市大安區大安路一段一八O號二樓
周大中婦產科診所,大安區,臺北市大安區敦化南路二段四十六號二樓
貝拉整形外科診所,大安區,臺北市大安區安和路1段141巷6號 (實際營業地址:1樓)
慈民骨科診所,大安區,臺北市大安區延吉街233巷2號
尚行美皮膚專科診所,大安區,臺北市大安區光復南路288號2樓之5、4樓之3
知美整形外科診所,大安區,臺北市大安區忠孝東路4段221號6樓
陳秀鳳婦產科診所,大安區,臺北市大安區和平東路二段１９１號２樓
大安林內科診所,大安區,臺北市大安區敦化南路一段３２１號５樓
新鑫耳鼻喉科診所,大安區,臺北市大安區師大路１０５巷１３號１樓
蔡國仁內兒科診所,大安區,臺北市大安區忠孝東路三段２１７巷４弄２１號
劉達昌眼科診所,大安區,臺北市大安區和平東路三段２３８號
全家聯合診所,大安區,臺北市大安區和平東路二段３５３號
林青穀家庭醫學科診所,大安區,臺北市大安區大安路1段2之1號
宜民時尚中醫診所,大安區,臺北市大安區忠孝東路4段170巷17弄9號
蔣曉山整形外科診所,大安區,臺北市大安區敦化南路一段１９２號２樓
同心婦產科診所,大安區,臺北市大安區東豐街２６號
李婦產科診所,大安區,臺北市大安區羅斯福路2段41號8樓之1
經典整形外科診所,大安區,臺北市大安區忠孝東路4段94之5號(6樓)
劉賢平婦產科診所,大安區,臺北市大安區延吉街１７５號２樓
景德耳鼻喉科診所,大安區,臺北市大安區和平東路二段１９１號
誼安診所,大安區,臺北市大安區仁愛路四段二五號三A
尹書田醫療財團法人書田泌尿科眼科診所,大安區,臺北市大安區建國南路2段276號1樓、2樓、4樓、4樓之1、B1、B1之1、278號1樓
許靜瑛小兒科診所,大安區,臺北市大安區和平東路1段230號1樓
榮主診所,大安區,臺北市大安區光復南路280巷23號3樓
王暉政眼科診所,大安區,臺北市大安區師大路１１０號１Ｆ
李翔耳鼻喉科診所,大安區,臺北市大安區和平東路2段18之8號2Ｆ
張渝醫師診所,大安區,臺北市大安區基隆路二段２７０號１Ｆ
許世賓婦產科診所,大安區,臺北市大安區和平東路一段169號2、4樓，171號2樓
杏心診所,大安區,臺北市大安區金山南路二段218號5樓
馬大勳婦產科診所,大安區,臺北市大安區安和路一段１１號２樓－１
適健復健科診所,大安區,臺北市大安區忠孝東路4段166號8樓、9樓
聖心牙醫診所,大安區,臺北市大安區延吉街１４０號２樓
陳峙仰診所,大安區,臺北市大安區敦化南路1段376號4樓之1
華品中醫診所,大安區,臺北市大安區忠孝東路4段250號3樓之3
黃禎祥診所,大安區,臺北市大安區師大路７１號
李唯通診所,大安區,臺北市大安區安居街十九號
呂小兒科診所,大安區,臺北市大安區通化街二十四巷六號一樓
安居診所,大安區,臺北市大安區和平東路3段252號
陳惠章婦產科家庭醫學科診所,大安區,臺北市大安區羅斯福路三段二六一號二樓
梁偉中整形外科診所,大安區,臺北市大安區忠孝東路四段一二四之四號五樓
啟誠聯合診所,大安區,臺北市大安區和平東路二段120號1樓、2樓、3樓、4樓
大安牙醫診所,大安區,臺北市大安區和平東路3段228巷2號2樓
林海民牙醫診所,大安區,臺北市大安區光復南路４１２號三樓之一
上德牙醫診所,大安區,臺北市大安區臥龍街一五一巷七十四號一Ｆ
亞德牙醫診所,大安區,臺北市大安區羅斯福路三段１７１號３樓
仁本牙醫診所,大安區,臺北市大安區新生南路一段１３７巷１７號１樓
永恩牙醫診所,大安區,臺北市大安區忠孝東路四段１７７號９樓－４
復興牙醫診所,大安區,臺北市大安區復興南路二段１８０巷８號１樓
幸園全方位牙醫診所,大安區,臺北市大安區敦化南路二段１74號2Ｆ
永大牙醫診所,大安區,臺北市大安區和平東路二段１２７號
得人牙醫診所,大安區,臺北市大安區復興南路一段一0七巷五弄六號二樓
漢光牙醫診所,大安區,臺北市大安區光復南路五七0號三樓
怡豪牙醫診所,大安區,臺北市大安區忠孝東路四段一二 0號D棟九樓
理想家牙醫診所,大安區,臺北市大安區忠孝東路四段162號6樓
王叔岩牙醫診所,大安區,臺北市大安區泰順街１０號
保仁牙醫診所,大安區,臺北市大安區羅斯福路三段２２７號３樓
麗水牙醫診所,大安區,臺北市大安區金華街１９９巷１弄８號
倫泰牙醫診所,大安區,臺北市大安區金華街２１５號
安麗整形外科診所,大安區,臺北市大安區復興南路1段215號6樓
星星親子眼科診所,大安區,臺北市大安區信義路三段114號2樓
八號牙醫診所,大安區,臺北市大安區通安街19巷1號
孩子王牙醫診所,大安區,臺北市大安區忠孝東路四段120-7號
美登牙醫診所,大安區,臺北市大安區金華街162之4號
永峰台北牙醫診所,大安區,臺北市大安區新生南路三段7之1號
翰佑牙醫診所,大安區,臺北市大安區忠孝東路四段３３０號１樓
白宮牙醫診所,大安區,臺北市大安區忠孝東路四段２１６巷１１弄４號２Ｆ
復光牙醫診所,大安區,臺北市大安區仁愛路四段３９０號２樓
宗聖牙醫診所,大安區,臺北市大安區復興南路二段１５１巷８－１號
中山醫療社團法人杏群診所,大安區,臺北市大安區仁愛路4段112巷12號1、2、3、6、7樓
景崧現代中醫診所,大安區,臺北市大安區基隆路二段148號
儷人整形外科診所,大安區,臺北市大安區忠孝東路四段六十號五樓之一
鍾啟榮皮膚科診所,大安區,臺北市大安區敦化南路一段二OO號三樓之一
曾皮膚科診所,大安區,臺北市大安區信義路二段三十八號一樓
鼎心診所,大安區,臺北市大安區新生南路2段2號2樓之5
新長安診所,大安區,臺北市大安區和平東路三段２２８巷３９號
皇家診所,大安區,臺北市大安區羅斯福路三段２２７號１０樓
田嘉程診所,大安區,臺北市大安區延吉街239之1號
昕彤診所,大安區,臺北市大安區忠孝東路4段73之3號(4樓)
亞典牙醫診所,大安區,臺北市大安區復興南路二段82號2樓之1、84號2樓
忠孝眼科診所,大安區,臺北市大安區忠孝東路四段１１２號６樓－７
楷鈞診所,大安區,臺北市大安區復興南路2段139號3樓
朝代牙醫診所,大安區,臺北市大安區和平東路3段218號
愛美薇診所,大安區,臺北市大安區信義路4段1號5樓之1
旭彤診所,大安區,臺北市大安區大安路1段101巷10號5樓
美安診所,大安區,臺北市大安區忠孝東路4段120之11號11樓
優活麗診所,大安區,臺北市大安區復興南路1段259號12樓之1
安麗牙醫診所,大安區,臺北市大安區和平東路3段99號暨103之1號
菁英牙醫診所,大安區,臺北市大安區復興南路1段213號4樓
晶晏時尚診所,大安區,臺北市大安區忠孝東路4段67之3號4樓
教主醫美整形外科診所,大安區,臺北市大安區和平東路一段6號5樓、5樓之1、5樓之2
嘉仕萌診所,大安區,臺北市大安區忠孝東路4段230號5樓
富霖診所,大安區,臺北市大安區敦化南路2段333、335號4樓
邱醫師診所,大安區,臺北市大安區和平東路3段288號
美式診所,大安區,臺北市大安區敦化南路1段270巷34號1樓及地下1樓
磐石牙醫診所,大安區,臺北市大安區復興南路2段283號８樓
尼斯診所,大安區,臺北市大安區敦化南路1段190巷51號、53號
星采整形外科診所,大安區,臺北市大安區仁愛路4段137號3樓之2
史邁爾牙醫診所,大安區,臺北市大安區忠孝東路4段299號3樓
京禾中醫診所,大安區,臺北市大安區復興南路二段173之1號2樓
捷靚皮膚專科診所,大安區,臺北市大安區信義路4段45號3樓之3
德恩中醫診所,大安區,臺北市大安區新生南路2段2號2樓之4
安仁診所,大安區,臺北市大安區安和路1段29號6樓
魏牙醫診所,大安區,臺北市大安區忠孝東路4段2號6樓之9
榮新診所,大安區,臺北市大安區建國南路2段276號8樓、9樓
聖侯診所,大安區,臺北市大安區樂業街139號
雅丰時尚診所,大安區,臺北市大安區忠孝東路四段221號11樓
嘉仕美整形外科診所,大安區,臺北市大安區忠孝東路4段230號2樓
米洛斯整形外科診所,大安區,臺北市大安區復興南路1段323號6樓
宇寧身心診所,大安區,臺北市大安區復興南路2段6號3樓
黃文香兒科診所,大安區,臺北市大安區忠孝東路4段250號2樓之1
主愛心靈診所,大安區,臺北市大安區羅斯福路3段269巷39號1樓
林仲樞整形外科診所,大安區,臺北市大安區忠孝東路4段128號3樓
寶吉祥中醫診所,大安區,臺北市大安區東豐街54號
品安牙醫診所,大安區,臺北市大安區光復南路402號
白石牙醫診所,大安區,臺北市大安區杭州南路2段107號3樓
御庭中醫診所,大安區,臺北市大安區忠孝東路4段166號12樓之3
和恩堂中醫診所,大安區,臺北市大安區和平東路三段六十三號十樓之三
百安堂中醫診所,大安區,臺北市大安區信義路三段一六二號之五一樓
醫道堂黃中醫診所,大安區,臺北市大安區延吉街２３３－３號２Ｆ
敦化芝加哥牙醫診所,大安區,臺北市大安區仁愛路四段一五一巷三十九號二樓
嘉正牙醫診所,大安區,臺北市大安區延吉街一三八巷三號四樓
童兆鯤牙醫診所,大安區,臺北市大安區樂利路十一巷二四號
京品醫美診所,大安區,臺北市大安區忠孝東路3段249之1號7樓
雅丰唯心中醫診所,大安區,臺北市大安區忠孝東路四段235號6樓
自體心理診所,大安區,臺北市大安區延吉街153之9號3樓
光慧診所,大安區,臺北市大安區復興南路二段176號
君綺大安診所,大安區,臺北市大安區忠孝東路4段30號3樓、4樓
和麗診所,大安區,臺北市大安區和平東路1段121號2樓
欣華安中醫診所,大安區,臺北市大安區大安路1段215號(實際營業地址：一層、二層)
微顏整形外科診所,大安區,臺北市大安區仁愛路四段107號5樓
誠鼎牙醫診所,大安區,臺北市大安區和平東路一段66號2樓
慈諴中醫診所,大安區,臺北市大安區四維路50號
全美診所,大安區,臺北市大安區復興南路1段127號3樓、3樓之1
奧拉克診所,大安區,臺北市大安區忠孝東路四段15號6樓之1
陳光華中醫診所,大安區,臺北市大安區通化街166之1號
茉莉牙醫診所,大安區,臺北市大安區忠孝東路三段253號3樓
仁愛傑生牙醫診所,大安區,臺北市大安區仁愛路4段30號1樓、30號2樓
璞心牙醫診所,大安區,臺北市大安區潮州街41號
宣品牙醫診所,大安區,臺北市大安區濟南路三段33號
吉升堂中醫診所,大安區,臺北市大安區泰順街44巷13號
品程牙醫診所,大安區,臺北市大安區信義路4段298號
麗式診所,大安區,臺北市大安區信義路4段251號15樓
華研牙醫診所,大安區,臺北市大安區仁愛路四段2號2樓
佛牙昌牙醫診所,大安區,臺北市大安區大安路1段101巷1號
植善牙醫診所,大安區,臺北市大安區建國南路一段152號4樓
城東牙醫診所,大安區,臺北市大安區忠孝東路四段220號2樓
雅丰麗緻診所,大安區,臺北市大安區忠孝東路4段221號5樓
昱典牙醫診所,大安區,臺北市大安區和平東路二段99號
小林醫師診所,大安區,臺北市大安區敦化南路1段225號地下二層之19
大觀堂中醫診所,大安區,臺北市大安區延吉街118號
陳詩明醫師診所,大安區,臺北市大安區忠孝東路4段126之3號
春暘診所,大安區,臺北市大安區敦化南路2段46號16樓
詹成晚牙醫診所,大安區,臺北市大安區安和路1段29號15樓
信義牙醫診所,大安區,臺北市大安區信義路二段 142號、148巷2號2樓
松德診所,大安區,臺北市大安區四維路170巷16號
安信牙醫診所,大安區,臺北市大安區大安路1段189號、191號2樓
台灣地區婦幼衛生中心醫療財團法人婦幼保健診所,大安區,臺北市大安區復興南路1段285號9樓
童顏診所,大安區,臺北市大安區忠孝東路3段251巷4弄6號
愛群婦產科診所,大安區,臺北市大安區信義路三段155號2樓之1、178號2樓、178號7樓
愛群中醫診所,大安區,臺北市大安區信義路三段178號6樓
聖宜診所,大安區,臺北市大安區敦化南路1段232巷4號地下一層、6號地下一層、8號1樓及地下一層、10號1樓及地下一層
奧美醫美診所,大安區,臺北市大安區復興南路一段200號4樓
天下牙醫診所,大安區,臺北市大安區信義路四段140號2樓
靚世紀診所,大安區,臺北市大安區忠孝東路四段155號3樓
田安然中醫診所,大安區,臺北市大安區信義路四段137號4樓
雅丰美膚診所,大安區,臺北市大安區忠孝東路4段221號5樓
台北生髮診所,大安區,臺北市大安區忠孝東路4段77巷15號2樓、大安路1段75巷21號2樓
雲品中醫診所,大安區,臺北市大安區忠孝東路4段216巷19弄4號
和欣視光眼科診所,大安區,臺北市大安區和平東路3段274號(實際營業地址:1樓、地下層)
君綺診所,大安區,臺北市大安區忠孝東路4段30號9樓、10樓
大安聚英視光眼科診所,大安區,臺北市大安區金山南路2段2號3樓
大心診所,大安區,臺北市大安區忠孝東路4段205巷7弄13號2樓
拇山菁英牙醫診所,大安區,臺北市大安區基隆路2段172之1號、172之2號
仁愛心悅牙醫診所,大安區,臺北市大安區仁愛路4段427號2樓
嘉速美整形外科醫美診所,大安區,臺北市大安區忠孝東路4段130號3樓
時尚元素診所,大安區,臺北市大安區基隆路2段164號2樓
鄢源貴婦產科診所,大安區,臺北市大安區信義路4段199巷2號5樓之1
輝馥復健專科診所,大安區,臺北市大安區忠孝東路4段218之5號2樓
百康診所,大安區,臺北市大安區忠孝東路四段333號8樓之3
樂奕診所,大安區,臺北市大安區大安路1段144巷5號
泰樺美學牙醫診所,大安區,臺北市大安區復興南路1段287號5樓之1
緻妍國際醫學美容診所,大安區,臺北市大安區建國南路1段165號(3樓)
超越復健診所,大安區,臺北市大安區羅斯福路二段81巷1號3、4、5樓
佳思優整形醫美診所,大安區,臺北市大安區新生南路1段153號2樓、2樓之1
世貿牙醫診所,大安區,臺北市大安區信義路4段311號2樓、313號2樓
福康診所,大安區,臺北市大安區忠孝東路三段247之1號3樓
天一堂中醫診所,大安區,臺北市大安區忠孝東路4段153號4樓
禾頤中醫診所,大安區,臺北市大安區忠孝東路4段231號11樓之1
安諾診所,大安區,臺北市大安區忠孝東路4段176之1號6樓
大馨牙醫診所,大安區,臺北市大安區敦化南路一段180號2樓
舒麗爾牙醫診所,大安區,臺北市大安區敦化南路1段216號5樓
耀美牙醫診所,大安區,臺北市大安區忠孝東路4段1號3樓、4樓
樂業中醫診所,大安區,臺北市大安區樂業街59號
貝麗牙醫診所,大安區,臺北市大安區敦化南路一段192號2樓之1
鴻馨診所,大安區,臺北市大安區大安路2段86之1號
珍世明眼科診所,大安區,臺北市大安區信義路4段98號2樓
馨思診所,大安區,臺北市大安區羅斯福路2段41號7樓之1
田逸堂中醫診所,大安區,臺北市大安區新生南路3段23號2樓
願麗醫美診所,大安區,臺北市大安區仁愛路4段33號2樓之1
踏石牙醫診所,大安區,臺北市大安區樂利路42巷2號
華特診所,大安區,臺北市大安區忠孝東路四段341號5樓之1
名媛芭比時尚醫美診所,大安區,臺北市大安區信義路4段380號
錠珹牙醫診所,大安區,臺北市大安區羅斯福路2段105號2樓之1
新禾牙醫診所,大安區,臺北市大安區仁愛路三段49號、49號地下一層、49號之1、49號地下一層之1
嶺先牙醫診所,大安區,臺北市大安區敦化南路1段228號3樓、9樓
瑞佛牙醫診所,大安區,臺北市大安區忠孝東路三段305號6樓
芮禾診所,大安區,臺北市大安區大安路一段133號5樓
靚優健康醫學美容診所,大安區,臺北市大安區忠孝東路4段126之6號（A座6樓）
A ONE 高階鼻美型診所,大安區,臺北市大安區羅斯福路3段309號3樓之2
元晨診所,大安區,臺北市大安區忠孝東路四段1號9樓
女神時尚診所,大安區,臺北市大安區忠孝東路4段329號7樓之1
大安身心診所,大安區,臺北市大安區和平東路2段18之9號
甯寓美學診所,大安區,臺北市大安區信義路2段198巷5號（1、2樓）
陽光燦亮診所,大安區,臺北市大安區忠孝東路四段166號7樓之3
聖諦亞健康管理診所,大安區,臺北市大安區仁愛路四段109號3樓
古亭京都堂中醫診所,大安區,臺北市大安區羅斯福路2段115號(實際營業地址：1樓、2樓)
星美妍國際醫美診所,大安區,臺北市大安區忠孝東路4段120之15號(3樓)
御守堂中醫診所,大安區,臺北市大安區和平東路3段113號
新華陀牙醫診所,大安區,臺北市大安區復興南路1段206號4樓之1
韓風時尚整形外科診所,大安區,臺北市大安區忠孝東路四段219號9樓
亞妮詩整形外科診所,大安區,臺北市大安區忠孝東路4段218之1號13樓
鄭振鴻中醫診所,大安區,臺北市大安區羅斯福路2段49號4樓
台生診所,大安區,臺北市大安區忠孝東路4段341號8樓之2
晨光牙醫診所,大安區,臺北市大安區四維路170巷1號(實際營業地址:1樓、2樓)
廣軒中醫診所,大安區,臺北市大安區光復南路308巷29號2樓
大安双眼明眼科診所,大安區,臺北市大安區復興南路1段103號2樓之1
青熙美學診所,大安區,臺北市大安區忠孝東路四段120之8號(8樓)
張惠琴中醫診所,大安區,臺北市大安區忠孝東路4段60號2樓之2、2樓之3
羅丹診所,大安區,臺北市大安區忠孝東路4段312號12樓、12樓之1、12樓之2、12樓之3、12樓之4
怡登敦南牙醫診所,大安區,臺北市大安區大安路1段119巷1號3樓
全新大安診所,大安區,臺北市大安區大安路1段101巷10號4樓
京都堂中醫診所,大安區,臺北市大安區忠孝東路4段205巷25號1樓、25號2樓
華育婦產科診所,大安區,臺北市大安區敦化南路二段39號12樓之1
享艾美時尚診所,大安區,臺北市大安區忠孝東路4段333號3樓
原綺診所,大安區,臺北市大安區金山南路2段3號5樓、6樓
信禾診所,大安區,臺北市大安區信義路4段281號2樓
夏娃診所,大安區,臺北市大安區師大路68巷2號2樓
和平婦產科診所,大安區,臺北市大安區和平東路1段180號5樓
樂力適診所,大安區,臺北市大安區忠孝東路3段305號4樓
成長空間診所,大安區,臺北市大安區敦化南路一段236巷29號
童話時尚診所,大安區,臺北市大安區安和路2段20巷8號、10號
琳安牙醫診所,大安區,臺北市大安區信義路四段138號3樓、140號3樓
怡登牙醫診所,大安區,臺北市大安區復興南路二段151巷39號
愛玩美診所,大安區,臺北市大安區復興南路一段321號2樓
安居牙醫診所,大安區,臺北市大安區安居街46巷1號
秀傳醫院,大安區,臺北市大安區光復南路116巷1、3、5號1至4樓及地下1樓
明日美牙醫診所,大安區,臺北市大安區忠孝東路四段210號5樓
富盈診所,大安區,臺北市大安區基隆路2段172之1號2樓、2樓之1、2樓之2、2樓之3、3樓、3樓之1、3樓之2、3樓之3、3樓之4
米漾診所,大安區,臺北市大安區信義路3段200號12樓
醫心堂中醫診所,大安區,臺北市大安區信義路4段267號2樓
富國牙醫診所,大安區,臺北市大安區復興南路1段227號2樓
立澄診所,大安區,臺北市大安區忠孝東路3段259號3樓
葉姿麟中醫診所,大安區,臺北市大安區瑞安街23巷14號
雲鼎中醫診所,大安區,臺北市大安區光復南路304號、306號
向陽身心診所,大安區,臺北市大安區忠孝東路4段218之2號2樓
日本元氣診所,大安區,臺北市大安區敦化南路2段267號17樓之5
聯新國際診所,大安區,臺北市大安區仁愛路4段77號3樓、3樓之1
伊生診所,大安區,臺北市大安區忠孝東路4段216巷32弄15號(1樓)、20號3樓
膚適美診所,大安區,臺北市大安區忠孝東路4段76號6樓之4、8樓之4、8樓之3
杏霖牙醫診所,大安區,臺北市大安區安和路2段64號3樓
熙之美醫美診所,大安區,臺北市大安區復興南路1段249號3樓
麗生時尚美學診所,大安區,臺北市大安區安和路1段21巷17號1樓
三豐診所,大安區,臺北市大安區信義路3段23號、23號2樓
米羅美漾診所,大安區,臺北市大安區忠孝東路4段183號8樓之4
忠孝安媞婦產科診所,大安區,臺北市大安區忠孝東路4段59號7樓之4
永茂忠孝診所,大安區,臺北市大安區忠孝東路4段231號6樓之1、6樓之2
拇山兒童牙科暨齒顎矯正牙醫診所,大安區,臺北市大安區基隆路2段172之4號
健全醫美診所,大安區,臺北市大安區信義路三段151號4樓
采依診所,大安區,臺北市大安區羅斯福路2段41號7樓之2
微媞時尚診所,大安區,臺北市大安區忠孝東路四段250號2樓及2樓之6
晶喜美牙醫診所,大安區,臺北市大安區忠孝東路4段333號12樓之1
樂活診所,大安區,臺北市大安區師大路12號(實際營業地址：1樓、3樓)
佑昌中醫診所,大安區,臺北市大安區羅斯福路3段29號2樓、2樓之1
比鼻八千代診所,大安區,臺北市大安區復興南路一段200號5樓、5樓之1
賽爾拉雅特時尚診所,大安區,臺北市大安區仁愛路4段122巷26號(含地下1樓)
天美診所,大安區,臺北市大安區復興南路二段82號3樓
維納斯時尚診所,大安區,臺北市大安區金山南路2段3號3樓、9樓
善緣中醫診所,大安區,臺北市大安區忠孝東路3段261號5樓
明悅中醫診所,大安區,臺北市大安區忠孝東路4段210之1號9樓
得愉牙醫診所,大安區,臺北市大安區復興南路1段107巷5弄27號2樓
康禾中醫診所,大安區,臺北市大安區羅斯福路3段275號2樓、2樓之1
上璽中醫診所,大安區,臺北市大安區信義路4段1號7樓之1
宇川自然醫學診所,大安區,臺北市大安區敦化南路1段259號2樓
日安健康診所,大安區,臺北市大安區仁愛路4段33號6樓
宏康復健專科診所,大安區,臺北市大安區信義路4段134號及134號2樓
大師美學診所,大安區,臺北市大安區復興南路1段204號3樓之1、3樓之2
安東診所,大安區,臺北市大安區和平東路2段229號(1樓、2樓)
樂芙美形診所,大安區,臺北市大安區忠孝東路4段166號8樓之1
國際整形外科診所,大安區,臺北市大安區忠孝東路4段59號5樓之2、之3
台北亞緻整形外科診所,大安區,臺北市大安區仁愛路4段2號5樓
馨適牙醫診所,大安區,臺北市大安區建國南路1段300號
秀寧診所,大安區,臺北市大安區光復南路116巷1號5樓、3號5樓、5號5樓(實際營業地址：6樓)
璞美整形外科醫美診所,大安區,臺北市大安區復興南路1段222號6樓
蜜絲歐妮診所,大安區,臺北市大安區忠孝東路4段126之24號(12樓)
漫雲思境診所,大安區,臺北市大安區瑞安街61巷1弄5號
元天中醫診所,大安區,臺北市大安區安和路1段112巷13號
聖緹雅醫美皮膚科診所,大安區,臺北市大安區仁愛路四段107號13樓
小岩井診所,大安區,臺北市大安區光復南路260巷23號2樓
仁愛星和診所,大安區,臺北市大安區光復南路306號2樓及2樓之1
司鉑診所,大安區,臺北市大安區忠孝東路4段128號12樓
韓佳人綠洲診所,大安區,臺北市大安區光復南路72巷7弄9號1樓
慕診所,大安區,臺北市大安區復興南路二段12巷25號1樓
新復生診所,大安區,臺北市大安區仁愛路4段151巷38號2樓
台加牙醫診所,大安區,臺北市大安區復興南路2段268號11樓
無痕美學診所,大安區,臺北市大安區安和路1段86號2樓
一家牙醫診所,大安區,臺北市大安區建國南路2段151巷44號(1樓)
藏琢診所,大安區,臺北市大安區新生南路1段161巷37號1樓
喬雅時尚診所,大安區,臺北市大安區忠孝東路4段147巷1號10樓
適群診所,大安區,臺北市大安區四維路198巷32號、32之1號、32之2號、34號、36號、36之2號、復興南路2段283號10樓
行一診所,大安區,臺北市大安區新生南路3段19巷8號3樓之1
K Beauty 時尚美學診所,大安區,臺北市大安區忠孝東路4段223巷38號2樓
保惠中醫診所,大安區,臺北市大安區嘉興街363巷18弄1號
櫟安診所,大安區,臺北市大安區金山南路2段200號11樓
維昕時尚診所,大安區,臺北市大安區復興南路1段137號4樓之7、4樓之8
翔恩牙醫診所,大安區,臺北市大安區信義路3段106號4樓之7
奐采美診所,大安區,臺北市大安區忠孝東路4段50號5樓
禾安診所,大安區,臺北市大安區忠孝東路3段100號2樓、2樓之1
敦南諾貝爾眼科診所,大安區,臺北市大安區敦化南路1段216號3樓
同心堂中醫診所,大安區,臺北市大安區通化街85號、85號2樓
君漾美牙醫診所,大安區,臺北市大安區忠孝東路4段250號4樓
羅福牙醫診所,大安區,臺北市大安區羅斯福路2段81巷1號1樓、1號2樓
喜顏美學診所,大安區,臺北市大安區敦化南路1段252巷25號1樓
寶泫診所,大安區,臺北市大安區忠孝東路4段311號2樓之2
健華診所,大安區,臺北市大安區和平東路2段299號(實際營業地址:1樓)
大安丰采美學牙醫診所,大安區,臺北市大安區新生南路2段18號1樓、地下1層
臥和彩日牙醫診所,大安區,臺北市大安區和平東路3段2號1樓、2樓
初樂極緻美學診所,大安區,臺北市大安區大安路1段116巷9號1樓
勝安中醫診所,大安區,臺北市大安區仁愛路4段435號6樓
楊海醫師診所,大安區,臺北市大安區新生南路2段2號6樓之2
愛群小兒專科診所,大安區,臺北市大安區信義路3段170號2樓、170號2樓之1、172號2樓、172號2樓之1
信德診所,大安區,臺北市大安區敦化南路1段362號5樓、5樓之1
風華御髮植髮診所,大安區,臺北市大安區羅斯福路2段33號4樓
全相中醫診所,大安區,臺北市大安區安和路1段112巷19號
醫者診所,大安區,臺北市大安區基隆路2段172之1號4樓、4樓之1、4樓之2、4樓之3、4樓之4
愛群信安中醫診所,大安區,臺北市大安區信義路3段170號2樓、170號2樓之1、172號2樓、172號2樓之1
幸福婦產科診所,大安區,臺北市大安區忠孝東路4段235號12樓
鼎妍中醫診所,大安區,臺北市大安區光復南路318號、318號2樓、308巷19號
仁一牙醫診所,大安區,臺北市大安區仁愛路4段449號6樓
生生優動忠孝新生診所,大安區,臺北市大安區濟南路3段9號1樓
昇陽一品中醫診所,大安區,臺北市大安區敦化南路1段236巷9號1樓
祐民牙醫診所,大安區,臺北市大安區忠孝東路4段134號3樓
藝群忠孝診所,大安區,臺北市大安區忠孝東路4段128號10樓
禾馨宜蘊婦產科診所,大安區,臺北市大安區信義路3段149號15樓、15樓之1
仁愛好日子診所,大安區,臺北市大安區仁愛路3段5巷3之2號
忠孝昌盛堂中醫診所,大安區,臺北市大安區忠孝東路4段205巷7弄1號3樓
君綺忠孝診所,大安區,臺北市大安區忠孝東路4段30號5、6樓
木木日安皮膚專科診所,大安區,臺北市大安區復興南路1段81號1樓、79巷2號2樓之3及79巷4弄2號地下1層之37
上尚診所,大安區,臺北市大安區忠孝東路4段216巷19弄4號2樓
群光自然診所,大安區,臺北市大安區羅斯福路3段271號10樓
協力牙醫診所,大安區,臺北市大安區仁愛路4段99號6樓
江子朋醫美診所,大安區,臺北市大安區復興南路1段137號6樓之8
忠孝喜月泌尿科診所,大安區,臺北市大安區忠孝東路4段59號7樓、59號7樓之1
葵芮蓓緹醫美診所,大安區,臺北市大安區仁愛路3段5巷1弄9號1樓
艾戀國際診所,大安區,臺北市大安區敦化南路1段225號9樓之2、忠孝東路4段166號8樓之2
幸衍醫美診所,大安區,臺北市大安區復興南路2段111巷7號2樓
國健中醫診所,大安區,臺北市大安區和平東路1段280號2樓
杏澤健康診所,大安區,臺北市大安區復興南路1段215號12樓、12樓之1
花之妍美學診所,大安區,臺北市大安區光復南路240巷23號4樓
艾朵拉診所,大安區,臺北市大安區忠孝東路4段60號3樓之3
麗舍整形外科診所,大安區,臺北市大安區基隆路2段172之1號5樓、5樓之1、5樓之2、5樓之3、5樓之4
喜月泌尿診所,大安區,臺北市大安區杭州南路2段63號
自由風美醫診所,大安區,臺北市大安區復興南路1段259號2樓之1
台北享新代診所,大安區,臺北市大安區忠孝東路4段26巷7號2樓
雅德思植牙美學牙醫診所,大安區,臺北市大安區敦化南路1段177巷46號1樓
忠孝星美妍國際醫美診所,大安區,臺北市大安區忠孝東路4段220號4樓
李瑞玉中醫診所,大安區,臺北市大安區金山南路2段222號2樓
汾陽中醫診所,大安區,臺北市大安區忠孝東路4段146巷1號7樓
木木日安醫學美容診所,大安區,臺北市大安區敦化南路1段138之1號(1樓、2樓)
佳齡診所,大安區,臺北市大安區敦化南路1段191號地下、地下之1至8、地下之37至73、地下之84至85
聖緹雅美學診所,大安區,臺北市大安區仁愛路4段107號6樓
忠孝書拉密美學診所,大安區,臺北市大安區忠孝東路4段15號6樓
麗綺醫美診所,大安區,臺北市大安區復興南路1段352號4樓
樂益耳鼻喉科診所,大安區,臺北市大安區復興南路2段161號1樓
天予診所,大安區,臺北市大安區敦化南路1段138號4樓之7
沐雲美學診所,大安區,臺北市大安區延吉街153之3號3樓
憶安診所,大安區,臺北市大安區信義路3段3號2樓之2
交感身心診所,大安區,臺北市大安區信義路4段143號4樓
荻珥整形外科診所,大安區,臺北市大安區敦化南路1段261號2樓
寶儷國際美型診所,大安區,臺北市大安區金山南路二段3號8樓
昱安中醫診所,大安區,臺北市大安區新生南路2段54巷8號
童顏漾診所,大安區,臺北市大安區敦化南路1段259號5樓
彭燕婷中醫診所,大安區,臺北市大安區和平東路1段171號3樓之2、171號3樓之3
和穆牙醫診所,大安區,臺北市大安區信義路3段202號4樓之１
顧芳瑜泌尿科診所,大安區,臺北市大安區信義路3段192之1號4樓
沐淨科技體雕診所,大安區,臺北市大安區忠孝東路4段112號12樓之13
台北孟德爾診所,大安區,臺北市大安區敦化南路1段216號10樓
澤之肌皮膚專科診所,大安區,臺北市大安區信義路4段109之1號1樓、2樓
無齡診所,大安區,臺北市大安區敦化南路1段259號13樓
微光牙醫診所,大安區,臺北市大安區信義路3段35號2樓
詠恩中醫診所,大安區,臺北市大安區和平東路3段236號1樓
星媺信義診所,大安區,臺北市大安區信義路4段303號3樓
艾尚美醫美診所,大安區,臺北市大安區忠孝東路4段55之8號(9樓)
旅美學活力診所,大安區,臺北市大安區復興南路1段135巷17號3樓之1
安澐診所,大安區,臺北市大安區復興南路2段150號(1樓)
群富牙醫診所,大安區,臺北市大安區信義路4段199巷19號1樓
苙登醫美診所,大安區,臺北市大安區忠孝東路4段112號9樓之13
逸林診所,大安區,臺北市大安區信義路4段109之2號1樓
超美診所,大安區,臺北市大安區忠孝東路4段178號9樓
生活家牙醫診所,大安區,臺北市大安區忠孝東路4段212號6樓
德霖中醫診所,大安區,臺北市大安區信義路4段168號1樓
輕齡診所,大安區,臺北市大安區安和路1段32號2樓之2、2樓之3
煥儷美形仁愛診所,大安區,臺北市大安區仁愛路4段2號8樓
溫州泰昌堂中醫診所,大安區,臺北市大安區溫州街86號
良鑫牙醫診所,大安區,臺北市大安區羅斯福路2段83之7號1樓（含1層、2層）、83之8號1樓（含1層、2層）
大安傑生牙醫診所,大安區,臺北市大安區仁愛路4段27巷16號1樓
甯之美診所,大安區,臺北市大安區復興南路1段323號4樓
通化祥寧中醫診所,大安區,臺北市大安區通化街26之5號1樓、26之5號2樓
瑞加診所,大安區,臺北市大安區信義路4段267號6樓
琢白美學牙醫診所,大安區,臺北市大安區忠孝東路4段153號2樓
大安逸采診所,大安區,臺北市大安區信義路3 段186號5樓
媚登峯纖體醫妍安和診所,大安區,臺北市大安區仁愛路4段151巷18號地下1層
名漾玉璽中醫診所,大安區,臺北市大安區忠孝東路4段329號3樓、3樓之1
星媺診所,大安區,臺北市大安區忠孝東路4段107號11樓
仁愛耳鼻喉科診所,大安區,臺北市大安區光復南路308巷55號1樓
生活家醫美診所,大安區,臺北市大安區忠孝東路4段212號6樓之1
涂育嘉中醫診所,大安區,臺北市大安區基隆路2段180之1號(1樓)
時英中醫診所,大安區,臺北市大安區辛亥路1段89號1樓
凱妍診所,大安區,臺北市大安區忠孝東路4段128號8樓
樂晨牙醫診所,大安區,臺北市大安區大安路1段65號2樓之2
健格牙醫診所,大安區,臺北市大安區金山南路2段152號1樓
創新牙醫診所,大安區,臺北市大安區師大路12號（2樓）
禾顏時尚醫美診所,大安區,臺北市大安區忠孝東路3段249號6樓
原美學診所,大安區,臺北市大安區羅斯福路3段309號3樓、3樓之5
大安雲天牙醫診所,大安區,臺北市大安區復興南路2段8號2樓
東風診所,大安區,臺北市大安區忠孝東路4段132號4樓
冠美國際時尚診所,大安區,臺北市大安區光復南路260巷24號4樓
琢月診所,大安區,臺北市大安區忠孝東路4段69之4號(5樓)
杏霖中醫診所,大安區,臺北市大安區和平東路二段101號
馨思身心精神科診所,大安區,臺北市大安區信義路2段208號7樓之1
仁生復健科診所,大安區,臺北市大安區信義路4段265巷17號1樓、17號2樓
馥儷診所,大安區,臺北市大安區忠孝東路4段50號2樓
樂康美診所,大安區,臺北市大安區敦化南路1段188號9樓
菁萃美診所,大安區,臺北市大安區復興南路1段279巷22號1樓
芙曦中醫診所,大安區,臺北市大安區新生南路1段165巷16號(1樓)
賦真妍整形外科專科診所,大安區,臺北市大安區忠孝東路4段162號3樓、166號3樓之3
安瑟美皮膚科診所,大安區,臺北市大安區安和路1段113號2樓
永生樹診所,大安區,臺北市大安區忠孝東路4段124之2號(3樓)
童安牙醫診所,大安區,臺北市大安區溫州街１１巷１０號１樓
樸秀中醫診所,大安區,臺北市大安區復興南路2段35號2樓
小禾馨小兒專科診所,大安區,臺北市大安區新生南路三段4號
大安中醫診所,大安區,臺北市大安區大安路1段65號3樓、65號4樓
名人牙醫診所,大安區,臺北市大安區和平東路一段２００號２樓
康和中醫診所,大安區,臺北市大安區忠孝東路三段251巷5弄1號
杏保醫網信康診所,大安區,臺北市大安區敦化南路2段335號1樓
明道牙醫診所,大安區,臺北市大安區忠孝東路四段２０５巷９號２樓
楊鵬生婦產科診所,大安區,臺北市大安區信義路2段72號2樓
吳岳龍牙醫診所,大安區,臺北市大安區仁愛路4段64號3樓
窈窕診所,大安區,臺北市大安區復興南路2段6號4樓
惠澤中醫診所,大安區,臺北市大安區泰順街44巷22-5號
雋品牙醫診所,大安區,臺北市大安區延吉街66號2樓
愛群兒童成長診所,大安區,臺北市大安區信義路三段155號1、2樓
東方美學診所,大安區,臺北市大安區信義路4段63號4樓
芮亞時尚美學診所,大安區,臺北市大安區忠孝東路4段134號8樓
皓群牙醫診所,大安區,臺北市大安區安和路一段五十三號二樓
維藝美學牙醫診所,大安區,臺北市大安區忠孝東路4段183號3樓之1、3樓之2
康軒牙醫診所,大安區,臺北市大安區信義路4段189號
大學眼科診所,大安區,臺北市大安區新生南路3段54之3號1樓、54巷2號2樓、54巷2號2樓之1
育生中醫診所,大安區,臺北市大安區羅斯福路三段261號3樓、4樓
大安耳鼻喉科診所,大安區,臺北市大安區復興南路二段163號
欣欣牙醫診所,大安區,臺北市大安區和平東路一段１９８號２樓
夏爾診所,大安區,臺北市大安區信義路4段265巷52號、54號
莊雅惠中醫診所,大安區,臺北市大安區復興南路1段142號(2樓)
雲濤中醫診所,大安區,臺北市大安區建國南路1段304巷33號1樓
易明中醫診所,大安區,臺北市大安區辛亥路2段39號（1樓）
日亞美牙醫診所,大安區,臺北市大安區敦化南路1段219號4樓
伊勢美診所,大安區,臺北市大安區信義路2段104號6樓
天津牙醫診所,大安區,臺北市大安區忠孝東路三段86號１樓
于賓診所,大安區,臺北市大安區忠孝東路3段305號7樓之4、5、6
宗翰牙醫診所,大安區,臺北市大安區富陽街104號1樓
達仁診所,大安區,臺北市大安區信義路2段208號4樓
皇珈美學診所,大安區,臺北市大安區光復南路290巷28號
及人牙醫診所,大安區,臺北市大安區大安路一段１７０號２樓－１
御絨中醫診所,大安區,臺北市大安區忠孝東路4段153號11樓
皓美牙醫診所,大安區,臺北市大安區忠孝東路四段128號5樓
衣絜時尚美學診所,大安區,臺北市大安區仁愛路四段四號2樓
懷生牙醫診所,大安區,臺北市大安區忠孝東路三段２４８巷９－１號
松林牙醫診所,大安區,臺北市大安區延吉街233巷8號
采欣醫美診所,大安區,臺北市大安區忠孝東路4段176號10樓
中央公園精品牙醫診所,大安區,臺北市大安區信義路3段147巷11弄19號
芊月堂中醫診所,大安區,臺北市大安區復興南路1段115號2樓
明圳齒顎矯正專科診所,大安區,臺北市大安區和平東路一段91號3樓、3樓之1、3樓之2、10樓之1、10樓之2
尖端診所,大安區,臺北市大安區敦化南路二段一六八號十一樓
宸光眼科診所,大安區,臺北市大安區信義路4段199巷13號1樓
師大昌盛堂中醫診所,大安區,臺北市大安區師大路59巷7號1樓
秘境美學診所,大安區,臺北市大安區忠孝東路4段222號5樓、224號5樓
從心牙醫診所,大安區,臺北市大安區安和路2段35巷5號2樓
百靈診所,大安區,臺北市大安區復興南路1段204號5樓之1
張尚哲婦產科診所,大安區,臺北市大安區忠孝東路四段２１０號４Ｆ
容華診所,大安區,臺北市大安區敦化南路1段219號5樓
尚品牙醫診所,大安區,臺北市大安區羅斯福路二段79-1 號2樓
琳安診所,大安區,臺北市大安區信義路4段138號3樓、140號3樓
常榮牙醫診所,大安區,臺北市大安區潮州街５９巷１－１號
覺世中醫診所,大安區,臺北市大安區信義路2段226號7樓
輕鬆美膚皮膚科診所,大安區,臺北市大安區羅斯福路3段301號3樓
灩妮醫美診所,大安區,臺北市大安區和平東路一段10號3樓
樂陽中醫診所,大安區,臺北市大安區和平東路3段304號
毛爵生髮診所,大安區,臺北市大安區忠孝東路4段220號3樓、218之5號5樓
偉成牙醫診所,大安區,臺北市大安區安和路二段１７５號一樓
小太陽牙醫診所,大安區,臺北市大安區麗水街6之1號3樓
僑展牙醫診所,大安區,臺北市大安區忠孝東路四段２１６巷１６號２樓－１
保順牙醫診所,大安區,臺北市大安區羅斯福路三段２８３巷１３號
美之約醫美診所,大安區,臺北市大安區忠孝東路4段60號12樓之2及12樓之3
忠孝大學眼科診所,大安區,臺北市大安區忠孝東路4段178號1樓、178號2樓、178之1號1樓、178之1號2樓
榮愛牙醫診所,大安區,臺北市大安區延吉街１０９號
如一整形外科診所,大安區,臺北市大安區信義路3段149號10樓
曼星整形醫美診所,大安區,臺北市大安區信義路4段58號3樓之2、3樓之3、4樓之2
法喬醫美診所,大安區,臺北市大安區忠孝東路4段71之2號(3樓)、73之2號(3樓)
忠孝世賓婦產科診所,大安區,臺北市大安區忠孝東路4段176號4樓
加得牙醫診所,大安區,臺北市大安區忠孝東路四段223巷9號2樓
御美診所,大安區,臺北市大安區仁愛路4段137號4樓之2
瑩中醫診所,大安區,臺北市大安區忠孝東路4段177號4樓
嘉齡診所,大安區,臺北市大安區敦化南路1段191號地下之28至31、地下之105至106、地下之110至113、地下之120至122、地下之130至131
吳濬哲骨科診所,大安區,臺北市大安區敦化南路1段294號
琢悅牙醫診所,大安區,臺北市大安區安和路1段93號1樓、99號2樓之2
奇璞光經方中醫診所,大安區,臺北市大安區大安路1段220巷11號
睿醫診所,大安區,臺北市大安區忠孝東路4段170巷18弄18號2樓之1
杏和牙醫診所,大安區,臺北市大安區延吉街162號2樓
頂好預防醫學診所,大安區,臺北市大安區忠孝東路4段59號6樓之3
琢禾美學診所,大安區,臺北市大安區新生南路2段2號7樓
世旻牙醫診所,大安區,臺北市大安區復興南路二段151巷13號
施崇仁耳鼻喉科診所,大安區,臺北市大安區和平東路二段３１１巷13號１Ｆ
呈易美學牙醫診所,大安區,臺北市大安區復興南路1段135巷7號2樓
安曼牙醫診所,大安區,臺北市大安區復興南路1段135巷27號8樓之3
華成牙醫診所,大安區,臺北市大安區溫州街１1巷2號
康禾牙醫診所,大安區,臺北市大安區敦化南路1段228號6樓
泰仁牙醫診所,大安區,臺北市大安區仁愛路四段４０７－２號
鍾雲霓外科診所,大安區,臺北市大安區信義路3段149號10樓
張少萌婦產科診所,大安區,臺北市大安區信義路四段１９９巷２號４樓之１之２
芽苑牙醫診所,大安區,臺北市大安區安和路1段49巷7號
安若牙醫診所,大安區,臺北市大安區忠孝東路4段218號4樓
志清牙醫診所,大安區,臺北市大安區安東街54號
佳德牙醫診所,大安區,臺北市大安區延吉街１８６號２樓
董曉青眼科診所,大安區,臺北市大安區安和路二段69巷6號2樓
來家牙醫診所,大安區,臺北市大安區大安路2段162號
陽光美診所,大安區,臺北市大安區忠孝東路4段312號4樓之4
己研美學診所,大安區,臺北市大安區永康街10巷10號1樓、10巷8號(1樓含1層、2層)
向昕美學整形外科診所,大安區,臺北市大安區忠孝東路4段178號11樓
楊氏診所,大安區,臺北市大安區光復南路280巷24號 3、4、5樓
芙蕾亞時尚診所,大安區,臺北市大安區復興南路1段70號3樓之1
詠漾診所,大安區,臺北市大安區仁愛路4段419號3樓
欣昇復健科診所,大安區,臺北市大安區復興南路一段283號
優德診所,大安區,臺北市大安區延吉街１５３－２號５樓
杏語心靈診所,大安區,臺北市大安區復興南路1段200號11樓
陳運瑩中醫診所,大安區,臺北市大安區信義路四段265巷10弄2-1號
璞真中醫診所,大安區,臺北市大安區忠孝東路四段311號2樓之4
淨妍醫美診所,大安區,臺北市大安區忠孝東路4段212號4樓之1
禾馨大安婦幼診所,大安區,臺北市大安區新生南路3段4號2樓
蔡凱宙自然骨科診所,大安區,臺北市大安區羅斯福路3段309號4樓之3
緻美整形外科診所,大安區,臺北市大安區仁愛路四段50之3號(2樓)
尚凌診所,大安區,臺北市大安區忠孝東路三段257號3樓、261號2樓
甘露中醫診所,大安區,臺北市大安區信義路2段44巷10之2號
八千代診所,大安區,臺北市大安區大安路1段101巷10號3樓
愛美士時尚醫美診所,大安區,臺北市大安區安和路1段61號4樓
樂沐時尚診所,大安區,臺北市大安區文昌街205號2樓
醫者新診所,大安區,臺北市大安區基隆路2段172之1號4樓、4樓之1、4樓之2、4樓之3、4樓之4
冠德牙醫診所,大安區,臺北市大安區和平東路一段91號10樓
法瑞診所,大安區,臺北市大安區忠孝東路4段53之8號
華盛頓牙醫診所,大安區,臺北市大安區和平東路3段111號1樓、111號2樓
仁愛濰視眼科診所,大安區,臺北市大安區復興南路1段 243號3樓、3樓之1
洛城牙醫診所,大安區,臺北市大安區仁愛路三段２５號２樓
宜蘊中醫診所,大安區,臺北市大安區信義路3段149號5樓之1
美加仁愛醫美診所,大安區,臺北市大安區復興南路一段227號4樓
鴻林牙醫診所,大安區,臺北市大安區復興南路一段１３５巷１１號
首盛診所,大安區,臺北市大安區大安路1段101巷5號1樓
陳建銓耳鼻喉科診所,大安區,臺北市大安區樂利路９３號１Ｆ
陳瑞鵬婦產科診所,大安區,臺北市大安區信義路四段１７７號２樓
慶祥牙醫診所,大安區,臺北市大安區大安路一段５２巷１９號１樓
粗淡中醫診所,大安區,臺北市大安區信義路二段８０號
立喆診所,大安區,臺北市大安區建國南路二段151巷52號
延吉美皮膚專科診所,大安區,臺北市大安區忠孝東路四段250號3樓之1、3樓之2
和圓中醫診所,大安區,臺北市大安區通化街38巷22號
美德美學牙醫診所,大安區,臺北市大安區忠孝東路4段230號6樓
伊美學牙醫診所,大安區,臺北市大安區敦化南路1段233巷40號(1樓)
極緻皮膚專科診所,大安區,臺北市大安區忠孝東路四段49巷2號7樓
安瑟美膚整形外科診所,大安區,臺北市大安區安和路1段113號2樓之1
信義英爵醫美診所,大安區,臺北市大安區信義路四段206號、208號2樓、210號2樓
仁愛牙醫診所,大安區,臺北市大安區和平東路3段79號
台北亞緻牙醫診所,大安區,臺北市大安區仁愛路4段4號5樓
哈利路亞曾英欽診所,大安區,臺北市大安區仁愛路3段29號地下室
品範牙醫診所,大安區,臺北市大安區和平東路3段340號
忠孝三井牙醫診所,大安區,臺北市大安區忠孝東路4段50號1樓
新慶生診所,大安區,臺北市大安區仁愛路四段151巷36號2樓之1
瀚群骨科診所,大安區,臺北市大安區仁愛路4段2號1樓、2號3樓
謝婦產科診所,大安區,臺北市大安區忠孝東路四段311號3樓之1
昱捷診所,大安區,臺北市大安區信義路3段202號9樓之2、9樓之3
光澤診所,大安區,臺北市大安區忠孝東路四段1號5樓、8樓
群英整形外科診所,大安區,臺北市大安區信義路4段279號3樓、281號3樓
華仁牙醫診所,大安區,臺北市大安區忠孝東路3段259號1-2樓
再生診所,大安區,臺北市大安區永康街7巷18號
家中醫診所,大安區,臺北市大安區雲和街38之1號2樓
蔡牙醫診所,大安區,臺北市大安區東豐街５６號
長青牙醫診所,大安區,臺北市大安區敦化南路二段88號及86號2樓之2、86號10樓之2
羽田醫美診所,大安區,臺北市大安區羅斯福路3段171號6樓、6樓之1
睿揚診所,大安區,臺北市大安區和平東路1段180號10樓
晴天身心診所,大安區,臺北市大安區延吉街135之3號2樓
艾萊克時尚診所,大安區,臺北市大安區忠孝東路四段162號7樓之3
橘子牙醫診所,大安區,臺北市大安區忠孝東路4段299號2樓、2樓之1
金貞醫學美容診所,大安區,臺北市大安區市民大道3段198號11樓
全德中醫診所,大安區,臺北市大安區羅斯福路3段37號3樓
大安尊生堂中醫診所,大安區,臺北市大安區光復南路558號
信愛牙醫診所,大安區,臺北市大安區敦化南路1段289號2樓之4
博全婦產科診所,大安區,臺北市大安區大安路一段18號、16巷1、1-1、3、3-1、5、5-1號2樓
銘妍診所,大安區,臺北市大安區忠孝東路四段107號8樓
德尚牙醫診所,大安區,臺北市大安區光復南路308巷44號
晶漾診所,大安區,臺北市大安區忠孝東路4段333號10樓
采悅牙醫診所,大安區,臺北市大安區師大路92巷8之1號
本華牙醫診所,大安區,臺北市大安區仁愛路四段413號3樓
林慧雯婦產科診所,大安區,臺北市大安區忠孝東路4段210之1號2樓
杏群牙醫診所,大安區,臺北市大安區仁愛路四段112巷12號4樓
舊金山牙醫診所,大安區,臺北市大安區敦化南路2段168號3樓
怡登唯美牙醫診所,大安區,臺北市大安區大安路1段119巷1號、1號2樓
愛家自然診所,大安區,臺北市大安區建國南路1段160號6樓
十全牙醫診所,大安區,臺北市大安區信義路三段１３４巷４８號１樓
佳醫美人診所,大安區,臺北市大安區仁愛路四段66號2樓
泉源診所,大同區,臺北市大同區庫倫街51之5號(1樓)
李牙醫診所,大同區,臺北市大同區酒泉街86號1樓及88號1樓
聖方診所,大同區,臺北市大同區長安西路177巷2號(1樓、2樓、3樓)
悅昇診所,大同區,臺北市大同區錦西街50之1號(1樓)
唯媜牙醫診所,大同區,臺北市大同區南京西路220號(1樓、2樓)
京站全人牙醫診所,大同區,臺北市大同區華陰街59號1樓、2樓
信賴堂中醫診所,大同區,臺北市大同區南京西路222號(1樓、2樓)
牧人所身心醫學診所,大同區,臺北市大同區承德路3段232號1樓
新緻美學牙醫診所,大同區,臺北市大同區承德路1段8號5樓之2
趙黎海診所,大同區,臺北市大同區哈密街六十七號
良朋牙醫診所,大同區,臺北市大同區天水路32號2樓
廣博診所,大同區,臺北市大同區長安西路二二O巷五號
阡禾中醫診所,大同區,臺北市大同區承德路3段169號1樓
全品牙醫診所,大同區,臺北市大同區寧夏路１１０－３號
新旅程復健科診所,大同區,臺北市大同區民權西路237之7號(實際營業樓層:1樓、2樓)及237之9號(實際營業樓層:1樓、2樓)
秀冠植髮診所,大同區,臺北市大同區延平北路1段110號2樓
佑佳內科診所,大同區,臺北市大同區承德路2段142號1樓及2樓
包眼科診所,大同區,臺北市大同區保安街５４之１號
西寧安泰牙醫診所,大同區,臺北市大同區西寧北路１５號1樓
雙連同仁中醫診所,大同區,臺北市大同區民生西路78號4樓
賢福診所,大同區,臺北市大同區民權西路148號2樓
佳安中醫診所,大同區,臺北市大同區哈密街87號
伊甸診所,大同區,臺北市大同區承德路一段66號8樓
周皮膚科診所,大同區,臺北市大同區延平北路一段二十六號
晶悅美學牙醫診所,大同區,臺北市大同區民生西路138號
明昇中醫診所,大同區,臺北市大同區赤峰街13號
建成診所,大同區,臺北市大同區長安西路82號
南西司鉑診所,大同區,臺北市大同區南京西路30號10樓之1
聖心婦家醫診所,大同區,臺北市大同區保安街1之1號(1樓)
新悅中醫診所,大同區,臺北市大同區民生西路71號1樓
森田牙醫診所,大同區,臺北市大同區重慶北路二段8號1、2、3樓及10號1、2、3樓
文山堂牙醫診所,大同區,臺北市大同區南京西路１８５巷５－２號
美平方健康美學診所,大同區,臺北市大同區鄭州路119號2樓之1
正德中醫診所,大同區,臺北市大同區民權西路125號(實際營業地址：5樓)
夏立雲診所,大同區,臺北市大同區保安街４３號
博裕牙醫診所,大同區,臺北市大同區保安街3之3號
曾鳳飛牙醫診所,大同區,臺北市大同區長安西路１１７號二樓
梅約內科診所,大同區,臺北市大同區長安西路88號1、2、3樓
黃隆慶婦產科診所,大同區,臺北市大同區歸綏街181號2樓之1
杏菖中醫診所,大同區,臺北市大同區重慶北路二段42號
圓山診所,大同區,臺北市大同區酒泉街131號(1樓)
臺北市立聯合醫院附設大同門診部,大同區,臺北市大同區昌吉街52號(1樓及2樓)
建成牙醫診所,大同區,臺北市大同區西寧北路５１－１號２樓
宏嘉牙醫診所,大同區,臺北市大同區赤峰街１１號１樓
控八控控中醫診所,大同區,臺北市大同區承德路三段148之1號
松柏牙醫診所,大同區,臺北市大同區重慶北路三段96號
陳重熙內科小兒科診所,大同區,臺北市大同區保安街３之４號
羅志弘診所,大同區,臺北市大同區重慶北路三段１１５號
黃眼科診所,大同區,臺北市大同區重慶北路三段２５６號２樓
大龍峒耳鼻喉科診所,大同區,臺北市大同區民族西路223之5號
張漢權內科診所,大同區,臺北市大同區重慶北路一段９２號
天一中醫診所,大同區,臺北市大同區重慶北路三段98號(實際營業地址:1樓及地下一層)
英瑞牙醫診所,大同區,臺北市大同區重慶北路二段１１５號2樓
欣恩牙醫診所,大同區,臺北市大同區重慶北路二段235之5號
大龍牙醫診所,大同區,臺北市大同區重慶北路3段278之1號2樓、278之2號2樓
林仲皮膚科診所,大同區,臺北市大同區延平北路2段20號
羅源彰診所,大同區,臺北市大同區長安西路137號
廣安診所,大同區,臺北市大同區大龍街１７７巷３號
周承良耳鼻喉科診所,大同區,臺北市大同區延平北路一段二十二號
路易牙醫診所,大同區,臺北市大同區華陰街43號
慶吉診所,大同區,臺北市大同區重慶北路三段209號
泓斌中醫診所,大同區,臺北市大同區大龍街27號
忻安牙醫診所,大同區,臺北市大同區民權西路122號1樓
澤康診所,大同區,臺北市大同區重慶北路三段71號
重慶堂中醫診所,大同區,臺北市大同區延平北路2段88之1號
人生中醫診所,大同區,臺北市大同區重慶北路2段88號1樓
廣順中醫診所,大同區,臺北市大同區延平北路三段82號及昌吉街214號
宜康復健科診所,大同區,臺北市大同區民族西路124號、124之1號及126號
救鼻堂中醫診所,大同區,臺北市大同區庫倫街48之4號2樓
夏凱納生活診所,大同區,臺北市大同區五原路15號、19號2樓
建順診所,大同區,臺北市大同區甘州街51號
梅約診所,大同區,臺北市大同區長安西路88號1、2、3樓
永茂醫美診所,大同區,臺北市大同區南京西路22號8樓
德和中醫診所,大同區,臺北市大同區迪化街一段22號(實際營業地址：1樓)
圓山長麗牙醫診所,大同區,臺北市大同區酒泉街121號
翰鳴堂中醫診所,大同區,臺北市大同區重慶北路一段83巷6號
祐雙診所,大同區,臺北市大同區民生西路138號2樓
生元德中醫診所,大同區,臺北市大同區南京西路185巷14號
御森美學牙醫診所,大同區,臺北市大同區南京西路80號
尊榮美學牙醫診所,大同區,臺北市大同區承德路2段172號(1樓)、176號(1樓)
南西維格皮膚科診所,大同區,臺北市大同區南京西路22號3樓之1、3樓之2
安世中醫診所,大同區,臺北市大同區重慶北路一段102號(實際營業地址:1樓)
祥恩耳鼻喉科診所,大同區,臺北市大同區民生西路195號
原平中醫診所,大同區,臺北市大同區民生西路199號
大同耳鼻喉科診所,大同區,臺北市大同區重慶北路三段250之3、250之4號
夢工場整形醫美診所,大同區,臺北市大同區承德路一段32號5樓
清松堂中醫診所,大同區,臺北市大同區承德路一段17號5樓之1、5樓之2
寧夏診所,大同區,臺北市大同區民生西路236號
光點中醫診所,大同區,臺北市大同區重慶北路三段274之1號(實際開業樓層：1樓及夾層)
志勛皮膚科診所,大同區,臺北市大同區重慶北路二段2、4號(實際營業地址:1、2及3樓)
喜聖診所,大同區,臺北市大同區長安西路235號(1樓)、237號(1樓)、239號2樓之1、239號2樓之2
永東牙醫診所,大同區,臺北市大同區延平北路3段27號1樓
京水堂中醫診所,大同區,臺北市大同區南京西路22號(3樓)
立威口腔顎面外科牙醫診所,大同區,臺北市大同區重慶北路三段280號、280號二樓(實際營業樓層：第一層至第四層)
京站好萊塢診所,大同區,臺北市大同區鄭州路3號(實際營業地址 :1層、2層、3層)
郁品堂老中醫診所,大同區,臺北市大同區迪化街1段315號(1樓)
時尚假期整形醫美診所,大同區,臺北市大同區南京西路278號2樓
學而中醫診所,大同區,臺北市大同區延平北路3段18巷7號
良元中醫診所,大同區,臺北市大同區長安西路51之1號(1樓)
朵薇診所,大同區,臺北市大同區南京西路288號3樓之9、3樓之10、3樓之11
千暘診所,大同區,臺北市大同區民權西路268號2樓、2樓之1、2樓之3
知田中醫診所,大同區,臺北市大同區民生西路78號2樓之1
妍植國際醫美診所,大同區,臺北市大同區南京西路44號(1樓)
喜顏快時尚診所,大同區,臺北市大同區南京西路18巷4弄4之1號1樓
欣華牙醫診所,大同區,臺北市大同區民生西路123號、承德路2段137號8樓之4
松興堂中醫診所,大同區,臺北市大同區重慶北路二段35號
余自興眼科診所,大同區,臺北市大同區重慶北路三段二一三號一樓
宏麗牙醫診所,大同區,臺北市大同區南京西路65號2樓（實際營業：二層、三層）
朝陽牙醫診所,大同區,臺北市大同區延平北路二段１０９號２樓
信陽中醫診所,大同區,臺北市大同區蘭州街５９號
大翔牙醫診所,大同區,臺北市大同區重慶北路三段278之1號8樓
名柏牙醫診所,大同區,臺北市大同區承德路三段247巷26號
臺北市立聯合醫院,大同區,臺北市大同區鄭州路145號
順天堂中醫診所,大同區,臺北市大同區昌吉街79號1樓
陳月琴中醫診所,大同區,臺北市大同區承德路三段181號
陳潮宗中醫診所,大同區,臺北市大同區民權西路127號1樓、127之1號1樓及155號(1樓)
泉玥牙醫診所,大同區,臺北市大同區太原路113號(2樓、3樓)
天喜牙醫診所,大同區,臺北市大同區民族西路一三八號一樓
黃博裕小兒科診所,大同區,臺北市大同區赤峰街４９巷２１號
長興牙醫診所,大同區,臺北市大同區延平北路二段124號2樓之1
朱世輝耳鼻喉科診所,大同區,臺北市大同區民權西路１０６號2樓
三德牙醫診所,大同區,臺北市大同區承德路三段１００號一樓
正和中醫診所,大同區,臺北市大同區重慶北路2段51號1樓
華源堂中醫診所,大同區,臺北市大同區民生西路３１８號
吳震鵬牙醫診所,大同區,臺北市大同區大龍街１８３號
永新聯合牙醫診所,大同區,臺北市大同區民族西路156號
紘成診所,大同區,臺北市大同區長安西路53巷7弄1之1號1樓
美堅牙醫診所,大同區,臺北市大同區延平北路三段１１５號２樓
正記中醫診所,大同區,臺北市大同區重慶北路二段一○二號
陳欽銘中醫內科診所,大同區,臺北市大同區重慶北路三段２５巷２號
保順中醫診所,大同區,臺北市大同區哈密街九十九號
一聖堂中醫診所,大同區,臺北市大同區民生西路一五四號
傑品牙醫診所,大同區,臺北市大同區哈蜜街５９巷３１弄１號
琥珀中醫診所,大同區,臺北市大同區長安西路289號1樓
蔡健生內、神經科診所,大同區,臺北市大同區大龍街１８７巷３０號
仁偉牙醫診所,大同區,臺北市大同區民權西路144巷1號（1樓）、3號（1樓）
維明牙醫診所,大同區,臺北市大同區延平北路三段３４號
永欣診所,大同區,臺北市大同區南京西路30號3樓之3
林志宏中醫診所,大同區,臺北市大同區延平北路二段14號
濟民中醫診所,大同區,臺北市大同區重慶北路二段106號
全生中醫診所,大同區,臺北市大同區重慶北路二段一八四號
御聖堂中醫診所,大同區,臺北市大同區延平北路2段190號1樓
英士牙醫診所,大同區,臺北市大同區太原路１５４－１１號
杜瑞煙牙醫診所,大同區,臺北市大同區重慶北路二段１８３－１號三樓
宏偉牙醫診所,大同區,臺北市大同區延平北路二段２４３號２樓
欣容牙醫診所,大同區,臺北市大同區重慶北路二段２３５號
大仁牙醫診所,大同區,臺北市大同區雙連街五十四號一樓
台一牙醫診所,大同區,臺北市大同區南京西路６１號７樓
博群牙醫診所,大同區,臺北市大同區延平北路二段２１９號
立全牙醫診所,大同區,臺北市大同區延平北路二段145號
雅晴牙醫診所,大同區,臺北市大同區延平北路二段127號
章牙醫診所,大同區,臺北市大同區延平北路二段144巷13之1號
永達牙醫診所,大同區,臺北市大同區延平北路一段155號３樓
旭揚牙醫診所,大同區,臺北市大同區承德路一段４１巷１２號
杏仁牙醫診所,大同區,臺北市大同區酒泉街１９３號２樓
劍橋牙醫診所,大同區,臺北市大同區民權西路144 巷13號1樓、B1
哲安牙醫診所,大同區,臺北市大同區南京西路１６７巷３－３號２Ｆ
新林牙醫診所,大同區,臺北市大同區哈密街113號
順然牙醫診所,大同區,臺北市大同區延平北路三段８１號
鈞生診所,大同區,臺北市大同區甘州街２８號
施小兒科診所,大同區,臺北市大同區重慶北路三段２８號
蔡皮膚科診所,大同區,臺北市大同區重慶北路二段１１５號
中華民國防癆協會第一胸腔病防治所,大同區,臺北市大同區民權西路一○四號二樓
延平耳鼻喉科診所,大同區,臺北市大同區重慶北路二段二三五之四號一樓
台北聖仁皮膚科診所,大同區,臺北市大同區南京西路71號2樓
和泰內科診所,大同區,臺北市大同區南京西路406號8樓
桂林內科診所,大同區,臺北市大同區太原路６２號
四季花妍整形診所,中山區,臺北市中山區長春路16號5樓
禾宇復健科診所,中山區,臺北市中山區龍江路356巷79號
心禾診所,中山區,臺北市中山區復興北路92號11樓之1
高固亷診所,中山區,臺北市中山區北安路613號、595巷1號地下一層
睿智牙醫診所,中山區,臺北市中山區北安路六二一巷二十五號
三和牙醫診所,中山區,臺北市中山區四平街１６號
鼎廬診所,中山區,臺北市中山區中山北路二段１３７巷３７號１樓
民生承安診所,中山區,臺北市中山區民生東路3段90號1樓、2樓
創興診所,中山區,臺北市中山區復興北路378號地下二樓
林源泉中醫診所,中山區,臺北市中山區農安街２３５號
維成牙醫診所,中山區,臺北市中山區樂群二路113號
中山元晨診所,中山區,臺北市中山區中山北路1段145號(7樓)
禾康診所,中山區,臺北市中山區林森北路486號
美麗晶華診所,中山區,臺北市中山區中山北路二段81之2號(實際營業樓層:一層、二層、三層)
越診所,中山區,臺北市中山區南京東路2段37號(1樓、2樓)、39號(1樓、2樓)、41巷2號(1樓、2樓)、6號(1樓、2樓)、8號(1樓、2樓)、8之1號(1樓、2樓)
永暉診所,中山區,臺北市中山區林森北路612號3樓、614號3樓
虎林診所,中山區,臺北市中山區中山北路2段137巷1號5樓之26
祐瑞中醫診所,中山區,臺北市中山區松江路69巷11號1樓
宗北內科診所,中山區,臺北市中山區民生西路24號2樓
登彩整形外科診所,中山區,臺北市中山區中山北路二段62巷5號1樓
極品牙醫診所,中山區,臺北市中山區伊通街二十七號一樓
禾森牙醫診所,中山區,臺北市中山區明水路475巷15號
美朵整形外科診所,中山區,臺北市中山區中山北路2段31號5樓
林佳瑩中醫診所,中山區,臺北市中山區南京西路1之1號3樓
愛鄰診所,中山區,臺北市中山區北安路520之1號
進安身心診所,中山區,臺北市中山區北安路593號、593號地下
北歐牙醫診所,中山區,臺北市中山區中山北路2段28之1號2樓
豐秀整形外科診所,中山區,臺北市中山區中山北路2段52號2樓
杰膚美診所,中山區,臺北市中山區復興北路50號2樓
恆美學中山診所,中山區,臺北市中山區南京東路1段46號7樓
創健診所,中山區,臺北市中山區復興北路378號地下一層
葉小兒科診所,中山區,臺北市中山區長春路２２７號
東海牙醫診所,中山區,臺北市中山區農安街１７４號１樓
賴達三診所,中山區,臺北市中山區民生東路二段８２號
東仁中醫診所,中山區,臺北市中山區錦州街275號(實際營業地址:1樓及地下一層)
吳佩臻診所,中山區,臺北市中山區中山北路二段162號4樓及4樓之1
京華中醫診所,中山區,臺北市中山區松江路95之1號
明誠診所,中山區,臺北市中山區錦州街446號
耘康復健科診所,中山區,臺北市中山區復興北路402巷8弄2號
爵美牙醫診所,中山區,臺北市中山區龍江路238號
尚達牙醫診所,中山區,臺北市中山區民生東路3段1號2樓
旭恩復健科診所,中山區,臺北市中山區復興北路38號2樓
新田身心診所,中山區,臺北市中山區復興北路344號2樓
鑫牙醫診所,中山區,臺北市中山區興安街100號１Ｆ
元生中醫診所,中山區,臺北市中山區龍江路179巷40號
大華牙醫診所,中山區,臺北市中山區長安東路二段１０１號２樓
星晴牙醫診所,中山區,臺北市中山區龍江路373號1樓
明錦生髮植髮診所,中山區,臺北市中山區南京東路二路62號7樓
醫貫東西中醫診所,中山區,臺北市中山區敬業一路189號（1樓）
德美診所,中山區,臺北市中山區北安路五九六號一樓
星誠牙醫診所,中山區,臺北市中山區民生東路二段160號、160號2樓
全人健康診所,中山區,臺北市中山區中山北路三段38號2樓
國防部醫務組診所,中山區,臺北市中山區北安路409號
蔡朝雄牙醫診所,中山區,臺北市中山區林森北路４３２號２樓之２
亞太牙醫診所,中山區,臺北市中山區遼寧街２４號
正元中醫診所,中山區,臺北市中山區林森北路482號、484號
君綺整形外科診所,中山區,臺北市中山區南京東路二段111號2樓
慶恩小兒科診所,中山區,臺北市中山區吉林路一一七號
尊榮優植牙醫診所,中山區,臺北市中山區南京東路三段208號2樓
信安診所,中山區,臺北市中山區民生西路24號3樓
欣安牙醫診所,中山區,臺北市中山區天祥路12號
濱江中醫診所,中山區,臺北市中山區五常街53巷30之2號
黃雅芬兒童心智診所,中山區,臺北市中山區南京西路5之1號12樓之1
福聯牙醫診所,中山區,臺北市中山區復興北路５１４巷６０號１樓
晉宏診所,中山區,臺北市中山區復興北路５１４巷５６號１樓
慶生診所,中山區,臺北市中山區林森北路561號2樓之7及之8
上允牙醫診所,中山區,臺北市中山區北安路五七一號
法緹美學時尚診所,中山區,臺北市中山區林森北路109號(實際營業地址：3樓)
璞蘊整形外科診所,中山區,臺北市中山區南京東路2段76號5樓
健生牙醫診所,中山區,臺北市中山區龍江路二之四號
雲門中醫診所,中山區,臺北市中山區松江路170巷12號
陳烱輝診所,中山區,臺北市中山區民生東路二段１０３號
惟亷診所,中山區,臺北市中山區北安路595巷1號地下一層
小星星牙醫診所,中山區,臺北市中山區樂群三路56號7樓
聆心中醫診所,中山區,臺北市中山區興安街75號(1樓)
聖璽中醫診所,中山區,臺北市中山區農安街26號2樓之1、2樓之2
科學中醫診所,中山區,臺北市中山區民權東路2段86號(1樓)
施宏男復健科診所,中山區,臺北市中山區松江路158號3樓、3樓之1
隆昌牙醫診所,中山區,臺北市中山區中原街４８號２Ｆ
上格牙醫診所,中山區,臺北市中山區長春路八十九號之四   一樓
英皇美學牙醫診所,中山區,臺北市中山區民權西路38之2號(2樓)
中山全美診所,中山區,臺北市中山區長春路152號(1樓、2樓)
新生中醫診所,中山區,臺北市中山區興安街91號
長春禾麗診所,中山區,臺北市中山區長春路380號3樓之1
上恩牙醫診所,中山區,臺北市中山區長春路四○八號三樓
柏泉內科小兒科診所,中山區,臺北市中山區北安路５９５巷２０弄５號
勤美悠植牙醫診所,中山區,臺北市中山區建國北路二段6巷3號
大直診所,中山區,臺北市中山區北安路595巷2弄2號(1樓及地下層)、6號1樓
任惠民牙醫診所,中山區,臺北市中山區吉林路二五一號二樓
景正牙醫診所,中山區,臺北市中山區龍江路31號1樓、4樓之1
真幸福牙醫診所,中山區,臺北市中山區民權西路70巷47號
由麗美型診所,中山區,臺北市中山區錦州街296號
蔡國賢耳鼻喉科診所,中山區,臺北市中山區長安東路二段108之2號(1樓)
綠葉親子診所,中山區,臺北市中山區農安街12之1號(1樓)
莎斐爾整形外科診所,中山區,臺北市中山區南京東路2段11號7樓
文化中醫診所,中山區,臺北市中山區撫順街37號
晏安診所,中山區,臺北市中山區長安東路二段１８９號之６
康卓牙醫診所,中山區,臺北市中山區朱崙街56號
迪昇牙醫診所,中山區,臺北市中山區北安路595巷20弄3號1樓
明新牙醫診所,中山區,臺北市中山區龍江路161號
高地植髮家診所,中山區,臺北市中山區南京東路三段91號2樓
振芝沃本診所,中山區,臺北市中山區復興北路290號2樓之1
芙美醫學診所,中山區,臺北市中山區中山北路3段45號2樓
吉林中醫診所,中山區,臺北市中山區吉林路428號(1樓)
達康診所,中山區,臺北市中山區龍江路298巷21號1樓
吾霏醫美食驗室診所,中山區,臺北市中山區中山北路2段2號4樓
緻美牙醫診所,中山區,臺北市中山區長春路130之1號2樓
健誌牙醫診所,中山區,臺北市中山區長春路78號3樓、3樓之1、3樓之2
新英格蘭診所,中山區,臺北市中山區松江路396號1樓
劉氏松鶴中醫診所,中山區,臺北市中山區民權西路20號12樓之5
八通關中醫診所,中山區,臺北市中山區南京東路2段21巷13號1樓
旭恩牙醫診所,中山區,臺北市中山區中山北路2段153號1樓
太初中醫診所,中山區,臺北市中山區復興北路92號6樓之1
粹究美學診所,中山區,臺北市中山區 南京東路2段20號2樓
佳飛雅緻美學診所,中山區,臺北市中山區中山北路2段39巷18號(1、2樓)
澄玥中醫診所,中山區,臺北市中山區松江路100巷1號1樓
南京粹究美學診所,中山區,臺北市中山區南京東路2段62號10樓
維醫診所,中山區,臺北市中山區林森北路574號(1樓、2樓、3樓、4樓)
長安東診所,中山區,臺北市中山區長安東路2段50之2號1樓
元鼎診所,中山區,臺北市中山區長安東路2段184號2樓之1
花漾國際美學診所,中山區,臺北市中山區民權東路2段21號3樓
聚英尊爵視光眼科診所,中山區,臺北市中山區樂群二路173號1樓及187號2樓之1
斯林中醫診所,中山區,臺北市中山區民生東路2段95號(1樓)
長安東牙醫診所,中山區,臺北市中山區長安東路2段50之2號1樓
益壽堂中醫診所,中山區,臺北市中山區北安路569之1號1樓
和心中醫診所,中山區,臺北市中山區農安街43之2號(1樓)
喜安診所,中山區,臺北市中山區新生北路1段66號3樓
中山淨妍醫美診所,中山區,臺北市中山區南京東路2段20號3樓
麗風堂中醫診所,中山區,臺北市中山區中山北路2段12號2樓
漢補世家中醫診所,中山區,臺北市中山區民權東路3段80號(1樓、2樓)
泓采診所,中山區,臺北市中山區建國北路2段137號1樓
羅浮婦女診所,中山區,臺北市中山區長安東路2段88號12樓、90號12樓
金蘋果美學診所,中山區,臺北市中山區遼寧街107之2號1樓
健柏診所,中山區,臺北市中山區明水路688號(地下一層)、1樓、2樓
中山顧家泌尿科診所,中山區,臺北市中山區中山北路2段99號2樓
力安醫學診所,中山區,臺北市中山區樂群二路267號4樓
采騰診所,中山區,臺北市中山區復興北路38號6樓、40號6樓
翡翠診所,中山區,臺北市中山區松江路38巷33號1樓
銀河星辰醫美診所,中山區,臺北市中山區南京西路5之1號5樓之1
晶華美醫診所,中山區,臺北市中山區中山北路2段39巷2之2號2、3、4樓
順馨牙醫診所,中山區,臺北市中山區民權東路2段152巷16號1樓
安和美醫美外科診所,中山區,臺北市中山區錦州街12號2樓之1
日禾中醫診所,中山區,臺北市中山區復興北路186號1樓
心湛美學診所,中山區,臺北市中山區南京東路2段60號12樓
康倪美學診所,中山區,臺北市中山區龍江路106巷1號(1樓)及龍江路108號(1樓)、108號2樓、108號2樓之1
煥顏診所,中山區,臺北市中山區新生北路2段33巷9號1樓
柏克萊眼科診所,中山區,臺北市中山區明水路573號1樓
中崙國際診所,中山區,臺北市中山區八德路2段303號(1樓)、305號(1樓及2樓)、307號(1樓及2樓)
薇光御境牙醫診所,中山區,臺北市中山區樂群二路265巷40號(1、2樓)、42號(1、2樓)
存奕美學診所,中山區,臺北市中山區中山北路2段52號3樓、3樓之1、3樓之2
中山適康復健科診所,中山區,臺北市中山區龍江路268號、270號2樓之1
敦北諾貝爾診所,中山區,臺北市中山區長安東路二段189號2樓之2
國興中醫診所,中山區,臺北市中山區長安東路2段230號6樓之1
不二親子牙醫診所,中山區,臺北市中山區南京東路1段2號3樓之1、3樓之3
AR進階鼻美學時尚診所,中山區,臺北市中山區南京東路二段20號7樓之1至之5
瑞醫時尚醫美診所,中山區,臺北市中山區復興北路164號3樓
賦真妍皮膚專科診所,中山區,臺北市中山區八德路二段315號、317號、319號
美麗境界南京復興診所,中山區,臺北市中山區南京東路三段201號4樓之1
勝耀中醫診所,中山區,臺北市中山區北安路608巷4弄21號1樓
醫誠堂中醫診所,中山區,臺北市中山區龍江路185之1號
品傑牙醫診所,中山區,臺北市中山區長春路124號
金時診所,中山區,臺北市中山區敬業二路69巷20號1樓
欣莘時尚美學診所,中山區,臺北市中山區長安東路2段63號2樓、63號2樓之1
馥林中醫診所,中山區,臺北市中山區中山北路一段82號6樓
詩宓診所,中山區,臺北市中山區民生東路2段161號3樓
得心身醫學台北總診所,中山區,臺北市中山區復興北路60號3樓之2
元和雅整形外科診所,中山區,臺北市中山區松江路125號2樓、2樓之1
晨曦生活診所,中山區,臺北市中山區松江路131之3號
極緻醫美診所,中山區,臺北市中山區南京東路2段96號5樓
台北佐登微爾醫美診所,中山區,臺北市中山區民權東路1段48號(1樓、2樓、2樓之1)、50號(1樓)
芸安堂中醫診所,中山區,臺北市中山區民權東路二段95號
大直佳醫美人診所,中山區,臺北市中山區樂群三路287號
初日診所,中山區,臺北市中山區民生東路2段163號3樓
裕見美牙醫診所,中山區,臺北市中山區樂群二路265巷28號（1、2、3樓）、30號（1、2、3樓）
德式診所,中山區,臺北市中山區德惠街9號4樓之9、4樓之10
麗星診所,中山區,臺北市中山區建國北路二段135號7樓
優植牙醫診所,中山區,臺北市中山區遼寧街128巷13號(實際營業地址：第一層)
上質健康管理診所,中山區,臺北市中山區北安路780號6樓
雙連中醫診所,中山區,臺北市中山區民生西路6號9樓
美麗線時尚診所,中山區,臺北市中山區南京東路2段76號2樓
名瑿醫美診所,中山區,臺北市中山區松江路276號3樓
煥顏牙醫診所,中山區,臺北市中山區新生北路二段33巷9號
勢喬牙醫診所,中山區,臺北市中山區松江路108巷29號2樓
又喜明眼科診所,中山區,臺北市中山區北安路572號(實際營業樓層1樓、2樓)
三代生物能牙醫診所,中山區,臺北市中山區長春路142之1號(實際營業:一層、 二層)
佑昇診所,中山區,臺北市中山區長安東路2段88號8樓、90號8樓
生基婦產科診所,中山區,臺北市中山區長安東路二段108號2樓、2樓之1、2樓之2、2樓之3、2樓之4
力慈科學中醫診所,中山區,臺北市中山區長春路105號
南西光澤診所,中山區,臺北市中山區南京東路一段24號7樓
送子鳥11診所,中山區,臺北市中山區樂群二路187號1樓、189號1樓、189號2樓、189號2樓之1
丹朵醫學診所,中山區,臺北市中山區長春路3巷13、15號
義美牙醫診所,中山區,臺北市中山區中山北路二段71號4樓
民生展欣眼科診所,中山區,臺北市中山區民生東路三段92號
穆樂貳牙醫診所,中山區,臺北市中山區敬業二路69巷61號2樓
醫髮診所,中山區,臺北市中山區復興南路1段36之9號9樓、36之10號9樓
九之牙醫診所,中山區,臺北市中山區龍江路202號
長木牙醫診所,中山區,臺北市中山區樂群二路185號
興安養生堂中醫診所,中山區,臺北市中山區興安街 51之6號
澤林毛髮診所,中山區,臺北市中山區長安東路二段78號6樓
魏嘉宏皮膚科診所,中山區,臺北市中山區民權東路三段72號(實際營業:一層、二層)
植仕美數位美學牙醫診所,中山區,臺北市中山區南京東路三段208號6樓
振芝心身醫學診所,中山區,臺北市中山區復興北路282號2樓
麗安耳鼻喉科診所,中山區,臺北市中山區龍江路289號
好日子診所,中山區,臺北市中山區中山北路二段183巷3之3號
大直北安中醫診所,中山區,臺北市中山區北安路575號1樓
固亷診所,中山區,臺北市中山區北安路613號、595巷1號地下一層
巴黎國際長春診所,中山區,臺北市中山區民權東路3段78號(實際營業地址:一層、二層)
新昇中醫診所,中山區,臺北市中山區松江路123巷6之2號(實際使用樓層1、2樓)
南京愛爾麗診所,中山區,臺北市中山區南京東路二段100號2樓
洛桑醫學診所,中山區,臺北市中山區敬業一路128巷28號4樓
穆樂牙醫診所,中山區,臺北市中山區敬業二路69巷61號
台灣九芝堂中醫診所,中山區,臺北市中山區吉林路22巷7號
昌盛堂中醫診所,中山區,臺北市中山區松江路275之1號2樓、277號2樓、277之1號2樓
柏安診所,中山區,臺北市中山區長安東路二段88號10樓及90號10樓
玉山診所,中山區,臺北市中山區錦州街251號(實際營業:二層)
景亷復健科診所,中山區,臺北市中山區北安路607號、607之1號、595巷1號地下一層
育仁診所,中山區,臺北市中山區錦州街286號
宏品中醫診所,中山區,臺北市中山區中山北路1段64號1樓、66號2樓
鈺璽診所,中山區,臺北市中山區南京東路二段132號4樓
希望美醫診所,中山區,臺北市中山區南京西路8號8樓
承錡馬楷牙醫診所,中山區,臺北市中山區長春路65號2樓
璞心中醫診所,中山區,臺北市中山區龍江路297號
頤康美學牙醫診所,中山區,臺北市中山區民生東路一段13號2樓
禮凡牙醫診所,中山區,臺北市中山區建國北路二段186巷1號、188號
馨美診所,中山區,臺北市中山區中山北路二段77之1號2樓
祥瑞堂中醫診所,中山區,臺北市中山區天祥路24號
詹益偉耳鼻喉科診所,中山區,臺北市中山區北安路611號
學德堂中醫診所,中山區,臺北市中山區松江路97巷2之1號
得原中醫診所,中山區,臺北市中山區錦州街259號
優視眼科診所,中山區,臺北市中山區民生東路一段30號2樓
花栗鼠牙醫診所,中山區,臺北市中山區復興北路78號2樓
彥靚診所,中山區,臺北市中山區松江路75之1號3樓
大直佳恩診所,中山區,臺北市中山區北安路591號1樓及地下層
秀仁整形外科診所,中山區,臺北市中山區民生東路一段29號9樓之1
四季和安婦幼診所,中山區,臺北市中山區林森北路452號地下1樓、458號及458號3樓、460號及460號2樓、錦州街23巷3號3樓
上博牙醫診所,中山區,臺北市中山區興安街67號(1樓)
祺祥中醫診所,中山區,臺北市中山區松江路20-1號1樓
詠生中醫診所,中山區,臺北市中山區樂群二路196號
榮星診所,中山區,臺北市中山區龍江路272號 (實際營業地址:1樓、地下一層)及274號 (實際營業地址:1樓)
好美醫美診所,中山區,臺北市中山區南京西路5之1號6樓
辰品牙醫診所,中山區,臺北市中山區北安路615號
安康復健科診所,中山區,臺北市中山區松江路54號2樓
雙連婦產科小兒科診所,中山區,臺北市中山區民生西路30號4樓
晶點牙醫診所,中山區,臺北市中山區中山北路二段39巷10號2樓、2樓之1
元林診所,中山區,臺北市中山區吉林路239號3樓、239號3樓之1
美麗好診所,中山區,臺北市中山區南京東路一段42號3樓
漢研中醫診所,中山區,臺北市中山區興安街63號2樓之10
喜悅健康診所,中山區,臺北市中山區龍江路152號地下一層、152號地下一層之2
泰宏牙醫診所,中山區,臺北市中山區龍江路342巷17號
康心美婦診所,中山區,臺北市中山區農安街14號2樓、雙城街17之4號2樓
王倩梅中醫診所,中山區,臺北市中山區復興北路86號7樓之1
長安牙醫診所,中山區,臺北市中山區長安東路二段189之4號、189號2樓之4
瀛海牙醫診所,中山區,臺北市中山區伊通街104號2樓
哲民診所,中山區,臺北市中山區龍江路356巷24號
杜李威中醫診所,中山區,臺北市中山區松江路132巷9號
幸恩牙醫診所,中山區,臺北市中山區伊通街28號
達特琳醫美診所,中山區,臺北市中山區南京東路三段195號3樓
群英楊麗珍黃景昱皮膚科診所,中山區,臺北市中山區南京東路一段36號3樓
生技明生診所,中山區,臺北市中山區中山北路一段72號2樓、2樓之1、2樓之2
曼都整形外科診所,中山區,臺北市中山區南京東路2段76號7樓
興安診所,中山區,臺北市中山區民生東路3段90號2樓、9 0號2樓之3
恆麗美型診所,中山區,臺北市中山區松江路273號3樓
台灣基督長老教會馬偕醫療財團法人馬偕兒童醫院,中山區,臺北市中山區中山北路2段92號
長安內外科診所,中山區,臺北市中山區八德路二段259號
風尚雅緻牙醫診所,中山區,臺北市中山區復興北路92號2樓之1、2樓之2
黃偉俐診所,中山區,臺北市中山區天津街37號2樓
博康牙醫診所,中山區,臺北市中山區民生東路2段38號(1樓)
微煦心靈診所,中山區,臺北市中山區中山北路二段39巷6號2樓之1
延安中醫診所,中山區,臺北市中山區長安西路18號
林丹薇診所,中山區,臺北市中山區中山北路二段162號4樓及4樓之1
中山民權王耳鼻喉科診所,中山區,臺北市中山區中山北路二段166號之2
居仁堂中醫診所,中山區,臺北市中山區松江路124巷11號
瀚仕診所,中山區,臺北市中山區松江路369號2樓
傳愛經典中醫診所,中山區,臺北市中山區龍江路29號(實際營業地址在1樓)
杏慈診所,中山區,臺北市中山區民權東路二段152巷2之1號
晴美牙醫診所,中山區,臺北市中山區復興北路350號2樓
京硯皮膚科診所,中山區,臺北市中山區長春路210號1樓、212號(1樓)、212之1號(1樓)、212之2號(1樓)
澄觀中醫診所,中山區,臺北市中山區吉林路23號1.2樓
悠植牙醫診所,中山區,臺北市中山區中山北路2段59巷11號(1樓)
魅力必緹診所,中山區,臺北市中山區中山北路三段57號2樓
龍江小兒科診所,中山區,臺北市中山區龍江路１８１－１號１樓
瑞光眼科診所,中山區,臺北市中山區南京東路一段25號、25號2樓
陳世澤內科診所,中山區,臺北市中山區龍江路２８４－１號
星光整形外科診所,中山區,臺北市中山區南京東路一段138號3樓
聚英視光眼科診所,中山區,臺北市中山區民權東路3段54、56號及56號4樓之1
德全中醫診所,中山區,臺北市中山區錦州街１７１號
翠真牙醫診所,中山區,臺北市中山區民生西路6號4樓之1
２１世紀牙醫診所,中山區,臺北市中山區中山北路二段六十五巷九之一號
立馨牙醫診所,中山區,臺北市中山區長安東路一段七十九號
美儀牙醫診所,中山區,臺北市中山區龍江路３２４號２Ｆ
重九牙醫診所,中山區,臺北市中山區建國北路二段１８６巷２０號１樓
緻美堂中醫診所,中山區,臺北市中山區復興北路356號4樓
英爵醫美診所,中山區,臺北市中山區敬業三路153號及155號
楊菘宇整形外科診所,中山區,臺北市中山區中山北路二段2號5樓
佳禾骨科診所,中山區,臺北市中山區民生西路54號3樓
溫崇凱中醫診所,中山區,臺北市中山區南京東路二段132號6樓
思雲診所,中山區,臺北市中山區中山北路二段137巷10號、地下室
陳正熹耳鼻喉科診所,中山區,臺北市中山區雙城街１０巷１８號１樓
如田診所,中山區,臺北市中山區民生東路二段一二八號一樓
世珍婦產診所,中山區,臺北市中山區朱崙街四十六號
德容聯合診所,中山區,臺北市中山區吉林路197號、197號2樓
恩濟堂中醫診所,中山區,臺北市中山區復興北路５１４巷６３號
品澄牙醫診所,中山區,臺北市中山區復興北路400號2樓
長春耳鼻喉科診所,中山區,臺北市中山區民生東路二段110號
光華家醫科診所,中山區,臺北市中山區長安東路2段33號1樓
康寧牙醫診所,中山區,臺北市中山區新生北路一段五十一號五樓
康福牙醫診所,中山區,臺北市中山區南京東路一段１３２巷１０號
台兒診所,中山區,臺北市中山區中山北路二段162號9樓及9樓之1
榮星牙科診所,中山區,臺北市中山區民生東路二段９３巷４號
峰茂牙醫診所,中山區,臺北市中山區建國北路二段３６號
佳佳牙醫診所,中山區,臺北市中山區龍江路２７５號
采醫漾麗診所,中山區,臺北市中山區林森北路556號2樓
英政耳鼻喉科診所,中山區,臺北市中山區長安東路二段１６９之9號
臺北市立聯合醫院附設中山門診部,中山區,臺北市中山區松江路３６７號１樓
劉宣彥診所,中山區,臺北市中山區伊通街十七之四號
輝雄診所,中山區,臺北市中山區吉林路300號1、2、3、4樓302號 1、2、3、4樓
簡富堅牙醫診所,中山區,臺北市中山區中山北路二段九十六巷二十七號之一
佳醫牙醫診所,中山區,臺北市中山區吉林路18號2樓
綺麗嘉美型診所,中山區,臺北市中山區松江路338號(實際營業樓層:2、3樓)
春泉診所,中山區,臺北市中山區民生東路一段25號2樓
宇康復健科診所,中山區,臺北市中山區長春路368號2樓
微風整形外科診所,中山區,臺北市中山區復興南路一段52號
至誠整形外科診所,中山區,臺北市中山區伊通街87巷3號
英皇牙醫診所,中山區,臺北市中山區民權東路1段24號及24號2、3樓
王俊民皮膚科診所,中山區,臺北市中山區松江路一二七之一號三樓
啓新診所,中山區,臺北市中山區建國北路三段42號5樓、6樓
肌優谷診所,中山區,臺北市中山區復興南路一段三十四號二樓
鄭紹隆整形外科診所,中山區,臺北市中山區南京東路一段二十四號五樓
全安診所,中山區,臺北市中山區天祥路20號
萌髮診所,中山區,臺北市中山區南京東路三段21號8樓
李久恆整形外科診所,中山區,臺北市中山區南京東路一段2號6樓
天籟牙醫診所,中山區,臺北市中山區天祥路5號及7號
陳家庭醫學科診所,中山區,臺北市中山區吉林路３１５巷１８號
黃中豪婦產科診所,中山區,臺北市中山區吉林路１３１號２Ｆ
協和婦女醫院,中山區,臺北市中山區松江路85巷5號1，2，3，4樓、93巷6號1，2，4樓
泰安醫院,中山區,臺北市中山區民權東路二段９２巷２之1號(地下一樓至地上六樓)
李堯堃內兒科診所,中山區,臺北市中山區民權東路二段２３號
趙素芳婦產科診所,中山區,臺北市中山區長安東路二段一七八之六號二樓
劉雲祥診所,中山區,臺北市中山區龍江路２４６號
木生婦幼診所,中山區,臺北市中山區長安東路二段90號1-4樓、88號4樓
富生婦產科診所,中山區,臺北市中山區吉林路１５７號
歐婦產科診所,中山區,臺北市中山區民生東路二段８０號
王三郎婦產科診所,中山區,臺北市中山區中山北路二段166號之2
吳輝明婦產科診所,中山區,臺北市中山區長春路７８號２Ｆ
林錦祥耳鼻喉科診所,中山區,臺北市中山區五常街９１號１樓
周賢章耳鼻喉科診所,中山區,臺北市中山區天祥路２６號
北安聯合診所,中山區,臺北市中山區北安路569之2號 569之3號  569之4號 569之1號二 樓 569之2號二 樓 569之3號二 樓 569之4號二 樓
長榮海運股份有限公司醫務室,中山區,臺北市中山區民生東路二段１６６號７樓
蔡仁雨皮膚科診所,中山區,臺北市中山區南京東路三段１１８號３樓
寧康聯合診所,中山區,臺北市中山區龍江路209巷6之1號
黃大倫婦產科診所,中山區,臺北市中山區長安東路二段一三一之三號一樓二樓
潘外科內科診所,中山區,臺北市中山區長春路135之1號2樓
宏林診所,中山區,臺北市中山區民生西路6號、6號2樓、6號2樓之1
吳振力診所,中山區,臺北市中山區長春路三０九號
台灣基督長老教會馬偕醫療財團法人馬偕紀念醫院,中山區,臺北市中山區中山北路二段９２號
莊宇龍診所,中山區,臺北市中山區北安路637號
池明仁整形外科診所,中山區,臺北市中山區民生東路一段13號5樓
芯慈耳鼻喉科診所,中山區,臺北市中山區長春路364號
蔡瓊瑤眼科診所,中山區,臺北市中山區龍江路２７１巷６號
中山實美整形外科診所,中山區,臺北市中山區中山北路二段１０６之２號４樓
長春眼科聯合診所,中山區,臺北市中山區建國北路二段６６號
王宗前診所,中山區,臺北市中山區吉林路２５０號
賴國良婦產科診所,中山區,臺北市中山區錦西街１之５號
吉安牙醫診所,中山區,臺北市中山區新生北路一段８７號
傅牙醫診所,中山區,臺北市中山區八德路二段二九七號
普大牙醫診所,中山區,臺北市中山區南京東路3段195、197號2樓
大富牙醫診所,中山區,臺北市中山區錦州街４２１號
照安牙醫診所,中山區,臺北市中山區中山北路一段９６巷２５號
泰祺牙醫診所,中山區,臺北市中山區天祥路７０號３Ｆ
祐德牙醫診所,中山區,臺北市中山區興安街五十一之七號
欣林牙醫診所,中山區,臺北市中山區長春路６２號２Ｆ
嘉新牙醫診所,中山區,臺北市中山區民生東路二段１２０號
大千牙醫診所,中山區,臺北市中山區長安東路二段169-12號3樓之2
中二牙醫診所,中山區,臺北市中山區中山北路二段84巷1號3樓
歐嘉得牙醫診所,中山區,臺北市中山區民生東1段58號3樓
景福牙醫診所,中山區,臺北市中山區八德路二段３３３號
印象牙醫診所,中山區,臺北市中山區民權東路二段一０八號
遠見牙醫診所,中山區,臺北市中山區龍江路一二四巷二號
鴻生牙醫診所,中山區,臺北市中山區長春路378號5樓
新現代牙醫診所,中山區,臺北市中山區南京東路一段３４號３Ｆ
久大牙醫診所,中山區,臺北市中山區新生北路三段８７巷１７號１Ｆ
承新牙醫診所,中山區,臺北市中山區吉林路317號
松安牙醫診所,中山區,臺北市中山區松江路２３５巷３２號１Ｆ
佳慶牙醫診所,中山區,臺北市中山區長安東路二段40之1號2樓
瑞祥牙醫診所,中山區,臺北市中山區中原街１５１號
天心牙醫診所,中山區,臺北市中山區中山北路二段７７巷３９號
田青牙醫診所,中山區,臺北市中山區北安路六二九號一樓
承正牙醫診所,中山區,臺北市中山區中山北路二段七十七巷二號三樓
華齡牙醫診所,中山區,臺北市中山區建國北路三段１０１號２Ｆ
群嚮牙醫診所,中山區,臺北市中山區建國北路二段116巷5號
崧江牙醫診所,中山區,臺北市中山區錦州街三二七號
黃大偉牙醫診所,中山區,臺北市中山區農安街12號2樓
大明牙醫診所,中山區,臺北市中山區雙城街２之４號
陳均牙醫診所,中山區,臺北市中山區天津街六十二號三樓
靜心牙醫診所,中山區,臺北市中山區長安東路二段６４號２樓
高標準牙醫診所,中山區,臺北市中山區北安路６０８巷４弄６號１號
弘丞牙醫診所,中山區,臺北市中山區興安街91號2樓之6、2樓之7及興安街101號
常青牙醫診所,中山區,臺北市中山區中山北路2段39巷2號３樓
志安牙醫診所,中山區,臺北市中山區北安路６０８巷１號
智欽牙醫診所,中山區,臺北市中山區北安路６０８巷４弄１１號
迪士尼數位美學牙醫診所,中山區,臺北市中山區北安路554巷8弄1號
北安牙醫診所,中山區,臺北市中山區北安路630巷11號1、2樓
北大牙醫診所,中山區,臺北市中山區農安街116號一樓
陽順牙醫診所,中山區,臺北市中山區松江路287之3號
民安牙醫診所,中山區,臺北市中山區林森北路一五九巷十號一樓
百年牙醫診所,中山區,臺北市中山區龍江路364號
惠潔牙醫診所,中山區,臺北市中山區民權西路34號4樓
曾賢德牙醫診所,中山區,臺北市中山區農安街４９號二Ｆ
威世牙醫診所,中山區,臺北市中山區復興北路６６號
雙城牙醫診所,中山區,臺北市中山區雙城街18巷8號
日進牙醫診所,中山區,臺北市中山區長春路124號2樓
滋和堂中醫診所,中山區,臺北市中山區新生北路1段59之1號1樓
鐳力中醫診所,中山區,臺北市中山區民權東路一段63號5樓
龍心堂中醫診所,中山區,臺北市中山區民權東路三段53號
常生中醫診所,中山區,臺北市中山區長安東路二段47號1、2樓
仁心堂中醫診所,中山區,臺北市中山區長春路326號(1樓)
漢坤中醫診所,中山區,臺北市中山區北安路458巷41弄40號
信德中醫診所,中山區,臺北市中山區遼寧街３５號
悅世牙醫診所,中山區,臺北市中山區明水路581巷25號
恆美牙醫診所,中山區,臺北市中山區長春路20號10樓
恩慈牙醫診所,中山區,臺北市中山區北安路630巷5號
品誠牙醫診所,中山區,臺北市中山區遼寧街145號
安美牙醫診所,中山區,臺北市中山區明水路653號
吉林牙醫診所,中山區,臺北市中山區吉林路２５４號之２號２樓
龍江牙醫診所,中山區,臺北市中山區南京東路三段118號2樓
品維牙醫診所,中山區,臺北市中山區中山北路二段５９巷１號２樓
偉格牙醫診所,中山區,臺北市中山區北安路６３9號
高國良中醫診所,中山區,臺北市中山區民權西路７０巷４３弄１號
立生中醫診所,中山區,臺北市中山區長安東路二段４９號３樓
漢明中醫診所,中山區,臺北市中山區錦州街３３６號
惠普牙醫診所,中山區,臺北市中山區錦州街４５０號
東昇牙醫診所,中山區,臺北市中山區民生東路二段98號、100號
睦霖復健科診所,中山區,臺北市中山區松江路274號2樓
國防部醫務組牙醫診所,中山區,臺北市中山區北安路409號
元氣堂中醫診所,中山區,臺北市中山區吉林路223號
仁光牙醫診所,中山區,臺北市中山區民生東路一段１０號２樓
永育樂群診所,中山區,臺北市中山區樂群二路210之2號(1樓)
千代田八千代診所,中山區,臺北市中山區南京西路1號6樓之7之8及7樓之11之12
晶緻美學診所,中山區,臺北市中山區南京西路1之1號4樓
德惠牙醫診所,中山區,臺北市中山區德惠街33號
健康牙醫診所,中山區,臺北市中山區吉林路232號(實際開業樓層為1樓及2樓)
常春藤牙醫診所,中山區,臺北市中山區長春路348之5號
宏仁診所,中山區,臺北市中山區長安東路二段17號
永潔牙醫診所,中山區,臺北市中山區吉林路26巷17號
爵世牙醫診所,中山區,臺北市中山區中山北路二段179號(實際開業樓層:一層及二層)
中山璀璨診所,中山區,臺北市中山區南京西路1之2號（實際營業地址：五層）
雅得麗生活診所,中山區,臺北市中山區中山北路二段33號3樓
張文乾牙醫診所,中山區,臺北市中山區中山北路一段５８號３樓
華城牙醫診所,中山區,臺北市中山區雙城街8號
鄭志誠小兒科診所,中山區,臺北市中山區民生東路一段八號
品君中醫診所,中山區,臺北市中山區松江路330巷15號
大直復健科診所,中山區,臺北市中山區北安路630巷25弄16號
怡仁診所,中山區,臺北市中山區中山北路1段82號5樓
陽安牙醫診所,中山區,臺北市中山區民權東路二段152巷3號
葛萊美診所,中山區,臺北市中山區南京東路二段26號2樓、3樓、4樓
伯樂牙醫診所,中山區,臺北市中山區中山北路1段101號(1、2樓)、101之1號(1樓)
喜信牙醫診所,中山區,臺北市中山區合江街一四四巷八號
正恩耳鼻喉科診所,中山區,臺北市中山區錦州街321號
祺甯牙醫診所,中山區,臺北市中山區長安東路二段４９號１樓
段原齒顎矯正牙醫診所,中山區,臺北市中山區松江路100巷1號3樓
鼎昌中醫診所,中山區,臺北市中山區南京東路3段200號3樓之2
瑞新時尚診所,中山區,臺北市中山區植福路308號9樓
偉俐民生診所,中山區,臺北市中山區龍江路245號(1樓)
晴光診所,中山區,臺北市中山區林森北路556號
皙妍診所,中山區,臺北市中山區新生北路2段53之3號1樓
台北維德診所,中山區,臺北市中山區民權東路3段66號(1、2樓)
有聲中醫診所,中山區,臺北市中山區中原街50號
林國榮中醫診所,中山區,臺北市中山區民生東路二段112號
禾儒中醫診所,中山區,臺北市中山區松江路268號5樓
楊光榮嗓音耳鼻喉科診所,中山區,臺北市中山區民權東路二段56號(實際開業地址：1樓及2樓)
卓越健康診所,中山區,臺北市中山區復興北路166號4樓
澄心診所,中山區,臺北市中山區中山北路二段82號2樓
復北惠普牙醫診所,中山區,臺北市中山區復興北路三六八號二樓
和美牙醫診所,中山區,臺北市中山區南京東路3段89巷27弄15號
如意牙醫診所,中山區,臺北市中山區復興南路一段42號3樓
王品牙醫診所,中山區,臺北市中山區錦州街360號
龍江固亷診所,中山區,臺北市中山區龍江路360號1樓
孕醫診所,中山區,臺北市中山區松江路318號2樓
尚安診所,中山區,臺北市中山區復興北路350號3樓
農安診所,中山區,臺北市中山區農安街62號
楊基中醫診所,中山區,臺北市中山區天祥路62號1樓
晶緻玥禾診所,中山區,臺北市中山區南京西路1之1號2樓
MyHair生髮植鬍診所,中山區,臺北市中山區松江路276號7樓
生泉婦產科診所,中山區,臺北市中山區民生東路一段30號3、4、5樓
林錦榮牙醫診所,中山區,臺北市中山區中山北路二段99號3樓
萊佳形象美學診所,中山區,臺北市中山區復興北路48號2樓
玩美數位牙醫診所,中山區,臺北市中山區南京東路一段86號3樓
朝暉中醫診所,中山區,臺北市中山區龍江路二八一巷一號二樓
慶泰牙醫診所,中山區,臺北市中山區錦州街２７８號
東方整形外科診所,中山區,臺北市中山區中山北路一段１２２號２樓
青山診所,中山區,臺北市中山區林森北路432號2樓之3
景欣中醫診所,中山區,臺北市中山區南京東路二段95號2樓
曾婦產科診所,中山區,臺北市中山區長安東路二段11之1號〈實際營業場所在一樓〉
黃建榮婦產科診所,中山區,臺北市中山區南京東路二段100號11樓、11樓之1、11樓之2、11樓之3、11樓之4及11樓之5
李義男婦產科診所,中山區,臺北市中山區中山北路二段７１號４樓
品漾診所,中山區,臺北市中山區松江路274號6樓
欣妍診所,中山區,臺北市中山區松江路46巷12號1樓
周昱青診所,中山區,臺北市中山區中山北路二段162號4樓及4樓之1
中美診所,中山區,臺北市中山區南京東路3段210號6樓
全美牙醫診所,中山區,臺北市中山區德惠街１７號
聖偉牙醫診所,中山區,臺北市中山區民權東路2段85號(實際營業地址：1、2樓)
爵世美學牙醫診所,中山區,臺北市中山區雙城街19巷6號(1樓、2樓)
繼承婦產科診所,中山區,臺北市中山區松江路276號5樓及5樓之1
陽安日和齒顎矯正專科牙醫診所,中山區,臺北市中山區民權東路2段152巷2之1號2樓
陳博光教授診所,中山區,臺北市中山區長安東路二段1號1樓、2樓
駿琳大直中醫診所,中山區,臺北市中山區北安路598之1號、608巷2弄9號2樓
南京京都堂中醫診所,中山區,臺北市中山區南京東路一段100號、100號2樓
簡雅緻牙醫診所,中山區,臺北市中山區中山北路2段9號2樓、2樓之1、2樓之2
大台北牙醫診所,中山區,臺北市中山區南京東路三段29號1樓
慎德堂中醫診所,中山區,臺北市中山區復興北路70號4樓之1
長榮中醫診所,中山區,臺北市中山區吉林路245號1、2樓
魔法牙醫診所,中山區,臺北市中山區南京東路三段9號3樓
聖和骨外科診所,中山區,臺北市中山區農安街138之1號、140號
全真堂中醫診所,中山區,臺北市中山區中山北路三段55巷7號(實際營業地址一層)
美無極美學診所,中山區,臺北市中山區樂群二路103號、105號
陽光牙醫診所,中山區,臺北市中山區南京東路二段174號7樓
益曼中醫診所,中山區,臺北市中山區一江街31之1號
上直診所,中山區,臺北市中山區北安路458巷41弄49號
春風牙醫診所,中山區,臺北市中山區中山北路二段99號9樓、9樓之2
李宜霖診所,中山區,臺北市中山區植福路296號、298號、308號3樓之5
明水牙醫診所,中山區,臺北市中山區明水路三九七巷七弄六二號一樓
慕光牙醫診所,中山區,臺北市中山區南京東路二段75號（實際營業樓層：第一層、第二層)
晴光中醫診所,中山區,臺北市中山區雙城街4巷2號1樓
東方八千代診所,中山區,臺北市中山區南京西路1之1號8樓
福田中醫診所,中山區,臺北市中山區復興北路３５０號2樓之１
京元中醫診所,中山區,臺北市中山區松江路378號1樓•380號2樓
信心牙醫診所,中山區,臺北市中山區民權東路三段55號
楊錦標神經科診所,中山區,臺北市中山區民生西路24號5樓
嚴牙醫診所,中山區,臺北市中山區大直街34巷14號
豐正牙醫診所,中山區,臺北市中山區松江路２８９之８０2號
甯境牙醫診所,中山區,臺北市中山區明水路672巷27號、29號(1樓)
南西好萊塢診所,中山區,臺北市中山區南京東路一段24號3樓
詠樂中醫診所,內湖區,臺北市內湖區內湖路１段373號1樓
優生活牙醫診所,內湖區,臺北市內湖區文德路169號
德威先進牙醫診所,內湖區,臺北市內湖區內湖路一段659號3樓
日新診所,內湖區,臺北市內湖區成功路五段446號1樓
永霖牙醫診所,內湖區,臺北市內湖區內湖路一段６７３號２樓
康研診所,內湖區,臺北市內湖區堤頂大道二段409號
內湖大學眼科診所,內湖區,臺北市內湖區文德路100號1、2樓
維尚泌尿科診所,內湖區,臺北市內湖區內湖路1段300號3樓之5
夏一新身心精神科診所,內湖區,臺北市內湖區成功路三段143號4樓
鍾醫中醫診所,內湖區,臺北市內湖區康寧路三段31號
施耳鼻喉科診所,內湖區,臺北市內湖區東湖路127號1樓
鴻成中醫診所,內湖區,臺北市內湖區康樂街86號
大方牙醫診所,內湖區,臺北市內湖區文德路２號３樓
明品牙醫診所,內湖區,臺北市內湖區內湖路2段265號(1、2樓)
誠心牙醫診所,內湖區,臺北市內湖區內湖路一段２８５巷６５弄２３號１樓
欣悅牙醫診所,內湖區,臺北市內湖區康寧路三段159號1及2樓
小禾馨民權小兒專科診所,內湖區,臺北市內湖區行忠路191號
榮欣骨科診所,內湖區,臺北市內湖區內湖路一段617號1樓、2樓
內湖雅德思牙醫診所,內湖區,臺北市內湖區瑞光路108號1樓
仁弘耳鼻喉科診所,內湖區,臺北市內湖區內湖路1段737巷50弄33號1樓
王慶森診所,內湖區,臺北市內湖區港墘路６5號
大湖牙醫診所,內湖區,臺北市內湖區成功路四段334號
曜暘診所,內湖區,臺北市內湖區民權東路六段123巷8號
榮登牙醫診所,內湖區,臺北市內湖區金龍路113號1、2樓
維欣牙醫診所,內湖區,臺北市內湖區文德路208巷14號1樓
育睿診所,內湖區,臺北市內湖區內湖路1段217巷35號1樓
維晟牙醫診所,內湖區,臺北市內湖區港墘路115號1樓及117號1樓
圓覺中醫診所,內湖區,臺北市內湖區環山路1段130號1樓
惟君美學牙醫診所,內湖區,臺北市內湖區民權東路六段168號1及2樓
濟淵堂中醫診所,內湖區,臺北市內湖區內湖路1段737巷50弄37號(1樓及夾層)
興雅牙醫診所,內湖區,臺北市內湖區港墘路５３號
東湖牙醫診所,內湖區,臺北市內湖區康樂街８９號
麗康診所,內湖區,臺北市內湖區金湖路362號
文華內湖中醫診所,內湖區,臺北市內湖區成功路四段 338號
陽光活力診所,內湖區,臺北市內湖區瑞光路500號1樓及502號2樓
美立華牙醫診所,內湖區,臺北市內湖區內湖路一段27號1、2樓
伊凡維納診所,內湖區,臺北市內湖區金莊路26號3樓之2
維克多診所,內湖區,臺北市內湖區行善路385號3樓之6
葫洲診所,內湖區,臺北市內湖區康寧路三段35、37號
善品中醫診所,內湖區,臺北市內湖區成功路4段30巷22號1樓
恆新復健科診所,內湖區,臺北市內湖區瑞光路337號(7樓)
信任中醫診所,內湖區,臺北市內湖區東湖路106巷14號1樓
德威國際牙醫口腔醫院,內湖區,臺北市內湖區內湖路一段659號1樓
紐大牙醫診所,內湖區,臺北市內湖區文德路71號1樓、73號2樓之3
瑞康診所,內湖區,臺北市內湖區江南街96巷3號
哈佛診所,內湖區,臺北市內湖區內湖路1段296號(1、2樓)、300號2樓、300號2樓之1
德威國際牙醫診所,內湖區,臺北市內湖區內湖路一段659號3樓
優秀牙醫診所,內湖區,臺北市內湖區內湖路一段659號3樓
新東京牙醫診所,內湖區,臺北市內湖區成功路四段2號2樓
戴念國骨科診所,內湖區,臺北市內湖區行忠路57號5樓
唯有健康診所,內湖區,臺北市內湖區行善路116號(1樓)
奇樂三醫整合醫學診所,內湖區,臺北市內湖區瑞光路337號(8樓)
年代牙醫診所,內湖區,臺北市內湖區康寧路3段56巷11號1樓
理真診所,內湖區,臺北市內湖區金豐街16號(1樓)及18號(1樓)
內湖101健康管理診所,內湖區,臺北市內湖區瑞光路337號(9樓及10樓)
力康復健科診所,內湖區,臺北市內湖區內湖路1段358號2樓
高峰診所,內湖區,臺北市內湖區內湖路2段39號1樓
瑞宏診所,內湖區,臺北市內湖區瑞光路258巷31號8樓、33號8樓及35號8樓
內湖身心精神科診所,內湖區,臺北市內湖區內湖路1段439號1樓
藝群內湖診所,內湖區,臺北市內湖區成功路4段58號4樓
保安診所,內湖區,臺北市內湖區東湖路141之1號1、2樓
霍普金斯診所,內湖區,臺北市內湖區洲子街194號3樓之1及196號3樓
喬治牙醫診所,內湖區,臺北市內湖區康寧路3段23號2樓之7
內湖美麗爾診所,內湖區,臺北市內湖區瑞光路478巷22號1樓
內湖全美診所,內湖區,臺北市內湖區內湖路1段360巷2之1號1樓
舒美牙醫診所,內湖區,臺北市內湖區東湖路122號2樓
禾馨眼科診所,內湖區,臺北市內湖區行忠路195號1、2樓
全新圓診所,內湖區,臺北市內湖區瑞光路26巷36弄2號2樓、2之1號2樓
瀚威中醫診所,內湖區,臺北市內湖區新明路277號1、2樓
佳霖診所,內湖區,臺北市內湖區東湖路147號2樓
格唯牙醫診所,內湖區,臺北市內湖區星雲街97號(1樓含夾層、2樓)
書拉密美學診所,內湖區,臺北市內湖區成功路4段57號3樓
未來醫檢臨床病理科專科診所,內湖區,臺北市內湖區陽光街351號6樓
瑞佛健康管理診所,內湖區,臺北市內湖區民權東路6段8號1、2樓(實際使用:2、3層)
馬丁健康管理診所,內湖區,臺北市內湖區行忠路28巷1號1樓
聿麒中醫診所,內湖區,臺北市內湖區五分街93號1樓
抱抱心身醫學診所,內湖區,臺北市內湖區文德路70號1樓及72號(1樓)
禾馨內湖內科診所,內湖區,臺北市內湖區行忠路189號(1樓含夾層)
樂善診所,內湖區,臺北市內湖區行善路260號(1樓)
紫陽診所,內湖區,臺北市內湖區內湖路1段118號3樓
湖美牙醫診所,內湖區,臺北市內湖區成功路4段8號1、2樓
佳鄰中醫診所,內湖區,臺北市內湖區文德路238號2樓
馬思特診所,內湖區,臺北市內湖區成功路四段５３號
康寧醫療財團法人康寧醫院,內湖區,臺北市內湖區成功路五段４２０巷２６號
騏安中醫診所,內湖區,臺北市內湖區金湖路386號
內湖中醫診所,內湖區,臺北市內湖區成功路三段１７４巷１號１樓，３樓
欣仁牙醫診所,內湖區,臺北市內湖區內湖路一段２８５巷２７弄５號１樓
和慶中醫診所,內湖區,臺北市內湖區成功路四段58號2樓
深博牙醫診所,內湖區,臺北市內湖區成功路三段１４３號６樓
金陽牙醫診所,內湖區,臺北市內湖區康樂街78號
鴻文婦產科診所,內湖區,臺北市內湖區成功路四段５２號２樓
思維診所,內湖區,臺北市內湖區文德路25號
舒湖牙醫診所,內湖區,臺北市內湖區石潭路53號1樓
喜悅牙醫診所,內湖區,臺北市內湖區內湖路一段248號2樓
芮森醫學診所,內湖區,臺北市內湖區新湖三路215號2樓
永育醫療大湖診所,內湖區,臺北市內湖區成功路4段366號(1、2樓)
建榮中醫診所,內湖區,臺北市內湖區成功路3段174巷16號1樓
龍昌牙醫診所,內湖區,臺北市內湖區金龍路１３９號
祐生復健科診所,內湖區,臺北市內湖區康寧路三段54之7號、54之11號
達美皮膚專科診所,內湖區,臺北市內湖區成功路四段２２０號１樓至2樓
心美牙醫診所,內湖區,臺北市內湖區成功路3段174巷14號、14號2樓
元康牙醫診所,內湖區,臺北市內湖區康寧路3段165巷23弄3號1樓
東成診所,內湖區,臺北市內湖區民權東路六段495號２樓之1、之2，495號4樓
內湖長春診所,內湖區,臺北市內湖區民權東路六段64號
平安牙醫診所,內湖區,臺北市內湖區內湖路二段52-3號
文德牙醫診所,內湖區,臺北市內湖區東湖路113巷66號地下室
安政牙醫診所,內湖區,臺北市內湖區文德路二十二巷四十一號
陳德駿婦產科診所,內湖區,臺北市內湖區文德路８號２樓
陳森豊診所,內湖區,臺北市內湖區環山路一段２號１樓及２樓
魏穀年診所,內湖區,臺北市內湖區內湖路一段４０３號
振興內兒科診所,內湖區,臺北市內湖區成功路三段１９３號
丁大元診所,內湖區,臺北市內湖區東湖路119巷49弄4號1樓
徐醫師診所,內湖區,臺北市內湖區東湖路５３號
東湖張耳鼻喉科診所,內湖區,臺北市內湖區康寧路三段１６９號
誠康診所,內湖區,臺北市內湖區內湖路一段585號
湖光皮膚專科診所,內湖區,臺北市內湖區成功路4段59之1號3樓
康民牙醫診所,內湖區,臺北市內湖區成功路四段339號
祐康中醫診所,內湖區,臺北市內湖區文德路210巷30弄23號
信光牙醫診所,內湖區,臺北市內湖區成功路四段４２號２樓
微笑牙醫診所,內湖區,臺北市內湖區康樂街２０巷１號２樓
名嘉牙醫診所,內湖區,臺北市內湖區民權東路六段１２６號
晴安診所,內湖區,臺北市內湖區內湖路一段709之1號
德康牙醫診所,內湖區,臺北市內湖區金龍路一號二樓
丰采牙醫診所,內湖區,臺北市內湖區內湖路2段391號1樓及484號3樓
錸雅牙醫診所,內湖區,臺北市內湖區星雲街１２６號
紫陽復健科診所,內湖區,臺北市內湖區文德路208巷8號1樓、地下一樓
博雅牙醫診所,內湖區,臺北市內湖區康樂街２０巷５號
元德牙醫診所,內湖區,臺北市內湖區新明路３６６號１Ｆ
庭軒牙醫診所,內湖區,臺北市內湖區康寧路1段104號1、2樓
國泰醫療財團法人內湖國泰診所,內湖區,臺北市內湖區瑞光路337號(1、2、3、4樓)
栩仕診所,內湖區,臺北市內湖區文湖街88號3樓
成功皮膚科診所,內湖區,臺北市內湖區成功路3段162之1號1樓、164號1樓、164之1號1樓、166之1號1樓
維仁診所,內湖區,臺北市內湖區民權東路六段136巷4號
双湖中醫診所,內湖區,臺北市內湖區江南街18號
品牙醫診所,內湖區,臺北市內湖區成功路四段175號
愛惟美診所,內湖區,臺北市內湖區內湖路一段300號2樓之2、2樓之3
康樂診所,內湖區,臺北市內湖區康樂街80號、82號、84號
內湖翰林眼科診所,內湖區,臺北市內湖區成功路3段183號2樓
林登山耳鼻喉科診所,內湖區,臺北市內湖區文德路96號
似真牙醫診所,內湖區,臺北市內湖區洲子街151號6樓之1
宸采牙醫診所,內湖區,臺北市內湖區大湖山莊街157號
麗馨中醫診所,內湖區,臺北市內湖區東湖路120號2樓
瑞健診所,內湖區,臺北市內湖區瑞光路258巷37號7樓
禾安耳鼻喉科診所,內湖區,臺北市內湖區康寧路一段75號
全心圓診所,內湖區,臺北市內湖區瑞光路26巷36弄2號3樓及2之1號3樓
禾馨內湖婦幼診所,內湖區,臺北市內湖區民權東路六段42號5樓(之1、之2、之3)、6樓(之1、之2、之3)
連安診所,內湖區,臺北市內湖區內湖區路一段619號及619號2樓
涵堤牙醫診所,內湖區,臺北市內湖區內湖路一段379號
仁亨牙醫診所,內湖區,臺北市內湖區瑞光路285號
新明診所,內湖區,臺北市內湖區新明路386號
臻澄中醫診所,內湖區,臺北市內湖區港華街99號
禾馨民權婦幼診所,內湖區,臺北市內湖區民權東路六段42號2樓(之1、之2、之3)、3樓(之1、之2、之3)、4樓(之1、之2、之3)
錦禾中醫診所,內湖區,臺北市內湖區港墘路121號1樓
湖欣診所,內湖區,臺北市內湖區成功路四段327號
心力合診所,內湖區,臺北市內湖區民權東路六段165、167、169、171號
適康復健科診所,內湖區,臺北市內湖區文德路141、143號
韻德中醫診所,內湖區,臺北市內湖區港墘路55號
晴渼皮膚專科診所,內湖區,臺北市內湖區內湖路1段667巷3號1樓及5號1樓
文湖牙醫診所,內湖區,臺北市內湖區文德路275號2樓之1
永長欣診所,內湖區,臺北市內湖區行善路397號2樓
美學地圖牙醫診所,內湖區,臺北市內湖區港墘路19號
明美牙醫診所,內湖區,臺北市內湖區瑞光路478巷18弄32號
萬安堂中醫診所,內湖區,臺北市內湖區文德路２２巷９弄４２號１樓
卓家泉安堂老舖中醫診所,內湖區,臺北市內湖區內湖路二段三五三號一樓
林德中醫診所,內湖區,臺北市內湖區港墘路２３號
麗正牙醫診所,內湖區,臺北市內湖區港墘路１０１號１樓
文心牙醫診所,內湖區,臺北市內湖區內湖路一段７３７巷５０弄３１號
北一牙醫診所,內湖區,臺北市內湖區東湖路８８號２Ｆ
健恩牙醫診所,內湖區,臺北市內湖區星雲街１７－２號
仁宏牙醫診所,內湖區,臺北市內湖區康樂街８５巷４號
宏欣牙醫診所,內湖區,臺北市內湖區成功路四段五十九號二、三樓
敬偉牙醫診所,內湖區,臺北市內湖區內湖路二段３９－１號一樓
明湖牙醫診所,內湖區,臺北市內湖區民權東路六段２９６巷１１３號１樓
傑出牙醫診所,內湖區,臺北市內湖區成功路四段六十一巷二十一號 Ｂ１、一樓
麗湖牙醫診所,內湖區,臺北市內湖區內湖路二段１００號
前衛牙醫診所,內湖區,臺北市內湖區內湖路一段387巷3弄6號
林俊民牙醫診所,內湖區,臺北市內湖區文德路２10巷30弄7號
康鄰牙醫診所,內湖區,臺北市內湖區星雲街130號1樓
菁華牙醫診所,內湖區,臺北市內湖區安康路486號
湖山牙醫診所,內湖區,臺北市內湖區金龍路一五○號一樓
專加牙醫診所,內湖區,臺北市內湖區康寧路一段七十三號一樓
麗緻牙醫診所,內湖區,臺北市內湖區內湖路一段六○九號一樓
弘康復健科診所,內湖區,臺北市內湖區成功路五段八十一號一樓
顏鳳麟婦產科診所,內湖區,臺北市內湖區成功路四段28號2樓
東湖眼科診所,內湖區,臺北市內湖區東湖路137號
大愛眼科診所,內湖區,臺北市內湖區東湖路15號1樓
東湖謝耳鼻喉科診所,內湖區,臺北市內湖區東湖路148號
宏仁眼科診所,內湖區,臺北市內湖區環山路一段2號
陳喬鴻眼科診所,內湖區,臺北市內湖區內湖路一段300號3樓之2、3樓之3
東湖皮膚專科診所,內湖區,臺北市內湖區東湖路153號
林牙醫診所,內湖區,臺北市內湖區內湖路二段３９５號３樓
德馨牙醫診所,內湖區,臺北市內湖區康寧路三段217巷2號１樓
耀生牙醫診所,內湖區,臺北市內湖區港華街七十號
力奇牙醫診所,內湖區,臺北市內湖區內湖路一段７３７巷２６號
弘林牙醫診所,內湖區,臺北市內湖區大湖街131巷2號、2之1號
萬居牙醫診所,內湖區,臺北市內湖區內湖路一段三二三巷四弄一號
翠柏牙醫診所,內湖區,臺北市內湖區成功路三段162號
瑞光牙醫診所,內湖區,臺北市內湖區江南街一０二號一樓
仁澤牙醫診所,內湖區,臺北市內湖區金湖路403-1號
康豪牙醫診所,內湖區,臺北市內湖區內湖路一段217巷27號1樓
丞康牙醫診所,內湖區,臺北市內湖區成功路四段61巷13號1樓
成功眼科診所,內湖區,臺北市內湖區成功路四段２８號４樓之２
林永正診所,內湖區,臺北市內湖區康樂街１３０號
秉信診所,內湖區,臺北市內湖區成功路四段40號２樓
德文復健科診所,內湖區,臺北市內湖區成功路四段36號2樓
弘育診所,內湖區,臺北市內湖區文德路２２巷９弄６４號
成功耳鼻喉科診所,內湖區,臺北市內湖區成功路3段162之1號1樓、164號1樓、164之1號1樓、166之1號1樓
吳振光眼科診所,內湖區,臺北市內湖區成功路四段四十二號三樓、五樓
立安診所,內湖區,臺北市內湖區內湖路二段３６５號１樓
藍曾小兒科診所,內湖區,臺北市內湖區東湖路１３２號
西湖安康診所,內湖區,臺北市內湖區內湖路一段２８５巷６５弄１８號１樓
康寧診所,內湖區,臺北市內湖區康寧路一段144號1樓
洪永祥診所,內湖區,臺北市內湖區成功路三段6巷1號、1號2樓
維悅牙醫診所,內湖區,臺北市內湖區成功路4段358號1樓、2樓
臺北市立聯合醫院附設內湖門診部,內湖區,臺北市內湖區民權東路六段99號之1(1樓)
成功復健科診所,內湖區,臺北市內湖區成功路3段162之1號1樓、164號1樓、164之1號1樓、166之1號1樓
哈佛眼科診所,內湖區,臺北市內湖區基湖路10巷66號1樓
成安耳鼻喉科診所,內湖區,臺北市內湖區成功路四段61巷10號
薈安診所,內湖區,臺北市內湖區江南街6號
劉淦華診所,內湖區,臺北市內湖區金龍路43號
潘渭祥牙醫診所,內湖區,臺北市內湖區內湖路二段３６７號１樓
漢翎牙醫診所,內湖區,臺北市內湖區東湖路16巷4號1樓
焉醫師診所,內湖區,臺北市內湖區內湖路2段21號1樓
林孟勳診所,內湖區,臺北市內湖區成功路四段61巷32弄2號1樓
龍門中醫診所,內湖區,臺北市內湖區東湖路57號、59號
加安耳鼻喉科診所,內湖區,臺北市內湖區內湖路1段401號1樓
泰興中醫診所,內湖區,臺北市內湖區內湖路1段629巷10號1樓
禾馨民權內科診所,內湖區,臺北市內湖區民權東路6段40號(1樓含夾層)及42號1樓(含夾層)
萬和牙醫診所,內湖區,臺北市內湖區文德路21號
三軍總醫院附設民眾診療服務處,內湖區,臺北市內湖區成功路二段325號；臺北市中正區汀州路3段40號
魏之明小兒科診所,內湖區,臺北市內湖區康寧路三段54之6號1樓
中國醫藥大學附設醫院臺北分院,內湖區,臺北市內湖區內湖路二段360號、362號
光美牙醫診所,內湖區,臺北市內湖區民權東路六段102號1樓
德軒津牙醫診所,內湖區,臺北市內湖區瑞光路358巷30弄2號1樓
皇齊牙醫診所,內湖區,臺北市內湖區行善路391號(1、2樓)
麗心診所,內湖區,臺北市內湖區成功路四段2號3樓、6號3樓
宋小兒科診所,內湖區,臺北市內湖區內湖路二段２５號
康德牙醫診所,內湖區,臺北市內湖區文德路70號2樓、74號
雙湖診所,內湖區,臺北市內湖區金龍路四十九號一樓
詠盛診所,內湖區,臺北市內湖區東湖路43巷3號
德威診所,內湖區,臺北市內湖區內湖路1段667巷1號1樓
亞卓牙醫診所,內湖區,臺北市內湖區東湖路43巷32弄1號1樓、2號1樓
菁英診所,內湖區,臺北市內湖區行忠路58號1、2樓
璟品牙醫診所,內湖區,臺北市內湖區民權東路六段125號
宏瑞牙醫診所,內湖區,臺北市內湖區瑞光路286號1樓
華倫牙醫診所,內湖區,臺北市內湖區江南街65巷10號1樓
慈銨診所,內湖區,臺北市內湖區五分街95號1樓
仁人牙醫診所,內湖區,臺北市內湖區成功路三段一七二之二號二樓
西湖牙醫診所,內湖區,臺北市內湖區內湖路１段285巷4號1樓、2樓
禾馨民權牙科診所,內湖區,臺北市內湖區民權東路六段42號2樓(之1、之2、之3)
富康復健科診所,內湖區,臺北市內湖區東湖路113巷15號
金臨牙醫診所,內湖區,臺北市內湖區康寧路3段174號3樓
照境中醫診所,內湖區,臺北市內湖區文德路101巷1弄1號1樓
鍾兆智婦產科診所,內湖區,臺北市內湖區東湖路６５號１Ｆ，２Ｆ及地下室
鑫美光視光眼科診所,內湖區,臺北市內湖區內湖路1段512號1樓
瑞成診所,內湖區,臺北市內湖區瑞光路258巷31號7樓
辰星皮膚專科診所,內湖區,臺北市內湖區內湖路1段633號1樓及635號1樓
林威廷身心精神科診所,內湖區,臺北市內湖區東湖路10號
雅斯翠診所,內湖區,臺北市內湖區新湖二路87號1、2樓
京威聯合牙醫診所,內湖區,臺北市內湖區金湖路三七六號一樓
皇家牙醫診所,內湖區,臺北市內湖區內湖路二段１０３巷４８－３號
康育診所,內湖區,臺北市內湖區成功路三段189號2樓
汎美皮膚科診所,內湖區,臺北市內湖區東湖路4號1樓
韻昇牙醫診所,內湖區,臺北市內湖區成功路2段478號2樓
晴天牙醫診所,內湖區,臺北市內湖區民權東路6段296巷1號1樓
允康中醫診所,內湖區,臺北市內湖區金龍路41號
內湖芸安堂中醫診所,內湖區,臺北市內湖區內湖路1段595號1樓
展欣眼科診所,內湖區,臺北市內湖區金湖路382號（1樓）
象阿姨牙科診所,內湖區,臺北市內湖區成功路四段51號2樓
雷文虎克精準健康診所,內湖區,臺北市內湖區民善街219號5樓
文湖美學牙醫診所,內湖區,臺北市內湖區文德路277號
美特博霖健康管理診所,內湖區,臺北市內湖區新湖一路88號5樓
佳一牙醫診所,內湖區,臺北市內湖區康寧路三段23號、25號
品潔牙醫診所,內湖區,臺北市內湖區港墘路75號
恩光牙醫診所,內湖區,臺北市內湖區金龍路５７號一樓
杜耳鼻喉科診所,內湖區,臺北市內湖區成功路四段222號
恩光中醫診所,內湖區,臺北市內湖區江南街15號
瑞華診所,內湖區,臺北市內湖區民權東路6段123巷34弄30號1樓及151之1號1樓
怡安牙醫診所,內湖區,臺北市內湖區港華街31號
一峰牙醫診所,內湖區,臺北市內湖區麗山街３４８巷１１號
元亨牙醫診所,內湖區,臺北市內湖區成功路四段43號2樓、45號2樓、41巷2號2樓
白金牙醫診所,內湖區,臺北市內湖區康寧路三段23號2樓之2
文德耳鼻喉科診所,內湖區,臺北市內湖區文德路32號
澄美牙醫診所,內湖區,臺北市內湖區成功路三段181號2樓
康絜牙醫診所,內湖區,臺北市內湖區文德路二十二巷二十七弄十號
蘇中醫診所,內湖區,臺北市內湖區成功路五段20號
惠元中醫診所,內湖區,臺北市內湖區康樂街61巷17號
璟榮中醫診所,內湖區,臺北市內湖區東湖路43巷31號1樓
憫泰中醫診所,內湖區,臺北市內湖區內湖路二段488號2樓
健崴中醫診所,內湖區,臺北市內湖區康寧路三段16巷113號
樂美牙醫診所,南港區,臺北市南港區園區街58巷1號
好牙牙醫診所,南港區,臺北市南港區忠孝東路5段815號10樓
南港美麗爾診所,南港區,臺北市南港區忠孝東路5段978號2樓
寰星牙醫診所,南港區,臺北市南港區研究院路2段37巷1弄6號(1樓)、39之3號2樓及39之5號(2樓)
戴承杰中醫診所,南港區,臺北市南港區忠孝東路7段518號4樓
皓亞牙醫診所,南港區,臺北市南港區忠孝東路6段432號(1樓)及428巷1號2樓之1
優聖美牙醫診所,南港區,臺北市南港區福德街373巷31號1樓
艾萊診所,南港區,臺北市南港區重陽路472之1號
菘興牙醫診所,南港區,臺北市南港區興華路78號1樓
星源未來診所,南港區,臺北市南港區重陽路479號9樓
多田診所,南港區,臺北市南港區忠孝東路6段6號2樓之1
韋登牙醫診所,南港區,臺北市南港區研究院路2段35之1號1、2樓
天仁小兒科診所,南港區,臺北市南港區成福路21號
奕賢骨科外科診所,南港區,臺北市南港區八德路四段774、776號
羅撒中醫診所,南港區,臺北市南港區成福路171巷13號
祐生牙醫診所,南港區,臺北市南港區富康街四十七巷二號一樓
聖原中醫診所,南港區,臺北市南港區研究院路二段７０巷３３號１樓
廖內兒科診所,南港區,臺北市南港區忠孝東路七段６１７號
赫奕中醫診所,南港區,臺北市南港區惠民街13號
優勢皮膚科診所,南港區,臺北市南港區玉成街140巷11弄2號
弘生牙醫診所,南港區,臺北市南港區忠孝東路六段４６０號１樓
杏林內科小兒科診所,南港區,臺北市南港區研究院路一段２５號
瓊萻牙醫診所,南港區,臺北市南港區南港路二段208號
隆美皮膚科診所,南港區,臺北市南港區忠孝東路七段6２1號
杏安診所,南港區,臺北市南港區同德路74號、76號
東明牙醫診所,南港區,臺北市南港區東明街16號
惠正牙醫診所,南港區,臺北市南港區福德街310巷8號
黃家庭醫學科診所,南港區,臺北市南港區研究院路一段１６１號
翰林中醫診所,南港區,臺北市南港區研究院路1段27號
吉盛興盛診所,南港區,臺北市南港區永吉路547號及中坡北路30巷12號2樓、3樓
杞子中醫診所,南港區,臺北市南港區南港路1段169號2樓
東豐牙醫診所,南港區,臺北市南港區南港路一段159號(1、2、3樓)
中坡耳鼻喉科診所,南港區,臺北市南港區中坡南路29號
康禾診所,南港區,臺北市南港區忠孝東路七段551號
李文珍小兒科診所,南港區,臺北市南港區研究院路2段74號
永育醫療福德診所,南港區,臺北市南港區福德街320號1樓
同德中醫診所,南港區,臺北市南港區同德路30號
上品牙醫診所,南港區,臺北市南港區忠孝東路五段八○一號二樓
弘光牙醫診所,南港區,臺北市南港區忠孝東路六段２８０號２樓
洪澤安中醫診所,南港區,臺北市南港區重陽路４號
天滋中醫診所,南港區,臺北市南港區同德路64號1樓
新洋牙醫診所,南港區,臺北市南港區東新街80巷14弄1號1樓
玉成牙科診所,南港區,臺北市南港區南港路三段７６號之２樓
緯泰牙醫診所,南港區,臺北市南港區玉成街１６１號１樓
德聲牙醫診所,南港區,臺北市南港區三重路３０號
南港牙醫診所,南港區,臺北市南港區研究院路一段１１號
一品牙醫診所,南港區,臺北市南港區昆陽街１０號
宏昇牙醫診所,南港區,臺北市南港區南港路二段３2號１樓
華德牙醫診所,南港區,臺北市南港區研究院路二段３２號
德心牙醫診所,南港區,臺北市南港區中坡南路２１號１樓
大成牙醫診所,南港區,臺北市南港區重陽路53號
昆陽牙醫診所,南港區,臺北市南港區昆陽街七號
聖欣牙醫診所,南港區,臺北市南港區三重路7號2樓
冠德耳鼻喉科診所,南港區,臺北市南港區研究院路一段１７號１樓
中研耳鼻喉科診所,南港區,臺北市南港區研究院路二段3之9號1樓
陳勝吉診所,南港區,臺北市南港區研究院路一段115號1樓
希文耳鼻喉科診所,南港區,臺北市南港區忠孝東路六段234號
興盛診所,南港區,臺北市南港區永吉路546、551號、中坡北路30巷16號2樓
陳志鑫診所,南港區,臺北市南港區八德路四段８１２號
劉聖亞診所,南港區,臺北市南港區興華路８２號１樓
宏勝中醫診所,南港區,臺北市南港區忠孝東路七段558號
蔣小兒科診所,南港區,臺北市南港區玉成街１６６巷３0號１樓
湯眼科診所,南港區,臺北市南港區研究院路一段１６９號１樓
佑誠診所,南港區,臺北市南港區研究院路二段27號1樓
向陽牙醫診所,南港區,臺北市南港區重陽路129號
世展牙醫診所,南港區,臺北市南港區研究院路1段21號1樓
臺北市立聯合醫院附設南港門診部,南港區,臺北市南港區南港路1段360號1樓
天仁健康診所,南港區,臺北市南港區成福路21號
翊群耳鼻喉科診所,南港區,臺北市南港區興東街29之1號
和群牙醫診所,南港區,臺北市南港區忠孝東路六段244號
義仁兒科診所,南港區,臺北市南港區玉成街138號1樓
重生牙醫診所,南港區,臺北市南港區八德路四段７７２號
美嘉牙醫診所,南港區,臺北市南港區中坡北路2號2樓
芝加哥牙醫診所,南港區,臺北市南港區忠孝東路五段９７２號１樓
維康診所,南港區,臺北市南港區研究院路2段84巷1號1樓
天慈婦產科診所,南港區,臺北市南港區同德路３７號１樓
泓安耳鼻喉科診所,南港區,臺北市南港區興華路75號
張一凡中醫診所,南港區,臺北市南港區研究院路一段15號
南港諾貝爾眼科診所,南港區,臺北市南港區忠孝東路五段980號(1、2樓)
蒔堤牙醫診所,南港區,臺北市南港區南港路二段8號3樓
寰宇牙醫診所,南港區,臺北市南港區舊莊街1段91巷14之1號(1樓)
友力耳鼻喉科診所,南港區,臺北市南港區中坡北路12號1樓
南港復健科診所,南港區,臺北市南港區南港路一段172號
松展診所,南港區,臺北市南港區忠孝東路六段110巷18號
真福牙醫診所,南港區,臺北市南港區忠孝東路六段414號
開馨診所,南港區,臺北市南港區南港路二段38巷6之1號
麗馨診所,南港區,臺北市南港區同德路84號
定遠新天地牙醫診所,南港區,臺北市南港區玉成街83號
安民牙醫診所,南港區,臺北市南港區研究院路1段75號(1樓)
荃威診所,南港區,臺北市南港區忠孝東路5段976號(實際營業地址:1、2層)
稚顏美學診所,南港區,臺北市南港區重陽路461號9樓
德福診所,士林區,臺北市士林區大東路七十七號
倍爾牙醫診所,士林區,臺北市士林區劍潭路60號1樓
同慶中醫診所,士林區,臺北市士林區中正路615號
張國榮身心診所,士林區,臺北市士林區德行東路179號(1樓)
原蘊醫學診所,士林區,臺北市士林區中山北路5段476號8樓
廣都牙醫診所,士林區,臺北市士林區華齡街４９號
天母耳鼻喉科診所,士林區,臺北市士林區中山北路六段７４４號
格子牙醫診所,士林區,臺北市士林區天母西路40之1號3樓
易和中醫診所,士林區,臺北市士林區士東路45號一樓
亨皓牙醫診所,士林區,臺北市士林區德行西路123號
華齡診所,士林區,臺北市士林區華齡街７４號１樓
劭陽牙醫診所,士林區,臺北市士林區忠義街117號1樓
臺北市立聯合醫院附設士林門診部,士林區,臺北市士林區中正路439號
璟元中醫診所,士林區,臺北市士林區文林路432號(1樓)
普濟中醫診所,士林區,臺北市士林區福國路98之5號1樓
聯志骨科診所,士林區,臺北市士林區承德路四段184號
美齊牙醫診所,士林區,臺北市士林區天母東路8巷75號
高醫師家庭醫學科診所,士林區,臺北市士林區中山北路7段17號2樓
天母皮膚科診所,士林區,臺北市士林區德行東路90巷33弄10號1樓
社子黃牙醫診所,士林區,臺北市士林區社子街7號
存德小兒科診所,士林區,臺北市士林區文林路460號(實際使用：1樓)
柏麗牙醫診所,士林區,臺北市士林區文林路734號2樓
博格牙醫診所,士林區,臺北市士林區福國路95號1樓
有仁牙醫診所,士林區,臺北市士林區忠誠路二段154巷13號1樓
昀樣中醫診所,士林區,臺北市士林區文林路558號1樓
士林眼科診所,士林區,臺北市士林區文林路488之1號4樓
天母忠明2020眼科診所,士林區,臺北市士林區天母西路10號2樓之1、2樓之4
廖宥程齒顎矯正專科診所,士林區,臺北市士林區忠誠路一段33號
芝山診所,士林區,臺北市士林區忠義街82號1樓
凱硯診所,士林區,臺北市士林區中山北路七段110號3樓、110之1號3樓、110號4樓、110之1號4樓
哲瑞牙醫診所,士林區,臺北市士林區延平北路五段135號
永安診所,士林區,臺北市士林區中山北路六段405巷63號、63號地下1層及63之1號
傅家義牙醫診所,士林區,臺北市士林區中山北路六段４７０號２樓
泓景中醫診所,士林區,臺北市士林區忠誠路二段40巷6號
悅美牙醫診所,士林區,臺北市士林區中山北路5段472號7樓
旺德牙醫診所,士林區,臺北市士林區天母東路8巷37號
易元堂中醫診所,士林區,臺北市士林區德行東路１０９巷９１號
天母許內科家醫科診所,士林區,臺北市士林區天母北路49號
弘佑牙醫診所,士林區,臺北市士林區天玉街38巷12之1號
橙光耳鼻喉科診所,士林區,臺北市士林區大南路286號
延年診所,士林區,臺北市士林區文林路506號(1樓)
福林診所,士林區,臺北市士林區中山北路五段６８５號４樓
聯有牙醫診所,士林區,臺北市士林區中山北路六段148號2樓、150號2樓
吳如壽診所,士林區,臺北市士林區中山北路六段３２２號(實際使用:1樓)
劉定國牙醫診所,士林區,臺北市士林區天母東路４３巷４弄２號
顏居雲中醫診所,士林區,臺北市士林區華齡街72號1樓
德行牙醫診所,士林區,臺北市士林區德行東路187號
林政毅牙醫診所,士林區,臺北市士林區德行西路74號、74號2樓
三船牙醫診所,士林區,臺北市士林區天母東路１之２號４樓
雙林皮膚科診所,士林區,臺北市士林區社子街28號
海蒂牙醫診所,士林區,臺北市士林區中山北路5段641號1樓
李文達婦產科診所,士林區,臺北市士林區文林路458號(實際使用：1樓)
英倫牙醫診所,士林區,臺北市士林區延平北路五段305號、307號
士林星和診所,士林區,臺北市士林區中山北路5段472號5樓
崇生中醫診所,士林區,臺北市士林區文林路519號
奧森牙醫診所,士林區,臺北市士林區天母東路45之1號2樓
慕樂牙醫診所,士林區,臺北市士林區中山北路六段152號2樓之1、152號2樓之2、154號2樓
和謙耳鼻喉科診所,士林區,臺北市士林區社中街362號1樓
悅庭牙醫診所,士林區,臺北市士林區中山北路5段472號6樓
品耀牙醫診所,士林區,臺北市士林區士東路125號2樓
一森診所,士林區,臺北市士林區中山北路5段476號1樓
惠周內兒科診所,士林區,臺北市士林區大北路９６號１樓
福華中醫診所,士林區,臺北市士林區忠誠路二段76巷8號
貝爾診所,士林區,臺北市士林區中山北路七段82巷9號
永慶牙醫診所,士林區,臺北市士林區大東路127號(實際使用:1樓)
朝陽復健科診所,士林區,臺北市士林區中山北路5段699巷2號
晶綻牙醫診所,士林區,臺北市士林區中山北路六段764號(實際使用：1樓)
優德牙醫診所,士林區,臺北市士林區克強路13之1號
葉眼科診所,士林區,臺北市士林區延平北路5段173號(實際使用1、2層）
可潔牙醫診所,士林區,臺北市士林區通河街62號
士林小兒科診所,士林區,臺北市士林區中正路249號
士林復健科診所,士林區,臺北市士林區文林路497號
社子安心診所,士林區,臺北市士林區延平北路五段76號
晶亮牙醫診所,士林區,臺北市士林區小北街5號及5之1號
寶安中醫診所,士林區,臺北市士林區中正路296號(2樓)
科安診所,士林區,臺北市士林區社中街116號
天母康健身心診所,士林區,臺北市士林區德行西路100號
人仁牙醫診所,士林區,臺北市士林區華齡街69號
鴻林診所,士林區,臺北市士林區大東路128號
榮清耳鼻喉科診所,士林區,臺北市士林區文林路483號(1、2樓)
社子中醫診所,士林區,臺北市士林區延平北路六段87號(實際使用：1樓)
士林承德診所,士林區,臺北市士林區承德路五段54號
天悅牙醫診所,士林區,臺北市士林區中山北路六段268號
承新中醫診所,士林區,臺北市士林區中正路203號(實際使用2樓)
永恆美診所,士林區,臺北市士林區忠誠路一段58號(實際使用：1樓及地下1、2層)
陳建華整形外科診所,士林區,臺北市士林區天母西路3號3樓之2
亮顏美學牙醫診所,士林區,臺北市士林區福華路158號2樓
劍潭中醫診所,士林區,臺北市士林區劍潭路46號
芝音中醫診所,士林區,臺北市士林區福華路128巷10號
伯仁診所,士林區,臺北市士林區中山北路五段516號2樓
心福內科診所,士林區,臺北市士林區中山北路六段167號(實際使用:1、2樓)
士林錦禾中醫診所,士林區,臺北市士林區士東路16號(實際使用:1樓)、18號2樓
耀明診所,士林區,臺北市士林區中正路322號
博識牙醫診所,士林區,臺北市士林區中正路304號1、2樓
樹爸爸親子診所,士林區,臺北市士林區德行東路286號
百齡中醫診所,士林區,臺北市士林區華齡街57號
新鼎牙醫診所,士林區,臺北市士林區天母西路11號2樓
存德中醫診所,士林區,臺北市士林區文林路460號(實際使用：1樓)
泰昌堂中醫診所,士林區,臺北市士林區中山北路六段208號2樓
士林頌恩齒顎矯正牙醫診所,士林區,臺北市士林區文林路420號(1、2、3樓)
三玉品恆復健科診所,士林區,臺北市士林區天母東路53號
天方中醫診所,士林區,臺北市士林區中山北路6段157巷14號1樓
太仁牙醫診所,士林區,臺北市士林區大南路223號
天梁堂中醫診所,士林區,臺北市士林區通河街35號
優儷芙生活診所,士林區,臺北市士林區中正路300號(2樓)
自由想心理診所,士林區,臺北市士林區福華路122號2樓
境靜眼科診所,士林區,臺北市士林區中山北路5段626號1樓
世康中醫診所,士林區,臺北市士林區天母西路40號2樓
文林骨科診所,士林區,臺北市士林區文林路468號
士林同仁中醫診所,士林區,臺北市士林區文林路402號
心築身心診所,士林區,臺北市士林區通河街90號1樓
天母麥茵茲美形診所,士林區,臺北市士林區天玉街38巷20號4樓
宜達診所,士林區,臺北市士林區前港街86號1樓
德生診所,士林區,臺北市士林區文林路552號(1樓)
一七美生活診所,士林區,臺北市士林區中山北路6段17號(1樓、2樓)
天宇中醫診所,士林區,臺北市士林區中山北路7段29號1樓
士林身心醫學診所,士林區,臺北市士林區文林路410號(1、2樓)
梅西牙醫診所,士林區,臺北市士林區承德路4段79之2號(1樓及2樓)
天母好日子診所,士林區,臺北市士林區磺溪街21巷8號(1、2樓)
爾康中醫診所,士林區,臺北市士林區大南路285巷5號1樓
品維維健康美學診所,士林區,臺北市士林區承德路4段191號1樓、191-1號(1樓)、191-2號(1樓)
禾旭診所,士林區,臺北市士林區大南路323之1號12樓(12層、13層)
小禾馨士林小兒專科診所,士林區,臺北市士林區中正路289號(1樓)
承德中醫診所,士林區,臺北市士林區福港街232之1號1樓
藝群士林診所,士林區,臺北市士林區中正路422號1樓
嘉芮牙醫診所,士林區,臺北市士林區中正路120號2樓及120之1號2樓
和彩牙醫診所,士林區,臺北市士林區文林路444號(1樓)
劍潭璞軒牙醫診所,士林區,臺北市士林區承德路4段50號1樓及48巷4號1樓
天母品恆復健科診所,士林區,臺北市士林區忠誠路1段135號1樓、137號1樓、157號1樓及169號1樓
和玉牙醫診所,士林區,臺北市士林區中山北路6段405巷55號1樓
唯心牙醫診所,士林區,臺北市士林區社子街34號1樓
張松柏眼科診所,士林區,臺北市士林區忠誠路二段58號2樓
梁如蘭眼科診所,士林區,臺北市士林區中山北路六段２６６號１樓
家庭醫師張正弘診所,士林區,臺北市士林區天玉街３８巷９號
楊是韻皮膚科診所,士林區,臺北市士林區中山北路六段298號１樓
王文豪診所,士林區,臺北市士林區美崙街６6號1樓
得安耳鼻喉科診所,士林區,臺北市士林區忠誠路二段3號
忠誠聯合診所,士林區,臺北市士林區忠誠路2段50巷35號
政吉內科診所,士林區,臺北市士林區士東路６7號
葉耳鼻喉科診所,士林區,臺北市士林區延平北路五段218號
陳彥銘耳鼻喉科診所,士林區,臺北市士林區士東路１２號之１壹樓
立安復健科診所,士林區,臺北市士林區大東路130號
韓偉骨科診所,士林區,臺北市士林區中山北路5段506號7樓
吳錫麟診所,士林區,臺北市士林區社中街266號1樓
杏昌診所,士林區,臺北市士林區文林路736號1樓
柏齡診所,士林區,臺北市士林區福港街105號
柯耳鼻喉科診所,士林區,臺北市士林區大東路１４４號
社子陳診所,士林區,臺北市士林區延平北路五段２８４號1樓
東杏診所,士林區,臺北市士林區中山北路六段431之2號2樓
戴得育牙醫診所,士林區,臺北市士林區天母西路27號2樓
達美牙醫診所,士林區,臺北市士林區忠誠路一段159號
仁佑中醫診所,士林區,臺北市士林區社子街41之1號(實際使用:1樓)
長茂牙醫診所,士林區,臺北市士林區磺溪街41號1樓
健群骨科診所,士林區,臺北市士林區延平北路6段8號(1、2、3樓)及10號(1、2、3樓)
吳越夫牙醫診所,士林區,臺北市士林區士東路２６６巷５弄１７－１號
佑成牙醫診所,士林區,臺北市士林區天母東路８巷２７號２樓之１
忠誠牙醫診所,士林區,臺北市士林區忠誠路二段1號１樓
宏誠牙醫診所,士林區,臺北市士林區中山北路六段４５０巷７弄１號
佳視得眼科診所,士林區,臺北市士林區天母北路11-1號1樓
天玉牙醫診所,士林區,臺北市士林區天玉街81巷4號1樓
百安堂仁心中醫診所,士林區,臺北市士林區忠誠路2段40巷20號
歐彥君中醫診所,士林區,臺北市士林區天母西路52號
念華牙醫診所,士林區,臺北市士林區忠誠路一段１００巷１４號地下樓
芝山牙醫診所,士林區,臺北市士林區至誠路二段６６號
大蘋果牙醫診所,士林區,臺北市士林區天母東路４5－１號3樓
寬安中醫診所,士林區,臺北市士林區士東路５０號
林志聰皮膚科診所,士林區,臺北市士林區文昌路26號
天晴診所,士林區,臺北市士林區中山北路六段292號、292號2樓
慈田耳鼻喉科診所,士林區,臺北市士林區延平北路五段１８５號１樓
何小兒科診所,士林區,臺北市士林區福港街１７６號
蕭雨青小兒科診所,士林區,臺北市士林區延平北路五段２９２號１樓
鄭福山婦產科診所,士林區,臺北市士林區中山北路六段256號
榮元外科診所,士林區,臺北市士林區延平北路五段１６２號(1樓)
永芳牙醫診所,士林區,臺北市士林區天母東路１－２號１樓
祥瑞牙醫診所,士林區,臺北市士林區文林路487號1樓(實際使用:1、2樓)
淨美皮膚科診所,士林區,臺北市士林區文林路317號(實際使用:1、2樓)
黃金喜婦產科診所,士林區,臺北市士林區延平北路五段２０１號
李世澤小兒科內科診所,士林區,臺北市士林區社子街６７號
何敦恥診所,士林區,臺北市士林區中正路２２１號
徐光輝診所,士林區,臺北市士林區承德路四段１０巷８號
德泰耳鼻喉科診所,士林區,臺北市士林區通河街42之1號
蘇惠珍皮膚專科診所,士林區,臺北市士林區忠義街８３號
仁友皮膚科診所,士林區,臺北市士林區美德街２２之１號１樓
榮庚皮膚科診所,士林區,臺北市士林區中正路210之1號1樓
許牙醫診所,士林區,臺北市士林區忠誠路一段57號1樓
洛杉磯牙醫診所,士林區,臺北市士林區天母東路1之1號4樓
天母芝美時尚診所,士林區,臺北市士林區福華路159號1樓
惠眾中醫診所,士林區,臺北市士林區美德街70號
天御中醫診所,士林區,臺北市士林區德行東路215號
源遠堂中醫診所,士林區,臺北市士林區文林路289號
合聖牙醫診所,士林區,臺北市士林區延平北路5段241號第一層
揚德健康診所,士林區,臺北市士林區中正路436號(1、2樓)
華崗文化診所,士林區,臺北市士林區菁山路26號(1層)
怡德診所,士林區,臺北市士林區文林路342號6樓
畢士大中醫診所,士林區,臺北市士林區前港街84號1樓
芳川牙醫診所,士林區,臺北市士林區大西路19號
宏仁牙醫診所,士林區,臺北市士林區延平北路六段158、162號
賓大牙醫診所,士林區,臺北市士林區中山北路六段214號
士東中醫診所,士林區,臺北市士林區中山北路六段300號1樓
仰德中醫診所,士林區,臺北市士林區天母北路18號1樓
慶昇中醫診所,士林區,臺北市士林區中山北路七段190巷1號1樓
保晟中醫診所,士林區,臺北市士林區延平北路五段172號
一春堂中醫診所,士林區,臺北市士林區德行東路187-1號
存安堂中醫診所,士林區,臺北市士林區延平北路七段８２號
政德中醫診所,士林區,臺北市士林區前街17號
端容牙醫診所,士林區,臺北市士林區中正路３２０號
士東牙醫診所,士林區,臺北市士林區中山北路六段４３３號
蘇鴻輝牙醫診所,士林區,臺北市士林區延平北路六段７６號
瑞陽牙醫診所,士林區,臺北市士林區德行東路３５５號
新民牙醫診所,士林區,臺北市士林區華齡街１４號
愛齒牙醫診所,士林區,臺北市士林區中正路２３４號
周欽定牙醫診所,士林區,臺北市士林區延平北路五段２７７號
昭亮牙醫診所,士林區,臺北市士林區大西路２５號
千賀牙醫診所,士林區,臺北市士林區士東路14號
威廉牙醫診所,士林區,臺北市士林區天母北路８７巷２弄３號１樓
世安牙醫診所,士林區,臺北市士林區福港街49號１樓
博信牙醫診所,士林區,臺北市士林區通河街173號
家福牙醫診所,士林區,臺北市士林區德行西路６８號
揚信牙醫診所,士林區,臺北市士林區延平北路五段２４４巷１７號１樓
福元牙醫診所,士林區,臺北市士林區士東路６５號
佳樺牙醫診所,士林區,臺北市士林區忠誠路二段１０巷４號１樓
東成牙醫診所,士林區,臺北市士林區小北街２３號１－２樓
福國牙醫診所,士林區,臺北市士林區福國路１５巷１２號
茂林牙醫診所,士林區,臺北市士林區小北街１之３號
保齡牙醫診所,士林區,臺北市士林區忠義街８１號１樓
天母牙醫診所,士林區,臺北市士林區中山北路七段29號4樓
福臨牙醫診所,士林區,臺北市士林區志成街25號地下之2
嘉民牙醫診所,士林區,臺北市士林區中山北路六段168號2樓
光華牙醫診所,士林區,臺北市士林區延平北路五段１８６號２樓
親親牙醫診所,士林區,臺北市士林區中山北路五段６２２號２樓
陳慶成牙醫診所,士林區,臺北市士林區中正路２４０號(含地下室)
長虹牙醫診所,士林區,臺北市士林區福港街１２１號
永泰牙醫診所,士林區,臺北市士林區通河街１１９號
以新牙醫診所,士林區,臺北市士林區中山北路七段５６－３號
博浩牙醫診所,士林區,臺北市士林區社正路２３號
邱世昌診所,士林區,臺北市士林區文林路７１８號
迦美診所,士林區,臺北市士林區中山北路七段14巷2-2號3樓
凱健牙醫診所,士林區,臺北市士林區天母東路８巷２７號之６一樓
喬森牙醫診所,士林區,臺北市士林區後港街１８號
信誼牙醫診所,士林區,臺北市士林區天母北路１２－１號２樓
信美牙醫診所,士林區,臺北市士林區延平北路五段１６３巷７號
嘉櫻小兒科診所,士林區,臺北市士林區德行西路119號1樓
杏暉診所,士林區,臺北市士林區社子街15號
平安診所,士林區,臺北市士林區社子街36之1號1樓
元群眼科診所,士林區,"臺北市士林區文林路437號1,2樓"
麗心整形外科診所,士林區,臺北市士林區忠誠路二段64號2樓
百齡診所,士林區,臺北市士林區重慶北路四段187號1、2樓
愛林診所,士林區,臺北市士林區承德路四段222號、222之1號、222之2號
蘇家醫科診所,士林區,臺北市士林區大北路２０號
鄭醫師診所,士林區,臺北市士林區延平北路五段120號1、2 樓
元順診所,士林區,臺北市士林區德行西路１０６號
何啟温診所,士林區,臺北市士林區德行東路63號
林博通醫師診所,士林區,臺北市士林區通河街６０號
杏美皮膚科診所,士林區,臺北市士林區天母西路４０之１號２樓
蘇慧卿診所,士林區,臺北市士林區大南路２７４號
粱耳鼻喉科診所,士林區,臺北市士林區社正路12之1號
羅氏皮膚科診所,士林區,臺北市士林區中山北路七段１４巷２號２樓
柯佑民小兒科診所,士林區,臺北市士林區天母東路８巷１９弄５號１樓
洪楷義耳鼻喉科診所,士林區,臺北市士林區忠誠路二段８８號１樓
張虔熙小兒科診所,士林區,臺北市士林區中山北路六段282號
美加牙醫診所,士林區,臺北市士林區天母東路8巷21-1號1樓
漢醫堂中醫診所,士林區,臺北市士林區小北街7號
林葉牙醫診所,士林區,臺北市士林區中山北路七段11號2樓
健原診所,士林區,臺北市士林區中正路６２７號
天母英明診所,士林區,臺北市士林區天母東路６９巷７號１Ｆ
常甡中醫診所,士林區,臺北市士林區小北街15號
祐聖眼科診所,士林區,臺北市士林區延平北路五段３１６號
京東牙醫診所,士林區,臺北市士林區士東路200巷70號
保安眼科診所,士林區,臺北市士林區大東路44號
維育牙醫診所,士林區,臺北市士林區中正路120號、120之1號
健群牙醫診所,士林區,臺北市士林區天母西路３號４樓之６
第一牙醫診所,士林區,臺北市士林區德行東路４６巷４弄３號１樓
盧金成婦產科診所,士林區,臺北市士林區忠誠路一段１７９號２樓
澄隆中醫診所,士林區,臺北市士林區文林路340號
指筌中醫診所,士林區,臺北市士林區德行西路102號
士林大學眼科診所,士林區,臺北市士林區文林路496號(含夾層)、498號(含夾層)、500號及500號2樓
育生牙醫診所,士林區,臺北市士林區中山北路五段699巷2之1號１樓
賴牙醫診所,士林區,臺北市士林區中山北路六段１６１號２樓之３
陳剛朗耳鼻喉科診所,士林區,臺北市士林區大北路６４號
佑康診所,士林區,臺北市士林區通河街100號
國維牙醫診所,士林區,臺北市士林區忠誠路1段84號1樓、88號1樓、90號1樓
佩佩婦幼診所,士林區,臺北市士林區中山北路六段182號、182號2樓
悅展中醫診所,士林區,臺北市士林區延平北路五段243號(實際使用一層)
立安牙醫診所,士林區,臺北市士林區中山北路七段１６５－３號
永平牙醫診所,士林區,臺北市士林區延平北路六段176巷6弄1號1樓
新光醫療財團法人新光吳火獅紀念醫院,士林區,臺北市士林區文昌路95號及士商路51號、51號2樓、51號3樓、51號4樓、51號5樓、51號6樓、51號7樓、53號、55號、57號、臺北市士林區基河路252號1樓
悅馨牙醫診所,士林區,臺北市士林區中山北路5段472號4樓
晶美整形外科診所,士林區,臺北市士林區文林路343號(實際使用:1、2、3樓)
光和牙醫診所,士林區,臺北市士林區基河路２３８之３號１樓
何英世婦產科診所,士林區,臺北市士林區文林路４８２號１樓
邱瑋光牙醫診所,士林區,臺北市士林區天母東路1之1號3樓
聖林牙醫診所,士林區,臺北市士林區德行東路67號
志明眼科診所,士林區,臺北市士林區天母東路8巷83號
經緯牙醫診所,士林區,臺北市士林區德行東路２７５號１樓
信愛中醫診所,士林區,臺北市士林區文林路478號1樓
徐永康整形外科診所,士林區,臺北市士林區中山北路七段１５號５樓
鄭文彥牙醫診所,士林區,臺北市士林區文林路678號2樓
三愛牙醫診所,士林區,臺北市士林區天母東路69巷1之1號1樓
中美牙醫診所,士林區,臺北市士林區忠誠路二段64號3樓
大雅牙醫診所,士林區,臺北市士林區忠誠路一段１８６號１樓
劉牙醫診所,士林區,臺北市士林區天母西路２８號２樓
揚明牙醫診所,士林區,臺北市士林區德行東路310號
博政骨科診所,士林區,臺北市士林區德行西路99號、101號
嚴永強牙醫診所,士林區,臺北市士林區天母西路３９號４樓
林佳宏小兒科診所,士林區,臺北市士林區中山北路六段４６２號
吳俊昇眼科診所,士林區,臺北市士林區中山北路六段４３4號１樓
雅鄰牙醫診所,士林區,臺北市士林區延平北路五段１2５號
林崇民牙醫診所,士林區,臺北市士林區天母西路６０號５樓
大豐牙醫診所,士林區,臺北市士林區中山北路五段６８４號２樓
永信牙醫診所,士林區,臺北市士林區中山北路六段４２１號２樓
昇陽牙醫診所,士林區,臺北市士林區天母西路４０－１號４樓
立宸牙醫診所,士林區,臺北市士林區忠誠路2段41巷38號1樓
國聯牙醫診所,士林區,臺北市士林區天母北路32號1樓
維美牙醫診所,士林區,臺北市士林區文林路428號
大偉牙醫診所,士林區,臺北市士林區天玉街38巷10號
正齡牙醫診所,士林區,臺北市士林區中正路452號
柏宏中醫診所,士林區,臺北市士林區士商路78號
新長庚中醫診所,士林區,臺北市士林區大東路１７６號
瀚儒中醫診所,士林區,臺北市士林區德行東路92號2樓
天母中醫診所,士林區,臺北市士林區忠誠路二段５０巷４號１樓
天泉牙醫診所,士林區,臺北市士林區中山北路六段726號3樓
楊恭熙牙醫診所,士林區,臺北市士林區大東路137號1樓
家康牙醫診所,北投區,臺北市北投區知行路二一四巷三號
振興醫療財團法人振興醫院,北投區,臺北市北投區振興街４５號
臺北市立聯合醫院附設北投門診部,北投區,臺北市北投區新市街30號5樓
榮恩牙醫診所,北投區,臺北市北投區公館路１０９號１樓
臻心復健科診所,北投區,臺北市北投區東華街1段370號(1、2樓)、372號(1、2樓)及376號(1、2樓)
啟仁牙醫診所,北投區,臺北市北投區尊賢街二二三號
華杏中醫診所,北投區,臺北市北投區西安街一段三六九號2樓
李國屏牙醫診所,北投區,臺北市北投區裕民一路四七號一樓
陳獻明小兒科診所,北投區,臺北市北投區中央南路一段六十九號１樓
王志靈診所,北投區,臺北市北投區實踐街44號
倪牙醫診所,北投區,臺北市北投區立農街一段一八七巷一四號
大眾牙醫診所,北投區,臺北市北投區中央北路2段60號1樓
三進中醫診所,北投區,臺北市北投區光明路133之8號1樓
東華中醫診所,北投區,臺北市北投區東華街一段四十六號
聯美牙醫診所,北投區,臺北市北投區尊賢街251巷2號1樓
定鼎牙醫診所,北投區,臺北市北投區吉利街144號
鄭宇廷耳鼻喉科診所,北投區,臺北市北投區中央北路一段94號
惠康診所,北投區,臺北市北投區西安街二段113號(實際使用:1樓)
石牌尊賢中醫診所,北投區,臺北市北投區尊賢街249巷2號1層
萬泰診所,北投區,臺北市北投區中央北路二段五二號一樓
臺北市立關渡醫院─委託臺北榮民總醫院經營,北投區,臺北市北投區知行路二二五巷十二號
善揚中醫診所,北投區,臺北市北投區西安街一段157號
柏菱牙醫診所,北投區,臺北市北投區中央北路一段186號
昱新眼科診所,北投區,臺北市北投區光明路一○四號一樓
張晉豪診所,北投區,臺北市北投區中央南路一段155號
林璞牙醫診所,北投區,臺北市北投區吉利街二三八號
黃正宏診所,北投區,臺北市北投區西安街1段359號
晨緹牙醫診所,北投區,臺北市北投區明德路158號
豪康診所,北投區,臺北市北投區中央南路一段57號2樓
和勤診所,北投區,臺北市北投區中央北路4段543號1樓
辰筠時尚診所,北投區,臺北市北投區裕民六路120號5樓C
永光牙醫診所,北投區,臺北市北投區知行路二八八號
青島牙醫診所,北投區,臺北市北投區石牌路一段一六二號
五洲牙醫診所,北投區,臺北市北投區中和街三○九號
承新診所,北投區,臺北市北投區北投路二段11號
慶全牙醫診所,北投區,臺北市北投區光明路148之1號2樓
幸福牙醫診所,北投區,臺北市北投區義理街四九巷六號一樓
長生堂牙醫診所,北投區,臺北市北投區中央南路一段195號、195之1號
樂奇牙醫診所,北投區,臺北市北投區中央北路一段四八號一樓
清田婦產科家醫科診所,北投區,臺北市北投區中和街二六八號
牛津眼科診所,北投區,臺北市北投區石牌路2段364號1樓及366號1樓
德祥牙醫診所,北投區,臺北市北投區中央南路一段７８號
瑞泰牙醫診所,北投區,臺北市北投區中央南路一段１２３號
信安牙醫診所,北投區,臺北市北投區石牌路一段一三八號
方圓牙醫診所,北投區,臺北市北投區石牌路二段四十五號二樓
明德牙醫診所．,北投區,臺北市北投區明德路2-1號
人德中醫診所,北投區,臺北市北投區中央南路一段１７９號
順建中醫診所,北投區,臺北市北投區石牌路一段８５號
耕德中醫診所,北投區,臺北市北投區中央北路一段38號1、2樓
茂元中醫診所,北投區,臺北市北投區中央南路二段七五號
慈愛中醫診所,北投區,臺北市北投區自強街108號
十方中醫診所,北投區,臺北市北投區中和街228號
懸壺中醫診所,北投區,臺北市北投區石牌路二段68巷20號
普生中醫診所,北投區,臺北市北投區明德路31號
康禾堂中醫診所,北投區,臺北市北投區西安街二段335號
逢春中醫診所,北投區,臺北市北投區中央南路一段125號
豐禾中醫診所,北投區,臺北市北投區自強街150號
佳禾中醫診所,北投區,臺北市北投區石牌路一段101號1、2樓
中和牙醫診所,北投區,臺北市北投區中和街二八三號二樓
曹牙醫診所,北投區,臺北市北投區自強街１４１巷３號
益群牙醫診所,北投區,臺北市北投區石牌路二段７５巷３號２Ｆ
大程牙醫診所,北投區,臺北市北投區光明路新生巷13號1.2樓
永翰牙醫診所,北投區,臺北市北投區中和街二七○號一樓
啟容牙醫診所,北投區,臺北市北投區公館路３５號１樓
新市牙醫診所,北投區,臺北市北投區新市街２７號１樓
恆安牙醫診所,北投區,臺北市北投區石牌路二段三六二號一樓
微美牙醫診所,北投區,臺北市北投區實踐街38號
宇隆牙醫診所,北投區,臺北市北投區中央南路一段22號1樓
金牙醫診所,北投區,臺北市北投區中和街424號
富群牙醫診所,北投區,臺北市北投區石牌路一段七十一巷一號一樓
明月牙醫診所,北投區,臺北市北投區大興街25、26、28、30號
京品牙醫診所,北投區,臺北市北投區石牌路一段三十四號一、二樓
禾睿牙醫診所,北投區,臺北市北投區西安街一段367號
陽明牙醫診所,北投區,臺北市北投區西安街二段167號
怡鳴眼科診所,北投區,臺北市北投區中央北路一段一三六號一樓
宏德診所．,北投區,臺北市北投區尊賢街二七二號
洪耳鼻喉科診所,北投區,臺北市北投區中央南路一段43號
永安家庭醫學科診所,北投區,臺北市北投區中央北路一段172號(實際使用：一、二層)
蔡賡禧婦產科診所,北投區,臺北市北投區石牌路一段72號
大順耳鼻喉科診所,北投區,臺北市北投區中和街二三六號一樓
鄭紹沂神經科診所,北投區,臺北市北投區石牌路一段54號、54號2樓及56號
張智郁婦產科診所,北投區,臺北市北投區石牌路二段三三二之二號一樓
林文正耳鼻喉科診所,北投區,臺北市北投區明德路92號1樓
陳如芬眼科診所,北投區,臺北市北投區石牌路一段50號(1、2樓)
杏華診所,北投區,臺北市北投區知行路218號(實際使用:1樓)
泓光診所,北投區,臺北市北投區立農街二段二八七號
蔡秉勳小兒科診所,北投區,臺北市北投區中和街二八一號一樓
張參雄診所,北投區,臺北市北投區光明路166號(1、2層)、166-1號(1、2、3層)、166-2號(2、3層)
何叔芳小兒科診所,北投區,臺北市北投區石牌路2段90巷12號1樓
醫療財團法人辜公亮基金會和信治癌中心醫院,北投區,臺北市北投區立德路１２５號
博泰牙醫診所,北投區,臺北市北投區中央南路1段183號1樓
天倚牙醫診所,北投區,臺北市北投區石牌路2段95號4樓
台新診所,北投區,臺北市北投區光明路１４５號１樓
李伯匯小兒科診所,北投區,臺北市北投區石牌路一段93號
昱德聯合診所,北投區,臺北市北投區光明路１０２號
慈恩耳鼻喉科診所,北投區,臺北市北投區中央南路一段十三號
卓玉麗皮膚專科診所,北投區,臺北市北投區東華街一段52號1樓，58號1樓
采新整形外科診所,北投區,臺北市北投區明德路114、116號2樓
孫劍鴻眼科診所,北投區,臺北市北投區東華街一段392號1樓
王景平眼科診所,北投區,臺北市北投區中央南路一段205號
劉明真皮膚科診所,北投區,臺北市北投區石牌路二段116號2樓
康田診所,北投區,臺北市北投區自強街76號
潔生診所,北投區,臺北市北投區石牌路二段321號
陳珀勳診所,北投區,臺北市北投區明德路85號
長宏診所,北投區,臺北市北投區中央北路二段一二一號一樓
芯悅皮膚科診所,北投區,臺北市北投區石牌路1段57號(1、2樓)
光明診所,北投區,臺北市北投區石牌路2段99巷55號1、2樓
定傳中醫診所,北投區,臺北市北投區懷德街3之7號
臺北榮民總醫院,北投區,臺北市北投區石牌路二段201號、322號
三軍總醫院北投分院附設民眾診療服務處,北投區,臺北市北投區新民路60號、中和街250號1至4樓、永興路二段2號1至2樓
和碩聯合科技股份有限公司附設醫務室,北投區,臺北市北投區立功街76號5樓
紀耳鼻喉科診所,北投區,臺北市北投區石牌路2段55號2樓.57號.57號2樓
翰譽耳鼻喉科診所,北投區,臺北市北投區中央南路一段189號
家福診所,北投區,臺北市北投區實踐街13號
洪志淳皮膚科診所,北投區,臺北市北投區中央南路一段185號1樓
世界牙醫診所,北投區,臺北市北投區西安街一段二八一巷六弄二號
喜美牙醫診所,北投區,臺北市北投區西安街一段三五三號
志強牙醫診所,北投區,臺北市北投區自強街９５號
典藏牙醫診所,北投區,臺北市北投區石牌路1段156號(1、2樓)
健惠牙醫診所,北投區,臺北市北投區知行路二六○巷一號一樓
德安牙醫診所,北投區,臺北市北投區吉利街一０一之一二號一樓
惠生牙醫聯合診所,北投區,臺北市北投區明德路一二一號二樓一二三號一、二樓
群昇牙醫診所,北投區,臺北市北投區石牌路一段八十三 號
詠恩牙醫診所,北投區,臺北市北投區尊賢街218巷50號
和悅經典中醫診所,北投區,臺北市北投區光明路2巷9之5號.9之5號2樓
李承鴻皮膚科診所,北投區,臺北市北投區西安街1段187號1樓、189號1樓、2樓、2樓之1
弘德診所,北投區,臺北市北投區雙全街64號1、2樓、66號1、2樓、68號1、2樓
宏恩兒科診所,北投區,臺北市北投區致遠一路2段99號
靚亮診所,北投區,臺北市北投區明德路312號(實際使用1樓、地下1樓)
長麗牙醫診所,北投區,臺北市北投區中央南路1段51號
紀皮膚科診所,北投區,臺北市北投區石牌路2段55號2樓.57號.57號2樓
向日葵牙醫診所,北投區,臺北市北投區東華街一段364號
崇德診所,北投區,臺北市北投區承德路七段310號1樓(含夾層)
依嘉美時尚診所,北投區,臺北市北投區光明路168號
悅馨中醫診所,北投區,臺北市北投區西安街1段173號
台北欣安耳鼻喉科診所,北投區,臺北市北投區石牌路一段152號
全禾中醫診所,北投區,臺北市北投區光明路166號(1、2層)、166-1號(1、2、3層)、166-2號(2、3層)
劉怜瑛眼科診所,北投區,臺北市北投區裕民六路126號
奇岩身心診所,北投區,臺北市北投區中央南路一段191、193號
陳信方小兒科診所,北投區,臺北市北投區明德路106號
黃浩魁小兒科診所,北投區,臺北市北投區中央北路一段168號
臺北市北投健康管理醫院,北投區,臺北市北投區中和街2號
陳柏宏親子診所,北投區,臺北市北投區明德路124號
品緻牙醫診所,北投區,臺北市北投區裕民一路40巷35號
永成牙醫診所,北投區,臺北市北投區中和街397號
健嘉中醫診所,北投區,臺北市北投區東華街二段218號(實際使用:1樓)
洪榮杰牙醫診所,北投區,臺北市北投區東華街一段50號
天璽中醫診所,北投區,臺北市北投區裕民二路33巷2號及6號
北投骨科診所,北投區,臺北市北投區中央南路一段176、178號
况叔叔齒顎矯正專科牙醫診所,北投區,臺北市北投區西安街二段333號2樓
陽明診所,北投區,臺北市北投區石牌路一段166巷20號1、2樓及22號1、2樓。
誠鴻牙醫診所,北投區,臺北市北投區中和街282號
黃郁琳皮膚科診所,北投區,臺北市北投區中央北路1段42號
安心牙醫診所,北投區,臺北市北投區立農街二段210號
榮陽安心診所,北投區,臺北市北投區自強街168號
如翊健康診所,北投區,臺北市北投區天母西路126號、128號、128之1號
旭康復健科診所,北投區,臺北市北投區石牌路一段40號(實際使用:1、2、3樓)
風荷牙醫診所,北投區,臺北市北投區中央南路一段72號(實際使用：1樓)
和新診所,北投區,臺北市北投區中央北路1段2號(9樓、10樓)
沐荷中醫診所,北投區,臺北市北投區中央南路1段113號1樓
橙品耳鼻喉科診所,北投區,臺北市北投區自強街70號1樓
沐沐牙醫診所,北投區,臺北市北投區石牌路1段63號、71巷3弄5號
薇美牙醫診所,北投區,臺北市北投區泉源路11號、11之1號
謙懿中醫診所,北投區,臺北市北投區實踐街21號1樓
天母力康診所,北投區,臺北市北投區明德路365號(教學研究綜合大樓3樓)
光美中醫診所,北投區,臺北市北投區光明路72巷66號
陽明格子牙醫診所,北投區,臺北市北投區西安街二段165號(實際使用1、2樓)
健群中醫診所,北投區,臺北市北投區石牌路1段166巷116號1樓
風和美學牙醫診所,北投區,臺北市北投區石牌路2段110號1、2樓
潔品中醫診所,北投區,臺北市北投區西安街2段275巷20號1樓
文遠診所,北投區,臺北市北投區石牌路2段346號(1、2樓)
一耀診所,北投區,臺北市北投區文林北路186號1、2樓
群岳牙醫診所,北投區,臺北市北投區西安街1段329號1樓
樂植牙醫診所,北投區,臺北市北投區致遠一路1段89號(1樓)
迪生牙醫診所,北投區,臺北市北投區榮華三路7之3號1樓及地下1樓
石牌實和復健診所,北投區,臺北市北投區文林北路256號2樓、258號2樓、260號2樓及262號1樓
王永良診所,北投區,臺北市北投區自強街九十四號
隆豪中醫診所,北投區,臺北市北投區明德路157號1樓
余世仁復健科診所,北投區,臺北市北投區中央北路一段十號一樓
廣澤堂中醫診所,北投區,臺北市北投區大業路370號
石牌鄭身心醫學診所,北投區,臺北市北投區石牌路一段69號(實際使用:1、2樓)
揚名皮膚科診所,北投區,臺北市北投區中央北路二段六六號
佳韻婦產科診所,北投區,臺北市北投區中央南路一段42號2樓
華榮診所,北投區,臺北市北投區承德路七段90號2、3樓
宏恩牙醫診所,北投區,臺北市北投區光明路７４號
振德中醫診所,北投區,臺北市北投區實踐街32號2樓
藝術家牙醫診所,北投區,臺北市北投區裕民六路126號9樓
廖峻宏牙醫診所,北投區,臺北市北投區育仁路102號1樓
大易中醫診所,北投區,臺北市北投區中央北路一段201號1樓
川柳紀念外科診所,北投區,臺北市北投區裕民二路45號
邱耳鼻喉科診所,北投區,臺北市北投區石牌路一段二十三號一、二樓
英華牙醫診所,北投區,臺北市北投區致遠一路二段六十一號
方仁牙醫診所,北投區,臺北市北投區自強街一三０號
倍視眼科診所,北投區,臺北市北投區西安街一段357號(實際使用:1樓)
常哲診所,北投區,臺北市北投區明德路157之4號(實際使用:1樓)
石牌李診所,北投區,臺北市北投區西安街一段二八一巷十五號
祐民聯合診所,北投區,臺北市北投區中央南路一段207號1、2、3樓、211巷1、3號1、2、3樓、209號2、3樓
懷德中醫診所,北投區,臺北市北投區石牌路二段90巷18號
泰隆診所,北投區,臺北市北投區自強街一四一巷十九號
維格牙醫診所,北投區,臺北市北投區裕民一路40巷23號1樓及2樓
文林診所,北投區,臺北市北投區裕民六路120號2樓
鄭素珠診所,北投區,臺北市北投區自強街一五四號
鑫鑫牙醫診所,北投區,臺北市北投區中和街329號(實際使用:1樓)
迦美牙醫診所,北投區,臺北市北投區中央北路二段九號
慧捷診所,北投區,臺北市北投區中央北路三段59號
心樂是診所,北投區,臺北市北投區致遠一路2段105號1樓
三合中醫診所,北投區,臺北市北投區三合街二段446號
群欣牙醫診所,北投區,臺北市北投區石牌路2段9號2樓
衡心診所,北投區,臺北市北投區光明路226號2樓
東欣牙醫診所,北投區,臺北市北投區北投路2段17號1及2樓
真漾美診所,北投區,臺北市北投區知行路282號(2樓)、284號(2樓)
北辰身心醫學診所,北投區,臺北市北投區光明路2巷9之3號1樓、9之3號2樓
晟幸診所,北投區,臺北市北投區石牌路一段71巷9弄19號1樓、19之1號(1樓)
吉安診所,北投區,臺北市北投區西安街一段２８１巷１８號
臺北市立聯合醫院附設信義門診部,信義區,臺北市信義區大道路116號1樓、2樓
德佑診所,信義區,臺北市信義區福德街215號1樓
信義101健康管理診所,信義區,臺北市信義區信義路5段8號4樓
慶峰診所,信義區,臺北市信義區松山路２７５－２號１樓
福樂牙醫診所,信義區,臺北市信義區松勤街49號
雅禾診所,信義區,臺北市信義區松仁路107號13樓
松山漢唐中醫診所,信義區,臺北市信義區松山路565號1樓
怡安診所,信義區,臺北市信義區基隆路一段125號
弘安診所,信義區,臺北市信義區松信路43號
蔡榮鏡中醫診所,信義區,臺北市信義區林口街２４巷８號１Ｆ
杏仁復健科診所,信義區,臺北市信義區永吉路227號(1、2樓)
健民康禾診所,信義區,臺北市信義區永吉路386號(1樓含夾層)
京典牙醫診所,信義區,臺北市信義區莊敬路241號1樓
亮傑牙醫診所,信義區,臺北市信義區永吉路３８４號１樓
福德牙醫診所,信義區,臺北市信義區松德路４５號１樓
陳彥傑牙醫診所,信義區,臺北市信義區莊敬路４３６號１樓
進安中醫診所,信義區,臺北市信義區松信路77號
濟德中醫診所,信義區,臺北市信義區松山路411號
加林牙醫診所,信義區,臺北市信義區松德路13號
粱美鳳中醫診所,信義區,臺北市信義區松山路261-2號
榮德牙醫診所,信義區,臺北市信義區福德街241之1號
吳興牙醫診所,信義區,臺北市信義區吳興街533號一樓
中光牙醫診所,信義區,臺北市信義區忠孝東路五段６２３號３樓
元貞中醫診所,信義區,臺北市信義區松仁路188號
陽光耳鼻喉科診所,信義區,臺北市信義區松山路484之8號
大曜中醫診所,信義區,臺北市信義區忠孝東路五段394號2樓
連小兒科診所,信義區,臺北市信義區松山路４６５巷１１號１Ｆ
鍼鼎善中醫診所,信義區,臺北市信義區莊敬路341巷3號
友達牙醫診所,信義區,臺北市信義區大道路70號
優品牙醫診所,信義區,臺北市信義區松山路481號
德明眼科診所,信義區,臺北市信義區松山路二一二號
家瑋生育診所,信義區,臺北市信義區光復南路525號1樓
明陽診所,信義區,臺北市信義區永吉路３０巷１５７弄４號１樓
王知行婦產科診所,信義區,臺北市信義區永吉路308號
王剴鏘醫師診所,信義區,臺北市信義區忠孝東路五段388號3樓
松志牙醫診所,信義區,臺北市信義區松德路１８４號１樓
雅術牙醫診所,信義區,臺北市信義區忠孝東路5段510號之1
宏森中醫診所,信義區,臺北市信義區吳興街115號
君綺信義診所,信義區,臺北市信義區松智路1號5樓
臺北市政府醫務室,信義區,臺北市信義區市府路1號(1樓東區)
信義邱婦產科診所,信義區,臺北市信義區虎林街198號
悠亞診所,信義區,臺北市信義區忠孝東路5段727號
松禾診所,信義區,臺北市信義區松山路130號3樓、3樓之1
市府八千代診所,信義區,臺北市信義區基隆路一段163號15樓之2、之3
聿康診所,信義區,臺北市信義區忠孝東路五段250號2樓
仁愛傑仕牙醫診所,信義區,臺北市信義區光復南路437號(1、2層)
栢麗恆全人診所,信義區,臺北市信義區忠孝東路5段431號2樓
美好牙醫診所,信義區,臺北市信義區松德路２５巷３２號１樓
美迪婦產科診所,信義區,臺北市信義區信義路5段18號2樓
頂心中醫診所,信義區,臺北市信義區虎林街120巷152號
寶晟紀中醫診所,信義區,臺北市信義區忠孝東路五段472號5樓
李德孚牙醫診所,信義區,臺北市信義區忠孝東路四段五一二號二樓之一
歸元中醫診所,信義區,臺北市信義區虎林街132巷32號
信義耳鼻喉科診所,信義區,臺北市信義區莊敬路391巷4號
雅美信牙醫診所,信義區,臺北市信義區忠孝東路五段510之6號1樓(含地下1樓)
米妮診所,信義區,臺北市信義區信義路4段450巷9號7樓
美麗馨診所,信義區,臺北市信義區中坡南路28號1樓
台灣中油股份有限公司員工診所,信義區,臺北市信義區松仁路3號(實際營業地址:3樓)
康泰診所,信義區,臺北市信義區永吉路54號
順康復健科診所,信義區,臺北市信義區莊敬路362號、364號、364號2樓
新詠康診所,信義區,臺北市信義區忠孝東路5段242號3樓、244號3樓
太淵中醫診所,信義區,臺北市信義區松山路335號
原力復健科診所,信義區,臺北市信義區基隆路2段145號145號2樓、145號地下1層
陳彥良中醫診所,信義區,臺北市信義區信義路六段87號
陳靜宜牙醫診所,信義區,臺北市信義區基隆路二段201號2樓
美爵牙醫診所,信義區,臺北市信義區基隆路一段169號
睿宏牙醫診所,信義區,臺北市信義區永吉路339號
愛利膚皮膚科診所,信義區,臺北市信義區莊敬路366號
敦美牙醫診所,信義區,臺北市信義區中坡南路80號
永吉羅耳鼻喉科診所,信義區,臺北市信義區永吉路272號
忠孝牙醫診所,信義區,臺北市信義區忠孝東路5段451號及423巷4弄18號
飛悅皮膚科診所,信義區,臺北市信義區忠孝東路5段508號1樓、508號地下一樓、508號13樓之1
合安眼科診所,信義區,臺北市信義區基隆路2段189號
長松綠診所,信義區,臺北市信義區忠孝東路五段159號5樓
松山班廷建興診所,信義區,臺北市信義區市民大道6段318號(實際營業地址：1樓、2樓)
東之美診所,信義區,臺北市信義區忠孝東路5段187號2樓
晶愛眼科診所,信義區,臺北市信義區莊敬路454號、454號2樓
桂其安家醫科診所,信義區,臺北市信義區莊敬路462號
心苑診所,信義區,臺北市信義區東興路63之1號3樓
鍼還中醫診所,信義區,臺北市信義區忠孝東路4段500號2樓之6
松仁婦產科診所,信義區,臺北市信義區松仁路100號14樓之1
御瑞牙醫診所,信義區,臺北市信義區莊敬路178巷8號1樓
良品牙醫診所,信義區,臺北市信義區莊敬路425號、425號2樓
安珀琢玉醫美診所,信義區,臺北市信義區信義路五段55號2樓、57號2樓
艾潔牙醫診所,信義區,臺北市信義區松山路488號
昫安中醫診所,信義區,臺北市信義區永吉路527號2樓
翡冷翠牙醫診所,信義區,臺北市信義區光復南路467號
晶鑽診所,信義區,臺北市信義區忠孝東路4段565號2樓
劉教授婦產科診所,信義區,臺北市信義區忠孝東路5段236巷32號1樓、236巷30號2樓
康森牙醫診所,信義區,臺北市信義區忠孝東路5段388號2樓
錢本文診所,信義區,臺北市信義區信義路5段150巷2號17樓之1
景得中醫診所,信義區,臺北市信義區忠孝東路5段365號1樓、2樓、2樓之1
晶鑽時尚診所,信義區,臺北市信義區忠孝東路4段563號3樓之1、565號3樓
財團法人生命連線基金會附設醫務室,信義區,臺北市信義區忠孝東路5段552號15樓
之華中醫診所,信義區,臺北市信義區信義路6段33巷3號
慈昱中醫診所,信義區,臺北市信義區虎林街132巷20號1樓
依心唯美整形外科診所,信義區,臺北市信義區基隆路2段13號2樓、15號2樓
美麗信義皮膚科診所,信義區,臺北市信義區忠孝東路5段145號1樓
儷寶得信義皮膚科診所,信義區,臺北市信義區忠孝東路5段15巷15號1樓
永銘診所,信義區,臺北市信義區松山路226號(1樓)
康璽診所,信義區,臺北市信義區忠孝東路5段412之7號1樓及地下一層
沐群牙醫診所,信義區,臺北市信義區光復南路441號1樓、2樓
上帝視角診所,信義區,臺北市信義區基隆路1段163號13樓之3
品軒唯美牙醫診所,信義區,臺北市信義區市民大道6段250號1樓、250號地下1樓
哈佛永春牙醫診所,信義區,臺北市信義區忠孝東路5段412號9樓之1
耐斯信義診所,信義區,臺北市信義區忠孝東路4段563號6樓、6樓之2
忠孝英爵診所,信義區,臺北市信義區忠孝東路4段563號2樓
品軒牙醫診所,信義區,臺北市信義區市民大道6段250號3樓、4樓
松德耳鼻喉科診所,信義區,臺北市信義區松德路58號1樓
悠美診所,信義區,臺北市信義區忠孝東路4段504號(1樓)
忠孝耳鼻喉科診所,信義區,臺北市信義區忠孝東路5段772號1樓
101諾貝爾眼科診所,信義區,臺北市信義區信義路5段18號1樓
信義霍普金斯診所,信義區,臺北市信義區忠孝東路5段477之6號1樓、2樓、477之1號(2樓)
艾來公園牙醫診所,信義區,臺北市信義區大道路28巷17號1樓
松仁牙醫診所,信義區,臺北市信義區松仁路254號1樓
心品診所,信義區,臺北市信義區忠孝東路5段1之5號4樓、1之7號4樓
松仁中醫診所,信義區,臺北市信義區松仁路100號14樓之1
靚顏維格診所,信義區,臺北市信義區中坡北路3號1樓、5號1樓
遠見眼科診所,信義區,臺北市信義區信義路5段7號84樓之1
青禾中醫診所,信義區,臺北市信義區福德街296號1樓
杏中醫診所,信義區,臺北市信義區忠孝東路5段423巷4弄24號(1樓)
昱明中醫診所,信義區,臺北市信義區永吉路284號1樓
福德郭耳鼻喉科診所,信義區,臺北市信義區福德街62號
陳逸川眼科診所,信義區,臺北市信義區松德路95號、97號
聯合報系員工診療所,信義區,臺北市信義區忠孝東路四段五五九巷一號六樓
松山長春外科診所,信義區,臺北市信義區永吉路３３５號１Ｆ
俊安診所,信義區,臺北市信義區永吉路30巷148弄6號
三稜中醫診所,信義區,臺北市信義區松山路465巷8號
臺北市議會醫務室,信義區,臺北市信義區仁愛路四段507號
群博牙醫診所,信義區,臺北市信義區松仁路240巷11號
鐵椎中醫診所,信義區,臺北市信義區虎林街82巷52號
101時尚診所,信義區,臺北市信義區忠孝東路5段35號4樓
瑞比牙醫診所,信義區,臺北市信義區莊敬路478號2樓之4之6
科美診所,信義區,臺北市信義區中坡北路13號1樓
德文診所,信義區,臺北市信義區松仁路240巷15號
御瑄牙醫診所,信義區,臺北市信義區莊敬路211號1樓、219號1樓
康華中醫診所,信義區,臺北市信義區莊敬路391巷11弄9號
全日牙醫診所,信義區,臺北市信義區福德街１９５號１樓
聯安牙醫診所,信義區,臺北市信義區虎林街３２號之１一樓
新穎全診所,信義區,臺北市信義區和平東路三段265號
姚醫師診所,信義區,臺北市信義區忠孝東路五段396號二樓
永吉聯合診所,信義區,臺北市信義區永吉路329號1、2樓及331號1、2樓
佳康內科診所,信義區,臺北市信義區基隆路2段109號8樓、8樓之1
新眼光眼科診所,信義區,臺北市信義區忠孝東路五段508之1號及518號
日康復健科診所,信義區,臺北市信義區中坡南路十六 號
美麗永春牙醫診所,信義區,臺北市信義區松山路453號
興漢中醫診所,信義區,臺北市信義區虎林街121巷10號
誠泰牙醫診所,信義區,臺北市信義區信義路六段96號
芳林牙醫診所,信義區,臺北市信義區永吉路三十巷一七八弄二號一樓
強棒牙醫診所,信義區,臺北市信義區松隆路四之一號B1
世樺牙醫診所,信義區,臺北市信義區松仁路二六七號
華明牙醫診所,信義區,臺北市信義區莊敬路２８５號１樓
建全牙醫診所,信義區,臺北市信義區松山路５３３號１樓
東南牙醫診所,信義區,臺北市信義區松信路119號
正興復健科診所,信義區,臺北市信義區永吉路344號
阿波羅牙醫診所,信義區,臺北市信義區吳興街３４５巷１３號１Ｆ
同德牙醫診所,信義區,臺北市信義區莊敬路２３３號１樓
黃啟彰診所,信義區,臺北市信義區松山路２６１－１號１樓
富陽劉內兒科診所,信義區,臺北市信義區富陽街４３號１Ｆ
張育驍診所,信義區,臺北市信義區吳興街467巷2弄4號1樓、6號1樓、6號2樓、10號1樓
明仁牙醫診所,信義區,臺北市信義區松山路496號、504號、506號(含496號、504號地下1樓)
朝宏牙醫診所,信義區,臺北市信義區福德街２２４號２樓
盧樹森中醫診所,信義區,臺北市信義區仁愛路四段四六０號
博文診所,信義區,臺北市信義區吳興街284巷1之4號
優式牙醫診所,信義區,臺北市信義區和平東路三段297號
髮拉儷皮膚科診所,信義區,臺北市信義區忠孝東路五段139號4樓
昱華中醫診所,信義區,臺北市信義區崇德街67號
康誠內科診所,信義區,臺北市信義區松山路625號
自在診所,信義區,臺北市信義區中坡南路84號
致再牙醫診所,信義區,臺北市信義區松仁路192號
錦宜診所,信義區,臺北市信義區信義路4段375號8樓之5
鼎泰牙醫診所,信義區,臺北市信義區松德路30號、30號2樓
維京牙醫診所,信義區,臺北市信義區松德路60號
信義身心精神科診所,信義區,臺北市信義區莊敬路412號
慧祥診所,信義區,臺北市信義區松山路484之5號
仁瀚骨科診所,信義區,臺北市信義區信安街151號
陳麗妃牙醫診所,信義區,臺北市信義區信義路5段7號35樓
心悅中醫診所,信義區,臺北市信義區忠孝東路5段482號3樓之1
艾來牙醫診所,信義區,臺北市信義區林口街190號
美麗潔美學牙醫診所,信義區,臺北市信義區和平東路三段223號、223號2樓
王家瑋婦產科診所,信義區,臺北市信義區基隆路二段56號、56號地下層、58號、60號、62號
新佑泉診所,信義區,臺北市信義區忠孝東路5段508之4號
理恩診所,信義區,臺北市信義區忠孝東路5段410之2號(1樓)
瑞妮絲醫美診所,信義區,臺北市信義區光復南路505號4樓
道明牙醫診所,信義區,臺北市信義區松山路208號
岐綝中醫診所,信義區,臺北市信義區忠孝東路5段236巷2弄1號、1之1號
臺元牙醫診所,信義區,臺北市信義區松山路２６１號１樓
林聰明牙醫診所,信義區,臺北市信義區光復南路449號1樓
東群牙醫診所,信義區,臺北市信義區永吉路５１１號１樓、2樓、3樓
韋倫牙醫診所,信義區,臺北市信義區信義路六段２５號１樓
尚德牙醫診所,信義區,臺北市信義區永吉路６６號１樓
松德牙醫診所,信義區,臺北市信義區大道路73號1樓
上林牙醫診所,信義區,臺北市信義區崇德街４號１樓
賴獻章牙醫診所,信義區,臺北市信義區永吉路３０巷１５１弄２號２樓
永齡牙醫診所,信義區,臺北市信義區忠孝東路五段４３４號
正揚牙醫診所,信義區,臺北市信義區光復南路４１９巷９１號
大春牙醫診所,信義區,臺北市信義區和平東路三段３４１巷１５號１Ｆ
彩虹牙醫診所,信義區,臺北市信義區松山路五四０巷三弄六號
佳曏牙醫診所,信義區,臺北市信義區吳興街５９９號３樓
百齡牙醫診所,信義區,臺北市信義區莊敬路３４７號１樓
萬福牙醫診所,信義區,臺北市信義區松德路７９號１樓
莊敬牙醫診所,信義區,臺北市信義區莊敬路４２９號１Ｆ
佳興牙醫診所,信義區,臺北市信義區吳興街284巷1之5號
沈牙醫診所,信義區,臺北市信義區和平東路三段２３５號１樓
鴻利牙醫診所,信義區,臺北市信義區松德路70號
陳明繁牙醫診所,信義區,臺北市信義區松山路541巷23號
健生堂中醫診所,信義區,臺北市信義區基隆路2段149之16號1樓
健銨中醫診所,信義區,臺北市信義區莊敬路二二六號一樓
承芯耳鼻喉科診所,信義區,臺北市信義區大道路121號1樓
彭婦產科診所,信義區,臺北市信義區永吉路185之4號、185之1號2樓
天成牙醫診所,信義區,臺北市信義區松山路253號
吳牙醫診所,信義區,臺北市信義區松山路４６７號２樓
格康中醫診所,信義區,臺北市信義區莊敬路437號
成功中醫診所,信義區,臺北市信義區莊敬路432號
聖心中醫診所,信義區,臺北市信義區和平東路3段391巷28號1樓
世芳中醫診所,信義區,臺北市信義區逸仙路26巷5號一樓
天元中醫診所,信義區,臺北市信義區松山路486號
陳士源中醫診所,信義區,臺北市信義區永吉路492號
欣佑許寶童中醫診所,信義區,臺北市信義區松山路２４４號１Ｆ
長安中醫診所,信義區,臺北市信義區松山路302號
陽明中醫診所,信義區,臺北市信義區永吉路３０巷１０號１Ｆ
大同中醫診所,信義區,臺北市信義區松山路五七六號
松信牙醫診所,信義區,臺北市信義區忠孝東路5段388號
鄒志揚牙醫診所,信義區,臺北市信義區忠孝東路五段273號2樓
和安牙醫診所,信義區,臺北市信義區和平東路三段309號
達新牙醫診所,信義區,臺北市信義區忠孝東路五段４８０號３樓－１
松山仁祥牙醫診所,信義區,臺北市信義區忠孝東路五段372巷27弄81號
永吉牙醫診所,信義區,臺北市信義區永吉路185號1樓、185之3號、松信路87號1樓
黃正麟皮膚科診所,信義區,臺北市信義區忠孝東路五段４７０號２樓
高眼科診所,信義區,臺北市信義區莊敬路２１６號１Ｆ
詹毅然內科診所,信義區,臺北市信義區嘉興街３０２號１Ｆ
劉玄統診所,信義區,臺北市信義區松德路２５巷４２號
劉彥煌耳鼻喉專科診所,信義區,臺北市信義區莊敬路４６２號１Ｆ
王寬仁診所,信義區,臺北市信義區虎林街１２１巷１１號１樓
春田耳鼻喉科診所,信義區,臺北市信義區光復南路５５５號１樓
吳潮峰眼科診所,信義區,臺北市信義區永吉路３４１號１Ｆ
鄭光志小兒科診所,信義區,臺北市信義區松德路23號(實際營業地址:1樓)
陳醫師診所,信義區,臺北市信義區永吉路２７８巷５７弄６號
大明診所,信義區,臺北市信義區崇德街３５號１樓
陳國泰皮膚科診所,信義區,臺北市信義區松山路２２４號１樓
長風小兒科診所,信義區,臺北市信義區莊敬路３５１號１樓
松仁耳鼻喉科診所,信義區,臺北市信義區松仁路231號
黎明眼科診所,信義區,臺北市信義區忠孝東路五段135號七樓
約瑟皇家診所,信義區,臺北市信義區忠孝東路四段五００號七樓之六
張葉森診所,信義區,臺北市信義區永吉路３０巷１５號１Ｆ
朱耳鼻喉科診所,信義區,臺北市信義區忠孝東路5段452號1樓
秀光診所,信義區,臺北市信義區松山路４０５號１Ｆ
大新診所,信義區,臺北市信義區中坡南路七十六號
明輝診所,信義區,臺北市信義區松隆路282之3號
登瑞安診所,信義區,臺北市信義區林口街232號1樓
華信牙醫診所,信義區,臺北市信義區基隆路二段一三一號之十﹝一樓﹞
莊敬診所,信義區,臺北市信義區莊敬路280號
臺北婦產科診所,信義區,臺北市信義區松仁路100號14樓之2
欣欣診所,信義區,臺北市信義區虎林街82巷13號
臺北醫學大學附設醫院,信義區,臺北市信義區吳興街２５2號、250號
國泰牙醫診所,信義區,臺北市信義區光復南路449之3號
儀佳牙醫診所,信義區,臺北市信義區和平東路三段315號
沄禾中醫診所,信義區,臺北市信義區林口街192號1樓
美麗華牙醫診所,信義區,臺北市信義區永吉路３１８號１樓
松山陳耳鼻喉科診所,信義區,臺北市信義區松山路４８３號－１、１Ｆ
嚴敏心耳鼻喉科診所,信義區,臺北市信義區松山路541巷4號(1樓)
松阪悠美診所,信義區,臺北市信義區基隆路一段172巷7號2樓、9號2樓
臺北產業醫診所,信義區,臺北市信義區信義路5段7號35樓(I室)
新六福堂中醫診所,信義區,臺北市信義區忠孝東路5段197號1樓
晶彩牙醫診所,信義區,臺北市信義區福德街274號
謝政興泌尿科診所,信義區,臺北市信義區忠孝東路5段1之2號3樓
慈護晶璽中醫診所,信義區,臺北市信義區松信路38號
滕起民牙醫診所,信義區,臺北市信義區信義路四段三七五號三樓之七
上宏牙醫診所,信義區,臺北市信義區信義路六段68號
陳育鵬內科診所,信義區,臺北市信義區松山路568號
臺北漢唐中醫診所,信義區,臺北市信義區忠孝東路五段242號4樓、244號4樓
健康吉美診所,信義區,臺北市信義區基隆路一段176號16樓
興雅診所,信義區,臺北市信義區忠孝東路5段71巷19號
伯特利身心診所,信義區,臺北市信義區光復南路421號2樓
川豐中醫診所,信義區,臺北市信義區莊敬路403號
六安復健科診所,信義區,臺北市信義區吳興街467巷2弄14號、16號、18號
陳世卿診所,信義區,臺北市信義區莊敬路四三五號
采醫緻麗整形外科診所,信義區,臺北市信義區基隆路一段155號3樓之3、3樓之4
博馨診所,信義區,臺北市信義區永吉路236號
輝煌牙醫診所,信義區,臺北市信義區松山路３１９號一樓
探索神經科診所,信義區,臺北市信義區基隆路二段17號2樓
微笑中醫診所,信義區,臺北市信義區忠孝東路5段71巷11弄2號
頌讚中醫診所,信義區,臺北市信義區莊敬路325巷4號
安人牙醫診所,信義區,臺北市信義區忠孝東路五段５０８號２樓－８
祐誠骨科診所,信義區,臺北市信義區信義路6段77號79號
有成外科診所,信義區,臺北市信義區永吉路213號
明清牙醫診所,信義區,臺北市信義區信義路6段46號
大成中醫診所,信義區,臺北市信義區永吉路二OO巷五十六弄二號一樓
弘益牙醫診所,信義區,臺北市信義區松山路５６１號１樓
一杏牙醫診所,信義區,臺北市信義區信義路6段11號
悠美中醫診所,信義區,臺北市信義區忠孝東路4段500號1樓
松德精神科診所,信義區,臺北市信義區松德路108號
成品牙醫診所,信義區,臺北市信義區莊敬路322號3樓
聖醫中醫診所,信義區,臺北市信義區松山路二四三號、二四五號
信義適康復健科診所,信義區,臺北市信義區光復南路439號(1、2樓)
布布齒科牙醫診所,信義區,臺北市信義區崇德街52號1樓、2樓
古德牙醫診所,信義區,臺北市信義區忠孝東路四段559巷八號一樓
富陽牙醫診所,信義區,臺北市信義區富陽街88號一樓
髮拉儷美學植髮診所,信義區,臺北市信義區忠孝東路五段139號3樓
美麗境界診所,信義區,臺北市信義區忠孝東路五段159號2樓
唐風牙醫診所,信義區,臺北市信義區大道路13號
伍瑞吉醫師診所,信義區,臺北市信義區松山路４０１號１樓
逸安中醫診所,信義區,臺北市信義區逸仙路５０巷１２號２樓
林應然小兒科診所,信義區,臺北市信義區福德街75號
吉欣牙醫診所,信義區,臺北市信義區松山路２７５之１號１樓
錫口牙醫診所,信義區,臺北市信義區永吉路344號
健家牙醫診所,信義區,臺北市信義區莊敬路３４８號
郭牙醫診所,信義區,臺北市信義區忠孝東路五段３７２巷２７弄８８號１樓
松華牙醫診所,信義區,臺北市信義區忠孝東路五段３６４號２樓
國瑞牙醫診所,信義區,臺北市信義區中坡北路5號2樓
聯華牙醫診所,信義區,臺北市信義區松隆路223號1樓、2樓、225號2樓
東風牙醫診所,信義區,臺北市信義區吳興街126號
佳和牙醫診所,信義區,臺北市信義區松山路四七二號一樓
豐荷牙醫診所,信義區,臺北市信義區忠孝東路五段一三七號三樓
晶翎美學診所,中正區,臺北市中正區仁愛路2段70號1、2樓、72號(1樓)
公園景福牙醫診所,中正區,臺北市中正區公園路32號6樓之1
葛鎂診所,中正區,臺北市中正區館前路34號9樓
愛迪牙醫診所,中正區,臺北市中正區羅斯福路二段18號2樓
合睿牙醫診所,中正區,臺北市中正區羅斯福路4段68號7樓之11
慈聖牙醫診所,中正區,臺北市中正區羅斯福路一段五十五號一樓
吉星診所,中正區,臺北市中正區青島東路４－５號１樓
張孟源內科診所,中正區,臺北市中正區中華路二段３２５號
張順晶中醫診所,中正區,臺北市中正區羅斯福路二段44號5樓
力安妥診所,中正區,臺北市中正區衡陽路30號(2樓)
東北大牙醫診所,中正區,臺北市中正區羅斯福路三段276號(實際營業地址：1、2樓)
仁崇牙醫診所,中正區,臺北市中正區新生南路1段122之3號2樓
峻毅中醫診所,中正區,臺北市中正區和平西路一段30號
大宇牙醫診所,中正區,臺北市中正區羅斯福路一段４６號２Ｆ
惠森復健科診所,中正區,臺北市中正區師大路172號、172號之1號
美國傳奇牙醫診所,中正區,臺北市中正區羅斯福路四段24巷6之1號
雙合耳鼻喉科聯合診所,中正區,臺北市中正區汀州路一段96號
天心中醫診所,中正區,臺北市中正區武昌街1段33號(1樓、2樓、3樓)、35號2樓、35號4樓
美嘉美整形外科診所,中正區,臺北市中正區信義路二段251號5樓
建成中醫診所,中正區,臺北市中正區和平西路一段172號、174號、176號、170號2樓之1、170號3樓之1、170號3樓之2
永恆牙醫診所,中正區,臺北市中正區辛亥路一段17巷6號3樓
晨新牙醫診所,中正區,臺北市中正區重慶南路1段77之1號(1樓)
百分百牙醫診所,中正區,臺北市中正區館前路18號5樓
金山牙醫診所,中正區,臺北市中正區愛國東路６２號
誠忠牙醫診所,中正區,臺北市中正區金門街１２－８號
東門中醫診所,中正區,臺北市中正區連雲街81號2樓
仲景中醫診所,中正區,臺北市中正區忠孝東路2段16號2樓
嘉柏中醫診所,中正區,臺北市中正區公園路32號2樓
劉紀昌中醫診所,中正區,臺北市中正區羅斯福路1段24號4樓
美麗新診所,中正區,臺北市中正區重慶南路1段43號2樓之1、2樓之2
中央銀行秘書處醫務室,中正區,臺北市中正區羅斯福路一段2號(實際營業地址:第二大樓2樓)
南門牙醫診所,中正區,臺北市中正區羅斯福路2段1號2樓之1
捷思身心醫學診所,中正區,臺北市中正區忠孝東路二段100號5樓之7
安妞美學診所,中正區,臺北市中正區羅斯福路1段133號2樓
古亭光澤診所,中正區,臺北市中正區羅斯福路2段116號、116號2樓、116號2樓之1
惠恩診所,中正區,臺北市中正區濟南路二段四十八巷三至二號
奕康耳鼻喉科診所,中正區,臺北市中正區連雲街72號2樓
禾馨婦產科診所,中正區,臺北市中正區懷寧街78號、78號2樓
喜樂牙醫診所,中正區,臺北市中正區新生南路一段50之1號2樓
蒂恩美學診所,中正區,臺北市中正區新生南路1段128號4樓
松澤中醫診所,中正區,臺北市中正區新生南路1段54巷11號1樓
吳龍源中醫診所,中正區,臺北市中正區羅斯福路一段１３１號三樓
宜康診所,中正區,臺北市中正區新生南路一段148號
鈞安診所,中正區,臺北市中正區中華路2段431號1樓
李明儒耳鼻喉科診所,中正區,臺北市中正區中華路二段341號
悅心診所,中正區,臺北市中正區羅斯福路2段7之2號、7之3號
連生牙醫診所,中正區,臺北市中正區信義路二段１６１巷4號
韓娜斯時尚美醫診所,中正區,臺北市中正區博愛路83號2樓、85號2樓
東門牙醫診所,中正區,臺北市中正區臨沂街79之10號
六節中醫診所,中正區,臺北市中正區汀州路二段198號
博齡牙醫診所,中正區,臺北市中正區羅斯福路四段50號3樓之4
君綺美形診所,中正區,臺北市中正區忠孝西路1段6號13樓
家禾診所,中正區,臺北市中正區三元街217號1樓、2樓
汀洲中醫診所,中正區,臺北市中正區汀州路二段213號
藝群台北診所,中正區,臺北市中正區忠孝西路一段102號4樓
和眾綜合診所,中正區,臺北市中正區忠孝西路一段6號
百麗診所,中正區,臺北市中正區林森南路10號6樓之2
怡安堂中醫診所,中正區,臺北市中正區金山南路一段125號、125之1號
華慶牙醫診所,中正區,臺北市中正區中華路二段339號
厚德中醫診所,中正區,臺北市中正區南昌路一段53號
喜豐堂中醫診所,中正區,臺北市中正區博愛路88號(使用第一層)
齊美牙醫診所,中正區,臺北市中正區羅斯福路二段136號7樓
東妍診所,中正區,臺北市中正區信義路二段161巷8號2樓、8號2樓之1、12號(實際營業地址1、2樓)
身新醫學診所,中正區,臺北市中正區連雲街87號5樓
嘉貝牙醫診所,中正區,臺北市中正區信義路二段257號
美好健康診所,中正區,臺北市中正區連雲街83號(實際營業地址:1樓、2樓、3樓)
博士診所,中正區,臺北市中正區南陽街8號地下1樓
元泰診所,中正區,臺北市中正區羅斯福路3段2號2樓
衡觀診所,中正區,臺北市中正區衡陽路20號6樓
南陽中醫診所,中正區,臺北市中正區南陽街3號7樓之2
日明耀診所,中正區,臺北市中正區重慶南路一段66之1號2樓之1
極上中醫診所,中正區,臺北市中正區汀州路三段105號
立光診所,中正區,臺北市中正區博愛路76號2樓
沂禾中醫診所,中正區,臺北市中正區臨沂街33巷38號
家禾牙醫診所,中正區,臺北市中正區延平南路195巷5號
美渥館診所,中正區,臺北市中正區博愛路224巷5號6樓
久瑞復健科診所,中正區,臺北市中正區仁愛路2段21號、21之1號、23號
好甘心診所,中正區,臺北市中正區公園路30號9樓之1、9樓之2、11樓之1、11樓之2、11樓之3
星和診所,中正區,臺北市中正區館前路2號6樓之1
超全能診所,中正區,臺北市中正區忠孝東路2段136號1樓
光澤晶漾診所,中正區,臺北市中正區館前路18號6樓
濰視眼科診所,中正區,臺北市中正區館前路43號(2樓)
臻健康診所,中正區,臺北市中正區中華路2段165之1號
台北諾貝爾眼科診所,中正區,臺北市中正區公園路13號5樓
懷寧復健科診所,中正區,臺北市中正區懷寧街110號1樓、7樓
古亭復健診所,中正區,臺北市中正區羅斯福路3段160號1樓、162號(1、2樓)
珍顏唯上診所,中正區,臺北市中正區館前路2號6樓
銘人診所,中正區,臺北市中正區博愛路9號3樓
千美診所,中正區,臺北市中正區新生南路1段60號3樓
慧明中醫診所,中正區,臺北市中正區新生南路1段92號2樓
海漾大健康管理診所,中正區,臺北市中正區水源路77號7樓之1
幫痘氏公館皮膚科診所,中正區,臺北市中正區羅斯福路3段308號1、2、3樓
台北澄清眼科診所,中正區,臺北市中正區忠孝西路1段80號3樓
醫健診所,中正區,臺北市中正區新生南路1段56號8樓
古亭適康復健科診所,中正區,臺北市中正區南昌路2段196號(1樓)、200號地下1樓、200號1樓、200號2樓
站前美力時尚診所,中正區,臺北市中正區館前路20號4樓
君綺美麗診所,中正區,臺北市中正區忠孝西路1段6號13樓
慢活靜心診所,中正區,臺北市中正區博愛路105號3樓
侑澄中醫診所,中正區,臺北市中正區信義路2段189號(1樓)、191號(1樓)
星創牙醫診所,中正區,臺北市中正區羅斯福路3段136、138號4樓
沐康美學牙醫診所,中正區,臺北市中正區師大路159號1樓、159號地下1樓
禾瑞印象診所,中正區,臺北市中正區信義路2段213號5樓
立達診所,中正區,臺北市中正區忠孝東路1段54號1樓、54之1號(1樓)、54之2號(1樓)、54號2樓、54號3樓
星采牙醫診所,中正區,臺北市中正區館前路2號3樓
名華牙醫診所,中正區,臺北市中正區汀州路一段２３６號
大道中醫診所,中正區,臺北市中正區忠孝西路一段41號8樓之6
華陽中醫診所,中正區,臺北市中正區新生南路一段16之4號
劉家庭醫學科診所,中正區,臺北市中正區杭州南路一段一四五號一、二樓
東京風采整形外科診所,中正區,臺北市中正區仁愛路二段48號7樓
佳妍診所,中正區,臺北市中正區羅斯福路2段136號2樓
虹約復健專科診所,中正區,臺北市中正區信義路二段91號2樓之2
丞泰耳鼻喉科診所,中正區,臺北市中正區南昌路一段７８號
好健康診所,中正區,臺北市中正區公園路30號11樓
國立台灣大學醫學院附設醫院,中正區,臺北市中正區中山南路７、８號；常德街１號
日明耀中醫診所,中正區,臺北市中正區重慶南路一段66之1號2樓之1
臺北市立聯合醫院附設中正門診部,中正區,臺北市中正區牯嶺街24號
廖春美牙醫診所,中正區,臺北市中正區寧波西街78號2樓
新公園診所,中正區,臺北市中正區襄陽路3號3樓
醫療財團法人徐元智先生醫藥基金會遠東聯合診所,中正區,臺北市中正區永綏街8至14號
益壽中醫診所,中正區,臺北市中正區南昌路1段71號(1、2樓)
優登牙醫診所,中正區,臺北市中正區和平西路一段八十八號
和逸牙醫診所,中正區,臺北市中正區同安街58號1樓
幸安牙醫診所,中正區,臺北市中正區杭州南路一段１４３巷３２－２號１樓
名家牙醫診所,中正區,臺北市中正區忠孝東路二段１３４巷２２號
蕭煥嘉牙醫診所,中正區,臺北市中正區新生南路一段１２８號
珍仁堂中醫診所,中正區,臺北市中正區忠孝東路2段98號1樓
李明潤中醫診所,中正區,臺北市中正區羅斯福路一段二十八號二樓之一
紹毅內兒科診所,中正區,臺北市中正區八德路1段50號1樓、50 號2樓、52號(1樓)、52之1號(2樓)
孫睿亮診所,中正區,臺北市中正區金山南路一段１２１號
尚義牙醫診所,中正區,臺北市中正區懷寧街６２號２Ｆ２０２室
林超群眼科診所,中正區,臺北市中正區重慶南路一段143號2樓
新生活診所,中正區,臺北市中正區新生南路一段140號2樓
怡和診所,中正區,臺北市中正區汀州路二段二一二號
明皓牙醫診所,中正區,臺北市中正區南昌路一段１２８號
偉華牙醫診所,中正區,臺北市中正區汀州路二段203號
美東牙醫診所,中正區,臺北市中正區仁愛路二段４３號２樓
慶聲牙醫診所,中正區,臺北市中正區寧波東街9巷3號1樓
美診所,中正區,臺北市中正區新生南路1段56號4樓
米蘭時尚診所,中正區,臺北市中正區忠孝東路1段43號、45號、45號2樓之1、45號2樓之2、45號2樓之3、45號2樓之5、47號、47之1號、45號10樓之1、45號10樓之2
李家雄中醫診所,中正區,臺北市中正區金山南路一段１２１號３Ｆ
長春藤台北忠孝診所,中正區,臺北市中正區忠孝西路1段50號27樓、27樓之3
劉桂蘭中醫診所,中正區,臺北市中正區忠孝東路一段35號2樓
顧安千金中醫診所,中正區,臺北市中正區紹興北街8號2樓之1
蘇黎世牙醫診所,中正區,臺北市中正區羅斯福路二段116號5樓之1
雅偲牙醫診所,中正區,臺北市中正區館前路2號6樓
悠媞時尚診所,中正區,臺北市中正區許昌街30號4樓
信義東暘牙醫診所,中正區,臺北市中正區金山南路一段155號2樓
德華牙醫診所,中正區,臺北市中正區重慶南路1段 110號
謝明吉口腔顎面外科牙醫診所,中正區,臺北市中正區忠孝西路1段6號2、3樓
典樺牙醫診所,中正區,臺北市中正區金山南路1段108號2樓、2樓之1
展望牙醫診所,中正區,臺北市中正區濟南路1段7號2樓
時尚診所,中正區,臺北市中正區忠孝西路一段33號10樓
博士眼科診所,中正區,臺北市中正區羅斯福路二段70號4樓之6、70號4樓之7、70號4樓之8
永康身心診所,中正區,臺北市中正區金山南路一段127號
宏孕診所,中正區,臺北市中正區新生南路1段56號14、15樓
清川牙醫診所,中正區,臺北市中正區汀州路1段118號
富麗牙醫診所,中正區,臺北市中正區和平西路1段69號
雙子星牙醫診所,中正區,臺北市中正區館前路26號2樓
宏達中醫診所,中正區,臺北市中正區汀州路三段211號2樓
時代中醫診所,中正區,臺北市中正區羅斯福路三段272號10樓
林志聲牙醫診所,中正區,臺北市中正區臨沂街13巷16號
維昕牙醫診所,中正區,臺北市中正區牯嶺街93號(實際營業:1、2樓)
典雅牙醫診所,中正區,臺北市中正區信義路二段123號、123號2樓
小千醫師診所,中正區,臺北市中正區忠孝東路二段134巷16號
新芽牙醫診所,中正區,臺北市中正區仁愛路二段92巷7號2樓
蘭心診所,中正區,臺北市中正區南昌路二段11號、15號
醫療財團法人好心肝基金會好心肝診所,中正區,臺北市中正區公園路30號2樓之2、8樓之1、8樓之2
祈約美醫皮膚科診所,中正區,臺北市中正區濟南路2段17號4樓
齊杏齒顎矯正專科牙醫診所,中正區,臺北市中正區忠孝東路二段58號(實際營業地址:1樓)
美日牙醫診所,中正區,臺北市中正區羅斯福路3段312號5、6樓
啓琮牙醫診所,中正區,臺北市中正區襄陽路41號、43號
祈新婦產科診所,中正區,臺北市中正區懷寧街78號9、10樓
平安身心精神科診所,中正區,臺北市中正區羅斯福路三段218號
蔡瑞芳眼科診所,中正區,臺北市中正區羅斯福路一段73號(實際營業地址一層)、75號2樓
鐘牙醫診所,中正區,臺北市中正區重慶南路三段４０號
聯合牙醫診所,中正區,臺北市中正區南昌街一段７４巷１３號
志明牙醫診所,中正區,臺北市中正區寧波西街８０號
強弘牙科診所,中正區,臺北市中正區汀州路二段８６號
杏安牙醫診所,中正區,臺北市中正區金門街９之６號
展光牙醫診所,中正區,臺北市中正區羅斯福路３段５０號２樓之一
名一牙醫診所,中正區,臺北市中正區漢口街一段８０巷６弄５號
思源牙醫診所,中正區,臺北市中正區南昌路二段200號4樓
君品牙醫診所,中正區,臺北市中正區延平南路232號
金恩牙醫診所,中正區,臺北市中正區羅斯福路二段16號3樓
劉永生牙醫診所,中正區,臺北市中正區濟南路二段19號2樓
西北聯合牙醫診所,中正區,臺北市中正區汀州路三段１９０號二樓之１
聯嘉牙醫診所,中正區,臺北市中正區南昌路二段２０６號２樓之１
拉圖牙醫診所,中正區,臺北市中正區忠孝東路一段146號1、2樓
璞鼎牙醫診所,中正區,臺北市中正區林森北路9巷12號2樓
誠伸牙醫診所,中正區,臺北市中正區信義路二段213號二樓
琠雅牙醫診所,中正區,臺北市中正區汀州路二段215號
鼎佳牙醫診所,中正區,臺北市中正區濟南路二段５８號２樓之1
仁安牙醫診所,中正區,臺北市中正區濟南路二段３之５號
紐約牙醫診所,中正區,臺北市中正區羅斯福路一段２８號２樓
大全牙醫診所,中正區,臺北市中正區忠孝西路一段５０號１８樓３７室
恆美中醫診所,中正區,臺北市中正區襄陽路九號八樓
洪麗妃中醫診所,中正區,臺北市中正區新生南路一段110之4號2樓
寶生堂中醫診所,中正區,臺北市中正區和平西路1段56號2樓
長德中醫診所,中正區,臺北市中正區金華街55號
幸吉堂中醫診所,中正區,臺北市中正區汀州一段１６９號
同安中醫診所,中正區,臺北市中正區同安街４１號
寧波中醫診所,中正區,臺北市中正區寧波西街80之1號
儒德中醫診所,中正區,臺北市中正區南昌路一段50號
和平中醫診所,中正區,臺北市中正區和平西路二段123號
順天中醫診所,中正區,臺北市中正區衡陽路85號2樓
大埔牙醫診所,中正區,臺北市中正區中華路二段９９號
九大牙醫診所,中正區,臺北市中正區忠孝東路二段９６號１Ｆ
天惠牙醫診所,中正區,臺北市中正區羅斯福路一段１０２號２Ｆ
博世牙醫診所,中正區,臺北市中正區濟南路一段7之6號、7之7號
博安牙醫診所,中正區,臺北市中正區仁愛路二段７１號２Ｈ室
瑞石牙醫診所,中正區,臺北市中正區信義路一段13之4號
華恩牙醫診所,中正區,臺北市中正區和平西路一段一五四號
安安牙醫診所,中正區,臺北市中正區杭州南路一段15之1號12樓
蕭耳鼻喉科診所,中正區,臺北市中正區汀州路二段二六一號
彭內科診所,中正區,臺北市中正區厦門街35號
李相台診所,中正區,臺北市中正區新生南路一段１４８號２樓之１
池振坤耳鼻喉科診所,中正區,臺北市中正區南昌路一段88號2樓之1
柯滄銘婦產科診所,中正區,臺北市中正區林森南路10號、10之1號、10號2樓、12號2樓、10號4樓、10號4樓之2
蕙瑛婦產科診所,中正區,臺北市中正區忠孝西路一段五十號二十四樓之二十四
長虹診所,中正區,臺北市中正區公園路十三號一、二、四樓，地下一樓
蔡明勳診所,中正區,臺北市中正區羅斯福路二段４０號１樓
拉菲爾人本診所,中正區,臺北市中正區館前路49號11樓
林診所,中正區,臺北市中正區寧波東街２２號
戰痘診所,中正區,臺北市中正區襄陽路17號(1樓)
同泰診所,中正區,臺北市中正區汀州路二段一三六號、一三八號
周正成小兒科診所,中正區,臺北市中正區徐州路24號
敦智內科診所,中正區,臺北市中正區懷寧街１９號
惠生診所,中正區,臺北市中正區臨沂街69之1號
美兆診所,中正區,臺北市中正區忠孝西路1段66號44.45樓
華御中醫診所,中正區,臺北市中正區濟南路2段51號
外交部醫務室,中正區,臺北市中正區凱達格蘭大道2號
衛生福利部疾病管制署健康中心,中正區,臺北市中正區林森南路6號1樓
國軍台北門診中心附設民眾診療服務處,中正區,臺北市中正區紹興南街7號
佳譽堂中醫診所,中正區,臺北市中正區寧波西街71號
李世輝耳鼻喉科診所,中正區,臺北市中正區南昌路一段79號
健康101診所,中正區,臺北市中正區牯嶺街97號1樓
站前大學眼科診所,中正區,臺北市中正區館前路8號3樓
美學院整形外科診所,中正區,臺北市中正區羅斯福路三段312號7樓
朱小兒科診所,中正區,臺北市中正區汀州路二段２２０號１樓
站前愛爾麗診所,中正區,臺北市中正區忠孝西路1段6號8樓
勝昌現代中醫診所,中正區,臺北市中正區和平西路二段５６之１號
米奇牙醫診所,中正區,臺北市中正區羅斯福路三段244巷10弄8號1樓
波菲特醫美診所,中正區,臺北市中正區羅斯福路二段116號4樓之1
薇璽美學診所,中正區,臺北市中正區忠孝東路1段13號7樓
同泰牙醫診所,中正區,臺北市中正區汀州路二段１４７號２樓
博瀚牙醫診所,中正區,臺北市中正區銅山街２４號２樓
車參聖整形外科診所,中正區,臺北市中正區重慶南路1段13號5樓、6樓
羅綺皮膚科診所,中正區,臺北市中正區濟南路一段7號4樓
品瑞牙醫診所,中正區,臺北市中正區南昌路二段13號
睿鳴堂中醫診所,中正區,臺北市中正區北平東路20之3號
大心古亭診所,中正區,臺北市中正區南昌路二段206號5樓之1
鄭文宗耳鼻喉科診所,中正區,臺北市中正區信義路二段２６７號
榮星中醫診所,中正區,臺北市中正區羅斯福路二段140號2樓之1
華泰牙醫診所,中正區,臺北市中正區許昌街30號3樓
郵政醫院（委託中英醫療社團法人經營）,中正區,臺北市中正區福州街14號
怡樺牙醫診所,中正區,臺北市中正區羅斯福路三段244巷2弄22號
皓齒牙醫診所,中正區,臺北市中正區羅斯福路一段一三一號四樓
口天牙醫診所,中正區,臺北市中正區丹陽街２２號
仁愛中醫診所,中正區,臺北市中正區延平南路１８７號
優政牙醫診所,中正區,臺北市中正區南昌路一段119號
薛宏昇中醫診所,中正區,臺北市中正區忠孝東路一段176號4樓之2
新光牙醫診所,中正區,臺北市中正區寧波西街６５號
李思儀中醫診所,中正區,臺北市中正區金山南路1段73巷6號
橙品牙醫診所,中正區,臺北市中正區仁愛路2段110號2樓
國立臺灣大學醫學院附設醫院兒童醫院,中正區,臺北市中正區中山南路8號
中明牙科診所,中正區,臺北市中正區汀州路一段２３５號
古亭中心耳鼻喉科診所,中正區,臺北市中正區中華路二段１６１號
慶輝牙醫診所,中正區,臺北市中正區寧波西街96號
星采皮膚專科診所,中正區,臺北市中正區羅斯福路一段32號2樓
溫亜中醫診所,中正區,臺北市中正區忠孝東路二段134巷16號2樓
茂澤中醫診所,中正區,臺北市中正區臨沂街6巷5號
羅福中醫診所,中正區,臺北市中正區羅斯福路二段70號6樓之6
站前聖宜診所,中正區,臺北市中正區許昌街42號(7樓)
靚白天使時尚美學診所,中正區,臺北市中正區重慶南路一段13號9樓
長弓牙醫診所,中正區,臺北市中正區仁愛路二段２６號2樓
慕顏時尚美學診所,中正區,臺北市中正區衡陽路7號14樓
黃牙醫診所,中正區,臺北市中正區博愛路６８號２Ｆ
劉瑞聰診所,中正區,臺北市中正區汀州路一段１９４號
溪垣中醫診所,中正區,臺北市中正區信義路二段153號(實際營業住址:1樓、2樓)
雅德思牙醫診所,中正區,臺北市中正區重慶南路1段66號(1樓、夾層)、66號地下1樓
永康中醫診所,中正區,臺北市中正區連雲街75號1樓
永愉診所,中正區,臺北市中正區忠孝東路1段54號3樓
佳飛雅醫美診所,中正區,臺北市中正區辛亥路1段49號(實際營業地址1層及2層)
清河牙醫診所,中正區,臺北市中正區信義路二段６３號二樓
玉霖牙醫診所,中正區,臺北市中正區新生南路一段６０號２樓
親子診所,中正區,臺北市中正區和平西路二段５０號
怡賀牙醫診所,中正區,臺北市中正區新生南路一段56號6樓
目急國際診所,中正區,臺北市中正區武昌街一段77號6樓之17
涵悅牙醫診所,中正區,臺北市中正區羅斯福路3段152號(1、2樓)、156號(1、2樓)
英哲牙醫診所,中正區,臺北市中正區杭州南路二段５４號
渾然天成診所,中正區,臺北市中正區忠孝西路1段45號3樓
風華整形外科診所,中正區,臺北市中正區忠孝西路1段6號2、3樓
滙安診所,中正區,臺北市中正區和平西路一段20號5樓
長齡牙醫診所,中正區,臺北市中正區師大路163號
皇妍時尚整形外科診所,中正區,臺北市中正區忠孝西路一段6號8樓
華山周牙醫診所,中正區,臺北市中正區忠孝東路二段６號2樓
俊廣牙醫診所,中正區,臺北市中正區南陽街３號３Ｆ
康平牙醫診所,中正區,臺北市中正區信義路二段67號
逢生牙醫診所,中正區,臺北市中正區南昌路一段三十七號二樓
三民牙醫診所,中正區,臺北市中正區汀州路二段３０號
新欣牙醫診所,中正區,臺北市中正區濟南路二段65號2樓
君綺時尚診所,萬華區,臺北市萬華區中華路一段90號10樓
博華中醫診所,萬華區,臺北市萬華區中華路二段364巷15號
名家耳鼻喉科診所,萬華區,臺北市萬華區西藏路107-2號(1樓)
福華美學牙醫診所,萬華區,臺北市萬華區西園路二段171號(實際營業地址:1樓、2樓、3樓)
明峰診所,萬華區,臺北市萬華區青年路22號
仁真牙醫診所,萬華區,臺北市萬華區國興路10號1樓、12號1樓
久久牙醫診所,萬華區,臺北市萬華區萬大路385號1樓
日安診所,萬華區,臺北市萬華區環河南路2段145號1樓
元祐中醫診所,萬華區,臺北市萬華區長沙街2段74號3樓之1
嘉樂美學牙醫診所,萬華區,臺北市萬華區桂林路76號(1、2、3、4、5樓)
雅毓牙醫診所,萬華區,臺北市萬華區長沙街2段103號1樓、103之1號1樓
同仁院醫療財團法人貴陽診所,萬華區,臺北市萬華區昆明街169號(1樓)
群欣中醫診所,萬華區,臺北市萬華區萬大路176號
億靇中醫診所,萬華區,臺北市萬華區萬大路325號
全昌堂中醫診所,萬華區,臺北市萬華區內江街2號(實際營業：1、2、3樓)、內江街4號(實際營業：1、2、3樓)
日森牙醫診所,萬華區,臺北市萬華區萬大路261號(1樓、2樓)
旭日牙醫診所,萬華區,臺北市萬華區西藏路117號1樓
廣益中醫診所,萬華區,臺北市萬華區康定路352號(1樓)
博安中醫診所,萬華區,臺北市萬華區長沙街2段51號1樓
晟祐診所,萬華區,臺北市萬華區中華路1段170號5樓之1
氧樂多牙醫診所,萬華區,臺北市萬華區康定路229號4樓
健安診所,萬華區,臺北市萬華區萬大路432號
松柏復健科診所,萬華區,臺北市萬華區中華路2段426之1號(1樓)、484巷14之1號(1樓)、484巷14之2號(1樓)
植美牙醫診所,萬華區,臺北市萬華區西藏路125巷7號
太元李中醫診所,萬華區,臺北市萬華區長沙街二段１０５號
惠德牙醫診所,萬華區,臺北市萬華區萬大路４８６巷５號
仁康牙醫診所,萬華區,臺北市萬華區東園街60之1號(1樓)
萬華蔡耳鼻喉科診所,萬華區,臺北市萬華區昆明街３１２之１號
弘旭牙醫診所,萬華區,臺北市萬華區西園路二段１７０號
天祥中醫診所,萬華區,臺北市萬華區萬大路100號
台新美學牙醫診所,萬華區,臺北市萬華區中華路1段170號2樓之1
北極星牙醫診所,萬華區,臺北市萬華區漢中街166、168號(1，2樓)
馥毓中醫診所,萬華區,臺北市萬華區萬青街174號(實際營業地址:1層及2層)
益銓診所,萬華區,臺北市萬華區萬大路233號
光耳鼻喉科診所,萬華區,臺北市萬華區青年路90號
許孟權小兒科診所,萬華區,臺北市萬華區西藏路115號
萬太診所,萬華區,臺北市萬華區萬大路四三四號
新東平診所,萬華區,臺北市萬華區東園街１６２號
吳淑芬眼科診所,萬華區,臺北市萬華區環河南路二段195號
和煦診所,萬華區,臺北市萬華區和平西路3段216號1樓
同仁牙醫診所,萬華區,臺北市萬華區長沙街二段４5號2樓
信華牙醫診所,萬華區,臺北市萬華區內江街78號、78號2樓
福全身心科診所,萬華區,臺北市萬華區中華路二段600號
蕭輝隆牙醫診所,萬華區,臺北市萬華區西藏路２６２號
復安診所,萬華區,臺北市萬華區寶興街115號1樓、117號1樓
三福牙醫診所,萬華區,臺北市萬華區萬大路63之1號
王新于中醫診所,萬華區,臺北市萬華區東園街46巷2號
世欣牙醫診所,萬華區,臺北市萬華區東園街１３９號１Ｆ
興宏中醫診所,萬華區,臺北市萬華區武成街11巷1號
昱安堂中醫診所,萬華區,臺北市萬華區貴陽街2段133號(1樓)、135號(1樓)
白牙醫診所,萬華區,臺北市萬華區西寧南路162號
瑞生診所,萬華區,臺北市萬華區西園路二段250號、250號2樓、250號3樓、252號、252號2樓、252號3樓
有幸福美學診所,萬華區,臺北市萬華區廣州街154號2樓
蓮樺中醫診所,萬華區,臺北市萬華區和平西路3段33號1、2樓
新和診所,萬華區,臺北市萬華區萬大路284號
益生婦產科診所,萬華區,臺北市萬華區萬大路４０６－１號
青年診所,萬華區,臺北市萬華區中華路二段四二四號
君怡耳鼻喉科診所,萬華區,臺北市萬華區貴陽街二段七十六號一樓
城中瑪麗安婦產科診所,萬華區,臺北市萬華區成都路4號2樓、中華路一段158號(實際開業地址2樓)
新田診所,萬華區,臺北市萬華區梧州街62號
吳明修診所,萬華區,臺北市萬華區中華路二段40.42號4樓
許士昌診所,萬華區,臺北市萬華區艋舺大道168巷７號
周耳鼻喉科診所,萬華區,臺北市萬華區西昌街173號(1樓)
漢宗小兒科診所,萬華區,臺北市萬華區中華路2段434號
慧洋診所,萬華區,臺北市萬華區莒光路１２５號
視強眼科診所,萬華區,臺北市萬華區中華路二段５９８號之４
天行健診所,萬華區,臺北市萬華區寶興街121、125、127號
中山婦產科診所,萬華區,臺北市萬華區桂林路１１４號
陳嘉銘診所,萬華區,臺北市萬華區武成街63巷12弄49號
林進雄診所,萬華區,臺北市萬華區桂林路102號1樓
博大泌尿科診所,萬華區,臺北市萬華區康定路92號
童錫鈺診所,萬華區,臺北市萬華區萬大路４８６巷５９弄１７號
丞安堂中醫診所,萬華區,臺北市萬華區西園路二段47號
佳安診所,萬華區,臺北市萬華區青年路34號
幸福診所,萬華區,臺北市萬華區康定路199號
財團法人台灣省私立台北仁濟院附設仁濟醫院,萬華區,臺北市萬華區廣州街２００，２４３號
國立臺灣大學醫學院附設醫院北護分院,萬華區,臺北市萬華區康定路３７號、臺北市萬華區內江街87號、臺北市萬華區內江街87號、臺北市萬華區內江街89號 (文教大樓1樓及供應樓1至2樓)
曾正彥診所,萬華區,臺北市萬華區西藏路472號
萬華劉小兒科診所,萬華區,臺北市萬華區康定路158號
賴耳鼻喉科診所,萬華區,臺北市萬華區西園路二段１９４－１號
樺昌耳鼻喉科診所,萬華區,臺北市萬華區中華路二段５２４號
好視多眼科診所,萬華區,臺北市萬華區萬大路257號
裕仁診所,萬華區,臺北市萬華區萬大路117號2樓、西藏路292號2樓
大元婦產科診所,萬華區,臺北市萬華區西園路二段１４０巷８號
鄭眼科診所,萬華區,臺北市萬華區莒光路１２３號
世福診所,萬華區,臺北市萬華區康定路18之3號(實際營業地址:2樓)
周建堂牙醫診所,萬華區,臺北市萬華區西園路二段３００號及地下1層
林民健牙醫診所,萬華區,臺北市萬華區中華路二段５３２號
感恩中醫診所,萬華區,臺北市萬華區康定路156號
正弘牙醫診所,萬華區,臺北市萬華區西藏路480號
萬澤內科診所,萬華區,臺北市萬華區萬大路425之1號2、3、4樓
永康診所,萬華區,臺北市萬華區桂林路47號1樓2樓及地下1樓
盧漢隆耳鼻喉科診所,萬華區,臺北市萬華區環河南路二段１９７號
生生整形外科診所,萬華區,臺北市萬華區成都路96號2樓
雙和診所,萬華區,臺北市萬華區國興路104號
德泰牙醫診所,萬華區,臺北市萬華區寶興街105號
仁善美中醫診所,萬華區,臺北市萬華區康定路217號、217號2樓
蔣富強皮膚專科診所,萬華區,臺北市萬華區萬大路264號、264號2樓
艋舺通安診所,萬華區,臺北市萬華區環河南路2段242號、242之1號
安興診所,萬華區,臺北市萬華區桂林路101號(實際營業地址1、2樓)
萬華瀚群骨科診所,萬華區,臺北市萬華區西園路一段176號(實際營業地址:1樓、2樓)
京采美醫診所,萬華區,臺北市萬華區中華路一段170號3樓、3樓之1及3樓之2
岐善中醫診所,萬華區,臺北市萬華區中華路二段484巷14之3號
尚潔牙醫診所,萬華區,臺北市萬華區萬大路427號(實際營業地址:1.2樓)
致元中醫診所,萬華區,臺北市萬華區國興路96號
立新口腔顎面外科牙醫診所,萬華區,臺北市萬華區西園路2段233號1樓、233號2樓、233號3樓
萬大牙醫診所,萬華區,臺北市萬華區東園街196號
呂松竹診所,萬華區,臺北市萬華區莒光路116號2樓之1
博昌復健科診所,萬華區,臺北市萬華區萬大路221號(實際開業地址一樓)
雲品牙醫診所,萬華區,臺北市萬華區萬大路353號(含一層、夾層)
佳德內科診所,萬華區,臺北市萬華區西園路一段200號2樓
黃健勇皮膚科診所,萬華區,臺北市萬華區成都路97號(實際營業地址:1、2樓)
榮順診所,萬華區,臺北市萬華區環河南路二段238號
陽光眼科診所,萬華區,臺北市萬華區貴陽街二段81號、83號2樓
萬華身心精神科診所,萬華區,臺北市萬華區和平西路3段142號
爵華牙醫診所,萬華區,臺北市萬華區昆明街171號(實際營業地址：一層、二層)
萬華賴牙醫診所,萬華區,臺北市萬華區西園路二段180號
雅意牙醫診所,萬華區,臺北市萬華區漢中街191號
大順中醫診所,萬華區,臺北市萬華區昆明街277號
西園醫療社團法人西園醫院,萬華區,臺北市萬華區西園路二段266、268、270、272、276號、185、187、189號
寶健牙醫診所,萬華區,臺北市萬華區國興路82號
典華牙醫診所,萬華區,臺北市萬華區東園街39號、39號2樓
光晶妍寶島眼科診所,萬華區,臺北市萬華區萬大路355號1樓(含夾層)
秋輝中醫診所,萬華區,臺北市萬華區和平西路三段７３號
聖約翰婦產科診所,萬華區,臺北市萬華區東園街175號
如春牙醫診所,萬華區,臺北市萬華區環河南路二段１４１號
潘再榮牙醫診所,萬華區,臺北市萬華區西園路二段７１之１號
雙園診所,萬華區,臺北市萬華區西藏路261之3號
唐門中醫診所,萬華區,臺北市萬華區長沙街2段57之1號2樓
鄭內兒科診所,萬華區,臺北市萬華區艋舺大道430號
文林牙醫診所,萬華區,臺北市萬華區環河南路二段１８７號
保誠牙醫診所,萬華區,臺北市萬華區萬大路61號、61之1號、61之1號地下一層
台北透析診所,萬華區,臺北市萬華區西園路一段200號3樓
佳新牙醫診所,萬華區,臺北市萬華區青年路３２之２號
顏克文診所,萬華區,臺北市萬華區貴陽街二段１０３號
可為診所,萬華區,臺北市萬華區青年路24號(1樓)
麗思醫美診所,萬華區,臺北市萬華區成都路4號4樓
陳國賢診所,萬華區,臺北市萬華區萬大路２３6號1.2樓
東京生活診所,萬華區,臺北市萬華區萬大路491號(1、2樓)
張建昌牙醫診所,萬華區,臺北市萬華區寶興街１９８號
同仁院醫療財團法人萬華醫院,萬華區,臺北市萬華區中華路二段６０６巷６號
全心中醫診所,萬華區,臺北市萬華區萬大路138號1樓、138之1號1樓
旭生中醫診所,萬華區,臺北市萬華區萬大路五二六號
萬華衛康內科診所,萬華區,臺北市萬華區萬大路217號
群笙中醫診所,萬華區,臺北市萬華區環河南路二段193號1樓
立誠牙醫診所,萬華區,臺北市萬華區萬大路489號
長泰耳鼻喉科診所,萬華區,臺北市萬華區萬大路270號
臺北市立聯合醫院附設萬華門診部,萬華區,臺北市萬華區東園街152號
快樂兒童診所,萬華區,臺北市萬華區寶興街121、125、127號
日光眼科診所,萬華區,臺北市萬華區和平西路三段85號(實際營業地址：1、2樓)
南光牙醫診所,萬華區,臺北市萬華區西園路一段１６０號２樓
天一牙醫診所,萬華區,臺北市萬華區西寧南路９１號二樓
孝德牙醫診所,萬華區,臺北市萬華區貴陽街二段144、146號
國民牙醫診所,萬華區,臺北市萬華區寶興街１８２號
宏德牙醫診所,萬華區,臺北市萬華區中華路二段六十六號一樓  大埔街三十四號一樓
欣揚牙醫診所,萬華區,臺北市萬華區中華路二段142.144號
水波牙醫診所,萬華區,臺北市萬華區西園路一段２１４號之３，２Ｆ
瑞安堂中醫診所,萬華區,臺北市萬華區康定路258號
漢方中醫聯合診所,萬華區,臺北市萬華區西園路二段２５４巷５號一樓至三樓
嘉生診所,萬華區,臺北市萬華區廣州街72號(1樓)、74號(1樓)
萬嘉耳鼻喉科診所,萬華區,臺北市萬華區萬大路144號1樓
大久美學牙醫診所,萬華區,臺北市萬華區和平西路3段180號
艋舺牙醫診所,萬華區,臺北市萬華區和平西路三段226號
鑫慧牙醫診所,萬華區,臺北市萬華區和平西路三段302巷2號一樓
信元牙醫診所,萬華區,臺北市萬華區昆明街175號
聯安中醫診所,萬華區,臺北市萬華區西園路二段243之11號、243之12號
瑞泰中醫診所,萬華區,臺北市萬華區康定路91號
程惠政中醫診所,萬華區,臺北市萬華區中華路一段170號2樓
孝忠牙醫診所,萬華區,臺北市萬華區康定路１６０號４Ｆ
進安牙醫診所,萬華區,臺北市萬華區東園街１１８號
永亨牙醫診所,萬華區,臺北市萬華區雙園街３１號
信恩牙醫診所,萬華區,臺北市萬華區和平西路三段６４號
桂林牙醫診所,萬華區,臺北市萬華區桂林路１２２之２號
正一牙醫診所,萬華區,臺北市萬華區和平西路三段261號
邦安牙醫診所,萬華區,臺北市萬華區康定路１３６號２Ｆ
敦祥牙醫診所,萬華區,臺北市萬華區桂林路２號２樓
明誌牙醫診所,萬華區,臺北市萬華區昆明街２３０號２樓
青年牙醫診所,萬華區,臺北市萬華區青年路３２號
守謙中醫診所,萬華區,臺北市萬華區萬大路266號
常懿中醫診所,萬華區,臺北市萬華區武成街９號
原億中醫診所,萬華區,臺北市萬華區萬大路295號
張碧蓮中醫診所,萬華區,臺北市萬華區內江街８0號
維恩耳鼻喉科診所,萬華區,臺北市萬華區萬大路446號
豪診所,萬華區,臺北市萬華區萬大路二三四號
童芯牙醫診所,文山區,臺北市文山區久康街24巷7號1樓
雙全漢醫中醫診所,文山區,臺北市文山區羅斯福路6段299號、299之1號
樂群耳鼻喉科家醫科診所,文山區,臺北市文山區木新路三段202號
臺北市立萬芳醫院-委託臺北醫學大學辦理,文山區,臺北市文山區興隆路三段111號
康翔牙醫診所,文山區,臺北市文山區興隆路二段１２4號
興隆診所,文山區,臺北市文山區興隆路三段一一二巷九號一樓、地下一樓
正大牙醫診所,文山區,臺北市文山區指南路一段43號2樓
元品中醫診所,文山區,臺北市文山區興隆路三段174號1樓
陳世傑牙醫診所,文山區,臺北市文山區興隆路二段二二九號
安心堂中醫診所,文山區,臺北市文山區羅斯福路5段216之2號1樓
房國堂小兒專科診所,文山區,臺北市文山區木新路二段269號
生德堂中醫診所,文山區,臺北市文山區忠順街一段２６巷２３號
新典牙醫診所,文山區,臺北市文山區興隆路三段３８號
瑞萱診所,文山區,臺北市文山區景華街一二四號
景美陳牙醫診所,文山區,臺北市文山區羅斯福路六段272號
寶島牙醫診所,文山區,臺北市文山區萬壽路十一號
人本家庭牙醫診所,文山區,臺北市文山區木新路三段３５０號
吳明珠中醫診所,文山區,臺北市文山區羅斯福路五段21號2樓及21號2樓之1
林醫師診所,文山區,臺北市文山區景興路１４５號
元昌堂中醫診所,文山區,臺北市文山區木柵路二段1２７號
宏福中醫診所,文山區,臺北市文山區木柵路一段182號1樓
仁泰牙醫診所,文山區,臺北市文山區景興路２３８巷３號
正勳牙醫診所,文山區,臺北市文山區景興路３１號
台欣牙醫診所,文山區,臺北市文山區木新路二段２９７號
西安牙醫診所,文山區,臺北市文山區羅斯福路六段２９６號
永健牙醫診所,文山區,臺北市文山區木柵路一段１５２號
詹牙醫診所,文山區,臺北市文山區興隆路二段120號、120號2樓
維新牙醫診所,文山區,臺北市文山區指南路二段129號
景美喜信牙醫診所,文山區,臺北市文山區景華街82巷15號
廣泉牙醫診所,文山區,臺北市文山區興隆路三段41號
天和堂中醫診所,文山區,臺北市文山區景美街一之五號
耿誠中醫診所,文山區,臺北市文山區羅斯福路六段一一四號
育德堂中醫診所,文山區,臺北市文山區木新路三段173號
張純龍中醫診所,文山區,臺北市文山區興隆路二段132號
景升診所,文山區,臺北市文山區興隆路二段９３之１號(實際營業事實為1樓及地下1樓）、95巷1號2樓、95巷3號2樓
文山牙醫診所,文山區,臺北市文山區木柵路3段37號(1樓)及39號(1樓)
新安牙醫診所,文山區,臺北市文山區辛亥路四段236號
有全醫療社團法人景美牙醫診所,文山區,臺北市文山區景美街20號3樓
實踐牙醫診所,文山區,臺北市文山區忠順街一段１４３號
北持牙醫診所,文山區,臺北市文山區木柵路一段267號
忠順牙醫診所,文山區,臺北市文山區忠順街二段４３號
木新牙醫診所,文山區,臺北市文山區木新路二段２２２號
新同仁牙醫診所,文山區,臺北市文山區羅斯福路六段２９４號１樓
力行牙醫診所,文山區,臺北市文山區景興路 30號
天丞牙醫診所,文山區,臺北市文山區木新路三段３２５號
西歐牙醫診所,文山區,臺北市文山區興隆路一段151號
雅田牙醫診所,文山區,臺北市文山區景興路１１９號１樓
建宏牙醫診所,文山區,臺北市文山區景文街４６號
威登牙醫診所,文山區,臺北市文山區羅斯福路六段一一二號
怡佳牙醫診所,文山區,臺北市文山區忠順街一段１５５號１樓
晶品牙醫診所,文山區,臺北市文山區羅斯福路五段244號
驊陽牙醫診所,文山區,臺北市文山區忠順街1段26巷32號（實際營業：1層、2層）
敦揚牙醫診所,文山區,臺北市文山區木新路二段247號1樓
堤岸牙醫診所,文山區,臺北市文山區木柵路四段143之1號
信和牙醫診所,文山區,臺北市文山區木柵路一段七十一號
福祥牙醫診所,文山區,臺北市文山區羅斯福路五段一七二號二樓
亞美光聯合牙醫診所,文山區,臺北市文山區景美街一之六號一樓及地下一樓
一心牙醫診所,文山區,臺北市文山區忠順街二段21之2號
慈慧內科眼科聯合診所,文山區,臺北市文山區羅斯福路五段264號
慶如診所,文山區,臺北市文山區萬慶街18號2樓
夏安皮膚專科診所,文山區,臺北市文山區興隆路3段26號(1樓、2樓)
世誠耳鼻喉科診所,文山區,臺北市文山區忠順街一段107號1樓
樸園牙醫診所,文山區,臺北市文山區指南路二段４５巷８號１樓
頌恩牙醫診所,文山區,臺北市文山區木柵路二段111號1樓
臺灣警察專科學校醫務室,文山區,臺北市文山區興隆路三段153號
目欣眼科診所,文山區,臺北市文山區木新路二段１２０號
明瀚骨科診所,文山區,臺北市文山區保儀路58號(實際營業地址：1樓及第1層夾層)
睿安牙醫診所,文山區,臺北市文山區木新路3段153號1、2、3樓
長欣婦產科診所,文山區,臺北市文山區興隆路四段六十號一樓
楊向榮耳鼻喉科診所,文山區,臺北市文山區羅斯福路五段２２３號
家樂牙醫診所,文山區,臺北市文山區萬安街33號
黃兆宜曙光診所,文山區,臺北市文山區景文街1號3樓
定安診所,文山區,臺北市文山區景興路165號(實際營業為第一層)
芳馨診所,文山區,臺北市文山區興隆路二段62號
多美牙醫診所,文山區,臺北市文山區福興路23號
德康耳鼻喉科診所,文山區,臺北市文山區羅斯福路六段260號
普仁診所,文山區,臺北市文山區興隆路四段１７１號
楊麗姝中醫診所,文山區,臺北市文山區興隆路2段220巷31弄6號（實際營業事實為第一層）
信願堂中醫診所,文山區,臺北市文山區木新路二段１１８號
精英牙醫診所,文山區,臺北市文山區羅斯福路六段４３５號之１
黃嘉欣中醫診所,文山區,臺北市文山區興隆路一段１６４號１樓
豫章堂中醫診所,文山區,臺北市文山區興隆路一段９０號
誠心身心醫學診所,文山區,臺北市文山區羅斯福路6段138號1樓
木柵101牙醫診所,文山區,臺北市文山區興隆路2段95巷5之1號(1、2層及地下1層)
木柵身心診所,文山區,臺北市文山區辛亥路四段246號
聞容中醫診所,文山區,臺北市文山區指南路一段47之1號
王家庭醫學科診所,文山區,臺北市文山區萬安街9號(實際使用第一層)
欣美牙醫診所,文山區,臺北市文山區木柵路3段10號(1、2樓)
格林牙醫診所,文山區,臺北市文山區木新路3段70號
秀明診所,文山區,臺北市文山區秀明路2段22號
京順中醫診所,文山區,臺北市文山區興隆路三段52號2樓
邱成湦皮膚專科診所,文山區,臺北市文山區興隆路4段163號(1樓及夾層)、163之1號(1樓及夾層)
秀心診所,文山區,臺北市文山區保儀路26巷1號2樓之1
臻美牙醫診所,文山區,臺北市文山區羅斯福路5段167號
合康復健科診所,文山區,臺北市文山區興隆路四段217號(實際營業場所1樓、2樓)
品橙牙醫診所,文山區,臺北市文山區羅斯福路六段200號
常春藤中醫診所,文山區,臺北市文山區羅斯福路五段197號2樓
保儀中醫診所,文山區,臺北市文山區忠順街2段110、112號
東翰診所,文山區,臺北市文山區興隆路二段139號
林坤霖耳鼻喉科診所,文山區,臺北市文山區羅斯福路六段14號
安薪牙醫診所,文山區,臺北市文山區興隆路四段68號1樓
德在牙醫診所,文山區,臺北市文山區景福街三十號一樓
德威牙醫診所,文山區,臺北市文山區興隆路一段72號、72號2樓之1、72號2樓、74號、70巷1之1號2樓、70巷1之2號2樓
王令時內科診所,文山區,臺北市文山區興隆路二段200號
泓仁診所,文山區,臺北市文山區木新路二段２７３號
澤文診所,文山區,臺北市文山區興隆路四段１３３號１樓
林建輝小兒科診所,文山區,臺北市文山區興隆路二段７０號
瑞杏診所,文山區,臺北市文山區羅斯福路六段１５９巷１弄１２號1、2樓
德安小兒科診所,文山區,臺北市文山區興隆路四段６－１０號
寶顧中醫診所,文山區,臺北市文山區木新路三段232巷6弄10號
東山中醫診所,文山區,臺北市文山區興隆路三段198號
德佳牙醫診所,文山區,臺北市文山區興隆路二段２８１號
大木柵陳牙醫診所,文山區,臺北市文山區木新路三段２４８號１樓
家家牙醫診所,文山區,臺北市文山區興隆路三段２０７巷１１弄１１號
昱翔牙醫診所,文山區,臺北市文山區羅斯福路五段171號
文山復健科診所,文山區,臺北市文山區興隆路三段207之4號、207之5號
林正豐診所,文山區,臺北市文山區保儀路25號
漂亮101皮膚科診所,文山區,臺北市文山區景美街20號2樓
游正賢中醫診所,文山區,臺北市文山區辛亥路4段241號
聯恩診所,文山區,臺北市文山區木柵路2段131號
景美醫院,文山區,臺北市文山區羅斯福路六段280號、文山區育英街2巷18號、文山區羅斯福路六段276巷1號1樓、文山區萬慶街18號1樓。
慧安堂中醫診所,文山區,臺北市文山區興隆路二段179號
景福眼科診所,文山區,臺北市文山區羅斯福路六段318號
許至文耳鼻喉科診所,文山區,臺北市文山區指南路一段2號
屈銘軒小兒科診所,文山區,臺北市文山區興隆路二段301巷4-2號
徐慧玲診所,文山區,臺北市文山區興隆路四段97號
愛文診所,文山區,臺北市文山區木柵路4段141號1樓及143號1樓
黃偉志小兒科診所,文山區,臺北市文山區萬慶街12號1樓
李信成眼科診所,文山區,臺北市文山區興隆路四段54之7號1樓
景安診所,文山區,臺北市文山區羅斯福路六段136號2樓
春林復健科診所,文山區,臺北市文山區木新路三段229號
欣民診所,文山區,臺北市文山區保儀路37號
慈幼診所,文山區,臺北市文山區指南路二段二十一號一樓
平安耳鼻喉科診所,文山區,臺北市文山區木新路三段１０６號１樓
仁耀診所,文山區,臺北市文山區興隆路一段２７３號
保順診所,文山區,臺北市文山區木新路二段２０６號
興隆李內兒科診所,文山區,臺北市文山區興隆路一段１２號
景美蔡登元婦產科診所,文山區,臺北市文山區興隆路二段１８９號
興隆內科小兒科診所,文山區,臺北市文山區興隆路二段１７號
陳建業診所,文山區,臺北市文山區景文街86號(1樓、2樓)、107號6樓
瀚霖眼科診所,文山區,臺北市文山區興隆路二段６７號
健誠診所,文山區,臺北市文山區木新路三段１２４號１樓
洪佑承小兒專科診所,文山區,臺北市文山區興隆路四段64之2號
晉康復健科診所,文山區,臺北市文山區興隆路二段２２８之１號１樓
黃皮膚科診所,文山區,臺北市文山區興隆路三段７９巷５號１及２樓
天光中醫診所,文山區,臺北市文山區羅斯福路六段１５８號
永麗牙醫診所,文山區,臺北市文山區木新路三段111號(實際營業地址:1、2樓)
葉洪小兒科診所,文山區,臺北市文山區興隆路三段二Ｏ二號一樓
陳鐵誠中醫診所,文山區,臺北市文山區羅斯福路六段138號2樓
協和牙醫診所,文山區,臺北市文山區羅斯福路六段２３４－１號２樓
誠一牙醫診所,文山區,臺北市文山區興隆路四段191號
莊豐賓泌尿科診所,文山區,臺北市文山區興隆路2段224之4號1樓及地下1樓
欣成診所,文山區,臺北市文山區辛亥路4段128之1號3樓
官世英診所,文山區,臺北市文山區景興路四十五號
長青傳統中醫診所,文山區,臺北市文山區羅斯福路6段316號(1樓、2樓)
璟美眼科診所,文山區,臺北市文山區羅斯福路6段292號
震杰小兒科診所,文山區,臺北市文山區景興路129號1樓
德全牙醫診所,文山區,臺北市文山區羅斯福路六段２４８號
大豐耳鼻喉科診所,文山區,臺北市文山區木新路三段220號
臺北市立聯合醫院附設政大門診部,文山區,臺北市文山區指南路二段117號
李聯合診所,文山區,臺北市文山區羅斯福路五段１７０巷１－３號２樓
喬齡牙醫診所,文山區,臺北市文山區興隆路四段6之13號
杏昌牙醫診所,文山區,臺北市文山區羅斯福路五段１９４號２樓
徐文治診所,文山區,臺北市文山區木新路三段２４９號１樓
景華牙醫診所,文山區,臺北市文山區景華街一二二號一樓
全家牙醫診所,文山區,臺北市文山區木柵路二段１４３號
安德中醫診所,文山區,臺北市文山區景福街228號
吳錫賢診所,文山區,臺北市文山區木新路三段２０８號１樓
大中牙醫診所,文山區,臺北市文山區羅斯福路五段１８０號
健鑫診所,文山區,臺北市文山區忠順街一段28號
星福中醫診所,文山區,臺北市文山區景興路93號
協群牙醫診所,文山區,臺北市文山區忠順街一段４１巷８號１樓
高鳴傑 眼科診所,文山區,臺北市文山區木新路三段223號
瑞雲牙醫診所,文山區,臺北市文山區汀州路四段146號
意一堂中醫診所,文山區,臺北市文山區羅斯福路5段295號1、2樓
陳啟義眼科診所,文山區,臺北市文山區興隆路三段204號１樓
真善美中醫診所,文山區,臺北市文山區忠順街一段129號
禎美中醫診所,文山區,臺北市文山區羅斯福路5段240號1樓
文山上明眼科診所,文山區,臺北市文山區興隆路2段198號(1樓)、196號2樓之1
泰明堂中醫診所,文山區,臺北市文山區興隆路2段198號(1樓)、196號2樓之1
康喬自然診所,文山區,臺北市文山區政大二街51之1號(1樓)
究美診所,文山區,臺北市文山區興隆路3段76號5樓之3
洵美牙醫診所,文山區,臺北市文山區興隆路2段220巷35號1樓
山林診所,文山區,臺北市文山區羅斯福路6段407號2樓、2樓之1
德方中醫診所,文山區,臺北市文山區景興路39之2號1樓
萬隆力康復健科診所,文山區,臺北市文山區羅斯福路5段127號2樓、129號2樓
晴明中醫診所,文山區,臺北市文山區木新路3段186號1樓、2樓
采新牙醫診所,文山區,臺北市文山區興隆路2段224號1樓、地下1樓
吉品牙醫診所,文山區,臺北市文山區指南路2段203號(1樓)
合春中醫診所,文山區,臺北市文山區興隆路2段220巷1號1樓
心田美學牙醫診所,文山區,臺北市文山區羅斯福路6段38號1樓
養生堂中醫診所,文山區,臺北市文山區忠順街1段80號1樓
蘇黎世診所,文山區,臺北市文山區興隆路3段28號(1樓、2樓)
至善醫坊中醫診所,文山區,臺北市文山區景文街46之1號2樓
童元釔齒顎矯正專科牙醫診所,文山區,臺北市文山區興隆路2段141號1樓
愛文婦產科診所,文山區,臺北市文山區木柵路4段141號1樓及143號1樓
雅興牙醫診所,文山區,臺北市文山區興隆路3段133號(1樓)
順欣診所,文山區,臺北市文山區木柵路3段112號(實際營業地址：一層、二層)
和沛身心醫學診所,文山區,臺北市文山區羅斯福路五段232號
美學辰安牙醫診所,文山區,臺北市文山區指南路1段18號1樓
沐芯牙醫診所,文山區,臺北市文山區木新路3段153號1、2、3樓
佳鴻診所,文山區,臺北市文山區羅斯福路6段256號1樓
羅斯福臻美牙醫診所,文山區,臺北市文山區羅斯福路5段172號6樓
風寀時尚診所,文山區,臺北市文山區羅斯福路六段236號(實際營業地址：1樓及夾層)
旭明眼科診所,文山區,臺北市文山區景興路203號
玉函中醫診所,文山區,臺北市文山區木柵路一段159號
叁代牙醫診所,文山區,臺北市文山區興隆路三段１９４號、１９６號
唯芯牙醫診所,文山區,臺北市文山區木柵路三段51號、51號2樓、53號2樓、55號2樓
仁荔健康診所,文山區,臺北市文山區興隆路一段258號
千順中醫診所,文山區,臺北市文山區景文街173號
丞志耳鼻喉診所,板橋區,新北市板橋區大明街12號1樓
憲安診所,板橋區,新北市板橋區忠孝路十九號七樓
廖世輝中醫診所,板橋區,新北市板橋區國慶路１４９巷３６號
惠群中醫診所,板橋區,新北市板橋區民族路165號1樓
郭中醫診所,板橋區,新北市板橋區南雅西路2段182號(1樓)
兆祥牙醫診所,板橋區,新北市板橋區中正路233號1、2樓
慶安牙醫診所,板橋區,新北市板橋區四維路１３７巷１弄１號１樓
匯通牙醫診所,板橋區,新北市板橋區忠孝路四六號
合康婦產科診所,板橋區,新北市板橋區陽明街34號、34號之1
簡牙醫診所,板橋區,新北市板橋區府中路８８號
板橋雙十牙醫診所,板橋區,新北市板橋區雙十路2段158號1樓及2樓
周延隆耳鼻喉科診所,板橋區,新北市板橋區中正路283號(1樓)
明遠中醫診所,板橋區,新北市板橋區文化路一段159號1樓、2樓、3樓
維力骨科診所,板橋區,新北市板橋區文化路二段19號1、2、3、4樓
余立俊診所,板橋區,新北市板橋區民權路二０二巷一一弄二號
板橋同仁堂中醫診所,板橋區,新北市板橋區四川路一段一三○號
劉宜光診所,板橋區,新北市板橋區龍興街33號1樓
板橋美麗爾美學診所,板橋區,新北市板橋區文化路一段145號2樓
姜條宗內科診所,板橋區,新北市板橋區裕民街１３９號
久明診所,板橋區,新北市板橋區文化路1段137號3樓
恩美牙醫診所,板橋區,新北市板橋區仁化街42巷7號1樓
劉仲彥皮膚專科診所,板橋區,新北市板橋區雙十路2段167號1樓、2樓
徐小兒科診所,板橋區,新北市板橋區陽明街46之2號1樓
成安診所,板橋區,新北市板橋區重慶路308巷2號1樓
長宏骨科診所,板橋區,新北市板橋區民治街127號1樓及2樓、129號1樓
陳榮文中醫診所,板橋區,新北市板橋區新生街11號1樓
智中牙醫診所,板橋區,新北市板橋區中山路二段１６６號
板橋蒔美牙醫診所,板橋區,新北市板橋區區運路28號1樓、2樓
東暘牙醫診所,板橋區,新北市板橋區雨農路30號1樓．32號1樓，32號2樓
蔡榮展耳鼻喉科診所,板橋區,新北市板橋區陽明街１０８號
謙合科學中醫診所,板橋區,新北市板橋區莊敬路68號1樓
立竹診所,板橋區,新北市板橋區實踐路121號1、2樓
百善堂中醫診所,板橋區,新北市板橋區新海路344號(1樓)
大觀牙醫診所,板橋區,新北市板橋區龍興街71巷6號
懷安牙醫診所,板橋區,新北市板橋區國光路215號
仁禾診所,板橋區,新北市板橋區民生路三段93號1、2樓
陳志洪診所,板橋區,新北市板橋區文化路1段216號1樓、2樓
東豪牙醫診所,板橋區,新北市板橋區文化路2段241號1、2樓
板橋光澤診所,板橋區,新北市板橋區館前東路2號1樓及2樓2之1號1樓及2樓2之2號1樓及2樓四川路1段21號2樓23號1樓及2樓
德民耳鼻喉科診所,板橋區,新北市板橋區民族路二九二號
弘安耳鼻喉科診所,板橋區,新北市板橋區重慶路308巷8號1樓
雅音眼科診所,板橋區,新北市板橋區民生路一段６０號
豐禾文化婦產科診所,板橋區,新北市板橋區文化路一段322號2~4樓
江翠中醫診所,板橋區,新北市板橋區雙十路3段1號2樓及3號1、2樓
偉仁牙醫診所,板橋區,新北市板橋區三民路2段203之5號(1~3樓)、203之6號(1樓)
璞和中醫診所,板橋區,新北市板橋區中山路2段134號(1樓)
板聯診所,板橋區,新北市板橋區民治街一四０號一樓
陳智宏診所,板橋區,新北市板橋區民權路28號(1樓)
樂田耳鼻喉科診所,板橋區,新北市板橋區文化路二段10號(1樓)
榮德中醫診所,板橋區,新北市板橋區懷德街131號
岳德聯合牙醫診所,板橋區,新北市板橋區中正路四十三號一、二樓
禾家美學診所,板橋區,新北市板橋區文化路二段15號(1樓)
章牙醫診所,板橋區,新北市板橋區中山路二段８６號２樓
東芳榮妹中醫診所,板橋區,新北市板橋區貴興路82號(1樓)
六合堂中醫診所,板橋區,新北市板橋區中正路332之4號(1樓)
實健診所,板橋區,新北市板橋區中山路2段32號(1樓)
天祐中醫診所,板橋區,新北市板橋區三民路二段119號(1樓)
鼎吉牙醫診所,板橋區,新北市板橋區漢生東路173號1樓
弘濟堂中醫診所,板橋區,新北市板橋區實踐路127號(1樓)
尚誠牙醫診所,板橋區,新北市板橋區中山路二段5號(1樓)
鼎超中醫診所,板橋區,新北市板橋區雙十路2段47巷8弄16號(1樓)
穎泰診所,板橋區,新北市板橋區懷德街109號（1樓）
采醫璟麗診所,板橋區,新北市板橋區民生路二段209號1、2樓
日煦牙醫診所,板橋區,新北市板橋區民權路210號1、2樓
欣美診所,板橋區,新北市板橋區中山路一段6號5樓
全人中醫診所,板橋區,新北市板橋區中山路二段262號1、2樓
達特楊眼科診所,板橋區,新北市板橋區文化路一段148號1、2、3樓
江翠牙醫診所,板橋區,新北市板橋區雙十路二段165號1、2樓
板橋愛爾麗診所,板橋區,新北市板橋區中山路一段6號3樓
亮白牙醫診所,板橋區,新北市板橋區四維路119號(1樓)
鴻林中醫診所,板橋區,新北市板橋區成都街37號1樓
佳腎內科診所,板橋區,新北市板橋區文化路一段120號(1樓)
基祥西醫診所,板橋區,新北市板橋區四川路2段120號1樓
重心診所,板橋區,新北市板橋區國慶路189號(1樓)
溫大慶小兒科診所,板橋區,新北市板橋區新海路386號〈1樓〉
大學牙醫診所,板橋區,新北市板橋區裕民街一０八號一樓
翰醫堂新板中醫診所,板橋區,新北市板橋區文化路一段349號(1、2、3樓)
林衡毅中醫診所,板橋區,新北市板橋區四川路二段140巷16弄22號(1樓)
全泰診所,板橋區,新北市板橋區館前西路140、142號(1樓)
板橋諾貝爾眼科診所,板橋區,新北市板橋區文化路一段145號(1樓)
常春聯合診所,板橋區,新北市板橋區四川路一段四十七號
順心診所,板橋區,新北市板橋區中山路2段160號1樓
板橋小岩井診所,板橋區,新北市板橋區文化路二段10號2樓
蔡明志小兒專科診所,板橋區,新北市板橋區雨農路56號(1樓)
吳懿蒼小兒科診所,板橋區,新北市板橋區國光路４３號
全泰中醫診所,板橋區,新北市板橋區中山路2段78號（1樓）
良鴻牙醫診所,板橋區,新北市板橋區仁化街八七號一樓
健和牙醫診所,板橋區,新北市板橋區實踐路96號1、2樓及98號1、2樓
時代牙醫診所,板橋區,新北市板橋區忠孝路１２號
益新牙醫診所,板橋區,新北市板橋區南雅南路一段74號(1、2樓)
聖恩牙醫診所,板橋區,新北市板橋區莒光路74號1樓
心世界身心精神科診所,板橋區,新北市板橋區國光路33號(1樓)
向陽澄思診所,板橋區,新北市板橋區文化路二段113號(1、2樓)
菁樺牙醫診所,板橋區,新北市板橋區民生路一段十九號一樓
京澄皮膚專科診所,板橋區,新北市板橋區三民路一段181、183號(1樓)
向德中醫診所,板橋區,新北市板橋區文化路2段109號(1樓)及松江街2號(1樓)
環球美學牙醫診所,板橋區,新北市板橋區民安街28號2樓
王英權皮膚科診所,板橋區,新北市板橋區民族路１２９巷６號
曾耳鼻喉科診所,板橋區,新北市板橋區民族路４３號
康祐牙醫診所,板橋區,新北市板橋區光武街17號1樓
邱慶來牙醫診所,板橋區,新北市板橋區新民街7巷18之1號(2樓)
精英牙醫診所,板橋區,新北市板橋區中山路2段84-4號1樓、2樓
宏元小兒科診所,板橋區,新北市板橋區仁化街一號一樓
南雅復健科診所,板橋區,新北市板橋區南雅南路一段3號1、2、3、4樓
天下牙醫診所,板橋區,新北市板橋區後菜園街１９號
家福中醫診所,板橋區,新北市板橋區雙十路三段四十三號一樓
惟美牙醫診所,板橋區,新北市板橋區雙十路二段6號1樓
菡生婦幼診所,板橋區,新北市板橋區中山路一段104號(1樓)、104號2至7樓
晶美牙醫診所,板橋區,新北市板橋區文化路一段219一1號(共四層使用1-3樓)
新北市板橋區衛生所,板橋區,新北市板橋區英士路192號
德一診所,板橋區,新北市板橋區中山路2段236號1樓~3樓及238號2樓~3樓
京品牙醫診所,板橋區,新北市板橋區忠孝路97號
興安診所,板橋區,新北市板橋區龍興街51號
健福中醫診所,板橋區,新北市板橋區中山路二段237號1樓及成功路6巷34號1樓
明德中醫診所,板橋區,新北市板橋區莒光路78巷4號(1樓)
愛德診所,板橋區,新北市板橋區大觀路二段一五二號
樂活醫美診所,板橋區,新北市板橋區民族路89之2號1樓
欣采美學牙醫診所,板橋區,新北市板橋區文聖街176、178號(1樓)
松柏牙醫診所,板橋區,新北市板橋區松柏街４１號
板橋新生堂中醫診所,板橋區,新北市板橋區文化路一段188巷17號(1樓)
榮美中醫診所,板橋區,新北市板橋區莒光路100號1樓
寶生中醫診所,板橋區,新北市板橋區裕民街123號(1樓)
板杏內科診所,板橋區,新北市板橋區館前東路26號4樓
牙醫先生牙醫診所,板橋區,新北市板橋區信義路14號(1樓、2樓)
英倫牙醫診所,板橋區,新北市板橋區文化路二段237號1樓、2樓
建全中醫診所,板橋區,新北市板橋區重慶路277號1樓及279號1樓
麗緻美學牙醫診所,板橋區,新北市板橋區文化路一段255號(1、2樓)
里安診所,板橋區,新北市板橋區信義路58號(1樓)
府中讚美診所,板橋區,新北市板橋區府中路60號1樓及夾層
老德燕中醫診所,板橋區,新北市板橋區文化路一段30號1樓
板橋星和診所,板橋區,新北市板橋區中山路一段67號4樓
謙岳美學牙醫診所,板橋區,新北市板橋區中山路一段263號1~3樓
米蘭時尚診所,板橋區,新北市板橋區新府路1之5號(1樓及夾層)
悅安心復健專科診所,板橋區,新北市板橋區三民路二段127號1樓及129號1樓
板橋四維皮膚科診所,板橋區,新北市板橋區四維路150號1、2、3樓
幸福身心精神科診所,板橋區,新北市板橋區實踐路83號1樓、2樓
潤宇堂中醫診所,板橋區,新北市板橋區重慶路175號(1、2樓)
正大中醫診所,板橋區,新北市板橋區民生路三段116號(1樓)
向日葵美學牙醫診所,板橋區,新北市板橋區文化路一段181號1~2樓
藝群板橋診所,板橋區,新北市板橋區中山路一段67號5樓
金正中醫診所,板橋區,新北市板橋區民權路278號(1樓)
振侒診所,板橋區,新北市板橋區重慶路276-11號1、2樓
聖恩中醫診所,板橋區,新北市板橋區陽明街 126號1樓、2樓
昌禾骨科診所,板橋區,新北市板橋區實踐路40號(1樓)、42號(1樓)、38號2樓
六安堂中醫診所,板橋區,新北市板橋區忠孝路39號(1樓)
星皓牙醫診所,板橋區,新北市板橋區四川路一段277號1、2樓
昕新智慧診所,板橋區,新北市板橋區文化路一段188巷51號4樓
樂惟牙醫診所,板橋區,新北市板橋區雙十路二段72號1、2樓
杏蘊中醫診所,板橋區,新北市板橋區仁化街53號1樓
療寮診所,板橋區,新北市板橋區文化路二段441巷2弄2號1樓
新昌中醫診所,板橋區,新北市板橋區府中路24號2樓
明品診所,板橋區,新北市板橋區僑中一街88號(1樓)
德睿中醫診所,板橋區,新北市板橋區華興街62號(1樓)
豐禾婦產科診所,板橋區,新北市板橋區中山路一段279號3樓之1
健哲牙醫診所,板橋區,新北市板橋區重慶路239號(1樓)
御品堂中醫診所,板橋區,新北市板橋區長安街333號1樓
德康中醫診所,板橋區,新北市板橋區漢生西路86號(1樓)
晨軒中醫診所,板橋區,新北市板橋區實踐路155號1樓
生生優動板橋診所,板橋區,新北市板橋區文化路一段142號(1樓)
和一診所,板橋區,新北市板橋區館前東路26號3樓之2
森凡牙醫診所,板橋區,新北市板橋區四川路一段149號(1、2樓)
尚水美博診所,板橋區,新北市板橋區文化路一段145號3樓之1
謙禾家醫診所,板橋區,新北市板橋區漢生東路285號1、2樓及287號1、2樓
有好美學診所,板橋區,新北市板橋區文化路二段182巷1弄79號(1、2樓及夾層)
憲忠診所,板橋區,新北市板橋區宏國路108號1樓
安泰淞鶴診所,板橋區,新北市板橋區信義路219號1樓
薇晶中醫診所,板橋區,新北市板橋區民生路三段83號1、2樓
保翔中醫診所,板橋區,新北市板橋區南雅南路二段74號(1樓)
安信星曜牙醫診所,板橋區,新北市板橋區陽明街16號1、2樓
序康診所,板橋區,新北市板橋區國光路45號(1樓)
慈護一品中醫診所,板橋區,新北市板橋區民生路三段159號（1樓）
安胃診所,板橋區,新北市板橋區中山路二段232號1、2樓
高端眼科診所,板橋區,新北市板橋區文化路二段182巷3弄46號1、2樓及46-1號1、2樓
回春中醫診所,板橋區,新北市板橋區國光路17號(1樓)
板橋京都堂中醫診所,板橋區,新北市板橋區重慶路3號1、2樓
偉恩牙醫診所,板橋區,新北市板橋區裕民街109號(1樓)
研知診所,板橋區,新北市板橋區文化路二段330號、332號1~4樓
帛瑿診所,板橋區,新北市板橋區合宜路11號(1樓及夾層)
勁安骨科診所,板橋區,新北市板橋區重慶路245巷13號(1樓)
尊榮悠陽牙醫診所,板橋區,新北市板橋區陽明街110號1、2樓
合誼診所,板橋區,新北市板橋區龍興街50號(1樓)
板橋四維親子診所,板橋區,新北市板橋區四維路150號1、2、3樓
康祐臻品牙醫診所,板橋區,新北市板橋區民生路3段32之1號(1樓)
大鈞診所,板橋區,新北市板橋區中山路2段88號1~4樓
嘉恩診所,板橋區,新北市板橋區陽明街40號1樓
新優植牙醫診所,板橋區,新北市板橋區民生路2段249號2樓
天寧中醫診所,板橋區,新北市板橋區溪北路87號(1樓)
鼎鈞中醫診所,板橋區,新北市板橋區府中路67號3樓
春易安中醫診所,板橋區,新北市板橋區光武街3號1樓
品安診所,板橋區,新北市板橋區忠孝路96號1樓
絕美牙醫診所,板橋區,新北市板橋區文化路1段138號1樓、2樓
佑福診所,板橋區,新北市板橋區三民路1段1巷38弄5號1樓
放開心身心精神科診所,板橋區,新北市板橋區四川路一段279號1、2樓
懷諾診所,板橋區,新北市板橋區懷德街170巷1號1樓
禾安診所,板橋區,新北市板橋區四川路1段269號1樓及2樓
晨益診所,板橋區,新北市板橋區四川路1段171號1樓
板橋仁安內科診所,板橋區,新北市板橋區大觀路3段236號8樓之1、8樓之2
德川中醫診所,板橋區,新北市板橋區文化路2段13號1樓
史書華牙醫診所,板橋區,新北市板橋區民安街30號2樓
蘇鴻昶中醫診所,板橋區,新北市板橋區府後街1巷2號1樓
坤隆診所,板橋區,新北市板橋區重慶路278巷2號(1樓)
梁中醫診所,板橋區,新北市板橋區四維路186號1樓
仁得中醫診所,板橋區,新北市板橋區民權路258之7號1樓
安欣診所,板橋區,新北市板橋區民族路228號1樓
臣雄診所,板橋區,新北市板橋區北門街24號1樓及26號1樓
佳愛診所,板橋區,新北市板橋區大觀路3段236號2樓之3、2樓之4
精品牙醫診所,板橋區,新北市板橋區漢生東路293號1樓及2樓
嘉品牙醫診所,板橋區,新北市板橋區大仁街70號1樓
燦明大學眼科診所,板橋區,新北市板橋區文化路1段180號2樓、182號1、2樓
晶耀牙醫診所,板橋區,新北市板橋區文化路2段182巷3弄46-3號1樓、2樓
幸怡診所,板橋區,新北市板橋區長江路三段80號、82號(1樓)
晴天家醫科診所,板橋區,新北市板橋區中山路2段225號1樓及2樓
鄭仁瑋耳鼻喉科診所,板橋區,新北市板橋區四川路2段57號、59號1樓
晴天耳鼻喉科診所,板橋區,新北市板橋區中山路2段225號1樓及2樓
嘉禾診所,板橋區,新北市板橋區中山路2段194號(1樓)
華晟中醫診所,板橋區,新北市板橋區漢生東路189號1樓及193巷1號1樓
利人診所,板橋區,新北市板橋區松柏街67號1樓
健昇中醫診所,板橋區,新北市板橋區龍興街29號(1樓)
昌弘復健科診所,板橋區,新北市板橋區中正路194、194之1、194之2、194之3號
好萊塢診所,板橋區,新北市板橋區區運路101號2樓及103號1、2樓
文瑞診所,板橋區,新北市板橋區板新路101號10樓
靈群閣中醫診所,板橋區,新北市板橋區裕民街56巷3號(1樓)
仲德中醫診所,板橋區,新北市板橋區文聖街157號(1樓)
禾樺牙醫診所,板橋區,新北市板橋區民生路三段123號1樓及2樓
陳正傑骨科診所,板橋區,新北市板橋區四川路一段217號(1樓)
光澤診所,板橋區,新北市板橋區中山路1段3號5樓、5樓之1、5樓之2、5樓之3、5樓之5、6樓、6樓之1、6樓之2、6樓之3、6樓之5、6樓之6、6樓之7
喬美整形外科博仕診所,板橋區,新北市板橋區漢生東路178號2樓
蕭正輝兒科診所,板橋區,新北市板橋區文化路2段137號1樓
裕民診所,板橋區,新北市板橋區裕民街143號1樓
建中堂中醫診所,板橋區,新北市板橋區長安街25巷17號1樓
藝大美學牙醫診所,板橋區,新北市板橋區龍興街8號(1樓)
大庭診所,板橋區,新北市板橋區大仁街27號1樓
傑生婦產科診所,板橋區,新北市板橋區中山路1段104號8樓、9樓
樂菲整形外科診所,板橋區,新北市板橋區中山路一段13號3、4樓及15號3、4樓
精英美學牙醫診所,板橋區,新北市板橋區中山路2段84-4號1樓、2樓
祥德中醫診所,板橋區,新北市板橋區莊敬路25巷4弄14號(1樓)
基生婦產科診所,板橋區,新北市板橋區中山路1段104號10樓
文達中醫診所,板橋區,新北市板橋區懷仁街88號(1樓)
新埔立安診所,板橋區,新北市板橋區陽明街12號(1樓)
俊亨內科診所,板橋區,新北市板橋區合宜一路53號1樓及夾層
原力復健科診所,板橋區,新北市板橋區文化路二段370號1樓、372號1樓
展揚牙醫診所,板橋區,新北市板橋區南雅南路二段144巷68號1、2樓
美麗浮洲牙醫診所,板橋區,新北市板橋區大觀路二段163巷32號1樓
優客牙醫診所,板橋區,新北市板橋區吳鳳路17-1號(1樓)
元晨診所,板橋區,新北市板橋區中山路一段69號8樓
王祥冠耳鼻喉科診所,板橋區,新北市板橋區陽明街122號(1、2樓)
軒品牙醫診所,板橋區,新北市板橋區中山路二段106號1、2樓及108號1、2樓
日麗牙醫診所,板橋區,新北市板橋區中山路一段30號1樓
益群牙醫診所,板橋區,新北市板橋區四維路１７９號
重慶牙醫診所,板橋區,新北市板橋區重慶路205號1、2樓
康喬牙醫診所,板橋區,新北市板橋區懷德街181巷1號1樓．3號1樓
元齡牙醫診所,板橋區,新北市板橋區民權路２５８－６號１Ｆ
光仁牙醫診所,板橋區,新北市板橋區中正路２３４號
揚名牙醫診所,板橋區,新北市板橋區長江路二段２３６號
中心牙醫診所,板橋區,新北市板橋區中山路二段３０８號
福倫牙醫診所,板橋區,新北市板橋區民權路219號
德崴聯合牙醫診所,板橋區,新北市板橋區中山路二段二二四號
全心中醫診所,板橋區,新北市板橋區國慶路159號1樓
洪金蘭中醫診所,板橋區,新北市板橋區金門街六七巷二號一樓
宜聖牙醫診所,板橋區,新北市板橋區吳鳳路50巷41號1樓
新安牙醫診所,板橋區,新北市板橋區民生路二段218號1樓
喜樂牙醫診所,板橋區,新北市板橋區四川路二段九十九－七號
板橋現代牙醫診所,板橋區,新北市板橋區雙十路二段一一八號一、二樓
國光中醫診所,板橋區,新北市板橋區國光路157號〈1樓〉
程維德中醫診所,板橋區,新北市板橋區實踐路117號（1樓）
安歆診所,板橋區,新北市板橋區光正街5號1樓
宏益信合美診所,板橋區,新北市板橋區新民街33號3~4樓
府中牙科診所,板橋區,新北市板橋區府中路１２１號
瑞億牙醫診所,板橋區,新北市板橋區德興街37巷20號1樓
泰民牙醫診所,板橋區,新北市板橋區漢生西路２３號
嘉呈牙醫診所,板橋區,新北市板橋區陽明街35號(1樓)
杏橋牙醫診所,板橋區,新北市板橋區金門街295號1樓
漢光中醫診所,板橋區,新北市板橋區陽明街51號1樓、地下1樓
弘安中醫診所,板橋區,新北市板橋區民族路１１３號
吉安中醫診所,板橋區,新北市板橋區篤行路三段78號、78之1號(1樓)
史丹佛牙醫診所,板橋區,新北市板橋區新府路1之2號2樓
樂為診所,板橋區,新北市板橋區漢生西路68號1樓
兒林小兒科診所,板橋區,新北市板橋區廣和街90號及92號(1樓)
祐新中醫診所,板橋區,新北市板橋區文化路一段306號1樓、2樓
鼎極牙醫診所,板橋區,新北市板橋區忠孝路61號1樓、63號1樓
樂欣診所,板橋區,新北市板橋區四維路108號1樓
旺福牙醫診所,板橋區,新北市板橋區南雅南路2段158號1樓
信安牙醫診所,板橋區,新北市板橋區中山路1段267號(1、2樓)
靜思牙醫診所,板橋區,新北市板橋區實踐路93巷10號1樓
晨陽診所,板橋區,新北市板橋區漢生東路342號(1樓)
漢生診所,板橋區,新北市板橋區漢生西路73、75號(1樓)
御品牙醫診所,板橋區,新北市板橋區長江路二段165、167號1樓及(夾層)
尚品皮膚科診所,板橋區,新北市板橋區中正路210號1、2樓
杏福牙醫診所,板橋區,新北市板橋區國光路181號1樓及夾層
張英睿皮膚專科診所,板橋區,新北市板橋區文化路1段118號(1、2、3樓)
佳誠診所,板橋區,新北市板橋區中山路2段140號1樓
佑恩小兒科診所,板橋區,新北市板橋區國光路176號(1樓)
莒光診所,板橋區,新北市板橋區莒光路30號1樓
一心中醫診所,板橋區,新北市板橋區懷德街117號1樓
鄭仕程診所,板橋區,新北市板橋區新海路113號(1、2樓)
欣幼婦產科診所,板橋區,新北市板橋區四川路1段188號1樓、2樓、3樓、4樓、5樓
林儀文婦產科診所,板橋區,新北市板橋區民權路218號1、2樓
米蘭時尚牙醫診所,板橋區,新北市板橋區仁化街40號1樓
皇漢中醫診所,板橋區,新北市板橋區民族路149號1樓
大雄中醫診所,板橋區,新北市板橋區國光路207號1樓
艾美牙醫診所,板橋區,新北市板橋區莒光路21號1、2樓
喜樂診所,板橋區,新北市板橋區四川路1段154號1樓
大新復健科診所,板橋區,新北市板橋區篤行路1段31號(1樓)
靚世紀診所,板橋區,新北市板橋區民族路34巷18號2樓
品皓牙醫診所,板橋區,新北市板橋區溪城路85號1樓及2樓
悅美牙醫診所,板橋區,新北市板橋區文化路1段27號〈1樓~3樓〉、29號〈1樓~3樓〉
樂真牙醫診所,板橋區,新北市板橋區新民街29號1樓及2樓
板橋黃皮膚科診所,板橋區,新北市板橋區文化路2段53號(1樓、2樓)
菩提中醫診所,板橋區,新北市板橋區實踐路129號(1樓)
尚美美學牙醫診所,板橋區,新北市板橋區中正路207號1、2樓
興德診所,板橋區,新北市板橋區永豐街245號
大川診所,板橋區,新北市板橋區中山路2段84之6號1~4樓
炳榮診所,板橋區,新北市板橋區漢生西路七二號
蔡英傑皮膚科診所,板橋區,新北市板橋區文化路一段一四六號一樓
黃景宏診所,板橋區,新北市板橋區陽明街63號
顏舜隆小兒科診所,板橋區,新北市板橋區裕民街一二二號
鴻仁診所,板橋區,新北市板橋區雙十路二段五十九號
杏林診所,板橋區,新北市板橋區溪北路１７０號
毅宏耳鼻喉科診所,板橋區,新北市板橋區中正路190號
蕭亦裕鹽光診所,板橋區,新北市板橋區忠孝路112-1號1樓
合信診所,板橋區,新北市板橋區實踐路１３３號
趙小兒科診所,板橋區,新北市板橋區館前東路64號1樓
巫世平診所,板橋區,新北市板橋區南雅南路一段６６號
博恩泌尿科外科診所,板橋區,新北市板橋區文化路一段203號1樓
仁佑耳鼻喉科診所,板橋區,新北市板橋區四川路2段33號1樓及39號1樓
嘉得牙醫診所,板橋區,新北市板橋區館前東路108號1樓及2樓
翠豐診所,板橋區,新北市板橋區雙十路2段120號1樓．2樓
板橋中興醫院,板橋區,新北市板橋區忠孝路十五號
長殷牙醫診所,板橋區,新北市板橋區陽明街46-1號1樓
勝濟堂中醫診所,板橋區,新北市板橋區忠孝路69號（1樓）
典揚牙醫診所,板橋區,新北市板橋區國慶路161號（1樓）
蕭中正醫院,板橋區,新北市板橋區南雅南路一段15號之1、17號、19號(1、2、3、4樓)
舒活牙醫診所,板橋區,新北市板橋區四維路227號1、2樓
龍昌診所,板橋區,新北市板橋區民族路276巷1弄10號1、2樓及12號1、2樓
恩典復健家醫科診所,板橋區,新北市板橋區文化路2段155號1樓至5樓
朱傳弘骨科診所,板橋區,新北市板橋區陽明街125號1、2樓、127號1、2樓
板橋長榮診所,板橋區,新北市板橋區陽明街287號1樓
蓁佑中醫診所,板橋區,新北市板橋區四維路218號1樓
杏禾中醫診所,板橋區,新北市板橋區莊敬路97號1樓
板橋大愛眼科診所,板橋區,新北市板橋區文化路一段294號1樓、2樓
安慶診所,板橋區,新北市板橋區互助街77巷1號(1樓)
春和診所,板橋區,新北市板橋區長江路1段138號
蔡進富牙醫診所,板橋區,新北市板橋區陽明街283號1樓
柯明奇耳鼻喉科診所,板橋區,新北市板橋區中山路二段２５６號
正陽骨科診所,板橋區,新北市板橋區雙十路2段114號1樓．114之1號2樓
板橋安媞婦產科診所,板橋區,新北市板橋區府中路43號2樓
欣心診所,板橋區,新北市板橋區莒光路94號1樓
中英醫療社團法人中英醫院,板橋區,新北市板橋區文化路一段192之1號1樓、194號1至4樓、196號1至4樓、198號1至4樓、200號1至4樓、202號1至4樓、204號1至4樓
翰生診所,板橋區,新北市板橋區漢生西路73、75號(1樓)
板新醫院,板橋區,新北市板橋區中正路１８９號
板橋大學眼科診所,板橋區,新北市板橋區忠孝路三十五號一、二樓
吉立診所,板橋區,新北市板橋區篤行路三段92號
駱耳鼻喉科診所,板橋區,新北市板橋區實踐路一七三號
福星耳鼻喉科診所,板橋區,新北市板橋區重慶路181號
黃外科診所,板橋區,新北市板橋區中山路1段30號2樓
徐自菱皮膚科診所,板橋區,新北市板橋區互助街29號1樓及31號1樓
志明診所,板橋區,新北市板橋區篤行路二段五二號及大觀路三段二一九巷八號一．二樓
潔美牙醫診所,板橋區,新北市板橋區漢生東路281號1樓．2樓．283號1樓．2樓
和安診所,板橋區,新北市板橋區四維路313號1樓
重慶耳鼻喉科診所,板橋區,新北市板橋區和平路161巷26號〈1樓〉
陳敏玲內科診所,板橋區,新北市板橋區溪崑二街97號(1樓)
林國本耳鼻喉科診所,板橋區,新北市板橋區文聖街６號
佑幼小兒科診所,板橋區,新北市板橋區文化路二段５７號
王起釮小兒科診所,板橋區,新北市板橋區新海路３７２號
馨杏園婦產科診所,板橋區,新北市板橋區中山路2段24號1樓及40巷2弄2號1樓
韓眼科診所,板橋區,新北市板橋區中山路二段三００號
陳孟潮耳鼻喉科診所,板橋區,新北市板橋區民生路三段２６３巷１１號
板橋李耳鼻喉科診所,板橋區,新北市板橋區縣民大道1段185號(1樓)
小林美學牙醫診所,板橋區,新北市板橋區國光路187、189、189-1號2樓
合泰婦產小兒聯合診所,板橋區,新北市板橋區忠孝路19號1．2．3樓
瑞明眼科診所,板橋區,新北市板橋區文化路1段13號1、2F
建明診所,板橋區,新北市板橋區雙十路3段44號1樓
盈仁牙醫診所,板橋區,新北市板橋區中正路二七八號
國新德威牙醫診所,板橋區,新北市板橋區四川路一段253號1樓
誼康美學牙醫診所,板橋區,新北市板橋區文化路二段175號1樓及夾層
南雅牙醫診所,板橋區,新北市板橋區南雅南路一段95號1.2F
立潔牙醫診所,板橋區,新北市板橋區文化路二段23號1樓
誠信牙醫診所,板橋區,新北市板橋區文化路一段一二五號
新恩眼科診所,板橋區,新北市板橋區重慶路219號
孫三源婦產科家庭醫學科診所,板橋區,新北市板橋區中正路186、188號(1樓)
家樺診所,板橋區,新北市板橋區文化路2段182巷3弄51號1、2樓
張明輝內科診所,板橋區,新北市板橋區四川路一段81號
佳醫診所,板橋區,新北市板橋區四川路一段186號1、2樓
雙十鄭林診所,板橋區,新北市板橋區雙十路2段138號1樓、3樓
麗暘診所,板橋區,新北市板橋區懷德街78巷2號
蔡利誠診所,板橋區,新北市板橋區陽明街１１２號
健誠眼科診所,板橋區,新北市板橋區三民路一段７０號
龍興診所,板橋區,新北市板橋區龍興街43、45號(1樓)
江德賢眼科診所,板橋區,新北市板橋區中正路二０九號
慈蕙診所,板橋區,新北市板橋區三民路二段202之29號(1樓)、正隆巷2之1號(2樓)
黃世鑫診所,板橋區,新北市板橋區四川路一段一四三號
蔡眼科診所,板橋區,新北市板橋區文化路二段109之3號1樓
謝坤川診所,板橋區,新北市板橋區陽明街十號
篤翎診所,板橋區,新北市板橋區篤行路三段69號1樓
全德耳鼻喉科診所,板橋區,新北市板橋區重慶路２１7號
博愛診所,板橋區,新北市板橋區府中路52-3號1樓
林皮膚科診所,板橋區,新北市板橋區府中路一一二號
仁民診所,板橋區,新北市板橋區陽明街７５號
周耳鼻喉科診所,板橋區,新北市板橋區文化路二段５號
板橋信合美眼科診所,板橋區,新北市板橋區新民街33號1、2樓
吉仁醫病相談診所,板橋區,新北市板橋區實踐路114號1樓、4樓及116號4樓
進益診所,板橋區,新北市板橋區自由路45號1樓
林子敬診所,板橋區,新北市板橋區中山路二段198號
陳尚志診所,板橋區,新北市板橋區文化路二段388號3樓
江致德皮膚科診所,板橋區,新北市板橋區重慶路二五四號
新象眼科診所,板橋區,新北市板橋區文化路二段394號
成都診所,板橋區,新北市板橋區成都街九十五號
林弘揚耳鼻喉科診所,板橋區,新北市板橋區陽明街295號
吳宏誠小兒科診所,板橋區,新北市板橋區莊敬路156號
聖母診所,板橋區,新北市板橋區民族路197號
後埔永江診所,板橋區,新北市板橋區實踐路109號(1F)
燿星小兒科診所,板橋區,新北市板橋區實踐路１１３號
幼華診所,板橋區,新北市板橋區民族路３０８號
雷世陽婦產科診所,板橋區,新北市板橋區三民路二段110號1~7樓
志善眼科診所,板橋區,新北市板橋區文化路2段386號、386之1號
熊明旺耳鼻喉科診所,板橋區,新北市板橋區中山路2段84-2號1樓
板橋民富皮膚科診所,板橋區,新北市板橋區四川路1段97號(1樓)
王林小兒科診所,板橋區,新北市板橋區忠孝路20號1樓
健康家庭醫學科診所,板橋區,新北市板橋區陽明街295號
楊思亮診所,板橋區,新北市板橋區文化路二段4號
立誠骨科診所,板橋區,"新北市板橋區民權路215號1.2樓,217號1樓"
聯德診所,板橋區,新北市板橋區溪北路13號
名冠診所,板橋區,新北市板橋區文化路一段145、3樓之5號
耀安小兒科診所,板橋區,新北市板橋區漢生東路324號1樓及326巷2弄2號1樓
日光眼科診所,板橋區,新北市板橋區陽明街124號1樓及B1
仁謙診所,板橋區,新北市板橋區忠孝路102號1樓
陳榮泰小兒科診所,板橋區,新北市板橋區金門街311號
樂福診所,板橋區,新北市板橋區三民路二段89號
優生婦產科診所,板橋區,新北市板橋區重慶路30號1樓、2樓、8樓
周文通診所,板橋區,新北市板橋區四維路２９２號
徐內科小兒科診所,板橋區,新北市板橋區南雅南路1段5巷8號1樓
陳嘉偉診所,板橋區,新北市板橋區懷仁街９２號１樓
詹婦產科診所,板橋區,新北市板橋區文化路二段二號
張俊明外科婦科診所,板橋區,新北市板橋區中正路251號(1樓)及251之1號(2樓)
中正診所,板橋區,新北市板橋區金華街２１巷４號
長生外科診所,板橋區,新北市板橋區中山路2段497號
蕭奕仁診所,板橋區,新北市板橋區三民路二段９３號
洪天註中醫診所,板橋區,新北市板橋區四維路289巷44號1樓
宏國中醫診所,板橋區,新北市板橋區宏國路103號1樓
陳東熙中醫診所,板橋區,新北市板橋區文化路二段１６５號
日祥中醫診所,板橋區,新北市板橋區中正路203號1、2、3樓
聖原中醫診所,板橋區,新北市板橋區雙十路二段38號1樓
台達牙醫診所,板橋區,新北市板橋區文化路一段一三四號
潔品牙醫聯合診所,板橋區,新北市板橋區文化路一段359號1、2、3、4樓
育德牙醫診所,板橋區,新北市板橋區三民路二段一一三號
時尚牙醫診所,板橋區,新北市板橋區雙十路2段152號1樓及松柏街1巷7號1樓
民懷牙醫診所,板橋區,新北市板橋區國慶路一八一號
全安牙醫診所,板橋區,新北市板橋區雙十路三段３５號
太平洋牙醫診所,板橋區,新北市板橋區漢生東路三四八號一樓
鴻元牙醫診所,板橋區,新北市板橋區中山路二段443巷12號(1樓)
胡牙醫診所,板橋區,新北市板橋區文化路一段１８８巷１６號
後站徐牙醫診所,板橋區,新北市板橋區忠孝路１０６號
大林牙醫診所,板橋區,新北市板橋區文化路一段三號２Ｆ
麗德牙醫診所,板橋區,新北市板橋區文化路二段20號2樓
正昌牙醫診所,板橋區,新北市板橋區裕民街３６巷１號
博仁牙醫診所,板橋區,新北市板橋區南雅南路二段一一之三號一樓
頂好牙醫診所,板橋區,新北市板橋區懷德街１２３號
安信牙醫診所,板橋區,新北市板橋區文化路一段３５５號1、2樓
博暉牙醫診所,板橋區,新北市板橋區中山路一段六十九號七樓之一
玉山牙醫診所,板橋區,新北市板橋區中正路265號
培源牙醫診所,板橋區,新北市板橋區府中路１００號
雙安牙醫診所,板橋區,新北市板橋區館前西路150之1號
江子翠林牙醫診所,板橋區,新北市板橋區文化路二段３３３號
鴻安牙醫診所,板橋區,新北市板橋區萬板路308號(1樓)
呂忠孝牙醫診所,板橋區,新北市板橋區忠孝路一七七號
遠東牙醫診所,板橋區,新北市板橋區館前東路104號1、2樓
智群牙醫診所,板橋區,新北市板橋區四川路一段286巷3號(1樓)
揚齡牙醫診所,板橋區,新北市板橋區南雅西路二段９８之４號
瑞安牙醫診所,板橋區,新北市板橋區大智街７３號１樓
聖潔牙醫診所,板橋區,新北市板橋區華興街八三號一樓
浩恩牙醫診所,板橋區,新北市板橋區中正路206號1、2樓
惠康牙醫診所,板橋區,新北市板橋區四川路一段３５９號
健倫牙醫診所,板橋區,新北市板橋區莒光路157號
法華牙醫診所,板橋區,新北市板橋區金門街301號
東北牙醫診所,板橋區,新北市板橋區忠孝路213號１、2樓
展望牙醫診所,板橋區,新北市板橋區莊敬路一四九號
華美牙醫診所,板橋區,新北市板橋區民族路２３３號
蔡牙醫診所,板橋區,新北市板橋區南雅南路1段23號1樓
昱盛牙醫診所,板橋區,新北市板橋區英士路四十三號
忠丞牙醫診所,板橋區,新北市板橋區中山路二段四○八號
家德牙醫診所,板橋區,新北市板橋區重慶路三０八巷十號
晴天牙醫診所,板橋區,新北市板橋區文聖街23號及25號1樓
薪馨牙醫診所,板橋區,新北市板橋區文化路一段七號一、二樓
板橋誠品牙醫診所,板橋區,新北市板橋區四川路1段57號2樓
大立牙醫診所,板橋區,新北市板橋區溪北路一三０號
正欣牙醫診所,板橋區,新北市板橋區新海路一一五號
馬太牙醫診所,板橋區,新北市板橋區中正路二三四號之一
德全牙醫診所,板橋區,新北市板橋區篤行路二段七十八號一、二樓
正安牙醫診所,板橋區,新北市板橋區金門街249號
新埔牙醫診所,板橋區,新北市板橋區文化路二段１７號
仁宏牙醫診所,板橋區,新北市板橋區重慶路７６巷６號
勇年牙醫診所,板橋區,新北市板橋區文化路一段２７７號
玉林牙醫診所,板橋區,新北市板橋區篤行路二段１０７號
浩明牙醫診所,板橋區,新北市板橋區民治街５２巷５弄１號１Ｆ
冠德牙醫診所,板橋區,新北市板橋區陽明街5號1樓
得雅牙醫診所,板橋區,新北市板橋區新海路64號1、2樓，68號1樓
晨軒牙醫診所,板橋區,新北市板橋區館前西路98號
貴興牙醫診所,板橋區,新北市板橋區貴興路80號1樓
合美牙醫診所,板橋區,新北市板橋區中山路二段99號1、2樓
大原牙醫診所,板橋區,新北市板橋區民族路97號1樓
新品牙醫診所,板橋區,新北市板橋區龍興街十五號一樓
橘泉中醫診所,板橋區,新北市板橋區四維路179之1號(1樓)
昕隆診所,板橋區,新北市板橋區民生路一段3號5樓
至維牙醫診所,板橋區,新北市板橋區莊敬路229號1樓
和謙診所,板橋區,新北市板橋區 民權路 214號(1~4樓)
卓群牙醫診所,板橋區,新北市板橋區中正路３１號１樓
廖牙醫診所,板橋區,新北市板橋區館前西路４５號
德恩牙醫診所,板橋區,新北市板橋區金門街54號1樓及夾層
翰林居中醫診所,板橋區,新北市板橋區南雅南路1段99號(1樓)
揚明診所,板橋區,新北市板橋區陽明街三十八號一樓
喆品牙醫診所,板橋區,新北市板橋區忠孝路55號1、2樓
辭林牙科診所,板橋區,新北市板橋區館前東路９８∼３號
宏昌中醫診所,板橋區,新北市板橋區新海路3號(1樓)
盛強耳鼻喉科診所,板橋區,新北市板橋區中山路二段３６７號
弘恩中醫診所,板橋區,新北市板橋區萬板路15號1樓
龍生診所,板橋區,新北市板橋區廣權路一０三號
樂昕中醫診所,板橋區,新北市板橋區區運路39號(1樓)
菡生美無極診所,板橋區,新北市板橋區中山路一段104號11樓
連建安診所,板橋區,新北市板橋區三民路二段一四六號一樓
吳建明小兒科診所,板橋區,新北市板橋區四川路二段245巷46號
薛松茂內科小兒科診所,板橋區,新北市板橋區四川路一段２１２號
宜霖小兒科診所,板橋區,新北市板橋區重慶路二三０號一樓
王瑞熙眼科診所,板橋區,新北市板橋區公園路三十號
德聲牙醫診所,板橋區,新北市板橋區文化路二段３２４號
建佑診所,板橋區,新北市板橋區雙十路二段164號1樓
實踐內科兒科診所,板橋區,新北市板橋區實踐路１４９號
姚欽祥外科婦產科診所,板橋區,新北市板橋區漢生西路３１號
佳恩耳鼻喉科診所,板橋區,新北市板橋區陽明街40號1樓
一心牙醫診所,板橋區,新北市板橋區自由路22號(1樓)、22-1號(2樓)
李連成耳鼻喉科診所,板橋區,新北市板橋區雙十路二段１６２號
寰宇牙醫診所,板橋區,新北市板橋區南雅西路二段２號２Ｆ
楊孟達身心精神科診所,板橋區,新北市板橋區文化路一段275號1樓
潘內科小兒科診所,板橋區,新北市板橋區中正路1巷18號(1樓)
信德診所,板橋區,新北市板橋區文化路一段310號1~2樓
振安診所,板橋區,新北市板橋區重慶路276-11號1、2樓
榮恩診所,板橋區,新北市板橋區三民路1段147號1樓
老記保壽堂中醫診所,板橋區,新北市板橋區龍興街16號(1樓)
施丞修中醫診所,板橋區,新北市板橋區中山路2段362號
中英醫療社團法人板英醫院,板橋區,新北市板橋區文化路1段267、269、271號1-4樓
遠東中醫診所,板橋區,新北市板橋區漢生東路335號1樓
曾皮膚科診所,板橋區,新北市板橋區中山路二段三六五號
潘牙醫診所,板橋區,新北市板橋區北門街５６號２Ｆ
裕芳中醫診所,板橋區,新北市板橋區貴興路三十八號
仁心中醫診所,板橋區,新北市板橋區北門街42-3號1、2樓
華康中醫診所,板橋區,新北市板橋區陽明街80號
鴻仁中醫診所,板橋區,新北市板橋區三民路2段136之2號1樓
子欽牙醫診所,板橋區,新北市板橋區大智街十五號
昇陽診所,板橋區,新北市板橋區文化路二段326號1F
泰源中醫診所,板橋區,新北市板橋區四川路一段９８號
儒林居中醫診所,板橋區,新北市板橋區雙十路三段２２號
廣生堂中醫診所,板橋區,新北市板橋區府中路７８號
德昇中醫診所,板橋區,新北市板橋區中正路37號1F、B1F
同心堂中醫診所,板橋區,新北市板橋區中山路2段123號1樓
和康中醫診所,板橋區,新北市板橋區中山路二段291-11號一樓
蓁禾堂中醫診所,板橋區,新北市板橋區民生路二段48、50號1樓
鈺安中醫診所,板橋區,新北市板橋區陽明街一三０號一樓
吉安堂中醫診所,板橋區,新北市板橋區後菜園街４３號
生永中醫診所,板橋區,新北市板橋區中正路２９號
漢昇中醫診所,板橋區,新北市板橋區三民路二段３５巷２１號
新榮盛中醫診所,板橋區,新北市板橋區國光路一八五號
黃永生中醫診所,板橋區,新北市板橋區中山路一段２８號
壽春中醫診所,板橋區,新北市板橋區中正路２３６巷６號
福安堂中醫診所,板橋區,新北市板橋區重慶路一九三號一樓
坤儒中醫診所,板橋區,新北市板橋區陽明街77號1樓
翰生牙醫診所,板橋區,新北市板橋區漢生西路７１號
上揚牙醫診所,板橋區,新北市板橋區府中路７號
偉新牙醫診所,板橋區,新北市板橋區重慶路８３號
佳園牙醫診所,板橋區,新北市板橋區實踐路159號1、2樓
板橋國泰醫院,板橋區,新北市板橋區忠孝路五、七、九、十一號一至三樓。
醫療財團法人徐元智先生醫藥基金會亞東紀念醫院,板橋區,新北市板橋區南雅南路二段21號及高爾富路300號
板橋聖昌中醫診所,板橋區,新北市板橋區松柏街６５號1樓
竹林中醫診所,板橋區,新北市板橋區漢生西路７７之２號
黃何耳鼻喉科皮膚科聯合診所,板橋區,新北市板橋區北門街21號(1樓)
瑞信眼科診所,板橋區,新北市板橋區中山路2段305號1、2樓
今日牙科診所,板橋區,新北市板橋區北門街３０號
榮新診所,板橋區,新北市板橋區三民路1段143號1樓
康維牙醫診所,板橋區,新北市板橋區文化路2段336號(1、2樓)
板橋親親家庭診所,板橋區,新北市板橋區大同街55號(1樓)
上安牙醫診所,板橋區,新北市板橋區中正路317號
遠興婦產科診所,板橋區,新北市板橋區中山路一段91號1~7樓
方舟復健科診所,板橋區,新北市板橋區新海路86號1樓、2樓及88號2樓
新板耀美牙醫診所,板橋區,新北市板橋區文化路1段85號1、2樓
耀祥中醫診所,板橋區,新北市板橋區四川路1段365號1樓
淨妍醫美診所,板橋區,新北市板橋區重慶路12巷2號3樓重慶路8號3樓及3樓之1、10號3樓
俊安診所,板橋區,新北市板橋區金門街二九三號
廷華耳鼻喉科診所,板橋區,新北市板橋區龍興街二二號
李皮膚科診所,板橋區,新北市板橋區四川路一段53、55號(1樓)
侯世文診所,板橋區,新北市板橋區實踐路100號(1樓)
趙昭明皮膚科診所,板橋區,新北市板橋區南門街27號1樓、2樓
樂澄診所,板橋區,新北市板橋區北門街13號1樓
板橋林牙醫診所,板橋區,新北市板橋區民族路１７３號
建國牙醫診所,板橋區,新北市板橋區長江路二段２８０－１３號１樓
莫札特牙醫診所,板橋區,新北市板橋區合宜路91號(1樓)
媚登峯板橋診所,板橋區,新北市板橋區三民路二段35巷2號(1樓)
民川牙科診所,板橋區,新北市板橋區成都街二九號
嘉齡診所,板橋區,新北市板橋區中正路223號
黃頌邦診所,板橋區,新北市板橋區溪北路26號1、2樓
廣安診所,板橋區,新北市板橋區懷仁街79號
汎宇牙醫診所,板橋區,新北市板橋區篤行路2段104號、106號(1~2樓)
太乙中醫診所,板橋區,新北市板橋區溪北路74號1樓
陳恩哲小兒科診所,板橋區,新北市板橋區文化路一段216號1、2樓
陳正忠小兒科診所,板橋區,新北市板橋區府中路１４３號１樓
辰宏牙醫診所,板橋區,新北市板橋區溪北路二十五號一樓
瑞誠眼科診所,板橋區,新北市板橋區互助街42號(1樓)
卓仁維耳鼻喉科診所,板橋區,新北市板橋區篤行路二段一0一號
振榮牙醫診所,板橋區,新北市板橋區三民路二段一五七號
東華牙醫診所,板橋區,新北市板橋區中山路二段二００號
康宸中醫診所,板橋區,新北市板橋區南門街43號1樓、2樓、3樓
康宏骨科診所,板橋區,新北市板橋區四川路一段473號、475號1、2、3樓
裕安中醫診所,板橋區,新北市板橋區中山路2段487號(1樓)
麗晶牙醫診所,板橋區,新北市板橋區民生路二段238號1~4樓
加妃整形外科診所,板橋區,新北市板橋區中山路一段26號4樓
誠悅耳鼻喉科診所,板橋區,新北市板橋區中山路二段158號（1樓）
皮醫師皮膚專科診所,板橋區,新北市板橋區中山路二段172號(1樓)
福霖堂中醫診所,板橋區,新北市板橋區文化路二段410巷1弄2號
健心復健科診所,板橋區,新北市板橋區重慶路201號(1樓)重慶路223巷15號2樓、重慶路223巷17號(1樓)
晟揚骨科診所,板橋區,新北市板橋區信義路161號（1樓）
張博揚小兒科診所,板橋區,新北市板橋區仁化街85號1樓
當代聯合診所,板橋區,新北市板橋區中正路三一九號
樹仁診所,板橋區,新北市板橋區滿平街61號(1樓)
辰元復健科診所,板橋區,新北市板橋區雙十路3段31號2樓
板橋榮譽國民之家醫務室,板橋區,新北市板橋區大觀路2段32號(溫馨樓1樓)
海山牙醫聯合診所,板橋區,新北市板橋區民族路２３１號
倪國欽中醫診所,板橋區,新北市板橋區長安街331巷23號(1樓)
吳國柱牙醫診所,板橋區,新北市板橋區國光路６３號１樓
北陽骨科診所,板橋區,新北市板橋區中正路339號1樓、2樓
法邑極緻美學診所,板橋區,新北市板橋區四川路二段105號、107號(1樓)
康歆診所,三重區,新北市三重區正義北路185號1樓、2樓
鴻璋婦產科診所,三重區,新北市三重區三和路四段392號2樓
大有診所,三重區,新北市三重區中正北路374號1樓
美麗心成人兒童精神科診所,三重區,新北市三重區正義北路210號1樓
三重又一春中醫診所,三重區,新北市三重區正義北路93號1樓
美上美皮膚科診所,三重區,新北市三重區正義北路104號1樓、2樓
吳文財牙醫診所,三重區,新北市三重區重新路三段89號1樓
俊元診所,三重區,新北市三重區力行路一段62號
政義診所,三重區,新北市三重區正義北路242號1樓
德恩診所,三重區,新北市三重區集成路47號
丰尚牙醫診所,三重區,新北市三重區三信路29、31號1樓
和平診所,三重區,新北市三重區溪尾街111號1樓
皇嘉耳鼻喉科診所,三重區,新北市三重區五華街247號1樓
合祐牙醫診所,三重區,新北市三重區長安街86號1樓
柯瑞宏皮膚專科診所,三重區,新北市三重區溪尾街181、183號1樓
艾樂堡診所,三重區,新北市三重區集賢路63之1號1樓
安禾診所,三重區,新北市三重區中華路89號1樓
大眾牙醫診所,三重區,新北市三重區自強路一段九十九號
林永權耳鼻喉科診所,三重區,新北市三重區三陽路32號
歐維藩診所,三重區,新北市三重區龍門路一九九號
三重祥安診所,三重區,新北市三重區三和路四段374號1、2樓
鄭俊堂診所,三重區,新北市三重區自強路四段４９號
林源泉中醫診所,三重區,新北市三重區碧華街５９號
林偉欣眼科診所,三重區,新北市三重區正義北路366號1樓及366之1號1、2樓
呂恒明皮膚科診所,三重區,新北市三重區三和路二段一七八號
泛美牙醫診所,三重區,新北市三重區溪尾街一六四號一樓
榮恩牙醫診所,三重區,新北市三重區重陽路一段１０８號
禾豐中醫診所,三重區,新北市三重區文化北路133號1樓
健康中醫診所,三重區,新北市三重區重新路四段三十五號
寶鶴堂中醫診所,三重區,新北市三重區重新路三段２號－１１樓
群康復健診所,三重區,新北市三重區三和路二段6-1號1樓、6-3號1樓
連眼科診所,三重區,新北市三重區福德北路55號1樓、55號2樓
健安中醫診所,三重區,新北市三重區碧華街141號1樓
重安養生中醫診所,三重區,新北市三重區平安街9號(1樓)
寶石牙醫診所,三重區,新北市三重區重陽路三段144號1樓、2樓、3樓
微笑美學牙醫診所,三重區,新北市三重區福德北路45之1號1樓
安慶牙醫診所,三重區,新北市三重區重陽路一段113巷19號1樓
保誠牙醫診所,三重區,新北市三重區雙園街一０九號
百昌堂中醫診所,三重區,新北市三重區自強路２段1號1樓
龍騰牙醫診所,三重區,新北市三重區中正北路211號1樓
好幸福泌尿科診所,三重區,新北市三重區正義北路238號1、2樓
寶徠牙醫診所,三重區,新北市三重區集美街126巷35號1樓
頌恩牙醫診所,三重區,新北市三重區碧華街362號1、2樓
富信中醫診所,三重區,新北市三重區三民街一四三號
謝明宏小兒科診所,三重區,新北市三重區中華路43號1樓
仁馨診所,三重區,新北市三重區龍門路1號5樓、5樓之1
三重新好診所,三重區,新北市三重區仁義街147號、149號1樓
龍安中醫診所,三重區,新北市三重區仁愛街680號1樓
三重天慕堂中醫診所,三重區,新北市三重區中正南路165號1樓及夾層
璟欣中醫診所,三重區,新北市三重區三和路四段199號1樓
和璞中醫診所,三重區,新北市三重區仁安街101號1樓
宏通診所,三重區,新北市三重區重新路三段46號1樓
華貞診所,三重區,新北市三重區三和路三段80號1樓
合暄牙醫診所,三重區,新北市三重區三賢街199號1樓
正義骨科診所,三重區,新北市三重區正義北路205號1、2、3、4樓
青青草美學牙醫診所,三重區,新北市三重區新北大道一段121號1樓
正和診所,三重區,新北市三重區正義北路278號1樓
維德徐匯診所,三重區,新北市三重區仁愛街690號1樓及692號1樓
曜弘診所,三重區,新北市三重區重新路三段107號1樓
仁安堂中醫診所,三重區,新北市三重區三和路4段133號1樓
三重宥聖中醫診所,三重區,新北市三重區重新路二段1之6號1樓、2樓、3樓及1之7號2樓、3樓
三重正義北好評診所,三重區,新北市三重區正義北路203號1樓
宏生診所,三重區,新北市三重區五華街72號1樓
富康診所,三重區,新北市三重區重新路4段53號2樓、3樓、3樓之1
京辰耳鼻喉科診所,三重區,新北市三重區五華街92號1樓
友孝診所,三重區,新北市三重區中華路60號1樓
兆興診所,三重區,新北市三重區中興北街19巷2號1樓
真如中醫診所,三重區,新北市三重區文化南路特8號1樓
三重光澤診所,三重區,新北市三重區正義北路122號1樓及2樓
自由風時尚醫美診所,三重區,新北市三重區重新路二段70號1、2樓及72號1樓
京品中醫診所,三重區,新北市三重區正義南路15之2號1樓
華謙家醫科診所,三重區,新北市三重區仁愛街517號1、2樓
慈田診所,三重區,新北市三重區安興街10號1樓
立新美學診所,三重區,新北市三重區重安街62號2樓
予生診所,三重區,新北市三重區三和路四段364號1樓
大耀中醫診所,三重區,新北市三重區福德北路30之1號1樓
葉家伶婦產科診所,三重區,新北市三重區重陽路三段93號1、2樓
溱美皮膚科診所,三重區,新北市三重區正義北路237號1、2樓
得恩診所,三重區,新北市三重區三和路二段89號1-2樓
寶島眼科診所,三重區,新北市三重區集賢路189號1樓及夾層
禾順診所,三重區,新北市三重區文化北路3號1樓
極光牙醫診所,三重區,新北市三重區重新路2段11之2號1樓
丰禾牙醫診所,三重區,新北市三重區三信路182號1樓及夾層
同安診所,三重區,新北市三重區大同南路151號1樓
三富牙醫診所,三重區,新北市三重區正義北路10號1、2樓
培力佳診所,三重區,新北市三重區自強路三段67號1樓
臻呈牙醫診所,三重區,新北市三重區溪尾街326號1樓
厚德牙醫診所,三重區,新北市三重區忠孝路一段117號1樓
大德牙醫診所,三重區,新北市三重區仁義街379號1樓
晶品牙醫診所,三重區,新北市三重區正義北路240號1樓
五華牙醫診所,三重區,新北市三重區五華街96號1-3樓
德維復健科診所,三重區,新北市三重區正義北路248號1-3樓
仰德中醫診所,三重區,新北市三重區集成路5號1樓
正興診所,三重區,新北市三重區正義北路113號1、2樓及2樓之1
佳禾透析診所,三重區,新北市三重區三和路二段30號6樓及6樓之1-4
華信牙醫診所,三重區,新北市三重區仁愛街３９９號
全民醫院,三重區,新北市三重區三和路四段103之2號、103之2號2樓、103之2號3樓
三重菩提中醫診所,三重區,新北市三重區重陽路四段10號1樓
天亮診所,三重區,新北市三重區中正北路314號1樓
愷馨耳鼻喉科診所,三重區,新北市三重區仁愛街729號1樓
李牙醫診所,三重區,新北市三重區信義街４６號
建人診所,三重區,新北市三重區正義南路46號1樓
三重建成中醫診所,三重區,新北市三重區三和路二段153號1樓
安興精神科診所,三重區,新北市三重區重新路三段132號1樓
生生堂中醫診所,三重區,新北市三重區重新路四段９２號
創健牙醫診所,三重區,新北市三重區長安街110號1樓
重德耳鼻喉科診所,三重區,新北市三重區正義北路２４６號
御辰牙醫診所,三重區,新北市三重區集英路81號1、2樓
皮醫師診所,三重區,新北市三重區三和路四段312號1樓
郭國鐘小兒科診所,三重區,新北市三重區信義街５７號
聰明耳鼻喉科診所,三重區,新北市三重區重新路二段14號
澄心牙醫診所,三重區,新北市三重區重新路3段130號1樓及夾層
錫安婦產科內科診所,三重區,新北市三重區正義北路3１9號（1-4樓）
輝瑞牙醫診所,三重區,新北市三重區文化南路8號2樓
李瑞相診所,三重區,新北市三重區中華路89號1樓
大榮耳鼻喉科診所,三重區,新北市三重區正義北路178號1樓
永福牙醫診所,三重區,新北市三重區永福街252號
景康牙醫診所,三重區,新北市三重區三和路四段233號2樓
三重養生堂中醫診所,三重區,新北市三重區龍門路28號1樓、28號之1(1樓)
龍華診所,三重區,新北市三重區五華街100號1、2樓
和平牙醫診所,三重區,新北市三重區溪尾街１１１號2樓
丁婦產科診所,三重區,新北市三重區自強路一段246號1~4樓
明安耳鼻喉科診所,三重區,新北市三重區正義北路54．56號1．2樓
仁暉診所,三重區,新北市三重區重新路一段50號2樓、52號2樓
捷登牙醫診所,三重區,新北市三重區中正北路一五０號
日盛植牙美學牙醫診所,三重區,新北市三重區中正北路296號、298號、300號、300之1號1、2樓
仁祥中醫診所,三重區,新北市三重區自強路二段４８號之１
福田中醫診所,三重區,新北市三重區三和路三段182號
建宏骨科診所,三重區,新北市三重區正義南路60之4號1樓
健安骨科診所,三重區,新北市三重區慈愛街92號1樓、溪尾街167號1樓、169號1樓
宏誠牙醫診所,三重區,新北市三重區重陽路一段122號2樓
美緹牙醫診所,三重區,新北市三重區重新路四段6號1樓、2樓
威登美學牙醫診所,三重區,新北市三重區忠孝路三段45號1樓、2樓
張欽堯小兒科診所,三重區,新北市三重區集成路35號1樓
健福診所,三重區,新北市三重區溪尾街171、173號1樓
采醫馨麗診所,三重區,新北市三重區重新路四段2號1、2樓
太安牙醫診所,三重區,新北市三重區三和路四段314號1樓
寶田中醫診所,三重區,新北市三重區自強路一段66號2樓
佳德牙醫診所,三重區,新北市三重區溪尾街136號1、2樓
綺美牙醫診所,三重區,新北市三重區五華街238號、240號1樓
宏安中醫診所,三重區,新北市三重區自強路一段254號1樓
鼎安堂中醫診所,三重區,新北市三重區三和路四段372號1、2樓
怡品美學牙醫診所,三重區,新北市三重區重新路三段105號1樓
佑安中醫診所,三重區,新北市三重區信義西街98號(1樓)
康欣中醫診所,三重區,新北市三重區中正北路79號1樓
宸禾牙醫診所,三重區,新北市三重區三信路208號1樓、210號1樓
輝鴻診所,三重區,新北市三重區信義街22號1樓
康緹牙醫診所,三重區,新北市三重區正義北路351號1、2、3樓及重陽路四段113號1、2、3樓
林南診所,三重區,新北市三重區重陽路四段11號1樓
康昕診所,三重區,新北市三重區正義北路185號1、2樓
慶竹中醫診所,三重區,新北市三重區五華街178號1樓、2樓
天德堂中醫診所,三重區,新北市三重區大同南路3號、7巷1號1至2樓
益安診所,三重區,新北市三重區正義北路152號1樓、2樓
松鶴中醫診所,三重區,新北市三重區過圳街7巷36號1樓
介壽耳鼻喉科診所,三重區,新北市三重區正義北路255號1樓
安美中醫診所,三重區,新北市三重區文化北路97號1樓
美麗人生整形醫美診所,三重區,新北市三重區光復路一段45號2樓之1
三重蒔美牙醫診所,三重區,新北市三重區五華街196號、198號1樓及夾層
信林大學眼科診所,三重區,新北市三重區重新路1段51之1號1樓及51之3號1樓
六福堂中醫診所,三重區,新北市三重區正義北路270號1樓
軒林中醫診所,三重區,新北市三重區三和路四段217號1、2樓
臻禾牙醫診所,三重區,新北市三重區忠孝路二段93號1樓
展源內科診所,三重區,新北市三重區重新路四段12號9樓
固的診所,三重區,新北市三重區正義北路312號1樓、2樓
長壽耳鼻喉科診所,三重區,新北市三重區正義北路194號1樓
全心堂中醫診所,三重區,新北市三重區自強路三段35、37號1樓
幸聲耳鼻喉科診所,三重區,新北市三重區正義北路239號1樓
銓皓牙醫診所,三重區,新北市三重區正義北路268號1樓
健安堂中醫診所,三重區,新北市三重區重新路一段72號1樓
詠悅牙醫診所,三重區,新北市三重區中正南路223號1樓、225號1樓、227號1樓、229號1樓
漢民中醫診所,三重區,新北市三重區正義北路180號1樓
弘曜中醫診所,三重區,新北市三重區三陽路106號1樓及三陽路100巷1弄5號1樓
曜華牙醫診所,三重區,新北市三重區五華街121號1樓2樓
重心美學牙醫診所,三重區,新北市三重區三和路二段79號1樓
鼎真中醫診所,三重區,新北市三重區中正北路135號1樓
三重華泰診所,三重區,新北市三重區五華街176號1樓
仲聖中醫診所,三重區,新北市三重區力行路二段155號1樓
惠心婦產科小兒科診所,三重區,新北市三重區成功路171號2至5樓及173號2至5樓。
麗水堂中醫診所,三重區,新北市三重區忠孝路一段6號1樓
三重同仁堂中醫診所,三重區,新北市三重區忠孝路二段99號1樓、2樓及95號、97號2樓及車路頭街1號1樓
三重台新診所,三重區,新北市三重區仁愛街７４１號
吾佳診所,三重區,新北市三重區龍門路１４１號
三重博愛診所,三重區,新北市三重區重新路三段二００號
智信診所,三重區,新北市三重區信義西街106號
至安診所,三重區,新北市三重區重安街6號1樓、8號1樓
金港齡小兒科診所,三重區,新北市三重區仁愛街３０２號１樓
賴美里診所,三重區,新北市三重區重新路三段106號1樓
佳仁診所,三重區,新北市三重區中正南路五號
周宏法診所,三重區,新北市三重區正義北路309號1樓、2樓、4樓，311號1樓、2樓、4樓
李兆政診所,三重區,新北市三重區中正南路93號
洪文武診所,三重區,新北市三重區集美街１６２號
原德安診所,三重區,新北市三重區重新路一段76號1樓
仁愛診所,三重區,新北市三重區仁愛街409之1號1樓
洋基耳鼻喉科診所,三重區,新北市三重區正義北路288號1樓
吳英芳診所,三重區,新北市三重區龍門路一六一號
厚生堂中醫診所,三重區,新北市三重區中正北路59號1樓
賴明志婦產科診所,三重區,新北市三重區福德北路26-2號
蘇炫明外科診所,三重區,新北市三重區三和路四段161號
宏誠診所,三重區,新北市三重區重陽路一段１２４號
靜明眼科診所,三重區,新北市三重區三和路四段１５３－２號１樓
五華眼科診所,三重區,新北市三重區五華街82號1樓及仁愛街397巷110號1樓
三重中興醫院,三重區,新北市三重區中興北街二十一號
陳信任精神科診所,三重區,新北市三重區正義北路320號1樓
趙堅婦產科診所,三重區,新北市三重區力行路一段８１號２Ｆ
美視眼科診所,三重區,新北市三重區正義北路210號3樓
陳耀宗診所,三重區,新北市三重區忠孝路二段５７號
三民家庭醫學科診所,三重區,新北市三重區三民街８３號
李烈委診所,三重區,新北市三重區五華街132號
游奐倫診所,三重區,新北市三重區三和路四段一五六號
保順聯合診所,三重區,新北市三重區正義北路5號1樓、2樓及重新路二段13巷8號1樓、10號1樓
明安婦產科診所,三重區,新北市三重區正義北路54、56號1、2樓
正義眼科診所,三重區,新北市三重區正義北路250號1樓
東和婦產科家庭醫學科診所,三重區,新北市三重區三和路二段97號1、2、3、4樓
德河聯合診所,三重區,新北市三重區重陽路三段115號1樓、117號1—4樓
重揚診所,三重區,新北市三重區重陽路一段一一二號
銘泰診所,三重區,新北市三重區三和路四段１５３號
仁新小兒科診所,三重區,新北市三重區仁愛街735號
医力耳鼻喉科診所,三重區,新北市三重區新興路三三號一樓
三重大學眼科診所,三重區,新北市三重區重新路三段28號、30號1F、2F
詹益智耳鼻喉科診所,三重區,新北市三重區重陽路四段6號1樓
林慶宗耳鼻喉科診所,三重區,新北市三重區集美街21之1號1、2樓
及美眼科診所,三重區,新北市三重區集美街1號1樓
游眼科診所,三重區,新北市三重區福德北路63號1Ｆ
長駥堂中醫診所,三重區,新北市三重區力行路二段180號1樓
德澤診所,三重區,新北市三重區仁愛街713、715、７１７、719號1樓
江村聯合診所,三重區,新北市三重區重新路三段七號一至四樓及九號二至四樓
索南婦產科診所,三重區,新北市三重區重新路二段42號3樓之1、42號3樓之2
新北市三重區衛生所,三重區,新北市三重區新北大道1段1號
惠心婦幼診所,三重區,新北市三重區重陽路一段138．140．142．144號1.2.3.4樓
江生診所,三重區,新北市三重區重新路二段1號5樓
陳慕純內科診所,三重區,新北市三重區重陽路三段９號二Ｆ
瑞和耳鼻喉科診所,三重區,新北市三重區龍門路22號1樓，夾層
重新診所,三重區,新北市三重區重新路二段150號1、2樓
和國牙醫診所,三重區,新北市三重區中正北路６１號1樓
林牙醫診所,三重區,新北市三重區重新路三段１０９號
翁牙醫診所,三重區,新北市三重區自強路一段２８４號
正揚牙醫診所,三重區,新北市三重區大榮街３號
吾佳牙醫診所,三重區,新北市三重區龍門路一四五號
三重埔展新牙醫診所,三重區,新北市三重區中正北路３５６號
簡修平診所,三重區,新北市三重區正義北路三００號之三
王立德婦產科診所,三重區,新北市三重區仁愛街731號2樓
三和診所,三重區,新北市三重區三和路二段１５８號1樓
康全診所,三重區,新北市三重區三和路四段１１１之３２號９樓
高柏森耳鼻喉科診所,三重區,新北市三重區正義北路191號1樓
妙典牙醫診所,三重區,新北市三重區忠孝路一段八一號一樓
永昇中醫診所,三重區,新北市三重區中寮街20號之5
六福中醫診所,三重區,新北市三重區集成路１０號
林寶華中醫診所,三重區,新北市三重區中正北路２１８號
慧光中醫診所,三重區,新北市三重區仁福街６４巷４號
新博愛中醫診所,三重區,新北市三重區中央南路３１號
正五華中醫診所,三重區,新北市三重區溪尾街１２１號
東華堂中醫診所,三重區,新北市三重區龍門路５８號
三和中醫診所,三重區,新北市三重區三和路四段402號
陳逸德中醫診所,三重區,新北市三重區中央南路2號
大新牙醫診所,三重區,新北市三重區重新路二段２２號
湯城牙醫診所,三重區,新北市三重區重新路五段６０９巷２０號７Ｆ之６
德倫牙醫診所,三重區,新北市三重區忠孝路二段42號
東山牙醫診所,三重區,新北市三重區車路頭街141號1樓
聯合牙醫診所,三重區,新北市三重區正義北路103號1-2樓
勝華牙醫診所,三重區,新北市三重區中華路８６號
親德牙醫診所,三重區,新北市三重區重新路一段82號1樓
石公燦牙醫診所,三重區,新北市三重區中正北路２８號１樓
宜德牙醫診所,三重區,新北市三重區仁愛街四九七號
元品牙醫診所,三重區,新北市三重區大榮街38號1樓
晶典牙醫診所,三重區,新北市三重區重新路四段５３號
威登牙醫診所,三重區,新北市三重區忠孝路三段32號1、2樓
吉祐牙醫診所,三重區,新北市三重區集美街一五三號
首席牙醫診所,三重區,新北市三重區三和路三段102號1、2樓、104號1、2樓
詠琦牙醫診所,三重區,新北市三重區中正南路89號1樓
冠華牙醫診所,三重區,新北市三重區正義北路316號1、2樓
欣華牙醫診所,三重區,新北市三重區正義北路154號1樓˙2樓及3樓之二
江村牙醫診所,三重區,新北市三重區信義街13號1樓
桂冠牙醫診所,三重區,新北市三重區重陽路一段114號1樓
品辰牙醫診所,三重區,新北市三重區三民街二六九號
重新牙醫診所,三重區,新北市三重區大同南路六十二號
金中華牙醫診所,三重區,新北市三重區中華路一號
順祥牙醫診所,三重區,新北市三重區永福街五十號一樓
全鴻牙醫診所,三重區,新北市三重區力行路二段164號
欣誼牙醫診所,三重區,新北市三重區仁愛街六七二號
維昌牙醫診所,三重區,新北市三重區重陽路一段七十三號一樓
光美牙醫診所,三重區,新北市三重區三和路四段三一六號
弘益牙醫診所,三重區,新北市三重區三和路四段３６０－２號1樓
三重新欣牙醫診所,三重區,新北市三重區車路頭街頭街２２號
大洋牙醫診所,三重區,新北市三重區三和路二段１７４號
聯大牙醫診所,三重區,新北市三重區大同南路５１號
光明牙醫診所,三重區,新北市三重區重新路五段575號
仁貴牙醫診所,三重區,新北市三重區大智街二三八－二號一樓
久敦牙醫診所,三重區,新北市三重區中正北路３４２號
正光牙醫診所,三重區,新北市三重區集賢路127號1樓、2樓
星輝牙醫診所,三重區,新北市三重區正義北路40號1樓
上宏牙醫診所,三重區,新北市三重區中華路61、63號1樓
文陽牙醫診所,三重區,新北市三重區三陽路４７號一樓
育安牙醫診所,三重區,新北市三重區自強路四段６０號
慶安診所,三重區,新北市三重區重新路四段一一四號
莊裕安內科診所,三重區,新北市三重區中正北路２９２號
李進忠診所,三重區,新北市三重區重新路三段１０５號－１（１Ｆ）
翁華宗小兒科診所,三重區,新北市三重區正義北路３２４號
吉田診所,三重區,新北市三重區中正北路１７４之７號
重仁診所,三重區,新北市三重區重新路五段592號1樓
宏鴻診所,三重區,新北市三重區長生街６７號
輝德診所,三重區,"新北市三重區重新路二段23號11,12樓"
集美診所,三重區,新北市三重區集美街一七四號之一
敦和診所,三重區,新北市三重區三和路四段362號1樓、2樓
德慈聯合診所,三重區,新北市三重區重新路三段14號1．2．3樓
鄭智雄診所,三重區,新北市三重區三和路四段三０八號
陳銘賢診所,三重區,新北市三重區三和路二段57號1樓
正一耳鼻喉科診所,三重區,新北市三重區正義北路310之1號
梁耳鼻喉科診所,三重區,新北市三重區三和路四段３０２號
國嘉中醫診所,三重區,新北市三重區三光街3號1樓
莊牙醫診所,三重區,新北市三重區正義北路254號
宏仁醫院,三重區,新北市三重區水漾路一段一五八號
聖仁皮膚科診所,三重區,新北市三重區正義北路126號1樓及3樓、128號1樓及3樓
世鴻耳鼻喉科小兒科聯合診所,三重區,新北市三重區三和路四段三一八號一樓
寶華牙醫診所,三重區,新北市三重區三和路二段145號1樓
康倍耳鼻喉科診所,三重區,新北市三重區正義北路117號1樓
英仁牙醫診所,三重區,新北市三重區大同北路八十七號
傑出聯合牙醫診所,三重區,新北市三重區正義北路370號
新北市立聯合醫院,三重區,新北市三重區新北大道1段3號、3之1號
康新診所,三重區,新北市三重區正義北路185號1樓、2樓
合健診所,三重區,新北市三重區仁義街407號1、2樓
李祥德診所,三重區,新北市三重區三和路四段３９２號
德謙皮膚科診所,三重區,新北市三重區仁愛街517號1、2樓
活力復健診所,三重區,新北市三重區中正北路168號1樓、2樓，170號、172號、172-1號1樓
荷堤美學牙醫診所,三重區,新北市三重區捷運路30號1樓
興和牙醫診所,三重區,新北市三重區力行路一段二五一號
龍門牙醫診所,三重區,新北市三重區龍門路６７號
德儀皮膚專科診所,三重區,新北市三重區中正北路17號1樓
德心診所,三重區,新北市三重區力行路二段206號1、2、3樓
華品牙醫診所,三重區,新北市三重區捷運路22巷50號1樓
三重唯美醫美診所,三重區,新北市三重區重新路二段21號5樓
善慧堂中醫診所,三重區,新北市三重區三和路四段20巷10號1樓
福信牙醫診所,三重區,新北市三重區正義北路366號之3號1、2樓
達昇皮膚科診所,三重區,新北市三重區正義北路104號1樓、2樓
長榮牙醫診所,三重區,新北市三重區集美街156號1F
良安診所,三重區,新北市三重區重新路三段34號1、2樓
新視界診所,三重區,新北市三重區三民街257號1樓
洪小兒科診所,三重區,新北市三重區三民街２４３號
誌仁中醫診所,三重區,新北市三重區三和路四段136號
何合安中醫診所,三重區,新北市三重區忠孝路一段35號4樓之3
仁佳診所,三重區,新北市三重區正義北路30號1、2樓，30之1號1、2樓，32號1、2樓，32之1號1、2樓
江建中皮膚科診所,三重區,新北市三重區正義北路三０四號一樓
新生活復健科診所,三重區,新北市三重區重陽路二段65號1樓2樓3樓及67號1樓2樓3樓
長泰診所,三重區,新北市三重區長榮路2號2~6樓
采新婦幼診所,三重區,新北市三重區正義北路86號1-6樓
維德骨科診所,三重區,新北市三重區集美街3號1樓、7號1樓、重新路四段110號1、2、3、4樓
友祥外科診所,三重區,新北市三重區重陽路二段6號
惟新診所,三重區,新北市三重區五華街145號1樓
群和牙醫診所,三重區,新北市三重區仁愛街四九九號
大同中醫診所,三重區,新北市三重區重陽路三段5巷1號1樓
重陽牙醫診所,三重區,新北市三重區三民街６５－３號
奇美牙醫診所,三重區,新北市三重區集美街１１９號
遠傳牙醫診所,三重區,新北市三重區中正南路139號1、2樓
大愛眼科診所,三重區,新北市三重區正義北路201號（1、2樓）
慶長牙醫診所,三重區,新北市三重區正義北路２６５號
馬克牙醫診所,三重區,新北市三重區中央南路十二號一樓
崇愛牙醫診所,三重區,新北市三重區文化北路148號1樓
惟康中醫診所,三重區,新北市三重區長榮路8號1樓
長興中醫診所,三重區,新北市三重區溪尾街１８４號
醫道中醫診所,三重區,新北市三重區力行路二段165號1樓
張必正診所,三重區,新北市三重區重新路三段66號1樓
喜悅中醫診所,三重區,新北市三重區中正北路392號1樓
三重埔牙醫診所,三重區,新北市三重區福德北路33號
集勇復健科診所,三重區,新北市三重區集勇街60號、62號1樓
華健牙醫診所,三重區,新北市三重區仁愛街二七六號
九如聯合診所,三重區,新北市三重區仁愛街753號(1樓)
侯外科診所,三重區,新北市三重區三和路四段二六○號及二六四巷二弄二號
膚麗康診所,三重區,新北市三重區五華街128號1樓、2樓
杏華診所,三重區,新北市三重區自強路五段四號
金龍牙醫診所,三重區,新北市三重區中央南路十六號一樓
忠孝龍安中醫診所,三重區,新北市三重區忠孝路二段五十三號
保安堂中醫診所,三重區,新北市三重區正義北路四七.四九號一.二樓
祥寧中醫診所,永和區,新北市永和區中興街104號1-2樓及106號1-2樓
友友小兒科診所,永和區,新北市永和區竹林路一三三之一號
宜康牙醫診所,永和區,新北市永和區安樂路２８２號
祥同中醫診所,永和區,新北市永和區竹林路150號1、2樓及152號1、2樓
王新亞眼科診所,永和區,新北市永和區中正路81號1樓及79號2樓
保福牙醫診所,永和區,新北市永和區保福路一段４４號
蘇耳鼻喉科診所,永和區,新北市永和區永和路2段203號1樓、2樓
新維恩牙醫診所,永和區,新北市永和區民權路84號1、2樓
葉春風耳鼻喉科診所,永和區,新北市永和區中山路一段204號1樓
聯宏內科診所,永和區,新北市永和區保平路５０巷１號
成品牙醫診所,永和區,新北市永和區成功路二段88號1樓
術德中醫診所,永和區,新北市永和區民生路21號1樓
唯豋牙醫診所,永和區,新北市永和區福和路２７０號
頂溪耳鼻喉科診所,永和區,新北市永和區永和路二段139-1號1樓
惠恩診所,永和區,新北市永和區保安路77號1樓
永和澄杏中醫診所,永和區,新北市永和區仁愛路5號1樓
天佑眼科診所,永和區,新北市永和區福和路106號一樓
甘霖中醫診所,永和區,新北市永和區仁愛路289號1樓
永和明師中醫診所,永和區,新北市永和區永和路一段2號1樓、2樓、3樓之3、3樓之5、4樓、4樓之4
得和牙醫診所,永和區,新北市永和區得和路２４７號二樓
華賢牙醫診所,永和區,新北市永和區福和路98號1樓
蕙明眼科診所,永和區,新北市永和區得和路二三五號一樓
永和牙醫診所,永和區,新北市永和區永和路一段155之2號1、2樓
永漾恆美牙醫診所,永和區,新北市永和區中山路一段211-1號1樓、2樓及永貞路422號1樓、420號2樓
吳銅坤婦產科診所,永和區,新北市永和區中山路1段35號、31號2樓之1、31號3樓之1
秀和牙醫診所,永和區,新北市永和區永元路十號
竹琳牙醫診所,永和區,新北市永和區竹林路一二五號
黃柏榮耳鼻喉科診所,永和區,新北市永和區林森路４７號
逸全診所,永和區,新北市永和區中正路253號6樓、6樓之1、6樓之2、7樓、7樓之1、7樓之2
長欣診所,永和區,新北市永和區文化路78號1~2樓
福德中醫診所,永和區,新北市永和區仁愛路241號一樓、241號B1
文林診所,永和區,新北市永和區仁愛路15號1樓
永信皮膚科診所,永和區,新北市永和區中正路５５２號
匯豐牙醫診所,永和區,新北市永和區永元路91號1樓
臻觀中醫診所,永和區,新北市永和區永貞路8號1樓2樓
俊發中醫診所,永和區,新北市永和區復興街３１號
智光牙醫診所,永和區,新北市永和區中正路６０巷３號
誠新耳鼻喉科診所,永和區,新北市永和區永和路2段173號1、2樓
夏爾牙醫診所,永和區,新北市永和區得和路394號1、2樓
嘉康牙醫診所,永和區,新北市永和區仁愛路89號1樓、2樓
世芳復健科診所,永和區,新北市永和區中正路117號1、2樓
和信診所,永和區,新北市永和區秀朗二段９０號
慶星牙醫診所,永和區,新北市永和區成功路二段６２號
永馨復健診所,永和區,新北市永和區竹林路139號1、2、3、4樓及141號1、2、3樓
鍾婦產科診所,永和區,新北市永和區福和路84號1-2樓及86號1-3樓
進安牙醫診所,永和區,新北市永和區信義路25巷6號1樓
薛弘亮醫師診所,永和區,新北市永和區信義路122號1樓
艾莘牙醫診所,永和區,新北市永和區福和路171號1、2樓
信心診所,永和區,新北市永和區仁愛路108號1樓
星幸福美學診所,永和區,新北市永和區福和路84號1-2樓及86號1-3樓
心晴診所,永和區,新北市永和區竹林路27號1樓
永安艾美牙醫診所,永和區,新北市永和區中和路395號1、2樓
佳永診所,永和區,新北市永和區中山路一段213號2樓及2樓之1
杏日診所,永和區,新北市永和區中正路111號1、2樓
頂溪紫陽復健科診所,永和區,新北市永和區中正路746號2樓
德謙耳鼻喉科診所,永和區,新北市永和區竹林路216號1樓
中永和身心精神科診所,永和區,新北市永和區中正路558號1、2樓
順誠耳鼻喉科診所,永和區,新北市永和區中正路75號1樓
逸原診所,永和區,新北市永和區永和路1段69號1樓、2樓
博愛婦產科診所,永和區,新北市永和區光復街15號1樓
清池牙醫診所,永和區,新北市永和區福和路272號1、2樓
旭恩小兒科診所,永和區,新北市永和區中山路一段172號1樓
醫憲診所,永和區,新北市永和區中山路一段259號1樓、2樓
采豐牙醫診所,永和區,新北市永和區得和路417號1樓
奧蕾莉美學診所,永和區,新北市永和區福和路149號2樓
尊榮牙醫診所,永和區,新北市永和區中和路541號1、2樓
保仁牙醫診所,永和區,新北市永和區保福路二段101號1樓
樂源中醫診所,永和區,新北市永和區中正路155號1樓、2樓
宜庭中醫診所,永和區,新北市永和區永貞路439號1樓
福和診所,永和區,新北市永和區福和路192號1樓
齊美牙醫診所,永和區,新北市永和區中正路742號1樓
悅腎診所,永和區,新北市永和區竹林路33號3樓
雙和聚英視光眼科診所,永和區,新北市永和區安樂路242號2樓
陽光燦亮診所,永和區,新北市永和區中和路431號2樓
明洞美學診所,永和區,"新北市永和區得和路273號6樓,6樓之1,6樓之3"
頤康診所,永和區,新北市永和區中和路581號1、2、3、4樓
京日牙醫診所,永和區,新北市永和區永元路87號1樓
恆新復健科診所,永和區,新北市永和區福和路378號1、2、3、4樓
仲信診所,永和區,新北市永和區福和路268號1樓
嘉祐牙醫診所,永和區,新北市永和區得和路227號1樓
永和好幸福泌尿科診所,永和區,新北市永和區中正路133號1-2樓
頂和骨科診所,永和區,"新北市永和區中山路一段130號(1樓,2樓)"
健祐中醫診所,永和區,新北市永和區竹林路173號(1樓)
四季和悅婦產科診所,永和區,"新北市永和區中和路377號1樓,2樓"
承安內科診所,永和區,新北市永和區自由街64號2樓
博誠牙醫診所,永和區,新北市永和區中正路417號1、2樓
懿麟診所,永和區,新北市永和區民生路29號1樓及31號1樓
得揚診所,永和區,新北市永和區得和路421號1樓、2樓
靖林中醫診所,永和區,新北市永和區中正路718號1樓
仁艾牙醫診所,永和區,新北市永和區仁愛路310號1、2樓
欣品牙醫診所,永和區,新北市永和區中正路494號1、2樓
有明中醫診所,永和區,新北市永和區保安路153號1樓
和順診所,永和區,新北市永和區竹林路123號1樓
夏爾秀朗牙醫診所,永和區,新北市永和區得和路394號1、2樓
康馨牙醫診所,永和區,新北市永和區中正路171號1樓、2樓
白光牙醫診所,永和區,新北市永和區永和路二段185號2樓
博誠美學牙醫診所,永和區,新北市永和區中正路409號2樓及411、413號1、2樓
永和醫憲診所,永和區,新北市永和區中正路134號(1、2樓)
一日誠臻牙醫診所,永和區,新北市永和區竹林路43號1樓
元化中醫診所,永和區,新北市永和區信義路109號1樓
星澄牙醫診所,永和區,新北市永和區中正路560號1樓及2樓
郁遠牙醫診所,永和區,新北市永和區保安路154號1樓
洪碩壎小兒科診所,永和區,新北市永和區中正路157號1樓
得安診所,永和區,新北市永和區永貞路240號1-2樓
益康診所,永和區,新北市永和區中正路455號9樓
瑞樺牙醫診所,永和區,新北市永和區中正路三十五號一樓二樓
旭光美學牙醫診所,永和區,新北市永和區永和路二段242號1、2樓
潔登牙醫診所,永和區,新北市永和區林森路87號1樓
群麗診所,永和區,新北市永和區中山路一段190號1樓
群英皮膚科整形外科診所,永和區,新北市永和區中正路746號5樓
惠生聯合診所,永和區,新北市永和區竹林路１３號1、2樓
宏康牙醫診所,永和區,新北市永和區保平路一九０號
光晴復健科診所,永和區,新北市永和區得和路110號1樓、地下1樓
吉安小兒科診所,永和區,新北市永和區中正路１２號
蕭正貴小兒科家庭醫學科診所,永和區,新北市永和區得和路１９８號
李廣德眼科診所,永和區,新北市永和區中正路643號1樓及647號2樓
陳宏銘婦產科診所,永和區,新北市永和區竹林路１０號
竹林皮膚科診所,永和區,新北市永和區竹林路１１２號之４
雙和診所,永和區,新北市永和區中正路284號1樓
明心診所,永和區,新北市永和區中正路748號1樓
芳瑞皮膚科診所,永和區,新北市永和區永和路2段46號1-3樓
幸鼎牙醫診所,永和區,新北市永和區永貞路173號1樓
豐富牙醫診所,永和區,新北市永和區中山路1段261號1、2樓
德上診所,永和區,新北市永和區中正路106號1-3樓
戴良恭診所,永和區,新北市永和區中正路二三七號
天主教耕莘醫療財團法人永和耕莘醫院,永和區,新北市永和區中興街80號地下1樓至地上6樓及國光路123號地下3樓至地上11樓
上立皮膚科診所,永和區,新北市永和區中山路一段75號1、2樓
劉宗健小兒科診所,永和區,新北市永和區得和路347號
曾眼科診所,永和區,新北市永和區福和路２４２號
柯景馨診所,永和區,新北市永和區得和路307號1樓
趙英進診所,永和區,新北市永和區中正路584號
吳宗坡耳鼻喉科診所,永和區,新北市永和區得和路三八一號
崇恩診所,永和區,新北市永和區成功路二段一三三號一樓、135號2樓、129巷2號2樓之1、之2
新北市永和區衛生所,永和區,新北市永和區秀朗路一段137號1、2、3樓
康承牙醫診所,永和區,新北市永和區永元路48號1樓
丰荷牙醫診所,永和區,新北市永和區保平路236巷15弄2號1樓
蔡正平耳鼻喉科聯合診所,永和區,新北市永和區得和路２４５號一Ｆ
郭烽裕診所,永和區,新北市永和區永貞路三三九號一樓
泰祥婦產科診所,永和區,新北市永和區中和路337號、337-1號、337號2樓、337號2樓之1
先進牙醫診所,永和區,新北市永和區中和路四０七號一樓二樓
卓越牙醫診所,永和區,新北市永和區仁愛路264號
美讓牙醫診所,永和區,新北市永和區得和路９０號1樓
仁德牙醫診所,永和區,新北市永和區中正路７6號1樓
文華牙醫診所,永和區,新北市永和區文化路118號
國良牙醫診所,永和區,新北市永和區中正路２７７號
永信牙醫診所,永和區,新北市永和區信義路114號1樓
聖元中醫診所,永和區,新北市永和區中山路1段168號1樓
聖昇中醫診所,永和區,新北市永和區中正路一０九號一、二樓
椰林牙醫診所,永和區,新北市永和區中山路1段170號1樓
永愛診所,永和區,新北市永和區永平路282之1號1樓及286之1號2樓
芝妍皮膚專科診所,永和區,新北市永和區竹林路169號1、2樓
名陽牙醫診所,永和區,新北市永和區竹林路191巷4號(1樓)
崇愛中醫聯合診所,永和區,新北市永和區中山路一段一０一號一樓
得翔牙醫診所,永和區,新北市永和區民生路１９號
永平身心診所,永和區,新北市永和區中山路1段174號1樓
群英牙醫診所,永和區,新北市永和區福和路101號1樓
樂華診所,永和區,新北市永和區中正路632號1樓
彭程毅診所,永和區,新北市永和區中正路516號1、2樓
柏安診所,永和區,新北市永和區福和路135號1樓
順和堂中醫診所,永和區,新北市永和區得和路342號1樓
黃賜濱皮膚科診所,永和區,新北市永和區永元路116號1樓
佑達骨科診所,永和區,新北市永和區中正路296號1、2、3樓
美麗永安牙醫診所,永和區,新北市永和區中和路517號1、2樓
從容中醫診所,永和區,新北市永和區中山路1段202號1樓
姚仁青診所,永和區,新北市永和區永貞路418號1樓及2樓-1
御生婦幼診所,永和區,新北市永和區中山路1段277號1、2樓及275號2、3樓、269號2樓、271號2樓、273號2樓。
景愛復健診所,永和區,新北市永和區中正路46號1、2、3、4樓
榛品牙醫診所,永和區,新北市永和區永利路98號1樓及1樓夾層
晶耀眼科診所,永和區,新北市永和區中正路332號1、2樓
永悅牙醫診所,永和區,新北市永和區信義路77號1、2樓
永和復康醫院,永和區,新北市永和區中和路575、577、579號1至4樓
進昌中醫診所,永和區,新北市永和區仁愛路50號1樓、50之1號1樓
星孕國際診所,永和區,新北市永和區福和路94號3樓、96號3樓
博祥牙醫診所,永和區,新北市永和區得和路51號1樓
永樂中醫診所,永和區,新北市永和區中山路一段14號
仁美牙醫診所,永和區,新北市永和區中山路1段162號1樓
合元中醫診所,永和區,新北市永和區民權路８號
利源中醫診所,永和區,新北市永和區竹林路179巷1號1樓
華興中醫診所,永和區,新北市永和區成功路二段９０號
明仁中醫診所,永和區,新北市永和區永貞路350號1樓
永和易元堂中醫診所,永和區,新北市永和區中正路62號1、2樓
上林牙醫診所,永和區,新北市永和區林森路１０１巷１０號
清華中醫診所,永和區,新北市永和區永元路八十九號
華信中醫診所,永和區,新北市永和區保平路246號1樓
新和牙醫診所,永和區,新北市永和區永貞路342號1樓
東捷牙醫診所,永和區,新北市永和區中正路６３０號
蕙齡牙醫診所,永和區,新北市永和區永貞路七號
遠丁牙醫診所,永和區,新北市永和區竹林路一七六號二樓
永和嘉仁牙醫診所,永和區,新北市永和區竹林路91巷6號1樓
歐首牙醫診所,永和區,新北市永和區中正路三三四號一樓二樓
慶齡牙醫診所,永和區,新北市永和區安樂路２３８號
博新牙醫診所,永和區,新北市永和區中正路三六０號
誼安牙醫診所,永和區,新北市永和區中正路28號1.2樓
小木屋牙醫聯合診所,永和區,新北市永和區保生路二十二巷八號一樓
光泰牙醫診所,永和區,新北市永和區中正路５４號
王宏仁牙醫診所,永和區,新北市永和區竹林路１７９巷１１號
泰安牙醫診所,永和區,新北市永和區中正路三一六號
崇恩牙醫診所,永和區,新北市永和區文化路７９號
鴻林牙醫診所,永和區,新北市永和區國光路１５號
荷風牙醫診所,永和區,新北市永和區竹林路171號1、2樓
維康牙醫診所,永和區,新北市永和區中正路174號1~3樓
貝瑞牙醫診所,永和區,新北市永和區得和路213號1樓及215號1樓
昱雅牙醫診所,永和區,新北市永和區中正路487號1樓2樓
頂真牙醫診所,永和區,新北市永和區永和路二段224號1樓、226號1樓
世樺牙醫診所,永和區,新北市永和區永和路一段154號1樓、2樓及156號1樓、2樓
維恆牙醫診所,永和區,新北市永和區永和路一段108號1、2樓
御登牙醫診所,永和區,新北市永和區福和路316號
仁仁牙醫診所,永和區,新北市永和區福和路208號1樓
啟隆牙醫診所,永和區,新北市永和區文化路５０號
惠忠牙醫診所,永和區,新北市永和區中正路１２１號
名德牙醫診所,永和區,新北市永和區中和路３１１號
永慶牙醫診所,永和區,新北市永和區竹林路１5號一樓
群芳牙醫診所,永和區,新北市永和區仁愛路１１３號
漢聲牙醫診所,永和區,新北市永和區中正路545號一樓547一樓二樓
民生張牙醫診所,永和區,新北市永和區得和路４１５號
王威鈞婦產科診所,永和區,新北市永和區福和路197號1、2樓
林俊銘皮膚科診所,永和區,新北市永和區中正路326號1.2樓
蔡天惠婦產科診所,永和區,新北市永和區福和路387號
和安耳鼻喉科診所,永和區,新北市永和區中和路525號1樓
銘亮診所,永和區,新北市永和區中正路三七六號
王杰凱小兒科診所,永和區,新北市永和區得和路275號1-2樓
呂適存小兒科診所,永和區,新北市永和區竹林路51號1樓
陳旦陽耳鼻喉科診所,永和區,新北市永和區中正路五五一號
吳志仁診所,永和區,新北市永和區仁愛路一四七號一樓
健新耳鼻喉科診所,永和區,新北市永和區永貞路二九七號
愛兒小兒科診所,永和區,新北市永和區福和路１９９號
黃濂輝診所,永和區,新北市永和區成功路二段一零五號
博群復健診所,永和區,新北市永和區中正路372號1、2樓
博新小兒科家庭醫學科診所,永和區,新北市永和區仁愛路２４號1樓
謝璧光小兒科診所,永和區,新北市永和區竹林路八十一號一樓
大仁耳鼻喉科診所,永和區,新北市永和區福和路96號1樓
賀自立耳鼻喉科診所,永和區,新北市永和區中正路45號
曾怡仁診所,永和區,新北市永和區得和路３４０號
謝政璋皮膚科診所,永和區,新北市永和區福和路256號1、2、3樓及256-1號1樓
黃榮泰診所,永和區,新北市永和區竹林路６７巷１０號
清池診所,永和區,新北市永和區永利路122號
林揚內科診所,永和區,新北市永和區福和路227號1樓
章志平小兒科診所,永和區,新北市永和區福和路一九五號
蔡維中眼科診所,永和區,新北市永和區民權路三十號
喜田牙醫診所,永和區,新北市永和區中正路491號1樓
鍾山牙醫診所,永和區,新北市永和區仁愛路10號1樓
明献診所,永和區,新北市永和區民生路１４號
永和大學眼科診所,永和區,新北市永和區永和路2段235-1號1樓及地下1樓
悅滿意復健專科診所,永和區,新北市永和區仁愛路127號1、2樓129號1樓
禾丰牙醫診所,永和區,新北市永和區林森路74號1、2樓
永和開心診所,永和區,新北市永和區永貞路153號1樓
雷鳴牙醫診所,永和區,新北市永和區智光街116號1樓及2樓
光耀牙醫診所,永和區,新北市永和區秀朗路一段178號
冠宏骨科診所,永和區,新北市永和區福和路246、248、250、252號1樓
辰翰牙醫診所,永和區,新北市永和區中山路一段190號4樓及192號4樓
德美診所,永和區,新北市永和區中正路455-1號
新時代中醫診所,永和區,新北市永和區林森路１０４號
泰華內科針炙科中醫診所,永和區,新北市永和區保平路１２１號
歐仕美牙醫診所,永和區,新北市永和區中山路一段7號2樓
安潔牙醫診所,永和區,新北市永和區大新街14號1樓
佑憲中醫診所,永和區,新北市永和區得和路119號1樓
高健診所,永和區,新北市永和區得和路219號1樓
李一宏中醫診所,永和區,新北市永和區永和路1段2號1樓、2樓、3樓之3、3樓之5、4樓、4樓之4
楊安診所,永和區,新北市永和區仁愛路303號1樓
永和健生堂中醫診所,永和區,新北市永和區仁愛路218號1樓
洪源裕小兒科診所,永和區,新北市永和區竹林路181號1、2樓
晉安牙醫診所,永和區,新北市永和區永和路一段８號１、２樓
加恩美學牙醫診所,永和區,新北市永和區得和路115號1樓及117號1樓
葉牙醫診所,永和區,新北市永和區永利路１２號
劉志明骨科診所,永和區,新北市永和區自由街2號1樓
永和雅德思牙醫診所,永和區,新北市永和區自由街49號1樓、2樓
康福中醫診所,永和區,新北市永和區中正路 478號一樓二樓
定安皮膚科診所,永和區,新北市永和區福和路九十九號
妙華中醫診所,永和區,新北市永和區中和路429號5樓
泉安堂中醫診所,永和區,新北市永和區竹林路4號1樓及地下1層
美仁欣診所,永和區,新北市永和區永和路2段194號1、2、3樓
胡淑晶皮膚科診所,永和區,新北市永和區得和路二四九之三號
藝群永和診所,永和區,新北市永和區中山路一段142號1樓
愛爾麗診所,永和區,新北市永和區永和路2段59號1樓
懷源牙醫診所,永和區,新北市永和區永貞路二０八號
晉康診所,永和區,新北市永和區中正路455號9樓之1
世峰中醫診所,永和區,新北市永和區豫溪街50號1樓
唐小兒科診所,永和區,新北市永和區中正路４３６號１．２樓４３８號１．２樓
玉齡牙醫診所,永和區,新北市永和區得和路一八六號二樓
黎新彬診所,永和區,新北市永和區永貞路15號1樓
王英傑小兒科診所,永和區,新北市永和區中山路1段158號1樓
簡單美形診所,永和區,新北市永和區永和路二段98號3樓、100號3樓
獻寶中醫診所,永和區,新北市永和區福和路三六二號
秀朗中醫診所,永和區,新北市永和區民權路二四號
弘泰診所,永和區,新北市永和區中正路258號1-3樓
光田牙醫診所,永和區,新北市永和區文化路３７號
杏福診所,永和區,新北市永和區得和路289號1樓
如意牙醫診所,永和區,新北市永和區永和路2段174號2樓
博宏眼科診所,永和區,新北市永和區中正路514號1樓、2樓
博世牙醫診所,永和區,新北市永和區永利路150號1樓、152號1樓
悅生婦產科診所,永和區,新北市永和區中正路四五五號二樓
瓔美牙醫診所,永和區,新北市永和區林森路105號1樓
蕭佩宏小兒科診所,永和區,新北市永和區福和路258號
康源中醫診所,永和區,新北市永和區得和路３５１號
永豐中醫診所,永和區,新北市永和區永平路１４６號
祺元堂中醫診所,永和區,新北市永和區竹林路71-1號1樓
永漾美學牙醫診所,永和區,新北市永和區永貞路422號1樓、420號2樓及中山路一段211-1號1、2樓
張婦產科診所,永和區,新北市永和區中正路123號1、2樓
光毅牙醫診所,永和區,新北市永和區仁愛路180號1樓
永和原力復健科診所,永和區,新北市永和區得和路160號1樓(含地下一層)、162號2樓之1
竹林堂中醫診所,永和區,新北市永和區永和路二段２４９號
竹安堂中醫診所,永和區,新北市永和區永亨路７號
上海堂中醫診所,永和區,新北市永和區永貞路２１８號
黃呈鵬小兒科診所,中和區,新北市中和區興南路一段124號1樓
華漢中醫診所,中和區,新北市中和區中和路４４８號〈第一層〉
德泰診所,中和區,新北市中和區泰和街48號1樓及2樓
陽明微笑牙醫診所,中和區,新北市中和區中和路１１６號
宜生診所,中和區,新北市中和區自立路121號1樓
宏軒牙醫診所,中和區,新北市中和區南山路一七四之一號一樓
穗安復健科診所,中和區,新北市中和區民樂路36號1樓
徐錦堂牙醫診所,中和區,新北市中和區中山路二段203號1樓、2樓
嘉櫻診所,中和區,新北市中和區連城路348號1樓
璟安牙醫診所,中和區,新北市中和區景平路658號1樓、2樓
佳和診所,中和區,新北市中和區光華街七號一樓
景心牙醫診所,中和區,新北市中和區景安路138號1樓、2樓、3樓
漳怡內科診所,中和區,新北市中和區中和路59號3樓及59號3樓之2
培敦中醫診所,中和區,新北市中和區員山路168號1樓
醫品診所,中和區,新北市中和區建一路136之1號（1樓）
力康骨科診所,中和區,新北市中和區連城路10號1樓、中山路二段211號2樓及2樓之1
建隆牙醫診所,中和區,新北市中和區中山路三段152號
中和仁安診所,中和區,新北市中和區自強路五十八號
秀景中醫診所,中和區,新北市中和區成功路105號1樓
昱軒牙醫診所,中和區,新北市中和區南華路四十五號
長安堂中醫診所,中和區,新北市中和區景平路４８７號
誠美牙醫診所,中和區,新北市中和區景平路一六二號一.二樓
正倫診所,中和區,新北市中和區華新街176號1樓
宣景中醫診所,中和區,新北市中和區自立路7號1樓
聖雅諾美學診所,中和區,新北市中和區員山路591號1樓
翰霖耳鼻喉科診所,中和區,新北市中和區景安路202號1樓
民樂耳鼻喉科診所,中和區,新北市中和區民樂路２８號
嘉美牙醫診所,中和區,新北市中和區安邦街91號1樓
中和明師中醫診所,中和區,新北市中和區景平路４９７號１樓、４９９號１樓、４９９-１號〈２樓〉
中和保源中醫診所,中和區,新北市中和區中和路58號1樓
上允耳鼻喉科診所,中和區,新北市中和區景平路一六０號
文心牙醫診所,中和區,新北市中和區中和路四五０號
修德牙醫診所,中和區,新北市中和區錦和路一六八號
捷安診所,中和區,新北市中和區中和路456號1樓、2樓
張榮欽診所,中和區,新北市中和區景新街445號1樓
南方復健科診所,中和區,新北市中和區和平街5-2號1、2樓及7號1、2樓
佳新小兒科診所,中和區,新北市中和區大勇街23號1樓
陳南中醫診所,中和區,新北市中和區民享街５８－１號
錦和牙醫診所,中和區,新北市中和區圓通路２４０之１號
佑欣診所,中和區,新北市中和區興南路一段９０號１樓
朋詡牙醫診所,中和區,新北市中和區中山路二段２４４號
凱程診所,中和區,新北市中和區員山路150之8號1樓
願行中醫診所,中和區,新北市中和區華福街64號1樓
宋家牙醫診所,中和區,新北市中和區中山路二段二二一號一樓
福和身心診所,中和區,新北市中和區中和路428號1樓
瑞光牙醫診所,中和區,新北市中和區中興街１３４號１樓
進安中醫診所,中和區,新北市中和區保平路356號、358號1樓
快樂小兒科診所,中和區,新北市中和區景安路215號1樓
瑞星牙醫診所,中和區,新北市中和區安邦街130號1樓、132號2樓
天安中醫診所,中和區,新北市中和區景平路225號1樓
永欣中醫診所,中和區,新北市中和區連城路89巷7之1號1樓
中和容光皮膚專科診所,中和區,"新北市中和區景新街452號(1,2樓)"
承光中醫診所,中和區,新北市中和區南華路41號1、2樓
佳美牙醫診所,中和區,新北市中和區員山路299號1樓、2樓
世安中醫診所,中和區,新北市中和區新生街3號1樓
米雅美學牙醫診所,中和區,新北市中和區興南路一段23號1樓、2樓
行願中醫診所,中和區,新北市中和區連城路23巷12號1樓
曜新牙醫診所,中和區,新北市中和區景新街308號1樓
雅文皮膚科診所,中和區,新北市中和區中山路三段129號1至2樓
晟新診所,中和區,新北市中和區景平路488號5樓
漾潔牙醫診所,中和區,新北市中和區中和路314號1至2樓
新生堂中醫診所,中和區,新北市中和區新生街142號1樓
王曜庭診所,中和區,新北市中和區景安路29號1樓
明芯中醫診所,中和區,新北市中和區景平路561號1樓
中和班廷謝安慈診所,中和區,新北市中和區中山路二段208號2樓及210號1樓、2樓
新福星診所,中和區,新北市中和區中正路778之1號1樓及780之1號1樓
愛麗絲美學診所,中和區,新北市中和區景安路33號1樓及夾層
昌惟骨科診所,中和區,新北市中和區中和路170號1樓
祥齡牙醫診所,中和區,新北市中和區中山路三段204號1樓
辛中醫診所,中和區,新北市中和區宜安路118巷10號（1樓及夾層）、12號（1樓及夾層）
安和復健科診所,中和區,新北市中和區安和路167號1、2樓
秀恩美學牙醫診所,中和區,新北市中和區自立路25號1至2樓
辰星皮膚專科診所,中和區,新北市中和區景安路117號1、2樓
安祐診所,中和區,新北市中和區景新街401號1樓、2樓
聖心診所,中和區,新北市中和區連勝街33號1樓
健和診所,中和區,新北市中和區景新街401號1樓、2樓
采風美學診所,中和區,新北市中和區景平路383之5號1樓
守遠牙醫診所,中和區,新北市中和區安平路15號1樓
康陽診所,中和區,新北市中和區莒光路78號1樓
禾家牙醫診所,中和區,新北市中和區連城路261之4號1樓
日安牙醫診所,中和區,新北市中和區安平路210號1樓及212號1樓、2樓
臻美牙醫診所,中和區,新北市中和區連城路471號1、2、3樓
臻星美學牙醫診所,中和區,新北市中和區中山路三段163號1樓
李凱國皮膚科診所,中和區,新北市中和區興南路一段146號1樓、2樓
涵妍美學診所,中和區,新北市中和區連城路75巷2之1號1樓
全裕診所,中和區,新北市中和區中和路294號1、2樓
心俞堂中醫診所,中和區,新北市中和區景新街330號1樓
詠恩美學牙醫診所,中和區,新北市中和區中安街94號1樓及夾層
逸心堂中醫診所,中和區,新北市中和區中原街166號1樓及168號1樓
東陽牙醫診所,中和區,新北市中和區中和路440號1樓、2樓
均媄診所,中和區,新北市中和區景安路130號1、2樓
永育醫療南勢角診所,中和區,新北市中和區仁愛街128號1樓
一成牙醫診所,中和區,新北市中和區中和路67號1樓
建良耳鼻喉科診所,中和區,新北市中和區景新街465號1、2樓
合慶診所,中和區,新北市中和區中正路705號(1樓)及707號(1樓)
晶漾牙醫診所,中和區,新北市中和區南華路67之1號1樓及1樓夾層
張偉哲眼科診所,中和區,新北市中和區圓通路三七號一.二樓
沐德牙醫診所,中和區,新北市中和區壽德街18號(1樓)
精湛眼科診所,中和區,新北市中和區景新街450號(1、2樓）
皇秦診所,中和區,新北市中和區中山路三段39之1號1樓
德綸牙醫診所,中和區,新北市中和區中安街98號1樓
中和双眼明眼科診所,中和區,新北市中和區興南路二段31巷6號1樓
頌和中醫診所,中和區,新北市中和區景平路656號1樓至2樓
源泰診所,中和區,新北市中和區員山路183號1樓
嘉穗診所,中和區,新北市中和區員山路146之2號1樓
宜宏泌尿科內科診所,中和區,新北市中和區宜安路54號1樓
琇品牙醫診所,中和區,新北市中和區捷運路89號1樓、91號1樓、93號1樓
辰安耳鼻喉科診所,中和區,新北市中和區員山路317號1樓
永安眼科診所,中和區,新北市中和區宜安路129號1樓
尚明眼科診所,中和區,新北市中和區復興路260號1樓
榮生診所,中和區,新北市中和區莊敬路１５號
雋恩中醫診所,中和區,新北市中和區景德街30號
華泰牙醫診所,中和區,新北市中和區保健路２３號
家安診所,中和區,新北市中和區中山路二段２４８號
景新診所,中和區,新北市中和區景新街399巷10弄2號1樓
康泉中醫診所,中和區,新北市中和區新興街６巷７號１樓
孫國勝外科診所,中和區,新北市中和區景平路七二六號之四
澤生診所,中和區,新北市中和區民德路６３號
正生婦幼聯合診所,中和區,新北市中和區中正路122號1、2樓
十全外婦產科診所,中和區,新北市中和區景新街４１３號
張維發診所,中和區,新北市中和區華新街２６號
吳嘉生診所,中和區,新北市中和區中和路190號1樓至3樓
祐嘉骨科診所,中和區,新北市中和區南華路22號1樓
安平家診所,中和區,新北市中和區安平路８９號１、２樓
中和大元牙醫診所,中和區,新北市中和區中和路二五四號一．二樓
采石牙醫診所,中和區,新北市中和區中安街六號一.二樓
向日葵牙醫診所,中和區,新北市中和區中和路328號1、2樓
永立牙醫診所,中和區,新北市中和區立人街２３號１、２樓
賴凱新診所,中和區,新北市中和區中山路二段１０２號１樓
王伯涵皮膚科診所,中和區,新北市中和區宜安路131號1、2樓
培真中醫診所,中和區,新北市中和區新生街二二０巷五號
東大牙醫診所,中和區,新北市中和區忠孝街126之1號1樓
吉仁牙醫診所,中和區,新北市中和區民德路１３４號
劍橋診所,中和區,新北市中和區建一路150號9樓之4
景揚牙醫診所,中和區,新北市中和區宜安路１２３號１、２樓
康乃馨中醫診所,中和區,新北市中和區中正路137號1樓
清成牙醫診所,中和區,新北市中和區民享街８６巷２２號
中和牙醫診所,中和區,新北市中和區中和路219號1樓
名人牙醫診所,中和區,新北市中和區民享街５８號
美安牙醫診所,中和區,新北市中和區興南路一段１５８號
常榮中醫診所,中和區,新北市中和區莒光路2號（1樓）、2之1號（2樓）、4號（1樓）及4之1號（2樓）
中和重慶耳鼻喉科診所,中和區,新北市中和區中和路127號1、2樓
晶璽牙醫診所,中和區,新北市中和區景安路69號1樓. 2樓
陳承吉中醫診所,中和區,新北市中和區安平路１０６號１樓
佳南診所,中和區,新北市中和區景新街431號1、2樓
寰康復健診所,中和區,新北市中和區中安街104號1樓
延生診所,中和區,新北市中和區成功路15號1樓
龍恩中醫診所,中和區,新北市中和區和平街11號1、2樓
橋和皮膚專科診所,中和區,新北市中和區漢生東路362號1樓、2樓
里安眼科診所,中和區,新北市中和區員山路271之1號1樓及2樓
余泰昌小兒科診所,中和區,新北市中和區宜安路１３４-１號１樓
耕德中醫診所,中和區,新北市中和區景安路239號1樓
詠安耳鼻喉科診所,中和區,新北市中和區中和路400巷12弄2號1樓
湛美牙醫診所,中和區,新北市中和區宜安路98號1樓、2樓
明煜牙醫診所,中和區,新北市中和區景安路138號1樓、2樓、3樓
大興耳鼻喉科診所,中和區,新北市中和區興南路一段91號1樓
揚銘中醫診所,中和區,新北市中和區圓通路234號1樓
杏嘉診所,中和區,新北市中和區中和路253號1樓
真品堂中醫診所,中和區,新北市中和區景平路61-8號1樓
澄品中醫診所,中和區,新北市中和區泰和街2號1樓、2樓
正宏堂中醫診所,中和區,新北市中和區宜安路140號1樓
微星科技股份有限公司附設醫務室,中和區,新北市中和區板南路488號6樓
維登診所,中和區,新北市中和區景安路194號1樓
雄鶴診所,中和區,新北市中和區漢生東路360號1樓、2樓、3樓
連城實和復健診所,中和區,新北市中和區連城路168號1樓
鈦和牙醫診所,中和區,新北市中和區建康路156號2樓及158號2樓
晶樣診所,中和區,新北市中和區景平路510號1、2樓
立安中醫診所,中和區,新北市中和區興南路一段119號1樓
佳欣牙醫診所,中和區,新北市中和區建一路148號2樓
光點眼科診所,中和區,新北市中和區景安路88號1樓及88之1號（2樓）
馨悅牙醫診所,中和區,新北市中和區員山路398號1樓
景安現代中醫診所,中和區,新北市中和區景平路558號1樓
永貞明師中醫診所,中和區,新北市中和區永貞路292號1樓、2樓、地下1樓
精誠中醫診所,中和區,新北市中和區中和路324巷3弄5號1樓
齊心牙醫診所,中和區,新北市中和區中正路730之1號1樓
佑林診所,中和區,新北市中和區中山路3段69號1樓
中和興南大學眼科診所,中和區,新北市中和區安樂路3號1樓、5號1樓、5號2樓
康博中醫診所,中和區,新北市中和區新生街283號1樓
朝安診所,中和區,新北市中和區南山路27之1號(1樓及夾層)
大中和牙醫診所,中和區,新北市中和區中山路二段六十號一樓
三民牙醫診所,中和區,新北市中和區景新街３９９巷４號、６號１樓
如美牙醫診所,中和區,新北市中和區員山路１３０號
新格牙醫診所,中和區,新北市中和區自立路１８１號
中和林牙醫診所,中和區,新北市中和區興南路一段７４－１號
景新牙醫診所,中和區,新北市中和區景新街４５１號
唯安診所,中和區,新北市中和區景新街四五五號一.二樓
王俊傑診所,中和區,新北市中和區中安街8號
莊福仁內科診所,中和區,新北市中和區興南路一段142-6號
民治診所,中和區,新北市中和區中山路三段156號1樓
中和大愛眼科診所,中和區,新北市中和區景新街410巷2號1、2樓
育晨診所,中和區,新北市中和區自立路37號1樓
郭長堺診所,中和區,新北市中和區中山路二段二六八號
優寶婦產科診所,中和區,新北市中和區華新街二十二號
盧建宏耳鼻喉科診所,中和區,新北市中和區宜安路151號
王家醫科診所,中和區,新北市中和區安平路一五七號
欣禾診所,中和區,新北市中和區景平路414號1至3樓及416號1至3樓
馮泰龍小兒科診所,中和區,新北市中和區南華路二一號
華欣診所,中和區,新北市中和區華新街70號1樓
信望愛眼科診所,中和區,新北市中和區中和路468號1、2樓
良佳診所,中和區,新北市中和區中正路632號 1樓
益德診所,中和區,新北市中和區忠孝街七十五號一樓
好家人診所,中和區,新北市中和區中正路661號1樓
友善宜安診所,中和區,新北市中和區保健路73巷7號1樓
創悅皮膚科診所,中和區,新北市中和區永貞路231號(1樓)
陸義發耳鼻喉科診所,中和區,新北市中和區興南路一段三八號
顏耳鼻喉科診所,中和區,新北市中和區員山路１８４號
白家聲診所,中和區,新北市中和區中山路二段６８號
西華診所,中和區,新北市中和區圓通路293之2號1樓、2樓
德祐診所,中和區,新北市中和區興南路２段３４巷１號１樓
永康診所,中和區,新北市中和區復興路２９０號
景民診所,中和區,新北市中和區景平路一六四號
合吉婦產科診所,中和區,新北市中和區景新街403號1、2樓
吳家裕耳鼻喉科診所,中和區,新北市中和區德光路一三三號
雙怡診所,中和區,新北市中和區華新街四十九號
晟恩診所,中和區,新北市中和區宜安路一二○號
慧禮診所,中和區,新北市中和區自立路159號1樓
蔡佳璋婦產科診所,中和區,新北市中和區中山路三段152之1號1樓、2樓、3樓
賴俊元皮膚科診所,中和區,新北市中和區景新街453號
康萊診所,中和區,新北市中和區連城路３１７之２號
連城外科診所,中和區,新北市中和區景平路四六一號
戴廣懷小兒科診所,中和區,新北市中和區安樂路６６號
陳國璋小兒科診所,中和區,新北市中和區員山路２００號
謝俊民診所,中和區,新北市中和區莒光路９５號
日欣診所,中和區,新北市中和區南山路十五號
劉全能診所,中和區,新北市中和區中和路６６號1.2樓
蘇年興耳鼻喉科診所,中和區,新北市中和區景平路四二九之三號
亞都診所,中和區,新北市中和區連城路５號
冠明診所,中和區,新北市中和區員山路１6 6號
祥明診所,中和區,新北市中和區中和路171號1樓
東鴻牙醫診所,中和區,新北市中和區莒光路45號1、2樓
尚安診所,中和區,新北市中和區莒光路154號1樓
衛生福利部雙和醫院(委託臺北醫學大學興建經營),中和區,新北市中和區中正路291號醫療大樓地下2層至地上12層、中和區圓通路301號教學研究大樓及生醫科技大樓2幢
蕙生醫院,中和區,新北市中和區中山路二段551號地下一樓至地上一至六樓
宏泰診所,中和區,新北市中和區自立路135號1樓
南勢角德祐診所,中和區,新北市中和區興南路1段56巷1弄1號（1樓）
悠活牙醫診所,中和區,新北市中和區莒光路１５２-1號１樓
英生耳鼻喉科診所,中和區,新北市中和區景新街２７２號１F
陳高輝耳鼻喉科診所,中和區,新北市中和區景平路７２６－７號
明安堂中醫診所,中和區,新北市中和區和平街2巷2弄2號
中禾堂中醫診所,中和區,新北市中和區員山路１８７號１樓
寧靜海診所,中和區,新北市中和區永貞路２３９巷２０號１樓
宣達中醫診所,中和區,新北市中和區大勇街8號1樓
金群牙醫診所,中和區,新北市中和區景平路二四Ｏ巷二弄一號一樓
莊朝傑眼科診所,中和區,新北市中和區景平路511號1樓及2樓
廣祥診所,中和區,新北市中和區興南路２段２７號１樓後半部及２９號１、２樓
南勢角復健診所,中和區,新北市中和區景安路二０七號二樓
陳信吉耳鼻喉科診所,中和區,新北市中和區中和路二八一號
劉彭小兒科診所,中和區,新北市中和區中和路２７１號
美和診所,中和區,新北市中和區中山路3段19號1樓、2樓
健新診所,中和區,新北市中和區景新街338號5樓
坤暉小兒專科診所,中和區,新北市中和區中山路三段九十四號一樓
申一中醫診所,中和區,新北市中和區中山路三段3號及5號(1樓)
大眾中醫診所,中和區,新北市中和區員山路一七六號
景新中醫診所,中和區,新北市中和區景新街４４８號
元慶中醫診所,中和區,新北市中和區保健路２７之４號
漢唐中醫診所,中和區,新北市中和區捷運路125號1樓
宜佑中醫診所,中和區,新北市中和區莒光路一一三號一樓
詹錫彥中醫診所,中和區,新北市中和區宜安路159號
元真堂中醫診所,中和區,新北市中和區捷運路149號1樓
玖德中醫診所,中和區,新北市中和區景安路78-1.80號1樓
華星中醫診所,中和區,新北市中和區興南路一段１５１號
朝春中醫診所,中和區,新北市中和區景新街３８５－２號２Ｆ
三元中醫診所,中和區,新北市中和區中興街二０二巷十六之一號一樓
福星中醫診所,中和區,新北市中和區連城路３１６號
寶島中醫診所,中和區,新北市中和區景平路742號１樓
元隆堂中醫診所,中和區,新北市中和區宜安路一九號
國耀中醫診所,中和區,新北市中和區南山路一六六號
詠德中醫診所,中和區,新北市中和區中正路47號1樓
康橋牙醫診所,中和區,新北市中和區員山路四八五號一•二樓
哈佛牙醫診所,中和區,新北市中和區宜安路138號1樓
興南牙醫聯合診所,中和區,新北市中和區興南路一段６５號
榮華牙醫診所,中和區,新北市中和區員山路315號1樓
虹佳牙醫診所,中和區,新北市中和區員山路138號
全品牙醫診所,中和區,新北市中和區員山路一一二號
華新牙醫診所,中和區,新北市中和區華新街二十五號
潔生牙醫診所,中和區,新北市中和區景平路七四○號
菁英牙醫診所,中和區,新北市中和區景平路五二四號
邱牙醫診所,中和區,新北市中和區南山路十號
宏瑞牙醫診所,中和區,新北市中和區新生街205號1樓
禾欣牙醫診所,中和區,新北市中和區景平路一一六號一樓
怡翔牙醫診所,中和區,新北市中和區連城路十九號一樓
景安牙醫診所,中和區,新北市中和區中正路２４號１樓
榮祥牙醫診所,中和區,新北市中和區大勇街二五巷三八弄七號一樓
安平牙醫診所,中和區,新北市中和區安平路七十八號
柯牙醫診所,中和區,新北市中和區景安路78號1樓
佑康牙醫診所,中和區,新北市中和區興南路二段2號1樓
博雅牙醫診所,中和區,新北市中和區景安路206號1樓
祥和牙醫診所,中和區,新北市中和區民享街九十一之八號一樓
新雅牙醫診所,中和區,新北市中和區忠孝街９９號
福雅牙醫診所,中和區,新北市中和區興南路二段４４號
林承德牙醫診所,中和區,新北市中和區員山路２４４號
鴻宜牙醫診所,中和區,新北市中和區南山路１６０號
東和牙醫診所,中和區,新北市中和區中山路二段６６０號
慶恩牙醫診所,中和區,新北市中和區景平路五七二號
天仁牙醫診所,中和區,新北市中和區莒光路１５７號
十方牙醫診所,中和區,新北市中和區員山路１９７號
中山牙醫診所,中和區,新北市中和區中山路二段２巷３弄４號１樓
敦品牙醫診所,中和區,新北市中和區光華街６８號
實踐牙醫診所,中和區,新北市中和區民德路79號2樓
群益牙醫診所,中和區,新北市中和區民享街32巷5號1樓
盈成牙醫診所,中和區,新北市中和區復興路306號
聖欣牙醫診所,中和區,新北市中和區連城路350號1樓
立安牙醫診所,中和區,新北市中和區錦和路一七八號
瑞祥牙醫診所,中和區,新北市中和區景新街５０８號１樓
景平牙醫診所,中和區,新北市中和區景平路３７７號
永安健康中醫診所,中和區,新北市中和區安平路87之5號1樓
遠雄牙醫診所,中和區,新北市中和區中山路三段21號1樓
揚昇牙醫診所,中和區,新北市中和區信義街８號２Ｆ
允安牙醫診所,中和區,新北市中和區景平路六八三號
聯慶牙醫診所,中和區,新北市中和區南山路１６號２Ｆ
中和李內科診所,中和區,新北市中和區景平路７１８號
三大中醫診所,中和區,新北市中和區景平路452號1樓
沐心中醫診所,中和區,新北市中和區興南路一段159號1樓
力禾耳鼻喉科診所,中和區,新北市中和區連城路15號（1樓）
維品身心診所,中和區,新北市中和區連城路4號1樓
皇家家醫診所,中和區,新北市中和區莒光路１４８號１樓
立翔診所,中和區,新北市中和區自立路43號1樓
富邦中醫診所,中和區,新北市中和區忠孝街85號1樓
迪康牙醫診所,中和區,新北市中和區建一路1號1樓
明儒中醫診所,中和區,新北市中和區大仁街19巷3號1樓
家和診所,中和區,新北市中和區員山路192號1樓
趙耀軍耳鼻喉科診所,中和區,新北市中和區南華路一八之一號
光晶妍寶島診所,中和區,新北市中和區漢生東路353號1樓
茂榕牙醫診所,中和區,新北市中和區忠孝街３－２號
明燦眼科診所,中和區,新北市中和區中山路三段196號1樓
嘉俊骨科診所,中和區,新北市中和區安樂路12號1樓及14號1樓
雙和牙醫診所,中和區,新北市中和區復興路２７１號
南星美學牙醫診所,中和區,新北市中和區興南路一段58號1樓至3樓
杏林中醫診所,中和區,新北市中和區自治街12號1樓
均潔牙醫診所,中和區,新北市中和區景平路363號1、2樓
新北市中和區衛生所,中和區,新北市中和區南山路4巷3號
立新美學牙醫診所,中和區,新北市中和區景新街460號1樓、2樓
雙和諾貝爾眼科診所,中和區,新北市中和區中山路二段30號1樓
通安診所,中和區,新北市中和區南山路４５號１樓
黃基家小兒科診所,中和區,新北市中和區景平路485號
育家聯合診所,中和區,新北市中和區中安街４０巷２號１樓
中和健宏中醫聯合診所,中和區,新北市中和區景新街二九三號及二九五巷一號
慈育廣合中醫診所,中和區,新北市中和區中山路二段２１３號１樓、２樓
嘉仁診所,中和區,新北市中和區華順街１３２號１樓
刁仁杰中醫診所,中和區,新北市中和區莒光路155號1樓
黃兆侃診所,中和區,新北市中和區連城路337號1樓
久大牙醫診所,中和區,新北市中和區中山路二段3巷2號1樓
奇安診所,中和區,新北市中和區華新街４號１樓
中祥醫院,中和區,新北市中和區中山路二段138號〈二至四樓〉•140及142號〈一至四樓〉
王上卿婦產科診所,中和區,新北市中和區中和路一一四號
智上牙醫診所,中和區,新北市中和區連城路７６號
曾咸統小兒科診所,中和區,新北市中和區景安路229號1樓
煥強牙醫診所,中和區,新北市中和區景新街四六七巷１３號
里昂牙醫診所,中和區,新北市中和區連城路８９巷７-５號〈第一層、第二層〉
怡和醫院,中和區,新北市中和區連城路49號1至4樓
中和德威牙醫診所,中和區,新北市中和區中山路二段二一五號一.二樓
鼎爵牙醫診所,中和區,新北市中和區連城路286號1樓及288號1樓
尚恩牙醫診所,中和區,"新北市中和區景平路４２９-１號１,２樓"
薛牙醫診所,中和區,新北市中和區仁愛街86號1樓
伍牙醫診所,中和區,新北市中和區復興路25號1樓
樂活精神科診所,中和區,新北市中和區安樂路25號1樓
愛華牙醫診所,中和區,新北市中和區興南路二段一五九巷十二號一樓
潤泰中醫診所,中和區,新北市中和區員山路409號1樓、411號1樓
元宇中醫診所,中和區,新北市中和區新生街241號1樓
關心牙醫診所,中和區,新北市中和區景新街345之6號1樓、2樓
中和國泰診所,中和區,新北市中和區景新街389號1樓至3樓
永正牙醫診所,中和區,新北市中和區明仁街一四.一六號一樓
皮醫美南勢角診所,中和區,新北市中和區和平街29號1至2樓及29之1號1至2樓
創悅美學診所,中和區,新北市中和區永貞路262巷7號1樓
民揚診所,中和區,新北市中和區中山路三段132號1、２樓
中安中醫診所,中和區,新北市中和區景平路３６０號
妍喜中醫診所,中和區,新北市中和區景平路335號1樓
致中和中醫診所,中和區,新北市中和區仁愛街54號1樓
合安牙醫診所,中和區,新北市中和區泰和街一十二號一樓
榛成牙醫診所,新店區,新北市新店區中興路一段263號1樓
鈺晟中醫診所,新店區,新北市新店區光明街288號2樓
好牙醫診所,新店區,新北市新店區中正路111號2樓
禾康復健科診所,新店區,新北市新店區民族路2-1號1樓(含夾層)、2-1號2樓
達泰中醫診所,新店區,新北市新店區中華路43之1號(1樓、2樓)
李震強牙醫診所,新店區,新北市新店區三民路１３６號
利林牙醫診所,新店區,新北市新店區北新路3段117號1樓2樓
佳禾復健科診所,新店區,新北市新店區建國路250號1樓、民權路87-2號2樓
新店京都堂中醫診所,新店區,新北市新店區北新路三段94號1樓、2樓
維風牙醫診所,新店區,新北市新店區北新路一段291號2樓
楊聰才診所,新店區,新北市新店區中興路2段239號2樓
鄺懷德牙醫診所,新店區,新北市新店區民族路171號1樓
許正傑牙醫診所,新店區,新北市新店區安成街３０號
中文內科小兒科診所,新店區,新北市新店區北新路三段１６９號
群惠耳鼻喉科診所,新店區,新北市新店區中正路263-1號
九宜診所,新店區,新北市新店區北宜路一段五十二號一樓
泰達牙醫診所,新店區,新北市新店區北新路三段１５８號５樓
新益牙醫診所,新店區,新北市新店區北宜路一段五十六號一樓
順安堂傷科中醫診所,新店區,新北市新店區順安街１６號
康禾診所,新店區,新北市新店區中正路140號1樓
沐光牙醫診所,新店區,新北市新店區北新路2段143號1樓、2樓
台灣通用器材股份有限公司醫務室,新店區,新北市新店區寶橋路二三三號
高牙醫診所,新店區,新北市新店區建國路６４號
健全診所,新店區,新北市新店區建國路一一七號一樓
立悅美學牙醫診所,新店區,新北市新店區北新路一段191號1樓、191號2樓、191號3樓
為宏皮膚科診所,新店區,新北市新店區北新路三段一一八號
吳耳鼻喉科診所,新店區,新北市新店區民族路６１號
聖美牙醫診所,新店區,新北市新店區北新路二段53號1樓
日安診所,新店區,新北市新店區中正路289號1樓、2樓
高端牙醫診所,新店區,新北市新店區中正路73號1樓
沐晨牙醫診所,新店區,新北市新店區順安街60號〈1樓2樓〉62號〈1樓2樓〉
新店大愛眼科診所,新店區,新北市新店區北新路三段2號1、2樓
禪心中醫診所,新店區,新北市新店區中興路3段221-1號1樓
天祥中醫診所,新店區,新北市新店區新店路98號1樓
品川診所,新店區,新北市新店區北新路三段136號1樓
逸安診所,新店區,新北市新店區民權路131號4樓、133號4樓、133號5樓
新店漢唐經方中醫診所,新店區,新北市新店區中興路2段25號2樓
傑仁牙醫診所,新店區,新北市新店區北新路二段97巷9弄2號1樓
清新牙醫診所,新店區,新北市新店區寶安街六十四號一樓
陳炳文中醫診所,新店區,新北市新店區安民街220號1樓
丰采美學牙醫診所,新店區,新北市新店區中央路210-1號1樓、210-1號2樓
思邈堂中醫診所,新店區,新北市新店區溪園路391號1樓
湛明眼科診所,新店區,新北市新店區北新路二段177-1號2樓、177-2號2樓
晶采牙醫診所,新店區,新北市新店區北新路3段206巷1弄5號1樓
星展眼科診所,新店區,新北市新店區安康路二段117-1號1樓、117-1號2樓
安民診所,新店區,新北市新店區安民街235號
新店榮星中醫診所,新店區,新北市新店區大豐路二十四號
郭濠生牙醫診所,新店區,新北市新店區華中街６４號
碧潭診所,新店區,新北市新店區北新路1段21號1樓
群林牙醫診所,新店區,新北市新店區中正路四九五之一號
大為診所,新店區,新北市新店區中央五街17號1樓
黃宏超眼科診所,新店區,新北市新店區力行路2號1樓
安慶中醫診所,新店區,新北市新店區安康路三段51號1樓
迦南牙醫診所,新店區,新北市新店區建國路１２號２Ｆ
經典皮膚科診所,新店區,新北市新店區中正路150號1樓、2樓
凱旋牙醫診所,新店區,新北市新店區安康路二段100巷1號3樓、3樓之1、3樓之2
品雅牙醫診所,新店區,新北市新店區三民路八六號二樓
進新牙醫診所,新店區,新北市新店區光明街三一二號1樓
孫牙醫診所,新店區,新北市新店區三民路９２號２Ｆ
江陵牙醫診所,新店區,新北市新店區民權路８１號
信安診所,新店區,新北市新店區民族路九號
德明眼科診所,新店區,新北市新店區建國路136號1樓、138號2樓
聖新診所,新店區,新北市新店區寶橋路4號1樓
長庚中醫聯合診所,新店區,新北市新店區北新路一段３２７．３２９號１．２樓
覺真中醫診所,新店區,新北市新店區五峯路28號1樓
吉恩牙醫診所,新店區,新北市新店區中正路684號1樓
家光耳鼻喉科診所,新店區,新北市新店區三民路32-1號1樓2樓
美膚皮膚專科診所,新店區,新北市新店區安康路2段148-1號1樓
愛美牙醫診所,新店區,新北市新店區三民路175號1樓
北新中醫診所,新店區,新北市新店區北宜路1段35號1樓
瑞清中醫診所,新店區,新北市新店區中興路1段159號1樓
安康牙醫診所,新店區,新北市新店區安忠路8號1樓
柏恩牙醫診所,新店區,新北市新店區三民路14號2樓
邱世宗中醫診所,新店區,新北市新店區北新路2段250-1號1樓
博德眼科診所,新店區,新北市新店區寶強路10號3樓A棟
澄牙醫診所,新店區,新北市新店區北新路三段158號1樓〈含夾層〉、158號2樓
安康中醫診所,新店區,新北市新店區安康路2段175號1樓
富新骨科診所,新店區,新北市新店區光明街288號1樓
瑞安耳鼻喉科診所,新店區,新北市新店區中正路140號1樓
新店六順診所,新店區,新北市新店區北新路2段10號1樓
大衛牙醫診所,新店區,新北市新店區溪園路391-2號1樓
卓業牙醫診所,新店區,新北市新店區民權路39號3樓
怡濟慈園醫療社團法人宏濟神經精神科醫院,新店區,新北市新店區安忠路57巷5號
張振榕診所,新店區,新北市新店區中興路三段220巷1號1樓
蘇永誠家醫科診所,新店區,新北市新店區北新路1段52號1樓
逸守診所,新店區,新北市新店區民權路131號5樓
悅滿意新店復健專科診所,新店區,新北市新店區中華路9號1樓
安欣牙醫診所,新店區,新北市新店區安康路2段189號1樓、189號2樓、191號1樓、191號2樓
如薏牙醫診所,新店區,新北市新店區如意街94號1樓
蘇景傑診所,新店區,新北市新店區建國路6號1樓
臻晨美學牙醫診所,新店區,新北市新店區安康路2段46-1號1樓、46-1號2樓
白玉牙醫診所,新店區,新北市新店區北新路3段88號1樓、88號2樓
新店北新身心診所,新店區,新北市新店區北新路三段18號1樓
必安中醫診所,新店區,新北市新店區 安德街75號（1樓）
育傑牙醫診所,新店區,新北市新店區民族路50號1樓
大豐耳鼻喉科診所,新店區,新北市新店區建國路161號1樓
國華中醫診所,新店區,新北市新店區北新路3段86號1樓、86號2樓
廣䄷牙醫診所,新店區,新北市新店區安康路三段22號1樓
維彥牙醫診所,新店區,新北市新店區寶橋路88號4樓
順安復健專科診所,新店區,新北市新店區中正路322號1樓、322號2樓、322號3樓、322號4樓
御田牙醫診所,新店區,新北市新店區北新路一段141號1樓
禾安復健科診所,新店區,新北市新店區三民路2號1樓、2號2樓
天主教耕莘醫療財團法人耕莘診所,新店區,新北市新店區中山路137號2樓之6
呈恩診所,新店區,新北市新店區安和路三段85號1樓
超亮皮膚科診所,新店區,新北市新店區北新路三段128號1樓、2樓
玉美學牙醫診所,新店區,新北市新店區北新路二段45號1樓、2樓
和田美學牙醫診所,新店區,新北市新店區安康路三段167號(1樓)
安倍診所,新店區,新北市新店區中正路132號1樓
吉安牙醫診所,新店區,新北市新店區安民街63號1樓
樂齒牙醫診所,新店區,新北市新店區中正路138號(1樓)、2樓
安坑振榕診所,新店區,新北市新店區安康路二段178號1樓
維格皮膚科診所,新店區,新北市新店區北新路三段100號1樓、2樓
立誠美學牙醫診所,新店區,新北市新店區寶橋路48號(1樓)、52號(1樓)
均樂身心診所,新店區,新北市新店區民族路29號1樓
立誠耳鼻喉科診所,新店區,新北市新店區寶橋路48號(1樓)、52號(1樓)
新店容光皮膚專科診所,新店區,新北市新店區北新路二段160號1樓、2樓、3樓
治聿身心醫學診所,新店區,新北市新店區中興路三段250號(1樓、2樓)
嘉齊診所,新店區,新北市新店區北新路一段56號1樓
大豐中醫診所,新店區,新北市新店區大豐路30號1樓
冠雅牙醫診所,新店區,新北市新店區中正路255號2樓
元祥牙醫診所,新店區,新北市新店區中興路一段一九九號
東北大牙醫診所,新店區,新北市新店區北新路3段158號3樓
安琪兒牙醫診所,新店區,新北市新店區中央路216-1號2樓
百年牙醫診所,新店區,新北市新店區三民路七十五巷三弄一號一樓
裕仁牙醫診所,新店區,新北市新店區三民路３１－６號
戚崇龍牙醫診所,新店區,新北市新店區?安康路二段２１２號
耀程耳鼻喉科診所,新店區,新北市新店區三民路66號1樓
新采牙醫診所,新店區,新北市新店區中興路一段二六六之三號一樓
千悅牙醫診所,新店區,新北市新店區中正路226、228號2樓
敦鄰牙醫診所,新店區,新北市新店區北新路三段92號1、2樓
薪寶牙醫診所,新店區,新北市新店區寶橋路52號2樓
舒美牙醫診所,新店區,新北市新店區建國路206號1樓
大坪林牙醫診所,新店區,新北市新店區北新路三段65巷6號1樓
文玉小兒科診所,新店區,新北市新店區建國路７０號
李亭鋒耳鼻喉科診所,新店區,新北市新店區安康路二段123-1號1樓
富森診所,新店區,新北市新店區三民路９７號
楊龍駿婦產科診所,新店區,新北市新店區安康路二段142巷16號1樓
蕭仁哲婦產科診所,新店區,新北市新店區北新路三段165號1、2、3、4樓及167號1、2、3、4樓
陳沛生耳鼻喉科診所,新店區,新北市新店區北新路二段三十九號
何耳鼻喉科診所,新店區,新北市新店區北新路三段１３８號
永吉外科診所,新店區,新北市新店區北新路一段１８９號1樓
恩寧眼科診所,新店區,新北市新店區中正路１１３號２樓
和成診所,新店區,新北市新店區安成街二十六號
欣和診所,新店區,新北市新店區安和路三段一五一號
潘如瑾婦產科診所,新店區,新北市新店區民權路61號1樓
林逢慶診所,新店區,新北市新店區安康路三段21號1樓
邱眼科診所,新店區,新北市新店區中正路二二二號二樓
佑康聯合診所,新店區,新北市新店區安康路三段十七號一 樓
維霖內科診所,新店區,新北市新店區建國路6-1號1、2樓
我的診所,新店區,新北市新店區民族路183號1樓
全康診所,新店區,新北市新店區溪園路379號1樓、383號1樓
安立診所,新店區,新北市新店區北宜路二段28號1樓
樂河診所,新店區,新北市新店區環河路72號3樓
曾俊睿小兒科診所,新店區,新北市新店區寶橋路54號1、2樓
國城診所,新店區,新北市新店區北新路二段200號2樓、200號2樓之1、200號2樓之2、200號3樓、200號3樓之1、200號3樓之2
活泉診所,新店區,新北市新店區北新路二段182號2樓
新眼光眼科診所,新店區,新北市新店區北新路二段14號
睛彩眼科診所,新店區,新北市新店區北新路一段３２３號
汪耳鼻喉科診所,新店區,新北市新店區北新路三段82號7樓之3號
高兒科診所,新店區,新北市新店區安成街３８號
同仁醫院,新店區,新北市新店區民權路８９號
中央印製廠醫務室,新店區,新北市新店區安康路三段２３５號
加加小兒科診所,新店區,新北市新店區玫瑰路14號1樓
佛教慈濟醫療財團法人台北慈濟醫院,新店區,新北市新店區建國路277號地上1、3、4樓及289號地下1至3樓至地上1至15樓
天主教耕莘醫療財團法人耕莘醫院,新店區,新北市新店區中正路362號
新北市新店區衛生所,新店區,新北市新店區北新路一段86號12樓
宏慈療養院,新店區,新北市新店區安泰路１５７號
賽斯身心靈診所,新店區,新北市新店區中央七街、中央五街26號2樓、51號1樓
陳正宗診所,新店區,新北市新店區中正路二四一號一樓
東陽耳鼻喉科診所,新店區,新北市新店區北新路三段一五四號
張榮宗內科診所,新店區,新北市新店區建國路八三之一號
雁秋診所,新店區,新北市新店區安成街十號
護康診所,新店區,新北市新店區安成街３２號
佳音診所,新店區,新北市新店區安民街一三五號
林慶堂婦產科診所,新店區,新北市新店區北新路二段１９３號1樓2樓
啟生診所,新店區,新北市新店區北新路一段185號1樓、１８７號1樓
林碧川內科小兒科診所,新店區,新北市新店區北新路二段８６號
太山家庭醫學科診所,新店區,新北市新店區光明街２４４巷１號1樓
豐田牙醫診所,新店區,新北市新店區中興路三段１３６號
佑恩牙醫診所,新店區,新北市新店區中正路五十九號二樓
心殿牙醫診所,新店區,新北市新店區安民街１９７號１樓
柏格牙醫診所,新店區,新北市新店區三民路一一五號
康和牙醫診所,新店區,新北市新店區安和路三段１５３號
品淳牙醫診所,新店區,新北市新店區安民街157號1樓、2樓
卓悅牙醫診所,新店區,新北市新店區北新路一段343號1樓
百漢中醫診所,新店區,新北市新店區中正路一一三號一樓
永佳牙醫診所,新店區,新北市新店區北新路二段195號1樓、195號2樓
林建良耳鼻喉科診所,新店區,新北市新店區中正路158號1樓
聖康診所,新店區,新北市新店區北新路3段104號1樓
邱昰凱小兒科診所,新店區,新北市新店區建國路226號1樓
美日牙醫診所,新店區,新北市新店區民權路73號3樓
德昌中醫診所,新店區,新北市新店區中正路３７０號
豐榮醫院,新店區,新北市新店區安德街 26巷3號(B棟)
桂枝香中醫診所,新店區,新北市新店區安和路一段25號(1樓)、25之1號(1樓)
易豐中醫診所,新店區,新北市新店區民族路103號1樓及地下室
恩康診所,新店區,新北市新店區寶中路88號3樓
怡美牙醫診所,新店區,新北市新店區中華路33號1樓、2樓
101SKIN晶漾診所,新店區,新北市新店區北新路三段145號3樓
睿安診所,新店區,新北市新店區中正路140號1樓
新晨皮膚專科診所,新店區,新北市新店區北新路2段201號1樓
惠安診所,新店區,新北市新店區北新路三段１６號
問心田中醫診所,新店區,新北市新店區直潭七街25號1樓
仁佑診所,新店區,新北市新店區中正路396號2樓
冠新復健科診所,新店區,新北市新店區北新路三段112號1樓、112號2樓、112號3樓、112號4樓
得恩牙醫診所,新店區,新北市新店區北新路三段十二號一樓
利新牙醫診所,新店區,新北市新店區北新路1段221號1樓、221號2樓
顏秀吉婦產科診所,新店區,新北市新店區民權路３９號２Ｆ
新北仁康醫院,新店區,新北市新店區安康路二段323號地上1至2樓(B棟)
陳小兒科診所,新店區,新北市新店區北新路三段１００號
岐伯齋中醫診所,新店區,新北市新店區民權路79號1樓
上醫堂中醫診所,新店區,新北市新店區建國路83號1樓
又新診所,新店區,新北市新店區建國路71號
明潔牙科診所,新店區,新北市新店區建國路81號
幼安小兒科診所,新店區,新北市新店區安康路二段九十九號
晶湛牙醫診所,新店區,新北市新店區安康路2段117號1樓2樓
民康眼科診所,新店區,新北市新店區安康路二段六十六號
盧牙醫診所,新店區,新北市新店區中正路１５５號
行一昌勲診所,新店區,新北市新店區北新路三段212號（1樓）
劉建梅診所,新店區,新北市新店區中正路20、22號
維美牙醫診所,新店區,新北市新店區三民路一三一號一樓
新店開心診所,新店區,新北市新店區中央路212號2樓
品宣中醫診所,新店區,新北市新店區北新路3段145號2樓
健維骨科診所,新店區,新北市新店區中正路251號1、2樓
德林中醫診所,新店區,新北市新店區安和路三段１３３號
仁安中醫診所,新店區,新北市新店區光明街１７８號
健宏中醫診所,新店區,新北市新店區中央路一九八號
新店建成中醫診所,新店區,新北市新店區北新路二段176、178號1樓
新福安中醫診所,新店區,新北市新店區中正路三二０號一樓
育豐中醫診所,新店區,新北市新店區三民路７３號
有全醫療社團法人有全牙醫診所,新店區,新北市新店區北新路二段164號1樓
北新牙醫診所,新店區,新北市新店區北新路一段２７１巷２號
北大牙醫診所,新店區,新北市新店區中正路３２５號
黃牙醫診所,新店區,新北市新店區富貴街９巷１４號
展新牙醫診所,新店區,新北市新店區建國路一五五號
寶麒牙醫診所,新店區,新北市新店區三民路１５５號
恒愛牙醫診所,新店區,新北市新店區中正路４９號
親親牙醫診所,新店區,新北市新店區光明街二九二號二樓
旺威牙醫診所,新店區,新北市新店區中興路三段１９０號一樓
弘安牙醫診所,新店區,新北市新店區民族路６０號
康保牙醫診所,新店區,新北市新店區建國路一二O、一二二號一樓
凱悅牙醫診所,新店區,新北市新店區安康路二段１９６號２Ｆ
同愛牙醫診所,新店區,新北市新店區光明街１６１號(1樓、2樓)
青潭牙醫診所,新店區,新北市新店區北宜路２段８２－１３號
德威牙醫診所,新店區,新北市新店區北新路三段１０８號
紐約牙醫診所,新店區,新北市新店區寶橋路６３號
上耀牙醫診所,新店區,新北市新店區中正路639號
蕙安牙醫診所,新店區,新北市新店區三民路三十號一樓
晶華牙醫診所,新莊區,新北市新莊區中華路二段17號1樓
博群牙醫診所,新莊區,新北市新莊區中原路１０４號
衛生福利部臺北醫院,新莊區,新北市新莊區思源路127號、長青街6號2樓、3樓
曜生婦產科診所,新莊區,新北市新莊區中正路243號1-3樓
西盛牙醫診所,新莊區,新北市新莊區民安西路62號2樓及66號1樓、2樓
昌明耳鼻喉科診所,新莊區,新北市新莊區昌明街80號1樓
至真中醫診所,新莊區,新北市新莊區中原路171號1樓
醫莘堂中醫診所,新莊區,新北市新莊區復興路一段12號1樓
安庚內科診所,新莊區,新北市新莊區中安街1號1樓中港路306號3樓
安心牙醫診所,新莊區,新北市新莊區民安西路三十九號一樓
慧安牙醫診所,新莊區,新北市新莊區中平路７９號
名仕牙醫診所,新莊區,新北市新莊區新泰路269號1、2樓
新庚診所,新莊區,新北市新莊區民安西路370號、370之1號1樓及地下1樓、376號2樓
立安耳鼻喉科診所,新莊區,新北市新莊區福壽街134號1樓
錦明耳鼻喉科診所,新莊區,新北市新莊區民安路１９５號
安諾婦產科診所,新莊區,新北市新莊區龍安路98號1、2樓
大象牙醫診所,新莊區,新北市新莊區瓊泰路213號1樓
昇源中醫診所,新莊區,新北市新莊區化成路265號1樓
劉長達婦產科診所,新莊區,新北市新莊區幸福路六八四號一、二樓
大正牙醫診所,新莊區,新北市新莊區新崑路115號1樓
家貞診所,新莊區,新北市新莊區福壽街67號1、2樓
翰醫堂中醫診所,新莊區,新北市新莊區中和街39號1樓、2樓
穩達診所,新莊區,新北市新莊區中平路270巷1號1樓、2樓及272號1樓、2樓
文鼎診所,新莊區,新北市新莊區民安路188巷8弄3號1、2樓
新莊軒琪診所,新莊區,新北市新莊區富國路15號1樓
黃呈榕眼科診所,新莊區,新北市新莊區幸福路三十號
康群診所,新莊區,新北市新莊區民安西路74號
聶廷憲診所,新莊區,新北市新莊區建安街９４號
幸福大愛眼科診所,新莊區,新北市新莊區幸福路743號1樓、2樓
榮和牙醫診所,新莊區,新北市新莊區中華路一段84號1樓及夾層、82號1樓及夾層
懷恩牙醫診所,新莊區,新北市新莊區富國路６１號1樓、地下1樓
美麗華牙醫診所,新莊區,新北市新莊區幸福路741號1樓
新和耳鼻喉科診所,新莊區,新北市新莊區幸福路69號1樓
宏久診所,新莊區,新北市新莊區新泰路57號1樓至2樓
吳峰璋皮膚科診所,新莊區,新北市新莊區中平路29號1樓、31號2樓、33號2樓
張昱錦診所,新莊區,新北市新莊區後港一路１３５號１樓
誠泰牙醫診所,新莊區,新北市新莊區建安街八十四號
大德中醫診所,新莊區,新北市新莊區新莊路四七五號一樓
幸福呂耳鼻喉科診所,新莊區,新北市新莊區幸福路５２９號
寶祥診所,新莊區,新北市新莊區中平路53號1樓至2樓
雙美牙醫診所,新莊區,新北市新莊區中正路730之16號1-3樓、17號1-3樓
陳正敏眼科診所,新莊區,新北市新莊區新泰路69號1樓
莊申南婦產科診所,新莊區,新北市新莊區後港一路29號1樓
康泰牙醫診所,新莊區,新北市新莊區幸福路七二一號1樓及2樓
成泰診所,新莊區,新北市新莊區新泰路70號1樓
承心牙醫診所,新莊區,新北市新莊區建安街98號1樓
新莊葉自強診所,新莊區,新北市新莊區新泰路52號(1樓)
恆友精神科診所,新莊區,新北市新莊區幸福東路135號1樓
建嘉小兒科診所,新莊區,新北市新莊區中誠街40號1樓
元程婦產科診所,新莊區,新北市新莊區中華路二段47號1樓、夾層
欣尚牙醫診所,新莊區,新北市新莊區中原路238號1.2樓
大都會牙醫診所,新莊區,新北市新莊區五權一路54號2樓
黃信喜診所,新莊區,新北市新莊區中港路132巷10號1樓
福澤國際中醫診所,新莊區,新北市新莊區中原東路198號1樓
副都心牙醫診所,新莊區,新北市新莊區中榮街112號1樓
賀安中醫診所,新莊區,新北市新莊區龍安路495號1樓
安心中醫診所,新莊區,新北市新莊區中和街一九八號一樓
維修診所,新莊區,新北市新莊區中原路93號1樓
新莊惠欣婦產科小兒科診所,新莊區,新北市新莊區建中街七十二之一號一至四樓
輔園牙醫診所,新莊區,新北市新莊區中正路510號(醫學綜合大樓1樓)
博安牙醫診所,新莊區,新北市新莊區富國路四三號
王正華小兒專科診所,新莊區,新北市新莊區民安路２７６號
風尚牙醫診所,新莊區,新北市新莊區中平路二七八號一至二樓
幸福三三牙醫診所,新莊區,新北市新莊區幸福路33號1樓、福壽街66巷3號1樓
宏泰中醫診所,新莊區,新北市新莊區自立街112號1樓及夾層
王中煌診所,新莊區,新北市新莊區新泰路一九四號一樓.二樓
劉茂祥中醫診所,新莊區,新北市新莊區幸福路655號1樓
豐生中醫診所,新莊區,新北市新莊區富國路146號
吉利診所,新莊區,新北市新莊區西盛街317號1樓
大唐牙醫診所,新莊區,新北市新莊區幸福路766號1樓
晴美身心診所,新莊區,新北市新莊區中正路575號2樓及577號2樓
開惠牙醫診所,新莊區,新北市新莊區幸福路531號1樓
祥顥醫院,新莊區,新北市新莊區思源路2號1、4、5、6樓
天澤中醫診所,新莊區,新北市新莊區中華路2段91號1樓
仁愛中醫診所,新莊區,新北市新莊區中正路879-6號1樓
樹德中醫診所,新莊區,新北市新莊區中港路１１１號
楊中醫診所,新莊區,新北市新莊區富國路１４４號
瑞宏中醫診所,新莊區,新北市新莊區新莊路３９８號
佑德中醫診所,新莊區,新北市新莊區八德街137號1樓
慶安居中醫診所,新莊區,新北市新莊區中港路259號1樓
康德牙醫診所,新莊區,新北市新莊區幸福路７９號
和泰牙醫診所,新莊區,新北市新莊區八德街83號1樓
輔仁牙醫診所,新莊區,新北市新莊區建國一路8號1.2.3樓及6號2樓
宏林牙醫診所,新莊區,新北市新莊區新泰路２９１號
安德牙醫診所,新莊區,新北市新莊區中港三街3號1樓
康勝牙醫診所,新莊區,新北市新莊區昌隆街90號1樓、2樓
德旺牙醫診所,新莊區,新北市新莊區中信街６號
家祥牙醫診所,新莊區,新北市新莊區中平路８２巷２６號
三愛牙醫診所,新莊區,新北市新莊區幸福路６０４號
龍安牙醫診所,新莊區,新北市新莊區民安西路７８巷１號１樓
宏明牙醫診所,新莊區,新北市新莊區西盛街３１５號
健群牙醫診所,新莊區,新北市新莊區民安西路１４８號
思賢微笑牙醫診所,新莊區,新北市新莊區自立街７２號
劍橋牙醫診所,新莊區,新北市新莊區昌平街三、五號
麗安牙醫診所,新莊區,新北市新莊區幸福路八一二號一樓
景福牙醫診所,新莊區,新北市新莊區中正路三一九號一至二樓
欣佑牙醫診所,新莊區,新北市新莊區中華路2段262號1樓
鴻金寶牙醫診所,新莊區,新北市新莊區民安路199號1樓及2樓
修正牙醫診所,新莊區,新北市新莊區四維路１９９號１樓
高泰牙醫診所,新莊區,新北市新莊區中正路３４９號
許文政牙醫診所,新莊區,新北市新莊區幸福路５６０號
欣安牙醫診所,新莊區,新北市新莊區民安路１６０號
名家牙醫診所,新莊區,新北市新莊區中和街１８７號
新莊尚品牙醫診所,新莊區,新北市新莊區復興路二段四十五．四十七號
祐康牙醫診所,新莊區,新北市新莊區復興路一段185號1樓至2樓、187號1樓至2樓
建福牙醫診所,新莊區,新北市新莊區建福路53號1至2樓
慶城牙醫診所,新莊區,新北市新莊區中華路二段119號1樓
幸福88牙醫診所,新莊區,新北市新莊區幸福路92號1、2樓
尊爵牙醫診所,新莊區,新北市新莊區中港路293號1樓至2樓
博飛牙醫診所,新莊區,新北市新莊區中平路303號1樓
健安牙醫診所,新莊區,新北市新莊區後港一路116號1樓
新莊謝牙醫診所,新莊區,新北市新莊區昌隆街二十一號
富國牙醫診所,新莊區,新北市新莊區富國路２３號
鈺川牙醫診所,新莊區,新北市新莊區幸福路515號1樓
沈耳鼻喉科診所,新莊區,新北市新莊區富國路67號1樓
中心診所,新莊區,新北市新莊區中港路三二一號一樓
志銘小兒科診所,新莊區,新北市新莊區富國路200號1樓
幸福小兒科診所,新莊區,新北市新莊區幸福路七二九號
大新大診所,新莊區,新北市新莊區萬安街一二七巷二十四、二十六號一樓
錦興皮膚科診所,新莊區,新北市新莊區民安路201號2樓
健佑診所,新莊區,新北市新莊區昌平街五五號一樓
吳政德耳鼻喉科診所,新莊區,新北市新莊區民安西路60號1樓及地下1樓
民泰診所,新莊區,新北市新莊區後港一路20號1樓
鄭骨科耳鼻喉科診所,新莊區,新北市新莊區中港路263號1、2樓及267巷1號1、2樓
林浩昌內兒科診所,新莊區,新北市新莊區富國路７１號
洪敏捷耳鼻喉科診所,新莊區,新北市新莊區新泰路１２２號
虹霖牙醫診所,新莊區,新北市新莊區幸福路600號一樓
四維牙醫診所,新莊區,新北市新莊區四維路19號2樓
陳桔泱診所,新莊區,新北市新莊區中港路１１９號
德安婦產科診所,新莊區,新北市新莊區新泰路31號1-2樓
賀生婦產科診所,新莊區,新北市新莊區幸福路626號1至2樓
崇仁外科診所,新莊區,新北市新莊區化成路170號
大學眼科診所,新莊區,新北市新莊區新泰路240號1樓、2樓、3樓242號1樓、2樓、3樓
大益診所,新莊區,新北市新莊區新泰路261號2樓、263號1-2樓
賴昌和皮膚科診所,新莊區,新北市新莊區新泰路316號1樓
曲孝禮診所,新莊區,新北市新莊區公園一路８４號１Ｆ
聯安診所,新莊區,新北市新莊區中正路302號1樓
蘇診所,新莊區,新北市新莊區民安路一０九號
天給婦產科診所,新莊區,新北市新莊區幸福路670巷2弄23號1至5樓
謝耳鼻喉科診所,新莊區,新北市新莊區中港路４８７號１樓
陳世昌婦產科診所,新莊區,新北市新莊區後港一路九十八號一樓、一００號一至二樓
邱欽斌小兒科診所,新莊區,新北市新莊區民安路141號1樓.141-1號2樓.137巷2弄4號1樓
鄭安雄診所,新莊區,新北市新莊區幸福路５４９號１樓
林基正皮膚科診所,新莊區,新北市新莊區中原路230號(1樓)
民富皮膚科診所,新莊區,新北市新莊區富國路110號1樓、夾層
昭明眼科診所,新莊區,新北市新莊區民安西路十七號
照明眼科診所,新莊區,新北市新莊區新泰路１７４號1樓及2樓
王榮文小兒科診所,新莊區,新北市新莊區中和街１４９號
新莊徐耳鼻喉科診所,新莊區,新北市新莊區中平路373號1樓
林定參診所,新莊區,新北市新莊區民安西路二一一號一樓
黃宏立診所,新莊區,新北市新莊區新泰路三二六號一樓
麗新皮膚科診所,新莊區,新北市新莊區幸福路559號1樓
廣田耳鼻喉科診所,新莊區,新北市新莊區幸福路777號1樓
家豐診所,新莊區,新北市新莊區中正路377巷5號1至2樓及地下1樓、3號1樓
李蓮宗診所,新莊區,新北市新莊區新泰路480號1樓
公園診所,新莊區,新北市新莊區公園路58號1樓
一生診所,新莊區,新北市新莊區中平路304號1樓
光華診所,新莊區,新北市新莊區龍安路473號1樓
施博仁診所,新莊區,新北市新莊區新泰路234號1樓
麗安診所,新莊區,新北市新莊區幸福路541號1樓
佳泰診所,新莊區,新北市新莊區新泰路62號
禾豐骨外科診所,新莊區,新北市新莊區民安路284號1.2樓及286號1樓
上和耳鼻喉科診所,新莊區,新北市新莊區中和街150號
家泰耳鼻喉科診所,新莊區,新北市新莊區新泰路70號1樓
志安診所,新莊區,新北市新莊區幸福路五二一號
馨平耳鼻喉科診所,新莊區,新北市新莊區中平路82巷12號1樓及夾層
林復森耳鼻喉科診所,新莊區,新北市新莊區民安路二二０號
嘉泰耳鼻喉科診所,新莊區,新北市新莊區新泰路62號1樓
新樹聯合牙醫診所,新莊區,新北市新莊區建安街90號1樓
大順醫院,新莊區,新北市新莊區中正路二一五號一至四樓
新莊英仁醫院,新莊區,新北市新莊區大觀街４６－２號
泰興耳鼻喉科診所,新莊區,新北市新莊區復興路一段25號1樓
益民醫院,新莊區,新北市新莊區中港路127號1-4樓
和新診所,新莊區,新北市新莊區八德街3號1樓
衛生福利部樂生療養院,新莊區,新北市新莊區中正路794號及桃園縣龜山鄉萬壽路1段50巷2號
上友兒童診所,新莊區,新北市新莊區復興路一段199號1樓
恆合牙醫診所,新莊區,新北市新莊區四維路205之1號1樓
宏祐診所,新莊區,新北市新莊區中正路八七九之三號一樓
新莊翰林眼科診所,新莊區,新北市新莊區幸福路525號1樓
新北市新莊區衛生所,新莊區,新北市新莊區中華路1段2號1～4樓
裕民牙醫診所,新莊區,新北市新莊區富國路６５巷２號
新超群牙醫診所,新莊區,新北市新莊區復興路二段１２２號
輔大牙醫診所,新莊區,新北市新莊區中正路２５９號
吳小兒科診所,新莊區,新北市新莊區中平路297號1樓
春詠診所,新莊區,新北市新莊區龍安路278巷2號1樓
晉安診所,新莊區,新北市新莊區中正路700之24號1樓.2樓
寶健診所,新莊區,新北市新莊區幸福路555號1樓
志豪診所,新莊區,新北市新莊區中港路二七五號一、二樓、二七七號一、二樓、二七九號一、二樓
德安牙醫診所,新莊區,新北市新莊區幸福路２８號
昇佑牙醫診所,新莊區,新北市新莊區新泰路１９８號
康福診所,新莊區,新北市新莊區幸福路七九四號一．二樓
榜生婦產科診所,新莊區,新北市新莊區龍安路339號及341號1樓，八德街206號及208號2、3樓，八德街204號3樓
雅心婦產科診所,新莊區,新北市新莊區幸福路８１７巷１號
聯福診所,新莊區,新北市新莊區民安路二三二號一、二樓
樂寶兒婦幼診所,新莊區,新北市新莊區中正路82-1號1樓
長青中醫診所,新莊區,新北市新莊區民安西路十三號一樓
陳世中耳鼻喉科診所,新莊區,新北市新莊區中平路277號1樓
聯安中醫診所,新莊區,新北市新莊區中港路240號1、2樓及250號1樓
至寶堂中醫聯合診所,新莊區,新北市新莊區幸福路七九九號一、二樓
元富牙醫診所,新莊區,新北市新莊區中港一街三十四號(1樓)
冠霖牙醫診所,新莊區,新北市新莊區五工三路五十八號一樓
御漢堂中醫診所,新莊區,新北市新莊區中平路267號1樓
育慶小兒科診所,新莊區,新北市新莊區民安西路195-1號1樓
天佑診所,新莊區,新北市新莊區幸福路670巷2弄21號1樓
弘久診所,新莊區,新北市新莊區新泰路57號1樓至2樓
煥采牙醫診所,新莊區,新北市新莊區幸福路732號1樓至2樓及地下一層
財團法人台灣省私立台北仁濟院附設新莊仁濟醫院,新莊區,新北市新莊區中環路1段28號
富邦牙醫診所,新莊區,新北市新莊區幸福路563號1樓
元華牙醫診所,新莊區,新北市新莊區民安路一一五號一樓
美恩中醫診所,新莊區,新北市新莊區幸福路46號1樓
幸福骨科診所,新莊區,新北市新莊區幸福路686號1.2樓
原華診所,新莊區,新北市新莊區新泰路128號1樓至3樓
彤發中醫診所,新莊區,新北市新莊區龍安路1-1號1樓
新莊新仁診所,新莊區,新北市新莊區中正路387號5樓及6樓‧389號6樓
九和堂中醫診所,新莊區,新北市新莊區雙鳳路41號1樓
至祥診所,新莊區,新北市新莊區龍安路78號1樓
新仁醫療社團法人新仁醫院,新莊區,新北市新莊區中正路395號、福海街24巷1號
佑安牙醫診所,新莊區,新北市新莊區幸福路585號1樓
聯合中醫診所,新莊區,新北市新莊區景德路384號1樓
自立診所,新莊區,新北市新莊區中港一街52號1樓
君悅牙醫診所,新莊區,新北市新莊區中華路1段31號1樓及夾層
新城牙醫診所,新莊區,新北市新莊區中華路1段71號1樓及2樓、67號2樓、69號2樓
魏皮膚科診所,新莊區,新北市新莊區富國路156號1樓
恩典診所,新莊區,新北市新莊區後港一路55號1樓
新莊睛彩眼科診所,新莊區,新北市新莊區富國路17號1樓
麗景中醫診所,新莊區,新北市新莊區幸福東路141號1、2樓
爵美牙醫診所,新莊區,新北市新莊區中港路268號1、2樓
明新診所,新莊區,新北市新莊區建安街109號1樓
思原內科診所,新莊區,新北市新莊區思源路48號2樓
岐黃中醫診所,新莊區,新北市新莊區復興路二段150號1樓
微笑23眼科診所,新莊區,新北市新莊區民安西路23號1樓
超群中醫診所,新莊區,新北市新莊區中正路321號1樓
大大中醫診所,新莊區,新北市新莊區中正路213號1樓
樂樂診所,新莊區,新北市新莊區龍安路507號1樓
盛豐診所,新莊區,新北市新莊區後港一路29號2、3樓
健恩診所,新莊區,新北市新莊區幸福路20號1樓
富安牙醫診所,新莊區,新北市新莊區建安街73號1樓
家福診所,新莊區,新北市新莊區福壽街67號1、2樓
尊生堂中醫診所,新莊區,新北市新莊區幸福路81號1樓
家慈診所,新莊區,新北市新莊區福壽街67號1、2樓
信賴皮膚專科診所,新莊區,新北市新莊區幸福路52號1樓
巧兒親子診所,新莊區,新北市新莊區建中街92號1樓
頂新牙醫診所,新莊區,新北市新莊區中平路69號1樓及夾層
果仁小兒科診所,新莊區,新北市新莊區中原路146號1樓
好心情身心精神科診所,新莊區,新北市新莊區復興路2段10號1樓
安田耳鼻喉科診所,新莊區,新北市新莊區自信街51號1樓
德安中醫診所,新莊區,新北市新莊區民安西路187號1樓
英群骨科診所,新莊區,新北市新莊區中安街7-2號1、2樓
昌隆中醫診所,新莊區,新北市新莊區幸福路64巷4弄3號1樓
舞鶴中醫診所,新莊區,新北市新莊區新泰路124號1、2樓
艾旎牙醫診所,新莊區,新北市新莊區建國一路20號1、2樓
皓美牙醫診所,新莊區,新北市新莊區富國路162號1樓
極上中醫診所,新莊區,新北市新莊區中平路350號1樓、352號1樓
宏嘉中醫診所,新莊區,新北市新莊區幸福路815號1樓
軒禾診所,新莊區,新北市新莊區天祥街114號1樓及夾層
心宇中醫診所,新莊區,新北市新莊區幸福路670巷2弄17號1樓
璟順骨科診所,新莊區,新北市新莊區復興路2段131號1樓、135號1樓
明揚牙醫診所,新莊區,新北市新莊區民安西路19號1、2樓
新康骨科診所,新莊區,新北市新莊區民安東路3號1樓、2樓.5號1樓、2樓
又一春中醫診所,新莊區,新北市新莊區新泰路288號1樓
品妍中醫診所,新莊區,新北市新莊區幸福路672號2樓
杏原診所,新莊區,新北市新莊區建安街113號1-2樓、115號1-2樓
師恩牙醫診所,新莊區,新北市新莊區雙鳳路134巷2號1樓
大新莊牙醫診所,新莊區,新北市新莊區中正路246號1樓
至美中醫診所,新莊區,新北市新莊區昌明街56號1樓
唯修診所,新莊區,新北市新莊區中原路93號1樓
品森美學牙醫診所,新莊區,新北市新莊區思源路130號1樓及夾層、2樓
立丞診所,新莊區,新北市新莊區幸福路798號1、2樓
馥齡診所,新莊區,新北市新莊區新泰路115號4樓、117號1樓
晶盈眼科診所,新莊區,新北市新莊區中平路308號1、2樓
童麗娜皮膚專科診所,新莊區,新北市新莊區中原東路89巷1號1樓
昕康耳鼻喉科診所,新莊區,新北市新莊區建安街78號1樓
非凡牙醫診所,新莊區,新北市新莊區民安路212號1樓
新莊愛爾麗診所,新莊區,新北市新莊區新泰路131號2樓
靜好中醫診所,新莊區,新北市新莊區化成路217號1樓
沐顏醫學美容診所,新莊區,新北市新莊區思源路333號2樓
宜新診所,新莊區,新北市新莊區中原東路62號1樓
仁大耳鼻喉科診所,新莊區,新北市新莊區幸福路784號(1樓、2樓)
張博堯診所,新莊區,新北市新莊區中榮街116號1樓
上博牙醫診所,新莊區,新北市新莊區新泰路272號1-3樓
長美麗緻診所,新莊區,新北市新莊區幸福東路117號(1樓)
新月牙醫診所,新莊區,新北市新莊區化成路411號1樓、413號1樓
晶瑞牙醫診所,新莊區,新北市新莊區幸福東路131號1樓及夾層
世博診所,新莊區,新北市新莊區新泰路134號1樓、2樓及136號3樓
博惠診所,新莊區,新北市新莊區頭前路113號1樓
幸福家牙醫診所,新莊區,新北市新莊區幸福路88之1號1樓
澄杏中醫診所,新莊區,新北市新莊區幸福東路133號1樓
明星牙醫診所,新莊區,新北市新莊區中榮街62之1號1樓
順新復健科診所,新莊區,新北市新莊區中正路160號1樓及地下一層
新莊易元堂中醫診所,新莊區,新北市新莊區幸福路680號1樓
心翔身心精神科診所,新莊區,新北市新莊區幸福路535號1樓
逸好診所,新莊區,新北市新莊區中和街186巷1號(1樓、2樓、3樓)
杏軒診所,新莊區,新北市新莊區建國一路120號1樓
林豊詔中醫診所,新莊區,新北市新莊區後港一路76巷3弄1號1樓
澄心中醫診所,新莊區,新北市新莊區幸福東路146號1、2樓
大禾中醫診所,新莊區,新北市新莊區復興路一段220號1樓
頂尖牙醫診所,新莊區,新北市新莊區中正路726之8號1樓
御美牙醫診所,新莊區,新北市新莊區中原路111號1樓、113號1樓
百安診所,新莊區,新北市新莊區幸福路595號1樓
至善堂中醫診所,新莊區,新北市新莊區後港一路24號1樓
陳明哲診所,新莊區,新北市新莊區中安街39號1樓
行懿堂中醫診所,新莊區,新北市新莊區思源路447號(1樓)
信榮診所,新莊區,新北市新莊區中原路209號1樓
瑞和中醫診所,新莊區,新北市新莊區中平路363號1樓
新泰綜合醫院,新莊區,新北市新莊區新樹路176號
新莊高美泌尿科診所,新莊區,新北市新莊區幸福路509號1樓
宇康診所,新莊區,新北市新莊區富國路184號1樓
沐暮牙醫診所,新莊區,新北市新莊區幸福東路60號1、2樓
星爵牙醫診所,新莊區,新北市新莊區中港路295號1樓
長興牙醫診所,新莊區,新北市新莊區中正路293號1、2樓
書心健康管理診所,新莊區,新北市新莊區中原東路170號1樓、2樓
福美牙醫診所,新莊區,新北市新莊區福美街126號1樓
傳愛中醫診所,新莊區,新北市新莊區中原路65號1樓
柏宏診所,新莊區,新北市新莊區昌平街10號1樓、12號1樓
杏誠診所,新莊區,新北市新莊區福樂街68號1、2樓
輔大診所,新莊區,新北市新莊區中正路510號(醫學綜合大樓1樓)
曾亨安中醫診所,新莊區,新北市新莊區中正路８８３巷３號1樓
三德中醫診所,新莊區,新北市新莊區復興路二段41號1樓.43號1樓
爵悅牙醫診所,新莊區,新北市新莊區富國路107號1、2樓
霖松婦產科診所,新莊區,新北市新莊區建福路五十二號二樓、五十四號一、二樓、五十六號二樓
民安中醫診所,新莊區,新北市新莊區富國路35號1樓
捷美牙醫診所,新莊區,新北市新莊區幸福路747號1樓及2樓
大方診所,新莊區,新北市新莊區中平路89號1樓
沐風牙醫診所,新莊區,新北市新莊區中原東路208號1、2樓
劉建輝診所,新莊區,新北市新莊區民安路１９１號
吉信耳鼻喉科診所,新莊區,新北市新莊區中港路２８６號
全家福牙醫診所,新莊區,新北市新莊區新泰路344號1樓
禾新耳鼻喉科診所,新莊區,新北市新莊區八德街3號1樓
健元中醫診所,新莊區,新北市新莊區公園路57號1樓
祐新牙醫診所,新莊區,新北市新莊區新泰路64號1樓
全欣牙醫診所,新莊區,新北市新莊區中安街29之1號1樓、2樓
公園牙醫診所,新莊區,新北市新莊區公園路33號1樓
新生活診所,新莊區,新北市新莊區富貴路168號3樓
康熙診所,新莊區,新北市新莊區富國路27號1樓
安新診所,新莊區,新北市新莊區中正路一四五之二二號一樓、二樓
合新診所,新莊區,新北市新莊區八德街3號1樓
育心身心精神科診所,新莊區,新北市新莊區新泰路193號1、2樓
宥聖中醫診所,新莊區,新北市新莊區新泰路58號1樓、2樓
聯華牙醫診所,新莊區,新北市新莊區昌平街71巷2號‧4號1樓至2樓及73號2樓
大和復健科診所,新莊區,新北市新莊區西盛街四二七號一至二樓
康軒牙醫診所,新莊區,新北市新莊區昌平街332號1樓、2樓
王一成診所,新莊區,新北市新莊區中平路81巷8號1樓
冠倫牙醫診所,新莊區,新北市新莊區中華路一段三十二 號
有慶中醫診所,新莊區,新北市新莊區民安西路311號1樓之1及313號1樓之1
陳一隆內科小兒科診所,新莊區,新北市新莊區福壽街１２６號1樓
新莊大愛眼科診所,新莊區,新北市新莊區中正路333號1至2樓
尊凡牙醫診所,新莊區,新北市新莊區中港路270號1樓、272號2樓
祐幼小兒科診所,新莊區,新北市新莊區民安西路二一號一樓
聖康中醫診所,新莊區,新北市新莊區中華路二段185號1樓
黃政司診所,新莊區,新北市新莊區新泰路１８１號
幸福中醫診所,新莊區,新北市新莊區幸福路552號1樓、564巷2弄10號1樓
李復健科骨科診所,新莊區,新北市新莊區幸福路六八號
思賢診所,新莊區,新北市新莊區自立街200號1樓
艾登牙醫診所,新莊區,新北市新莊區建興街7號1樓及2樓
泰和中醫診所,新莊區,新北市新莊區公園路18號1樓
永悅診所,新莊區,新北市新莊區民安西路6號1樓
新華牙醫診所,新莊區,新北市新莊區公園路７７號
全冠牙醫診所,新莊區,新北市新莊區中正路879-2號1樓
鄭仁壽耳鼻喉科診所,新莊區,新北市新莊區幸福路533號1樓
藍主仕眼科診所,新莊區,新北市新莊區建安街一０二號1樓至2樓
新安小兒科診所,新莊區,新北市新莊區幸福路807號1樓
隆安診所,新莊區,新北市新莊區龍安路465號
康健堂中醫診所,新莊區,新北市新莊區新泰路307號1樓
新莊淨妍醫美診所,新莊區,新北市新莊區思源路171、173號11樓
新莊實和復健診所,新莊區,新北市新莊區昌隆街23號1、2樓及25號1、2樓
瑞和復健科診所,新莊區,新北市新莊區中平路160號1樓
中平耳鼻喉科診所,新莊區,新北市新莊區中平路29號1樓、31號2樓、33號2樓
富康骨科診所,新莊區,新北市新莊區富國路102號2樓(1層、2層)
全球牙醫診所,新莊區,新北市新莊區新泰路200號1樓及202號1、2樓
青青診所,新莊區,新北市新莊區中平路50號1樓
曉民診所,新莊區,新北市新莊區八德街125號1樓及地下1樓及127號1樓及地下1樓
震林牙醫診所,新莊區,新北市新莊區中平路４４號
鉅儒診所,新莊區,新北市新莊區西盛街180號1樓
永福中醫診所,新莊區,新北市新莊區民安西路６７號
劉思楨．許永川皮膚科診所,新莊區,新北市新莊區新泰路148號1、2樓
禾欣診所,新莊區,新北市新莊區復興路1段91號1樓
樂菲時尚診所,新莊區,新北市新莊區中正路348號1樓、2樓、3樓
菁美牙醫診所,新莊區,新北市新莊區中港路455號1樓
趙大地牙醫診所,新莊區,新北市新莊區中正路３１１號
國寶中醫診所,新莊區,新北市新莊區民安西路272號1樓
北陵牙醫診所,新莊區,新北市新莊區民安路２７４號
江吉亮中醫診所,新莊區,新北市新莊區中誠街５３巷６號
平安中醫診所,新莊區,新北市新莊區中港三街３５號
福華診所,新莊區,新北市新莊區復興路二段111號1樓及111之1號
力新診所,新莊區,新北市新莊區中原東路62號1樓
加恩診所,新莊區,新北市新莊區昌明街38號、40之1號1樓
仁山中醫診所,新莊區,新北市新莊區幸福路７９３號
幸福翰醫堂中醫診所,新莊區,新北市新莊區幸福路6、8號1樓
真禾中醫診所,新莊區,新北市新莊區思源路455號1樓
皮醫師新莊診所,新莊區,新北市新莊區幸福路806號1樓
慈護上品中醫診所,新莊區,新北市新莊區中華路二段215號1樓
神農中醫診所,新莊區,新北市新莊區新泰路三四二號一樓
王建民耳鼻喉科診所,新莊區,新北市新莊區幸福路２６號
一草中醫診所,新莊區,新北市新莊區大觀街46-1號1樓
依凡娜醫美診所,新莊區,新北市新莊區中正路231號2樓、3樓
明安牙醫診所,新莊區,新北市新莊區民安西路257號1樓
柯誠立婦產科診所,新莊區,新北市新莊區新泰路一七一號一樓
祥佑診所,新莊區,新北市新莊區中安街7號3樓
新莊至善診所,新莊區,新北市新莊區公園路58號1樓
遠祺婦產科診所,樹林區,新北市樹林區中華路112號1、2樓、112之1號1、2樓、114號2樓
林岳宏小兒科陳德馨皮膚科聯合診所,樹林區,新北市樹林區中華路二四一號一樓
柚子小兒科診所,樹林區,新北市樹林區學府路362號1樓
吉人堂中醫診所,樹林區,新北市樹林區中山路一段113號2樓
慶祥牙醫診所,樹林區,新北市樹林區樹新路40號
保安牙醫診所,樹林區,新北市樹林區保安街二段１４４號
奇新牙醫診所,樹林區,新北市樹林區鎮前街3號1樓附1附3、3之1號2樓附2附4附5附7
賀元中醫聯合診所,樹林區,新北市樹林區中山路一段158號
揚昇診所,樹林區,新北市樹林區太元街21號1、2樓、23號1、2樓
民安牙醫診所,樹林區,新北市樹林區俊英街113之3號1、2樓
千歲小兒科診所,樹林區,新北市樹林區千歲街47號1樓
佳樹牙醫診所,樹林區,新北市樹林區中華路335號1樓
樹林金鶯診所,樹林區,新北市樹林區中華路124號1樓及2樓
家福牙醫診所,樹林區,新北市樹林區文化街12號
北大昕成牙醫診所,樹林區,新北市樹林區大成路355號(1樓、2樓)
同心牙醫診所,樹林區,新北市樹林區大同街23號1樓、2樓
莊豐如診所,樹林區,新北市樹林區復興路18號1樓
上好牙醫診所,樹林區,新北市樹林區樹新路三十九號一樓
念生耳鼻喉科診所,樹林區,新北市樹林區文化街四十五號一樓
敏昌診所,樹林區,新北市樹林區中華路一四六號一樓
正安診所,樹林區,新北市樹林區復興路63號
佑康中醫診所,樹林區,新北市樹林區學成路478號1樓
周眼科診所,樹林區,新北市樹林區中山路一段１２５號
鈺唐中醫診所,樹林區,新北市樹林區後站街3巷14號1樓
博民診所,樹林區,新北市樹林區中華路２１５號
信和耳鼻喉科診所,樹林區,新北市樹林區博愛街178號1、2樓
中華牙醫診所,樹林區,新北市樹林區中華路２３９號１樓
樹欣牙醫診所,樹林區,新北市樹林區文化街36、38號1樓
樹林泰新診所,樹林區,新北市樹林區中山路一段三十號
樹林日月辰心牙醫診所,樹林區,新北市樹林區鎮前街40號一樓
杏恩診所,樹林區,新北市樹林區育英街４１號
陳春錦中醫診所,樹林區,新北市樹林區樹德街22號1樓
漢昌中醫診所,樹林區,新北市樹林區保安街一段三一五號
游中醫診所,樹林區,新北市樹林區樹新路三十六之一號
樹林同欣堂中醫診所,樹林區,新北市樹林區日新街45號
祥瑞中醫診所,樹林區,新北市樹林區八德街102、106、106之1號
傑夫牙醫診所,樹林區,新北市樹林區日新街32號一樓
康耀牙醫診所,樹林區,新北市樹林區保安二街95號
辰林牙醫診所,樹林區,新北市樹林區中華路二四七號
四德牙醫診所,樹林區,新北市樹林區四德街29號
又怡牙醫診所,樹林區,新北市樹林區中山路一段９３號
鴻仁牙醫診所,樹林區,新北市樹林區中山路一段１２５－１號
宇昇牙醫診所,樹林區,新北市樹林區樹德街９２號
元生牙醫診所,樹林區,新北市樹林區三福街３１號
大山牙醫診所,樹林區,新北市樹林區保順街七十五號
復新牙醫診所,樹林區,新北市樹林區復興路二二一號一樓
欣悅內科診所,樹林區,新北市樹林區學府路298號1樓（含夾層）
欣悅親子耳鼻喉科診所,樹林區,新北市樹林區學府路296號1樓（含夾層）
萬好牙醫診所,樹林區,新北市樹林區保安街一段192-2號一樓
千惠診所,樹林區,新北市樹林區保安街一段190號1~2樓
興明診所,樹林區,新北市樹林區鎮前街7號一樓
德安美樹林牙醫診所,樹林區,新北市樹林區東華街91號1樓
順立骨科診所,樹林區,新北市樹林區中山路一段52號1、2、3樓
日月辰心牙醫診所,樹林區,新北市樹林區鎮前街13號一、二樓
家祥診所,樹林區,新北市樹林區保安街一段54號1、2樓
和美牙醫診所,樹林區,新北市樹林區中山路一段８４號
佳生婦產科診所,樹林區,新北市樹林區鎮前街30號1、2樓
安泰診所,樹林區,新北市樹林區中山路一段123號1、2、3、4、5樓
佳新牙醫診所,樹林區,新北市樹林區太平街５６巷２號
承恩診所,樹林區,新北市樹林區學勤路597號1樓
雅登牙醫診所,樹林區,新北市樹林區大雅路302號1、2樓
群峰牙醫診所,樹林區,新北市樹林區後站街3巷2號2樓
品橙牙醫診所,樹林區,新北市樹林區大安路113號
惠生保安婦幼診所,樹林區,新北市樹林區保安街一段190號(1-2樓)
樹德牙醫診所,樹林區,新北市樹林區日新街37號1樓
曙光牙醫診所,樹林區,新北市樹林區中華路149號一樓
欣瑞牙醫診所,樹林區,新北市樹林區保安二街21、23號1、2樓
何牙醫診所,樹林區,新北市樹林區千歲街５３之２號
慈愛中醫診所,樹林區,新北市樹林區日新街52號1樓
金威牙醫診所,樹林區,新北市樹林區大成路83號1樓
佳豐牙醫診所,樹林區,新北市樹林區學勤路320號1樓
松禾診所,樹林區,新北市樹林區鎮前街58號2樓
大樹診所,樹林區,新北市樹林區鎮前街19號、19之1號1樓、21號2樓
高啟原復健診所,樹林區,新北市樹林區大義路252號1樓、1樓夾層、2樓
永峰診所,樹林區,新北市樹林區中山路1段177號1樓、177之1號1樓、2樓
喜悅診所,樹林區,新北市樹林區中山路1段10號1樓
誠陽復健科診所,樹林區,新北市樹林區東華街81、83、85號1樓
信和診所,樹林區,新北市樹林區博愛街178號1、2樓
星瞳眼科診所,樹林區,新北市樹林區鎮前街11號1樓
麗世牙醫診所,樹林區,新北市樹林區鎮前街64號1、2樓
康普生眼科診所,樹林區,新北市樹林區中山路1段186號1樓、186-1號1樓
三樹金鶯診所,樹林區,新北市樹林區學成路600號1樓、2樓
立康診所,樹林區,新北市樹林區日新街39號(1樓)
大英診所,樹林區,新北市樹林區保安街一段192號之1，1樓
厚德中醫診所,樹林區,新北市樹林區中正路851號1樓
愛雅婦產科診所,樹林區,新北市樹林區大雅路366號1樓
樹新耳鼻喉科診所,樹林區,新北市樹林區長壽街12之2號一樓
得意牙醫診所,樹林區,新北市樹林區大雅路271號1樓、夾層
宏年牙醫診所,樹林區,新北市樹林區育英街50號1樓
仁人中醫診所,樹林區,新北市樹林區復興路21號1樓
北大診所,樹林區,新北市樹林區學勤路386號1樓
詠聖診所,樹林區,新北市樹林區佳園路一段三十九號之一、一樓
朱水松耳鼻喉科診所,樹林區,新北市樹林區中山路一段151之2號（一樓）
安濟診所,樹林區,新北市樹林區中華路162號
三福診所,樹林區,新北市樹林區三福街５６巷７號１樓
蔡瓊倩內科診所,樹林區,新北市樹林區中山路一段151之2號
何廷裕小兒科診所,樹林區,新北市樹林區日新街34號
柯盈賢小兒科診所,樹林區,新北市樹林區樹新路41號1樓
賴內科小兒科診所,樹林區,新北市樹林區育英街52號
許芳豪內科小兒科診所,樹林區,新北市樹林區千歲街４５－３號
賴貞祥婦產科診所,樹林區,新北市樹林區中山路一段１６０號
幼安聯合診所,樹林區,新北市樹林區鎮前街二十六號1、2樓
合聖診所,樹林區,新北市樹林區中山路一段２４０號
合順診所,樹林區,新北市樹林區中山路一段１６８號
晶致牙醫診所,樹林區,新北市樹林區中華路148號1、2樓
鄭仲欽皮膚科診所,樹林區,新北市樹林區中山路一段32號1樓
福康中醫診所,樹林區,新北市樹林區中山路一段216號1樓
樹林建全中醫診所,樹林區,新北市樹林區中華路122號1樓
仁愛醫院,樹林區,新北市樹林區文化街9號(地下1、2樓及地上1樓至8樓)
新北市樹林區衛生所,樹林區,新北市樹林區樹新路40-7號1樓、2樓
亞致牙醫診所,鶯歌區,新北市鶯歌區建國路142-1號、146號1樓
名品牙醫診所,鶯歌區,新北市鶯歌區中正一路五四號
黃家庭醫學科診所,鶯歌區,新北市鶯歌區尖山路286號
茁越牙醫診所,鶯歌區,新北市鶯歌區建國路115號1、2樓，115-1號1樓
麥婦產科診所,鶯歌區,新北市鶯歌區鶯桃路五七一號1-2樓及五七三號1-3樓
康健家庭醫學科診所,鶯歌區,新北市鶯歌區建國路二三一號
崇文診所,鶯歌區,新北市鶯歌區國慶街１４１號
鼎安牙醫診所,鶯歌區,新北市鶯歌區鶯桃路５４５號
國慶中醫診所,鶯歌區,新北市鶯歌區國慶街114號1樓2樓
大山耳鼻喉科診所,鶯歌區,新北市鶯歌區光明街126號1樓
金鶯診所,鶯歌區,新北市鶯歌區國慶街167號1樓
名恩療養院,鶯歌區,新北市鶯歌區鶯桃路二段62號及64號1至4樓
澄欣復健科診所,鶯歌區,新北市鶯歌區國慶街140號、142號1樓，166號1、2樓
正峰中醫診所,鶯歌區,新北市鶯歌區光明街169號1樓、171號1樓
新英診所,鶯歌區,新北市鶯歌區鶯桃路569號1樓
欣慈診所,鶯歌區,新北市鶯歌區國慶街160號1樓
樂康牙醫診所,鶯歌區,新北市鶯歌區南雅路47號1、2樓
鄭龍傑診所,鶯歌區,新北市鶯歌區尖山埔路１６７號
秦德水家庭醫學科診所,鶯歌區,新北市鶯歌區鶯桃路2段21號1樓
陳文隆外科診所,鶯歌區,新北市鶯歌區國慶街１７１號一樓
博美皮膚科診所,鶯歌區,"新北市鶯歌區國慶街１６２號1,2樓"
建國耳鼻喉科診所,鶯歌區,新北市鶯歌區建國路一八０號
韓乃輝診所,鶯歌區,新北市鶯歌區中正一路５２號
慈德聯合診所,鶯歌區,新北市鶯歌區國慶街一五一號一樓
明輝眼科診所,鶯歌區,新北市鶯歌區國慶街143號1樓
維新診所,鶯歌區,新北市鶯歌區建國路36號1、2樓
孫中醫診所,鶯歌區,新北市鶯歌區國慶街152號1樓及154號1樓
新北市鶯歌區衛生所,鶯歌區,新北市鶯歌區文化路389號
怡兒診所,鶯歌區,新北市鶯歌區建國路173號1-3樓
聖心牙醫診所,鶯歌區,新北市鶯歌區鶯桃路二段３４號
心醫堂中醫診所,鶯歌區,新北市鶯歌區鶯桃路二段１７號一樓
養心診所,鶯歌區,新北市鶯歌區建國路36號1樓
博音診所,鶯歌區,新北市鶯歌區鶯桃路３７１號
廣安中醫診所,鶯歌區,新北市鶯歌區育智路18號(1樓)
立好診所,鶯歌區,新北市鶯歌區文化路181號1-2樓
幸安診所,鶯歌區,新北市鶯歌區仁愛路1號5樓
羅晉專中醫診所,鶯歌區,新北市鶯歌區國慶街40號1樓
林明堂牙醫診所,鶯歌區,新北市鶯歌區國慶街115巷17-1號1樓
世達中醫診所,鶯歌區,新北市鶯歌區鶯桃路３７３號
誠悅牙醫診所,鶯歌區,新北市鶯歌區仁愛路13號1樓、15號1-2樓
佳晟診所,鶯歌區,新北市鶯歌區建國路85號5樓
魏牙醫診所,鶯歌區,新北市鶯歌區中正一路８１－１號
大慶牙醫診所,鶯歌區,新北市鶯歌區中正一路１１４號
謝彥中牙醫診所,鶯歌區,新北市鶯歌區國華路53號(1樓)
鶯歌牙醫診所,鶯歌區,新北市鶯歌區南昌街９巷４號一Ｆ
國慶牙醫診所,鶯歌區,新北市鶯歌區國慶街１７５號
楓林牙醫診所,鶯歌區,新北市鶯歌區中正一路９５號
鈞英牙醫診所,鶯歌區,新北市鶯歌區尖山路217-2號1F及夾層
蘋果樹北大診所,三峽區,新北市三峽區大德路127號1、2樓
祥福診所,三峽區,新北市三峽區介壽路1段267號1樓
賴萬華牙醫診所,三峽區,新北市三峽區文化路42號1樓
北大風澤中醫診所,三峽區,新北市三峽區大學路98號1樓、2樓
三峽文化內科診所,三峽區,新北市三峽區文化路127、129、131號(1樓)
踏雪齋中醫診所,三峽區,新北市三峽區大義路191號1樓(含夾層)
黃麟峰中醫診所,三峽區,新北市三峽區學勤路180之1號1樓
欣群耳鼻喉科診所,三峽區,新北市三峽區文化路127、129、131號(1樓)
行天宮醫療志業醫療財團法人恩主公醫院,三峽區,新北市三峽區復興路399號、中山路198、258號
新北市三峽區衛生所,三峽區,新北市三峽區光明路71號3樓
救生牙醫診所,三峽區,新北市三峽區仁愛街十號
三峽光澤診所,三峽區,新北市三峽區大學路100號1樓、2樓
賢明中醫診所,三峽區,新北市三峽區文化路46號1樓
易安中醫診所,三峽區,新北市三峽區中華路51號1樓
植美美學牙醫診所,三峽區,新北市三峽區學成路289號1、2樓
詹小兒科診所,三峽區,新北市三峽區中華路十三之六號一樓
甲東眼科診所,三峽區,新北市三峽區文化路212號
安旭診所,三峽區,新北市三峽區文化路59號8樓之1
蕭皓天皮膚專科診所,三峽區,新北市三峽區大學路186號1、2樓
飛悅北大牙醫診所,三峽區,新北市三峽區大德路489號1樓
永澄診所,三峽區,新北市三峽區光明路二十號一樓
鼎晶牙醫診所,三峽區,新北市三峽區三樹路205號1樓
華德牙醫診所,三峽區,新北市三峽區和平街８３號
晴美眼科診所,三峽區,新北市三峽區大德路266號1樓(含夾層)
如原診所,三峽區,新北市三峽區文化路264-1號1樓
謝明福復健科診所,三峽區,新北市三峽區中華路22號2樓
冠昕診所,三峽區,新北市三峽區民生街69號1樓
王湘琦身心診所,三峽區,新北市三峽區中華路28巷8號1樓
北大蒔美牙醫診所,三峽區,新北市三峽區學成路256號1、2樓
擎天牙醫診所,三峽區,新北市三峽區復興路3號1、2樓
三峽大學眼科診所,三峽區,新北市三峽區復興路7號1樓、5號2樓
大同牙醫診所,三峽區,"新北市三峽區大同路7號1,2樓"
敏家診所,三峽區,新北市三峽區復興路108號1、2樓、106號2樓
悅兒診所,三峽區,新北市三峽區龍學里學成路329之1號1樓
博智診所,三峽區,新北市三峽區文化路23號1樓
北大小兒科診所,三峽區,新北市三峽區大學路87號1樓
三禾診所,三峽區,新北市三峽區中華路13之5號4樓
杏宜診所,三峽區,新北市三峽區大學路102號1樓
聯鴻骨科診所,三峽區,新北市三峽區大義路5號1、2樓，7號1、2樓
仁合中醫診所,三峽區,新北市三峽區文化路112號1樓
小雲朵兒童牙醫診所,三峽區,新北市三峽區學成路291號1、2樓
新禾診所,三峽區,新北市三峽區學成路235號1樓
吉盛牙醫診所,三峽區,新北市三峽區大學路109號1、2樓
明美學牙醫診所,三峽區,新北市三峽區光明路100號1、2樓
中園診所,三峽區,新北市三峽區弘園街37號1樓
北大承光中醫診所,三峽區,新北市三峽區大德路125號1樓
昕月牙醫診所,三峽區,新北市三峽區大學路156之1號1、2樓
清福診所,三峽區,新北市三峽區介壽路一段280號1樓
璞實牙醫診所,三峽區,新北市三峽區中華路23號1樓、2樓
常順診所,三峽區,新北市三峽區中華路13號1、2樓
美利亞牙醫診所,三峽區,新北市三峽區大德路489號1樓
慈佑診所,三峽區,新北市三峽區學勤路16號1樓
安膚診所,三峽區,新北市三峽區民權街8號1樓
欣寧身心診所,三峽區,新北市三峽區文化路266之9號1樓
文化耳鼻喉科診所,三峽區,新北市三峽區文化路127、129、131號(1樓)
蘇牙醫診所,三峽區,新北市三峽區溪北街２８號
惠恩牙醫診所,三峽區,新北市三峽區民生街７７號１樓
大瀚牙醫診所,三峽區,新北市三峽區民生街３３號１樓
勝美牙醫診所,三峽區,新北市三峽區中山路二三三號
錦霖診所,三峽區,新北市三峽區文化路８６號
趙敏政耳鼻喉科診所,三峽區,新北市三峽區復興路93、95號1樓
詠康診所,三峽區,新北市三峽區介壽路1段159號
一盧診所,三峽區,新北市三峽區民生街79號1樓
慶霖診所,三峽區,新北市三峽區橫溪路25號
新安診所,三峽區,新北市三峽區民生街36號1樓
建民診所,三峽區,新北市三峽區復興路33號
名家皮膚科診所,三峽區,新北市三峽區文化路90號1樓、2樓
退除役官兵輔導委員會臺北榮譽國民之家醫務室,三峽區,新北市三峽區嘉添里白雞路129號
主恩診所,三峽區,新北市三峽區大同路98-2號1樓
彭耳鼻喉科診所,三峽區,新北市三峽區文化路１３２號
元津堂中醫診所,三峽區,新北市三峽區民生街146巷19號1樓
永聖醫療社團法人文化醫院,三峽區,新北市三峽區介壽路1段199號
協和牙醫診所,三峽區,新北市三峽區大德路218號1樓
佑辰牙醫診所,三峽區,新北市三峽區文化路212號之5-6 -1樓
優美牙醫診所,三峽區,新北市三峽區文化路２６４號３Ｆ
學城牙醫診所,三峽區,新北市三峽區大義路31號1、2樓
慧安診所,三峽區,新北市三峽區文化路59號9樓之2
高品牙醫診所,三峽區,新北市三峽區大德路183號1、2樓
慈恩中醫診所,三峽區,新北市三峽區文化路七○號一、二樓
佳佑診所,三峽區,新北市三峽區中山路169巷2號2樓、4樓
清福醫院,三峽區,新北市三峽區介壽路一段286號2樓
宏志牙醫診所,三峽區,新北市三峽區文化路１８號
星龍耳鼻喉科診所,三峽區,新北市三峽區國際一街5號1樓
錦禾診所,三峽區,新北市三峽區中華路20號2樓之1
太元堂中醫診所,三峽區,新北市三峽區大勇路82號１樓
同福堂中醫診所,三峽區,新北市三峽區中正路一段111號1樓
真善美牙醫診所,三峽區,新北市三峽區中正路一段５５號
陳世芳診所,淡水區,新北市淡水區重建街１９８號
劉政耳鼻喉科診所,淡水區,新北市淡水區中山路53號
新光家醫科診所,淡水區,新北市淡水區民族路１２號２樓
淳仁聯合診所,淡水區,新北市淡水區學府路３５號
元明眼科診所,淡水區,新北市淡水區英專路八十五號
永光眼科診所,淡水區,"新北市淡水區中正東路47-1號1,2,3樓"
李兆然家醫科診所,淡水區,新北市淡水區學府路１８號
鴻恩診所,淡水區,新北市淡水區民族路５０巷１號
大忠耳鼻喉科診所,淡水區,新北市淡水區大忠街一一三巷三十一號一樓
泓安醫院,淡水區,新北市淡水區下圭柔山九一巷二號一至四樓．地下一樓
水碓瑞安診所,淡水區,新北市淡水區北新路182巷61號
彩虹眼科診所,淡水區,新北市淡水區中山北路一段89號
恩友診所,淡水區,新北市淡水區大義街5號1樓
睛采眼科診所,淡水區,新北市淡水區大忠街113巷29號
英專耳鼻喉科皮膚科診所,淡水區,新北市淡水區英專路96號
梁衛賓診所,淡水區,新北市淡水區北新路43號1樓
朝日牙醫診所,淡水區,新北市淡水區自強路78號１樓
晶晶牙科診所,淡水區,新北市淡水區清水街六號1、2樓
新偕牙醫診所,淡水區,新北市淡水區北新路一二三號一樓
淡水聯合牙醫診所,淡水區,新北市淡水區英專路73號
新光牙醫診所,淡水區,新北市淡水區清水街34巷1號及3號1樓及2樓
文化牙醫診所,淡水區,新北市淡水區中正路294-1號1樓
大盛牙醫診所,淡水區,新北市淡水區中山路一○六之一號
劉牙醫診所,淡水區,新北市淡水區中正路１04號1樓
康華牙醫診所,淡水區,新北市淡水區民權路一二七號二樓
淡江牙醫診所,淡水區,新北市淡水區文化路59巷6號1樓
衡德牙醫診所,淡水區,新北市淡水區中山北路一段９７號
鄧公牙醫診所,淡水區,新北市淡水區鄧公路３０巷１１號
同陽牙醫診所,淡水區,新北市淡水區學府路三十七號
文川耳鼻喉科診所,淡水區,新北市淡水區中山北路一段91號1樓
華生家醫科皮膚科聯合診所,淡水區,新北市淡水區北新路一六九巷四號一樓
李元瑞牙醫診所,淡水區,新北市淡水區中正東路59號
煥然牙醫診所,淡水區,新北市淡水區中山北路一段五十五號
慶安中醫診所,淡水區,新北市淡水區中山路１４３號
昇宏牙醫診所,淡水區,新北市淡水區大忠街3７號1樓
大愛中醫診所,淡水區,新北市淡水區北新路17號2樓
仙台中醫診所,淡水區,新北市淡水區大忠街七十五號
仁禾中醫診所,淡水區,新北市淡水區原德路37號
祐安中醫診所,淡水區,新北市淡水區北新路171號1樓
黃麟偉診所,淡水區,新北市淡水區新春街163號
劉小冰兒科診所,淡水區,新北市淡水區北新路１７５號
瑞竹醫典牙醫診所,淡水區,新北市淡水區民族路27號2樓
恩霖牙醫診所,淡水區,新北市淡水區中山路92號1、2樓
陽明中醫診所,淡水區,新北市淡水區中山路63號
祐銘耳鼻喉科診所,淡水區,新北市淡水區民族路31號1、2樓
許景新耳鼻喉科診所,淡水區,新北市淡水區中山路１７號
喜聖診所,淡水區,新北市淡水區民權路59號1樓53、55、59、61號2樓
蒞恩牙醫診所,淡水區,新北市淡水區新春街198號
台灣基督長老教會馬偕醫療財團法人淡水馬偕紀念醫院,淡水區,新北市淡水區民生路四十五號、民權路47號B1~11樓
淡水新埔牙醫診所,淡水區,新北市淡水區淡金路３段２９４號
榮芳骨科診所,淡水區,新北市淡水區中山北路一段149巷22號及24號1F
寶樹堂中醫診所,淡水區,新北市淡水區水源街一段122巷40號1樓
頂好耳鼻喉科診所,淡水區,新北市淡水區中山北路2段184、186號
宏瑋牙醫診所,淡水區,新北市淡水區北新路５５號
蒞美牙醫診所,淡水區,新北市淡水區中山路一○一號一、二 樓
金德中醫診所,淡水區,新北市淡水區學府路７９號
達觀中醫診所,淡水區,新北市淡水區新生街51巷10號
寶石時尚美學診所,淡水區,新北市淡水區英專路65巷1號1樓
陳牙醫診所,淡水區,新北市淡水區清水街248號
卓訓德診所,淡水區,新北市淡水區新市一路三段36號1樓
順心中醫診所,淡水區,新北市淡水區中山北路1段175號1樓
菲絲美診所,淡水區,新北市淡水區中山路138號1、2、3樓
金微笑中醫診所,淡水區,新北市淡水區濱海路一段135號
璞安牙醫診所,淡水區,新北市淡水區新市一路三段38號1樓
黃秋陽診所,淡水區,新北市淡水區中山路7號
滙眾內科診所,淡水區,新北市淡水區中山北路一段１０１號
汪牙醫診所,淡水區,新北市淡水區學府路１０２巷８號一樓
祐銘眼科診所,淡水區,新北市淡水區民族路31號1、2樓
能安診所,淡水區,新北市淡水區博愛街六八號一樓
李文旭內科診所,淡水區,新北市淡水區中正東路４５－１號
皇誠牙醫診所,淡水區,新北市淡水區民生路30號1樓、2樓
竹圍牙醫診所,淡水區,新北市淡水區民族路三十四號
佛仁牙醫診所,淡水區,新北市淡水區民權路179之2號2樓
陳灼彭身心醫診所,淡水區,新北市淡水區北新路192號之1
淡海診所,淡水區,新北市淡水區沙崙路158-1號1樓
華民牙醫診所,淡水區,新北市淡水區中山路１２０號
建順中醫診所,淡水區,新北市淡水區英專路一二 一號
新浥診所,淡水區,新北市淡水區新市一路一段172號1樓及夾層
皇瑞牙醫診所,淡水區,新北市淡水區民族路20號1、2樓
怡安診所,淡水區,新北市淡水區中正東路一段57、59號1、2樓
匯康內科診所,淡水區,新北市淡水區中正東路2段121號2樓、2樓之2、2樓之1
皓恩牙醫診所,淡水區,新北市淡水區民族路3號2樓
悠植牙醫診所,淡水區,新北市淡水區北新路2號一、二樓
加惠診所,淡水區,新北市淡水區新市五路三段378號1樓、380號1樓、382號1樓
金向德中醫診所,淡水區,新北市淡水區北新路88號1樓
禾原內科診所,淡水區,新北市淡水區淡金路一段551號(1-2層)
竹圍中醫診所,淡水區,新北市淡水區民生路34號1樓
怡和診所,淡水區,新北市淡水區中正路一段130之8號(1-2層)
皇嘉牙醫診所,淡水區,新北市淡水區中山北路3段59之2號1樓
新悅中醫診所,淡水區,新北市淡水區英專路21巷30號
公祥診所,淡水區,新北市淡水區中山路38、38-1、38-2、38-3、40、40-1、40-2、40-3號
真傳中醫診所,淡水區,新北市淡水區濱海路二段202巷26號
慧腎診所,淡水區,新北市淡水區英專路21巷25號1至4樓及27號1至4樓
植仕美數位美學牙醫診所,淡水區,新北市淡水區中山北路2段14號1樓及夾層
藍瀅中醫診所,淡水區,新北市淡水區學府路16號1樓
立徠美學牙醫診所,淡水區,新北市淡水區新春街165號1樓
民生牙醫診所,淡水區,新北市淡水區中山路3號
陳正熙診所,淡水區,新北市淡水區中山北路一段87號1、2、3樓
宜禾診所,淡水區,新北市淡水區新市一路三段105號1樓
元甡堂中醫診所,淡水區,新北市淡水區沙崙路131巷9號1樓
心悅身心診所,淡水區,新北市淡水區英專路99號
荷星牙醫診所,淡水區,新北市淡水區中山北路二段205號1樓、1樓夾層、2樓
皇閣牙醫診所,淡水區,新北市淡水區沙崙路158號1樓及2樓
水碓中醫診所,淡水區,新北市淡水區大義街7號1樓
沐恩診所,淡水區,新北市淡水區濱海路一段143號1樓
旭安診所,淡水區,新北市淡水區民生路52巷2弄6號1樓
北新醫療社團法人北新醫院,淡水區,新北市淡水區忠寮里演戲埔腳1之2號
呂仁金皮膚科診所,淡水區,新北市淡水區學府路51巷1弄18號1樓
全元堂中醫診所,淡水區,新北市淡水區民權路185巷7號1樓
康如診所,淡水區,新北市淡水區中正東路53之8號(1樓)、53之9號(2樓)
淡海中醫診所,淡水區,新北市淡水區新市一路3段147號1樓
矯政牙醫診所,淡水區,新北市淡水區北新路111號1、2樓
建和堂中醫診所,淡水區,新北市淡水區北新路169巷31弄5號1樓
祐興中醫診所,淡水區,新北市淡水區民族路112巷3號1樓
富康中醫診所,淡水區,新北市淡水區北新路192-12號2樓
實康復健科診所,淡水區,新北市淡水區學府路36號2樓
三易中醫診所,淡水區,新北市淡水區學府路51巷1弄21號1樓
新北市淡水區衛生所,淡水區,新北市淡水區中山路158號
博安診所,淡水區,新北市淡水區中山路一五九之七．八號地下一樓
順生婦產科診所,淡水區,新北市淡水區中山路一七九號一樓
浦晴診所,淡水區,新北市淡水區中正東路二段29號18樓
百成牙醫診所,淡水區,新北市淡水區學府路4３號一樓、地下一樓
宏儒牙醫診所,淡水區,新北市淡水區民族路五號二樓
美白牙醫診所,淡水區,新北市淡水區中正東路二段37號2樓
林得時婦產科診所,淡水區,新北市淡水區中山路14號 （1、2、3樓）
佑昌牙醫診所,汐止區,新北市汐止區中興路九十五號
詠翔牙醫診所,汐止區,新北市汐止區湖前街35號1樓
成合牙醫診所,汐止區,新北市汐止區新台五路二段六號
依紜中醫診所,汐止區,新北市汐止區中正路262號1樓
廣緣堂中醫診所,汐止區,新北市汐止區明峰街132號
雙雙小兒科診所,汐止區,新北市汐止區明峰街一四三號
佳德中醫診所,汐止區,新北市汐止區連興街28號1樓
湖前診所,汐止區,新北市汐止區湖前街六十號之三
汐止陳診所,汐止區,新北市汐止區新昌路52號1樓
向陽牙醫診所,汐止區,新北市汐止區大同路二段二九八號
汐心牙醫診所,汐止區,新北市汐止區大同路2段689號1樓及建成路18號2樓之3
登美牙醫診所,汐止區,新北市汐止區忠孝東路277號1、2樓
牙典牙醫診所,汐止區,新北市汐止區新台五路一段九十六號
汐科牙醫診所,汐止區,新北市汐止區新台五路一段81號2樓之1(B室及C室)
汐美學牙醫診所,汐止區,新北市汐止區中興路115號1樓
汐止蒔美牙醫診所,汐止區,新北市汐止區中興路144號1樓、2樓
馨生婦產科小兒科診所,汐止區,新北市汐止區福德二路215號1樓、215之1號1樓
周得民中醫診所,汐止區,新北市汐止區新昌路50號1樓
亮采時尚美學診所,汐止區,新北市汐止區大同路二段376號2樓、378號9樓之2
德祐小兒科診所,汐止區,新北市汐止區福德一路117之1號1樓
新台安診所,汐止區,新北市汐止區新台五路一段178號1樓
采風牙醫診所,汐止區,新北市汐止區大同路二段239號1樓
鐊明診所,汐止區,新北市汐止區福德二路58號1樓
謝宏杰身心精神科診所,汐止區,新北市汐止區新台五路一段232號1樓
國泰醫療財團法人汐止國泰綜合醫院,汐止區,新北市汐止區建成路59巷2號地下4樓至地上12樓
新北市汐止區衛生所,汐止區,新北市汐止區新台五路一段266號地下1樓、地上1至4樓
吳婦產科診所,汐止區,新北市汐止區大同路2段171號1樓
洪耳鼻喉科診所,汐止區,新北市汐止區大同路二段三三二號一樓
許哲豪皮膚科診所,汐止區,新北市汐止區忠孝東路214號1樓
大同耳鼻喉科診所,汐止區,新北市汐止區大同路二段300號1樓及298號2樓之1
雙雙牙醫診所,汐止區,新北市汐止區明峰街137號1樓
弘人小兒科診所,汐止區,新北市汐止區福德二路一五二號一樓
七采牙醫診所,汐止區,新北市汐止區大同路二段380、382號1樓
醫心館中醫診所,汐止區,新北市汐止區大同路二段137號1樓
人禾小兒科診所,汐止區,新北市汐止區仁愛路140號1樓
洪振凱診所,汐止區,新北市汐止區樟樹一路136號
新和診所,汐止區,新北市汐止區新興路36號1樓
康寧耳鼻喉科診所,汐止區,新北市汐止區康寧街386號1樓
楊內科小兒科診所,汐止區,新北市汐止區汐萬路一段２５號
黃玟珍診所,汐止區,新北市汐止區樟樹一路１２２號
高登眼科診所,汐止區,新北市汐止區大同路二段282號2樓
李懷德小兒科診所,汐止區,新北市汐止區忠孝東路343號(第一層)
洪皮膚科診所,汐止區,新北市汐止區湖前街四十一號
東暉診所,汐止區,新北市汐止區新興路三號八樓
許至仁診所,汐止區,新北市汐止區忠孝東路二九０號
青山診所,汐止區,新北市汐止區莊敬街一二九號一樓
朝芳診所,汐止區,新北市汐止區中正路八號
福德診所,汐止區,新北市汐止區福德二路一七一號
世康診所,汐止區,新北市汐止區中興路86號3樓
戴政傑診所,汐止區,新北市汐止區樟樹一路一三三巷一號
吳宗憲診所,汐止區,新北市汐止區忠孝東路２１０號
元泰診所,汐止區,新北市汐止區明峰路１０８號１樓
康普森牙醫診所,汐止區,新北市汐止區中興路135號1樓、2樓
陽明牙醫診所,汐止區,新北市汐止區連興路五十號
倍得牙醫診所,汐止區,新北市汐止區仁愛路17號1樓
秀峰牙醫診所,汐止區,新北市汐止區新台五路一段172號1、2樓
顏志瑋診所,汐止區,新北市汐止區建成路18號1樓
華成中醫診所,汐止區,新北市汐止區福德二路１００號1樓
健榮中醫診所,汐止區,新北市汐止區康寧街487號1樓
永琦牙醫診所,汐止區,新北市汐止區中正路１２５號２Ｆ
江北牙醫診所,汐止區,新北市汐止區大同路二段四三四號二樓
復全牙醫診所,汐止區,新北市汐止區中正路１６４號
德惠牙醫診所,汐止區,新北市汐止區忠孝東路３８４號
翔齡牙醫診所,汐止區,新北市汐止區樟樹一路１１９巷４號１樓
東波牙醫診所,汐止區,新北市汐止區福德一路177巷6號1樓
柏元牙醫診所,汐止區,新北市汐止區忠孝東路314之1號
經典聯合牙醫診所,汐止區,新北市汐止區樟樹一路二十號一樓
荃盛復健科診所,汐止區,新北市汐止區大同路二段312巷7號1樓
大漢中醫診所,汐止區,新北市汐止區忠孝東路212號1樓
宏國牙醫診所,汐止區,新北市汐止區樟樹一路141巷11號1樓
青蓮中醫診所,汐止區,新北市汐止區忠孝東路323號1樓
佑昌內科診所,汐止區,新北市汐止區中興路９５號
尚風牙醫診所,汐止區,新北市汐止區康寧街389號1樓
佑安診所,汐止區,新北市汐止區大同路二段３７０號１Ｆ
羅小兒科診所,汐止區,新北市汐止區忠孝東路二四四號一樓
和昌牙醫診所,汐止區,新北市汐止區大同路2段575號1樓
安興牙醫診所,汐止區,新北市汐止區康寧街411號1樓
民生診所,汐止區,新北市汐止區中正路２９４號
蘇右任耳鼻喉科診所,汐止區,新北市汐止區新台五路二段１０號
晶華眼科診所,汐止區,新北市汐止區忠孝東路241號1樓及3樓
汐止長青診所,汐止區,新北市汐止區秀峰路68號1樓
宏澤診所,汐止區,新北市汐止區忠孝東路459號1樓
合康診所,汐止區,新北市汐止區大同路2段512號1樓
蘇小兒科診所,汐止區,新北市汐止區福德一路二四五號
世樺中醫診所,汐止區,新北市汐止區大同路二段５５１巷３號1樓
幸福牙醫診所,汐止區,新北市汐止區樟樹一路139巷1號1樓
三益診所,汐止區,新北市汐止區仁愛路187號1樓
祥和診所,汐止區,新北市汐止區建成路37巷13號
美連心診所,汐止區,新北市汐止區連興街60號1樓
杞子中醫診所,汐止區,新北市汐止區福德二路120號1樓
彭耳鼻喉專科診所,汐止區,新北市汐止區中興路二二六號
杏萱婦產科診所,汐止區,新北市汐止區連興街32號1樓
微風牙醫診所,汐止區,新北市汐止區新台五路一段141號2樓
唯真牙醫診所,汐止區,新北市汐止區福德一路113-1號1樓(含夾層)
宏彬診所,汐止區,新北市汐止區茄苳路37號1樓
嘉仁牙醫診所,汐止區,新北市汐止區大同路二段五一九號
悠悅牙醫診所,汐止區,新北市汐止區仁愛路110號1樓
榮誠骨科診所,汐止區,新北市汐止區南昌街37號1、2樓
唯其中醫診所,汐止區,新北市汐止區復興路19號1樓
品美牙醫診所,汐止區,新北市汐止區康寧街46號1樓及吉林街3號1樓
體生診所,汐止區,新北市汐止區新昌路64、66號1樓
多麗診所,汐止區,新北市汐止區大同路2段233號1樓
旭川牙醫診所,汐止區,新北市汐止區南昌街45號1、2樓
幸湖診所,汐止區,新北市汐止區湖前街27號1樓及夾層
悅康牙醫診所,汐止區,新北市汐止區康寧街459巷8號1樓、2樓
汐止泰興中醫診所,汐止區,新北市汐止區康寧街361號1樓
汐科杞子中醫診所,汐止區,新北市汐止區大同路二段312巷8號1樓
心芽美學牙醫診所,汐止區,新北市汐止區新昌路37之2號1樓、2樓
皓明眼科診所,汐止區,新北市汐止區中興路199號1樓
佳祥診所,汐止區,新北市汐止區民族三街7號1樓
華佗中醫診所,汐止區,新北市汐止區樟樹一路十號
得美皮膚專科診所,汐止區,新北市汐止區忠孝東路427號1樓
全美汐止診所,汐止區,新北市汐止區中興路154號2樓
育和診所,汐止區,新北市汐止區中正路31號1、2樓
汐止有間診所,汐止區,新北市汐止區福德一路220號1樓
汐止力康復健科診所,汐止區,新北市汐止區新台五路1段93號3樓
安英診所,汐止區,新北市汐止區福德二路116號1樓
和昌唐中醫診所,汐止區,新北市汐止區新昌路73號1樓
樂霖牙醫診所,汐止區,新北市汐止區仁愛路145號1樓
多麗美學牙醫診所,汐止區,新北市汐止區大同路2段231號1樓
御洺牙醫診所,汐止區,新北市汐止區康寧街420號1樓、2樓
雲品牙醫診所,汐止區,新北市汐止區忠孝東路341號1樓
茂昌眼科診所,汐止區,新北市汐止區忠孝東路399號2樓
巴黎國際長春診所,汐止區,新北市汐止區中興路181之1號1樓、2樓、181之2號2樓
恆御復健科診所,汐止區,新北市汐止區康寧街374號、376號1樓
蘇怡菁家醫科診所,汐止區,新北市汐止區仁愛路43號1樓
雲天牙醫診所,汐止區,新北市汐止區新台五路1段276號1樓、272號2樓
中欣診所,汐止區,新北市汐止區中興路202號1樓
宏欣診所,汐止區,新北市汐止區大同路2段221號1樓
東辰診所,汐止區,新北市汐止區新興路3號6樓
田安診所,汐止區,新北市汐止區大同路2段171號3樓、173號3樓、175號3樓、175號3樓之1
健欣骨科診所,汐止區,新北市汐止區中興路91號1樓、2樓
祐一復健科診所,汐止區,新北市汐止區康寧街410號1樓、2樓
敦揚中醫診所,汐止區,新北市汐止區福德一路141巷15號1樓
佳林皮膚科診所,汐止區,新北市汐止區康寧街388號1樓
李春風中醫診所,汐止區,新北市汐止區福安街47號1樓
鴻海診所,汐止區,新北市汐止區忠孝東路317號1樓
秀峰中醫診所,汐止區,新北市汐止區新台五路二段九號1樓
大新中醫診所,汐止區,新北市汐止區樟樹一路141巷1號1樓
汐潔牙醫診所,汐止區,新北市汐止區大同路二段312巷11弄2號1樓
馨悅婦產科診所,汐止區,新北市汐止區福德二路215號12樓、215號之一12樓、215號之二12樓、215號之三12樓、215號之五12樓
安星診所,瑞芳區,新北市瑞芳區明燈路3段３７號1樓
瑞豐診所,瑞芳區,新北市瑞芳區明燈路二段48號1樓、48之1號1樓、48之1號2樓
芳德牙醫診所,瑞芳區,新北市瑞芳區三爪子坑路89號之17 -1樓
簡診所,瑞芳區,新北市瑞芳區明燈路三段39-3號1樓
晴安診所,瑞芳區,新北市瑞芳區民權街6巷1之1號1樓
健康101診所,瑞芳區,新北市瑞芳區明燈路三段9號1樓
合安診所,瑞芳區,新北市瑞芳區大埔路106號1樓
冠誠中醫診所,瑞芳區,新北市瑞芳區大埔路104號1樓
偉文診所,瑞芳區,新北市瑞芳區大埔路130號1樓
瑞誠診所,瑞芳區,新北市瑞芳區中正路42號1樓
福康診所,瑞芳區,新北市瑞芳區中正路82號1樓
瑞光眼科診所,瑞芳區,新北市瑞芳區明燈路三段９６號
康橋診所,瑞芳區,新北市瑞芳區明燈路三段39-7號1樓
新北市瑞芳區衛生所,瑞芳區,新北市瑞芳區明燈路三段1號
瑞芳礦工醫院,瑞芳區,新北市瑞芳區一坑路71之2號
家康陳診所,瑞芳區,新北市瑞芳區明燈路三段36號(1樓)
詠安診所,瑞芳區,新北市瑞芳區明燈路3段79號1樓
瑞聯診所,瑞芳區,新北市瑞芳區明燈路三段１３號一樓
瑞芳李牙醫診所,瑞芳區,新北市瑞芳區民生街五之一號一．二樓
泰順牙醫診所,瑞芳區,新北市瑞芳區中正路７６號
中美牙醫診所,瑞芳區,新北市瑞芳區明燈路三段３４號
大宏中醫診所,瑞芳區,新北市瑞芳區明燈路三段71號1樓
潔新牙醫診所,瑞芳區,新北市瑞芳區中山路25號1、2樓
永佳婦產專科診所,土城區,新北市土城區金城路2段248-2號2樓、250號1、2樓
曾惠坤診所,土城區,新北市土城區光明街７號二樓
東方牙醫診所,土城區,新北市土城區延吉街一六八巷一號
泰康診所,土城區,新北市土城區中央路2段238號1樓
馬丁健康診所,土城區,新北市土城區中華路一段209號1樓
盛泓牙醫診所,土城區,新北市土城區學府路1段三三號
佳楷牙醫診所,土城區,新北市土城區學府路1段113號1、2樓
禾心牙醫診所,土城區,新北市土城區延和路101號1樓
吉康小兒科診所,土城區,新北市土城區學府路1段188號1樓
秀偉小兒科診所,土城區,新北市土城區金城路2段380號1樓
陳信成達明診所,土城區,新北市土城區中央路2段79號1樓
郭海昌診所,土城區,新北市土城區青雲路224號
曾明禮皮膚科診所,土城區,新北市土城區中央路一段61號1、2樓及63號1、2樓
元佳診所,土城區,新北市土城區中央路2段253、255號3樓
蔡侑儒皮膚科診所,土城區,新北市土城區裕民路83號1、2樓
惟馨婦產科診所,土城區,新北市土城區裕民路73號2樓
新亞牙醫診所,土城區,新北市土城區中央路4段１３９之２號
莒光牙醫診所,土城區,新北市土城區延吉街288、290號
施潔慧牙醫診所,土城區,新北市土城區裕民路263號1樓
怡安牙醫診所,土城區,新北市土城區廣明街８１號
嘉德沈牙醫診所,土城區,新北市土城區明德路2段二一一號
傑聖牙醫診所,土城區,新北市土城區裕民路二三六號一樓
聯揚牙醫診所,土城區,新北市土城區中央路二段176號(1、2樓)
康群牙醫診所,土城區,新北市土城區延吉街一二四號
宏維牙醫診所,土城區,新北市土城區學府路1段一五三號
土城新雅牙醫診所,土城區,新北市土城區中央路一段150、152號1樓
沅鴻牙醫診所,土城區,新北市土城區承天路13號1、2樓
瑞康牙醫診所,土城區,新北市土城區中央路2段41號1樓
羅文亮小兒科診所,土城區,新北市土城區裕民路144號1樓
元福診所,土城區,新北市土城區明德路二段62號4樓
維安小兒科診所,土城區,新北市土城區中央路1段６７－２號
土城芳鄰牙醫診所,土城區,新北市土城區慶安街３５號
悠活精神科診所,土城區,新北市土城區學府路一段158號1樓
圓心診所,土城區,新北市土城區學府路一段65號1樓
杏林牙醫診所,土城區,新北市土城區中央路1段２９８號
聖滄中醫診所,土城區,新北市土城區學府路一段216號
德祥牙醫診所,土城區,新北市土城區延吉街三三七號一樓
鐵齒牙醫診所,土城區,新北市土城區青雲路37之1號1樓
康捷牙醫診所,土城區,新北市土城區中央路四段76之5號2樓
陳鴻翔中醫診所,土城區,新北市土城區裕民路98號1、2樓
清水建全中醫診所,土城區,新北市土城區明德路一段59號1樓
林原億中醫診所,土城區,新北市土城區學府路一段189巷11弄4號1樓
吉德中醫診所,土城區,新北市土城區土城市延吉街１６８巷３號
延和中醫診所,土城區,新北市土城區延和路127號1樓、125巷2號1樓、125巷4號1樓
易元堂中醫診所,土城區,新北市土城區學府路1段107號1、2樓
顏式模牙醫診所,土城區,新北市土城區裕民路１８５巷５號
仁安牙醫診所,土城區,新北市土城區廣興街２９號
振興牙醫診所,土城區,新北市土城區明德路一段41號1樓
楊偉澤牙醫診所,土城區,新北市土城區和平路四之一號一樓
加州牙醫診所,土城區,新北市土城區中央路2段198號
嘉銳牙醫診所,土城區,新北市土城區學府路1段１６８號
良一牙醫診所,土城區,新北市土城區裕民路２６１－１號１樓
建明中醫診所,土城區,新北市土城區金城路3段139巷12號1樓
奕馨親子診所,土城區,新北市土城區中央路二段61巷32號1樓
聯欣中醫診所,土城區,新北市土城區中央路二段161號3樓
誼家牙醫診所,土城區,新北市土城區清水路一八一號
頂埔中心診所,土城區,新北市土城區中央路4段286號1樓
莊京憲耳鼻喉科診所,土城區,新北市土城區明德路一段2號1樓
吳俊穎眼科診所,土城區,新北市土城區清水路336號1樓
土城建宏中醫診所,土城區,新北市土城區中央路一段260之2號1樓
漢榮中醫診所,土城區,新北市土城區延壽路13巷1號1樓
新北市立土城醫院(委託長庚醫療財團法人興建經營),土城區,新北市土城區金城路二段6號
土城金鶯診所,土城區,新北市土城區中央路二段155號1、2樓
成安牙醫診所,土城區,新北市土城區裕民路181號1樓
成德中醫診所,土城區,新北市土城區明德路二段163號1樓
新北市土城區衛生所,土城區,新北市土城區和平路26號1、2樓
健業診所,土城區,新北市土城區中央路2段223之10號2、3樓
杏光骨科診所,土城區,新北市土城區中央路二段107號1、2樓及109號1、2樓
廣福診所,土城區,新北市土城區廣興街３１號
宏恩牙醫診所,土城區,新北市土城區中央路2段223之8號1樓
信誠牙醫診所,土城區,新北市土城區明峰街40號1樓
富康牙醫診所,土城區,新北市土城區裕民路108號1、2樓
仁祐骨科診所,土城區,新北市土城區學府路一段116號1樓、2樓
麗品牙醫診所,土城區,新北市土城區中央路二段332號1、2樓
立吉診所,土城區,新北市土城區金城路三段41號1樓.2樓
漢邦中醫診所,土城區,新北市土城區中央路一段205號1樓
裕立診所,土城區,新北市土城區裕生路4號1樓
博盛耳鼻喉科診所,土城區,新北市土城區立德路66、68號1樓
博勝診所,土城區,新北市土城區立德路66、68號1樓
富城牙醫診所,土城區,新北市土城區中央路二段161號1樓
福滿堂中醫診所,土城區,新北市土城區青仁路37號1樓
思安牙醫診所,土城區,新北市土城區中央路四段75號1樓
博聖診所,土城區,新北市土城區立德路66.68號1樓
太醫殿中醫診所,土城區,新北市土城區學成路48號1樓
欣揚中醫診所,土城區,新北市土城區延吉街268號1樓
維誠小兒科診所,土城區,新北市土城區中央路一段67-2號1樓
謝志偉皮膚專科診所,土城區,新北市土城區金城路三段164號1樓
永康身心診所,土城區,新北市土城區裕民路82號1樓
民安復健科診所,土城區,新北市土城區延吉街311號2樓
誠康耳鼻喉科診所,土城區,新北市土城區金城路三段137號1樓
城林小兒科診所,土城區,新北市土城區中央路二段312號1樓
合安中醫診所,土城區,新北市土城區延吉街119號1樓
裕安診所,土城區,新北市土城區裕民路131號1樓
延平診所,土城區,新北市土城區延和路205號1樓
蔡永福小兒科診所,土城區,新北市土城區金城路3段一七六之一號一樓
城安耳鼻喉科診所,土城區,新北市土城區金城路三段30號1樓
李外科診所,土城區,新北市土城區中正路一號六樓
余耳鼻喉科診所,土城區,新北市土城區中央路1段２４５號
大宇牙醫診所,土城區,新北市土城區延平街４３號
明治牙醫診所,土城區,新北市土城區中央路1段１６１號
學林牙醫診所,土城區,新北市土城區學府路1段56號1、2樓
廣泉診所,土城區,新北市土城區清水路114號6樓
祐生耳鼻喉科診所,土城區,新北市土城區中央路2段二二三之九號一樓
賴家庭醫學科診所,土城區,新北市土城區中央路1段169號1樓
仁和牙醫診所,土城區,新北市土城區中央路二段223之1號1、2樓
天華牙醫診所,土城區,新北市土城區中央路1段二六四號之二 一樓
土城明師中醫聯合診所,土城區,新北市土城區中正路一號一至二樓
和揚中醫診所,土城區,新北市土城區明德路一段101號1樓
土城診所,土城區,新北市土城區中央路2段177巷22號1樓
延吉診所,土城區,新北市土城區明德路1段２４號
李楫航小兒科診所,土城區,新北市土城區中央路二段149巷8之1號1樓
煌昌診所,土城區,新北市土城區中央路2段119之1號1樓
歐家庭醫學科診所,土城區,新北市土城區中央路2段180巷15號1樓
張國樑診所,土城區,新北市土城區學府路1段72號1樓
瞿眼科診所,土城區,新北市土城區學府路1段73號
張孝馨診所,土城區,新北市土城區立德路37號
鍾眼科診所,土城區,新北市土城區裕民路24號1樓
維康診所,土城區,新北市土城區中央路1段224號1樓
嘉恩耳鼻喉科診所,土城區,新北市土城區裕民路７６號
王培玲診所,土城區,新北市土城區中央路一段110號1樓
安祥婦產科診所,土城區,新北市土城區學府路1段59號1樓
梁診所,土城區,新北市土城區中央路四段75號1樓
學府實和聯合診所,土城區,新北市土城區學府路1段121號1．2樓
育昇診所,土城區,新北市土城區延和路174號1樓
新明診所,土城區,新北市土城區延和路187號1樓
洪正祝小兒科診所,土城區,新北市土城區延和路112號1樓
祐生眼科診所,土城區,新北市土城區中央路2段223-9號1樓
健兒診所,土城區,新北市土城區金城路3段50號2樓
世桓中醫診所,土城區,新北市土城區永豐路135巷17弄6號1樓
廣川醫院,土城區,新北市土城區裕民路２７４．２７６．２７８號
耆康中醫診所,土城區,新北市土城區清水路174號1樓
仁安醫院,土城區,新北市土城區中央路1段六二．六四號1-５樓 中華路一段一號2-5樓三號1-5樓
萬芳牙醫診所,土城區,新北市土城區光明街3號1樓
土城仁安堂中醫診所,土城區,新北市土城區中央路2段207號1樓
誠安耳鼻喉科診所,土城區,新北市土城區中央路4段38號1樓
宏陽耳鼻喉科診所,土城區,新北市土城區學府路1段一O五號
星采牙醫診所,土城區,新北市土城區中央路二段276-1號1、2樓
郭舒民診所,土城區,新北市土城區明德路一段35號1樓
康合診所,土城區,新北市土城區清水路233號1樓
人人診所,土城區,新北市土城區中央路二段20之2號1、2樓
家峰耳鼻喉科診所,土城區,新北市土城區中正路15號1樓及夾層
土城許牙醫診所,土城區,新北市土城區裕生路８２巷１號
上吉診所,土城區,新北市土城區延吉街122號1、2樓
悅揚牙醫診所,土城區,新北市土城區裕民路96號1、2樓
明曜牙醫診所,土城區,新北市土城區延吉街206號1、2樓，208號1、2樓
精心牙醫診所,土城區,新北市土城區裕民路174號1、2、3、4樓
元復醫院,土城區,新北市土城區中央路2段318．320．322．324號1至4樓及253、255號1樓
土城劉內科診所,土城區,新北市土城區裕民路226號
弘新中醫診所,土城區,新北市土城區裕民路280號3樓
羅林小兒科診所,土城區,新北市土城區裕民路83號1、2樓
聖和中醫診所,土城區,新北市土城區廣興街28、30號1樓
澄美牙醫診所,土城區,新北市土城區學士路421號1樓
亞欣牙醫診所,土城區,新北市土城區青雲路226號1、2樓
廣全診所,土城區,新北市土城區學成路2號1、2樓
宏大牙醫診所,土城區,新北市土城區裕民路四十二號
三安診所,土城區,新北市土城區裕民路37號1樓
亞泰診所,土城區,新北市土城區中央路2段278巷16號
祐生中醫診所,土城區,新北市土城區裕民路二０二號
永光牙醫診所,土城區,新北市土城區中央路1段283號1樓
錫安牙醫診所,土城區,新北市土城區學府路1段五三號一樓
渼林中醫診所,土城區,新北市土城區清水路179號1樓
玉生堂中醫診所,土城區,新北市土城區學府路一段155巷5號1樓
維恩骨科診所,土城區,新北市土城區金城路三段43號1、2樓
土城光晶妍寶島診所,土城區,新北市土城區明德路二段189號1樓
延和祥恩診所,土城區,新北市土城區延和路92號1樓
日光牙醫診所,土城區,新北市土城區中央路二段90號1、2樓
名仁診所,土城區,新北市土城區立雲街3號1樓
三合堂中醫診所,土城區,新北市土城區青雲路275號
慶儒中醫診所,土城區,新北市土城區中央路一段350號1樓
星漾牙醫診所,土城區,新北市土城區中央路二段60號1、2樓
金城牙醫診所,土城區,新北市土城區金城路三段191號1、2樓
青禾診所,土城區,新北市土城區延吉街141號1、2、3樓
精誠牙醫診所,土城區,新北市土城區學府路一段179號1樓、2樓
康城診所,土城區,新北市土城區中正路152號1樓
精湛牙醫診所,土城區,新北市土城區學府路一段179號1樓、2樓
弘祐中醫診所,土城區,新北市土城區中央路4段113號1樓
嘉恩牙醫診所,土城區,新北市土城區延吉街143號1樓
學府周耳鼻喉科診所,土城區,新北市土城區學府路一段117號1樓、2樓
涵恩婦產科診所,土城區,新北市土城區中央路二段163號1樓
大昌診所,土城區,新北市土城區青雲路184號1樓
興城骨科診所,土城區,新北市土城區光明街58號(1樓及夾層)
佑祥美學牙醫診所,土城區,新北市土城區中央路四段64號1樓、2樓、66號1樓、2樓
土城中央診所,土城區,新北市土城區中央路二段219號1樓
合康身心診所,土城區,新北市土城區金城路三段17號1樓
冠菲牙醫診所,土城區,新北市土城區中央路一段252號1、2樓
裕民至祥診所,土城區,新北市土城區裕民路27號1樓及夾層
瑞明診所,土城區,新北市土城區廣明街63巷2弄1號1樓
上承診所,土城區,新北市土城區裕民路142號1、2樓
立全診所,土城區,新北市土城區中央路二段150號1、2樓
星曜牙醫診所,土城區,新北市土城區延吉街206號1、2樓，208號1、2樓
仁有堂中醫診所,土城區,新北市土城區學府路一段67號1、2樓
穗城復健科診所,土城區,新北市土城區金城路三段176號1樓.2樓、176-2號
傾心婦產科診所,土城區,新北市土城區金城路二段259號1樓
得麗爾時尚診所,土城區,新北市土城區裕民路75號2樓
建馨復健科診所,土城區,新北市土城區中央路二段196號1樓、2樓
維濃中醫診所,土城區,新北市土城區裕民路228號1樓
仁康診所,土城區,新北市土城區青仁路29號1樓
東松牙醫診所,土城區,新北市土城區裕民路235、237、239號1、2樓
恩樺醫院,土城區,新北市土城區中央路一段7-18號地下1樓、1樓、2樓、4至10樓
廣益診所,土城區,新北市土城區廣明街56號1樓
陳彥廷診所,蘆洲區,新北市蘆洲區中山一路212號1樓
宏昇牙醫診所,蘆洲區,新北市蘆洲區復興路１１５號
福田診所,蘆洲區,新北市蘆洲區中正路140號1樓
天佑復健診所,蘆洲區,新北市蘆洲區長樂路82號1樓及86號1樓
健群診所,蘆洲區,新北市蘆洲區中華街71號1、2樓
長安牙醫診所,蘆洲區,新北市蘆洲區長安街１１２號
張眼科診所,蘆洲區,新北市蘆洲區中華街63號2樓、67號2樓、69號2樓之2
沐心牙醫診所,蘆洲區,新北市蘆洲區三民路13、15號1、2、3樓
建德牙醫診所,蘆洲區,新北市蘆洲區中華街１３號
人安診所,蘆洲區,新北市蘆洲區民權路133號1樓
蘆洲大愛眼科診所,蘆洲區,新北市蘆洲區長榮路96、98號1樓及夾層
佑明眼科診所,蘆洲區,新北市蘆洲區長安街283號1樓
陳介臣婦產科診所,蘆洲區,新北市蘆洲區中山二路１３９號1樓-2樓
永濟中醫診所,蘆洲區,新北市蘆洲區中山二路46巷34號1樓
長榮耳鼻喉科診所,蘆洲區,新北市蘆洲區長榮路１５號１樓
愛樂親子診所,蘆洲區,新北市蘆洲區長樂路168號1樓
黃天一耳鼻喉科診所,蘆洲區,新北市蘆洲區中山一路180號1樓
蘆洲現代耳鼻喉科診所,蘆洲區,新北市蘆洲區集賢路306號1樓
華安診所,蘆洲區,新北市蘆洲區長安街205號1樓
傑美牙醫診所,蘆洲區,新北市蘆洲區民權路八四號
容光皮膚專科診所,蘆洲區,新北市蘆洲區中原路10號1樓及夾層
永全牙醫診所,蘆洲區,新北市蘆洲區民族路269號1樓
兒樂吉診所,蘆洲區,新北市蘆洲區民族路267號1樓
遇見兒童牙醫診所,蘆洲區,新北市蘆洲區長榮路692號1樓
超群耳鼻喉科診所,蘆洲區,新北市蘆洲區長安街78號1樓
盛德牙醫診所,蘆洲區,新北市蘆洲區中正路155號
春陽中醫診所,蘆洲區,新北市蘆洲區民族路43號1樓
樂澄牙醫診所,蘆洲區,新北市蘆洲區永樂街33號1樓
欣彥身心診所,蘆洲區,新北市蘆洲區復興路200號1樓
啟安婦產科家庭醫學科診所,蘆洲區,新北市蘆洲區中山二路１１１號１樓
豐華牙醫診所,蘆洲區,新北市蘆洲區民權路114號1樓
博士牙醫診所,蘆洲區,新北市蘆洲區長榮路173號1樓
宥宥婦幼診所,蘆洲區,新北市蘆洲區長榮路58號1至6樓
康福牙醫診所,蘆洲區,新北市蘆洲區長安街二一八號一樓至二樓
興霖中醫診所,蘆洲區,新北市蘆洲區永樂街90號1樓
曙光診所,蘆洲區,新北市蘆洲區三民路362-3號1樓
佑安耳鼻喉科診所,蘆洲區,新北市蘆洲區民族路69號1樓
六福診所,蘆洲區,新北市蘆洲區中正路45號1樓
黃皮醫師診所,蘆洲區,新北市蘆洲區光華路42號1樓
長興骨科診所,蘆洲區,新北市蘆洲區民族路87號1樓、2樓
李明哲診所,蘆洲區,新北市蘆洲區信義路246號1樓
蘆洲諾貝爾眼科診所,蘆洲區,新北市蘆洲區三民路86號1樓(含夾層)
蘆洲上禾耳鼻喉科診所,蘆洲區,新北市蘆洲區新北市蘆洲區長榮路47-1號1樓、47和47-1號2樓
蘆洲上禾內科診所,蘆洲區,新北市蘆洲區長榮路47-1號1樓、47和47-1號2樓
杏暉復健科診所,蘆洲區,新北市蘆洲區中華街57號1樓及61巷1號1樓
蘆洲安妞美學診所,蘆洲區,新北市蘆洲區正義里16鄰長榮路309號1樓
御森牙醫診所,蘆洲區,新北市蘆洲區永平街32-1號1樓
泓安內科診所,蘆洲區,新北市蘆洲區永樂街2號3樓、4樓
良和中醫診所,蘆洲區,新北市蘆洲區中山二路172號1樓
鎰安牙醫診所,蘆洲區,新北市蘆洲區光明路10號
同仁堂中醫診所,蘆洲區,新北市蘆洲區信義路297號1樓2樓、299號1樓、319巷13號1樓
鄭書�牙醫診所,蘆洲區,新北市蘆洲區集賢路二二四巷五十四號一樓
鴻昇診所,蘆洲區,新北市蘆洲區中原路51號
建安診所,蘆洲區,新北市蘆洲區長安街265號1樓
建群診所,蘆洲區,新北市蘆洲區中華街71號1、2樓
弘一診所,蘆洲區,新北市蘆洲區重陽街82、86號1樓
盈綵牙醫診所,蘆洲區,新北市蘆洲區光華路180號1樓
家源牙醫診所,蘆洲區,新北市蘆洲區三民路380號1、2樓
遇見牙醫診所,蘆洲區,新北市蘆洲區長榮路690號1樓
立博診所,蘆洲區,新北市蘆洲區光華路20號1~4樓及中正路157號1樓
鷺江中醫診所,蘆洲區,新北市蘆洲區三民路26巷31弄3號1樓
萬鎰堂中醫診所,蘆洲區,新北市蘆洲區正和街83號1樓
愛惜牙醫診所,蘆洲區,新北市蘆洲區民權路87號1樓
宜興診所,蘆洲區,新北市蘆洲區永樂街38巷42弄6號1樓、地下1樓及永樂街26巷27號地下1樓
蘆美學牙醫診所,蘆洲區,新北市蘆洲區長安街91號1樓、2樓
健安診所,蘆洲區,新北市蘆洲區長安街265號1樓
明暘診所,蘆洲區,新北市蘆洲區長安街26號1樓、1樓夾層、2樓及28號1樓、1樓夾層、2樓
百和中醫診所,蘆洲區,新北市蘆洲區長榮路321號1樓
禾峰診所,蘆洲區,新北市蘆洲區中正路8號1樓、2樓
長安骨科診所,蘆洲區,新北市蘆洲區長安街277號1樓
慶明眼科診所,蘆洲區,新北市蘆洲區中山二路32號1、2、3樓
柏鎂牙醫診所,蘆洲區,新北市蘆洲區集賢路318號1樓、1樓夾層
心安牙醫診所,蘆洲區,新北市蘆洲區中山二路120號1樓、2樓
開心生活診所,蘆洲區,新北市蘆洲區三民路376之3號1樓
皮醫師蘆洲診所,蘆洲區,新北市蘆洲區光華路42號1樓
六善堂中醫診所,蘆洲區,新北市蘆洲區中華街7號1樓
成美牙醫診所,蘆洲區,新北市蘆洲區重陽街62號1樓
集安診所,蘆洲區,新北市蘆洲區集賢路238號2、3樓及240號2、3樓
康廷耳鼻喉科診所,蘆洲區,新北市蘆洲區中正路124號1樓
安馨婦產科診所,蘆洲區,新北市蘆洲區民族路203號1樓
沅昇復健科診所,蘆洲區,新北市蘆洲區復興路87巷6號、6-1號、8-1號1樓
愛麗生婦產科診所,蘆洲區,新北市蘆洲區長榮路323號1-5樓及325號2-5樓
俊亨婦產科診所,蘆洲區,新北市蘆洲區中山二路135號1-4樓
麗璽牙醫診所,蘆洲區,新北市蘆洲區中正路351號一樓及夾層
禾新牙醫診所,蘆洲區,新北市蘆洲區復興路63號1、2樓
東大眼科診所,蘆洲區,新北市蘆洲區三民路19號1-2樓
菁采皮膚專科診所,蘆洲區,新北市蘆洲區信義路246-1號1樓
巨鼎骨科診所,蘆洲區,新北市蘆洲區集賢路222之6號1、2樓
祥永中醫診所,蘆洲區,新北市蘆洲區長榮路146號1樓
御鼎牙醫診所,蘆洲區,新北市蘆洲區光復路47號1樓
欣向美診所,蘆洲區,新北市蘆洲區信義路365號1樓
合安堂中醫診所,蘆洲區,新北市蘆洲區長榮路179號1樓
德興診所,蘆洲區,新北市蘆洲區復興路67號1樓
佳聖診所,蘆洲區,新北市蘆洲區中山一路129號6樓、7樓
健侒診所,蘆洲區,新北市蘆洲區長安街265號1樓
欣宥婦產科診所,蘆洲區,新北市蘆洲區長榮路58號7樓、8樓
健群耳鼻喉科診所,蘆洲區,新北市蘆洲區中華街71號1、2樓
張志遠中醫診所,蘆洲區,新北市蘆洲區光華路63號1樓
湯瑪士親子兒科診所,蘆洲區,新北市蘆洲區民族路377號1-2樓
許修平診所,蘆洲區,新北市蘆洲區長安街290號1樓
芊瓏中醫診所,蘆洲區,新北市蘆洲區復興路74號1樓
冠植牙醫診所,蘆洲區,新北市蘆洲區集賢路342號1樓
學進牙醫診所,蘆洲區,新北市蘆洲區信義路262號1樓
聖哲耳鼻喉科診所,蘆洲區,新北市蘆洲區復興路148號
家園牙醫診所,蘆洲區,新北市蘆洲區光榮路97巷69號1樓（含夾層）
全嘉耳鼻喉科診所,蘆洲區,新北市蘆洲區長安街156號1樓
華康牙醫診所,蘆洲區,新北市蘆洲區信義路228號2樓
仁川診所,蘆洲區,新北市蘆洲區長榮路410號1樓
美加牙醫診所,蘆洲區,新北市蘆洲區中山一路42號1、2樓
璀璨美學牙醫診所,蘆洲區,新北市蘆洲區中正路24號1樓
杏東診所,蘆洲區,新北市蘆洲區中正路9號1樓
杏美牙醫診所,蘆洲區,新北市蘆洲區復興路112號1樓
鴻昇中醫診所,蘆洲區,新北市蘆洲區復興路106號1樓
宥宥小兒科診所,蘆洲區,新北市蘆洲區長榮路175號1樓
安美皮膚科診所,蘆洲區,新北市蘆洲區中正路125號1樓
共和診所,蘆洲區,新北市蘆洲區中正路４號1樓  10號1樓
洪文能診所,蘆洲區,新北市蘆洲區民族路４６號
昱明診所,蘆洲區,新北市蘆洲區長榮路67號1樓
上安診所,蘆洲區,新北市蘆洲區長榮路381號1樓
協和診所,蘆洲區,新北市蘆洲區永平街12號1樓
蘆洲立民診所,蘆洲區,新北市蘆洲區民族路88號1、2樓及90號1樓
華心牙醫診所,蘆洲區,新北市蘆洲區光華路六十九號一樓
集賢內科診所,蘆洲區,新北市蘆洲區集賢路三五六號１、２、３樓、三五八號 ２、３樓
本一診所,蘆洲區,新北市蘆洲區長榮路43-1號1樓
大祐中醫診所,蘆洲區,新北市蘆洲區中正路47號1樓
偉齡牙醫診所,蘆洲區,新北市蘆洲區復興路72號
李鴻圖診所,蘆洲區,新北市蘆洲區成功路７０號
莊炳煌診所,蘆洲區,新北市蘆洲區中正路１７５號
王國欽耳鼻喉科診所,蘆洲區,新北市蘆洲區集賢路420號
新北市蘆洲區衛生所,蘆洲區,新北市蘆洲區中央路58號
樂活診所,蘆洲區,新北市蘆洲區中正路151號1樓
啟新中醫診所,蘆洲區,新北市蘆洲區中正路197號1樓
蔡嘉哲骨科診所,蘆洲區,新北市蘆洲區長安街124號1樓
林錦榮小兒科診所,蘆洲區,新北市蘆洲區中華街６６號
蘆洲李耳鼻喉科診所,蘆洲區,新北市蘆洲區中華街63號1樓
潘眼科診所,蘆洲區,新北市蘆洲區中正路11號1樓2樓
宏國診所,蘆洲區,新北市蘆洲區信義路２７２號
劉安邦耳鼻喉科診所,蘆洲區,新北市蘆洲區中正路十三號
仁美診所,蘆洲區,新北市蘆洲區中正路３７１號１、２、３樓
民族診所,蘆洲區,新北市蘆洲區民族路53號
群安診所,蘆洲區,新北市蘆洲區長安街118號
趙國雄診所,蘆洲區,新北市蘆洲區民族路369號1樓
蘆洲實和復健診所,蘆洲區,新北市蘆洲區長榮路156號1樓~2樓
乾祐診所,蘆洲區,新北市蘆洲區中正路119號
永全診所,蘆洲區,新北市蘆洲區中山一路241號
田眼科診所,蘆洲區,新北市蘆洲區復興路六十六號
寶明診所,蘆洲區,新北市蘆洲區長安街255號
晉泰牙醫診所,蘆洲區,新北市蘆洲區中華街３０號
嘉齡牙醫診所,蘆洲區,新北市蘆洲區中正路２１號、２３號１樓
水湳牙醫診所,蘆洲區,新北市蘆洲區民族路四六八號
盧洲陳牙醫診所,蘆洲區,新北市蘆洲區中正路７２號
普惠牙醫診所,蘆洲區,新北市蘆洲區中正路１１６號
永富牙醫診所,蘆洲區,新北市蘆洲區民族路四二六巷八號一樓
雙宏牙醫診所,蘆洲區,新北市蘆洲區長安街７６號1、2樓
信義牙醫診所,蘆洲區,新北市蘆洲區信義路249號1樓
昌輝牙醫診所,蘆洲區,新北市蘆洲區永平街二十七號
全家聯合牙醫診所,蘆洲區,新北市蘆洲區得勝街161號
元大牙醫診所,蘆洲區,新北市蘆洲區光華路68號
拾健牙醫診所,蘆洲區,新北市蘆洲區光復路9號一樓
東揚牙醫診所,蘆洲區,新北市蘆洲區集賢路352號
臻品牙醫診所,蘆洲區,新北市蘆洲區長榮路65號1樓
曉兒耳鼻喉科診所,蘆洲區,新北市蘆洲區中山二路一五一號
蘇眼科診所,蘆洲區,新北市蘆洲區中正路一六三號一樓
林昭良耳鼻喉科診所,蘆洲區,新北市蘆洲區復興路七十號
蘆洲成功耳鼻喉科診所,蘆洲區,新北市蘆洲區長安街二五三號1樓2樓
聯邦診所,蘆洲區,新北市蘆洲區長安街五二號
鴻文耳鼻喉科診所,蘆洲區,新北市蘆洲區集賢路224巷14號
詠贊聯合診所,蘆洲區,新北市蘆洲區中正路八十五號1-4樓
欣葉牙醫診所,蘆洲區,新北市蘆洲區長安街33號
蘆洲現代內科診所,蘆洲區,新北市蘆洲區集賢路306號1樓
新立中醫診所,蘆洲區,新北市蘆洲區中山二路四十六巷十三號
大春中醫診所,蘆洲區,新北市蘆洲區中正路1號1樓
同慶堂中醫診所,蘆洲區,新北市蘆洲區長安街295號1樓
得康中醫診所,蘆洲區,新北市蘆洲區中原路41號1樓
信義中醫診所,蘆洲區,新北市蘆洲區信義路261號
培元中醫診所,蘆洲區,新北市蘆洲區中山二路６９號
一品堂中醫診所,蘆洲區,新北市蘆洲區中正路１１８號
英文牙醫診所,蘆洲區,新北市蘆洲區民族路343-1號一樓及夾層
京典牙醫診所,蘆洲區,新北市蘆洲區中山一路245.245之1.247.247之1號1樓
華泰中醫診所,蘆洲區,新北市蘆洲區三民路141號1樓
愛林鑫北診所,蘆洲區,新北市蘆洲區長榮路75號1樓
丁良文內科診所,蘆洲區,新北市蘆洲區長安街30號及32號1樓
顏鴻仁家庭醫學科診所,蘆洲區,新北市蘆洲區民族路１２７號
勝原堂中醫診所,蘆洲區,新北市蘆洲區信義路246號之5  246號之6  1樓
真善美婦產科診所,蘆洲區,新北市蘆洲區中山一路41號一樓
長榮中醫診所,蘆洲區,新北市蘆洲區長榮路55號
健勇皮診所,蘆洲區,新北市蘆洲區中正路55號1樓
宏康診所,蘆洲區,新北市蘆洲區長安街２０７巷３號
仁愛牙科診所,蘆洲區,新北市蘆洲區中山二路１２３號
上晴牙醫診所,蘆洲區,新北市蘆洲區民族路5號1樓
本一牙醫診所,蘆洲區,新北市蘆洲區長榮路43-1號1樓
蘆洲集賢耳鼻喉科診所,蘆洲區,新北市蘆洲區集賢路306號1樓
登士美數位牙醫診所,蘆洲區,新北市蘆洲區三民路3號1樓及3之1號2樓
中山骨科診所,蘆洲區,新北市蘆洲區中山二路51號1、2樓
華邦診所,蘆洲區,新北市蘆洲區中正路119-1號1樓
大安診所,蘆洲區,新北市蘆洲區長安街二八三號
柏韋牙醫診所,蘆洲區,新北市蘆洲區中華街41-1號1-2樓
京華牙醫診所,蘆洲區,新北市蘆洲區長榮路375號
宜德中醫診所,蘆洲區,新北市蘆洲區中正路327號1樓
品鑽牙醫診所,蘆洲區,新北市蘆洲區長安街247號1、2樓
明勝牙醫診所,蘆洲區,新北市蘆洲區民族路58號1樓
壬康精神科診所,蘆洲區,新北市蘆洲區中正路114號1樓
仁滙診所,五股區,新北市五股區成泰路三段270號1-3層
上禾牙醫診所,五股區,新北市五股區成泰路三段533號1樓2樓
德音牙醫診所,五股區,新北市五股區成泰路一段１４９號
明志牙醫診所,五股區,新北市五股區凌雲路一段５７號
大順中醫診所,五股區,新北市五股區成泰路二段196號
翔展診所,五股區,新北市五股區成泰路二段162號1樓
林筱琪診所,五股區,新北市五股區新城六路180號1樓
五股水碓診所,五股區,新北市五股區自強路36號1樓
好治牙醫診所,五股區,新北市五股區成泰路二段180號1樓
倍康復健科診所,五股區,新北市五股區成泰路二段140號1樓及144號1-2樓
成泰中醫診所,五股區,新北市五股區成泰路三段515號1樓
吉浤診所,五股區,新北市五股區成泰路三段520、522、526號1、2樓
晴美牙醫診所,五股區,新北市五股區成泰路1段237-15號1樓
唯一牙醫診所,五股區,新北市五股區成泰路三段328號1、2樓
皇尚牙醫診所,五股區,新北市五股區成泰路二段107號1.2樓
健泰診所,五股區,新北市五股區成泰路二段116號
黃志勳診所,五股區,新北市五股區成泰路二段六十九號一樓
瑞林牙醫診所,五股區,新北市五股區成泰路3段286號1樓
祐聖小兒科診所,五股區,新北市五股區五福路34號一樓
嘉安小兒科診所,五股區,新北市五股區凌雲路一段72號
新北市五股區衛生所,五股區,新北市五股區新城三路11號1樓、2樓及3樓
成洲診所,五股區,新北市五股區凌雲路一段七十三號
鴻佑診所,五股區,新北市五股區成泰路二段６１號１樓
鐘耳鼻喉科診所,五股區,新北市五股區成泰路二段57號1樓、2樓
信恆診所,五股區,新北市五股區中興路一段七十四號
德音診所,五股區,新北市五股區自強路146號
京橋牙醫診所,五股區,新北市五股區成泰路二段五九號
義美牙醫診所,五股區,新北市五股區成泰路二段一九四號
鄭牙醫診所,五股區,新北市五股區西雲路２３７號
周中醫診所,五股區,新北市五股區成泰路二段１８２號
五福診所,五股區,新北市五股區五福路39號1樓
恩新牙醫診所,五股區,新北市五股區五福路四十三號
普生眼科診所,泰山區,新北市泰山區明志路1段188號1樓
泰然牙醫診所,泰山區,新北市泰山區仁德路97巷6號1、2樓
天仁堂中醫診所,泰山區,新北市泰山區明志路二段３１７號
城康牙醫診所,泰山區,新北市泰山區明志路1段201號1樓
永安診所,泰山區,新北市泰山區仁愛路112之2號1樓
宏明診所,泰山區,新北市泰山區明志路一段一０八號三樓
泰安診所,泰山區,新北市泰山區泰林路二段182號1樓
城康美學牙醫診所,泰山區,新北市泰山區仁愛路59、61號1樓(含夾層)
黎明中醫聯合診所,泰山區,新北市泰山區明志路一段３１５號
馨德中醫診所,泰山區,新北市泰山區福興二街31號1樓
新五泰牙醫診所,泰山區,新北市泰山區仁德路88號1樓
泰山新庚診所,泰山區,新北市泰山區仁德路71號1、2樓
耀德中醫診所,泰山區,新北市泰山區福興三街28號1樓
頂好骨科診所,泰山區,新北市泰山區明志路3段31、33號1樓
泰一中醫診所,泰山區,新北市泰山區明志路2段78號1樓
雅致美學診所,泰山區,新北市泰山區泰林路2段134號1樓
禾杏牙醫診所,泰山區,新北市泰山區明志路2段121號2樓
時珍中醫診所,泰山區,新北市泰山區明志路3段147號1、2樓
倍嘉骨科診所,泰山區,新北市泰山區泰林路2段204號1樓
佳欣診所,泰山區,新北市泰山區明志路2段77號1樓
舒禾牙醫診所,泰山區,新北市泰山區明志路3段191號1樓
亞昕牙醫診所,泰山區,新北市泰山區明志路3段83號1樓(含夾層)
明泰診所,泰山區,新北市泰山區明志路一段190號1樓
弘森診所,泰山區,新北市泰山區明志路一段257號1樓
泰美牙醫診所,泰山區,新北市泰山區仁愛路58號1樓
京硯牙醫診所,泰山區,新北市泰山區明志路1段385號1、2樓
賴和鴻診所,泰山區,新北市泰山區明志路二段４2號1樓
黃耀立診所,泰山區,新北市泰山區明志路一段三九一號
葆安診所,泰山區,新北市泰山區明志路一段十五號一樓
唐氏牙醫診所,泰山區,新北市泰山區明志路一段129號1樓
懷聖中醫診所,泰山區,新北市泰山區福興一街75號1樓
明泰牙醫診所,泰山區,新北市泰山區明志路三段１７７號
李天堯牙醫診所,泰山區,新北市泰山區明志路二段七十五號
新北市泰山區衛生所,泰山區,新北市泰山區全興路212號3樓
雅致皮膚科診所,泰山區,新北市泰山區泰林路二段110號1至3樓
葉啟東婦產科診所,泰山區,新北市泰山區明志路一段１３１號
溫法烈耳鼻喉科診所,泰山區,新北市泰山區泰林路二段１７５號
林慶國耳鼻喉科診所,泰山區,新北市泰山區明志路一段475號
陳獻宗診所,泰山區,新北市泰山區明志路二段12號1樓
康泰診所,泰山區,新北市泰山區泰林路2段290號1．2樓
泰和診所,泰山區,新北市泰山區明志路二段62號
懷恩婦產科診所,泰山區,新北市泰山區泰林路二段172號
安仁牙醫診所,泰山區,新北市泰山區泰林路二段２９４號1樓
泰山牙醫診所,泰山區,新北市泰山區明志路一段二九二號一樓
信美牙醫診所,泰山區,新北市泰山區泰林路二段一一二號
喜美牙醫診所,泰山區,新北市泰山區明志路一段七號
大新泰牙醫診所,泰山區,新北市泰山區泰林路二段１９３號
妙健堂中醫診所,泰山區,新北市泰山區工專路三號
星光中醫診所,泰山區,新北市泰山區明志路1段81號1樓
楓江診所,泰山區,新北市泰山區楓江路8號1樓
蔡興龍小兒科診所,泰山區,新北市泰山區明志路2段422號1樓
泰上牙醫診所,泰山區,新北市泰山區明志路一段202號1樓
懷安小兒科診所,泰山區,新北市泰山區明志路二段３４４號
王嘉興診所,泰山區,新北市泰山區明志路一段271號1樓
新象牙醫診所,泰山區,新北市泰山區明志路二段三四四號二樓
輔仁大學學校財團法人輔仁大學附設醫院,泰山區,新北市泰山區貴子路69號(地下4層、地上1至13層、15層)
余小兒科診所,泰山區,新北市泰山區泰林路二段一六二號
泰明中醫診所,泰山區,新北市泰山區明志路2段379號1樓
永旭診所,泰山區,新北市泰山區仁愛路88號1樓
仁邦診所,林口區,新北市林口區中山路534號1、2樓
宗男診所,林口區,新北市林口區麗園一街6巷9號1樓之4
心悅牙醫診所,林口區,新北市林口區仁愛路二段520號1-2樓
汎德牙醫診所,林口區,新北市林口區仁愛路二段24號1、2樓26號1、2、3樓
佳恩中醫診所,林口區,新北市林口區竹林路58號1樓
妙吉祥中醫診所,林口區,新北市林口區仁愛路二段269號2樓之1
勝康骨科診所,林口區,新北市林口區中山路143號 1樓、145號1樓
德林診所,林口區,新北市林口區竹林路170號1樓
信隆堂中醫診所,林口區,新北市林口區文化二路二段86號1樓
明揚診所,林口區,新北市林口區中山路１９２號一、二樓
超群牙醫診所,林口區,新北市林口區中山路１８８號２Ｆ－１
鼎豐中醫診所,林口區,新北市林口區文化三路一段637號1樓
宏愛診所,林口區,新北市林口區林口路47號1樓
豐家診所,林口區,新北市林口區文化二路1段158號
侯志龍小兒科診所,林口區,新北市林口區公園路25號1樓
文合骨科診所,林口區,新北市林口區文化二路一段266號10樓之1
黃紹基診所,林口區,新北市林口區民有街156號1樓(含夾層)
麗林耳鼻喉科診所,林口區,新北市林口區忠孝路379號1樓
元康中醫診所,林口區,新北市林口區文化二路一段168號1樓
天翔牙醫診所,林口區,新北市林口區麗園一街9巷2號1樓之4、文化二路一段579號1樓
吉隆牙醫診所,林口區,新北市林口區中正路２９５號
林口周牙醫診所,林口區,新北市林口區中山路１２９號１Ｆ
坤冉牙醫診所,林口區,新北市林口區中正路１４３號
麗園牙醫診所,林口區,新北市林口區麗園一街六巷二號一樓之一
林安牙醫診所,林口區,新北市林口區竹林路161號
嘉德中醫診所,林口區,新北市林口區三民路15號1樓及夾層
沃德忠孝牙醫診所,林口區,新北市林口區忠孝路377號1樓及夾層
恆安中醫診所,林口區,新北市林口區竹林路４０７號
庚長優質診所,林口區,新北市林口區文化三路一段235號1、2樓
國寶堂中醫診所,林口區,新北市林口區文化二路二段159號1樓
欣泉身心診所,林口區,新北市林口區文化二路一段156號1樓
健雄診所,林口區,新北市林口區中山路194號一、二、三樓
四季牙醫診所,林口區,新北市林口區仁愛路二段8號一樓
萊德美學牙醫診所,林口區,新北市林口區文化二路一段283號1.2樓
展心牙醫診所,林口區,新北市林口區文化三路二段36號1樓
拉法睡眠診所,林口區,新北市林口區文化三路一段415號1樓及夾層
仲全診所,林口區,新北市林口區中正路200號1樓
羊咩咩親子診所,林口區,新北市林口區仁愛路二段206號1樓
康澤牙醫診所,林口區,新北市林口區中山路255號1、2樓
安妞美學診所,林口區,新北市林口區文化三路二段55號2樓
林漢邦診所,林口區,新北市林口區仁愛路二段60號1-2樓
全德中醫診所,林口區,新北市林口區仁愛路二段502號2樓之1
極致美學牙醫診所,林口區,新北市林口區文化三路1段463號1樓
劉乃豪診所,林口區,新北市林口區文化二路一段90號1樓
佳眼科診所,林口區,新北市林口區竹林路六十九號
親子耳鼻喉科診所,林口區,新北市林口區仁愛路2段113.115.117號1樓
新北市林口區衛生所,林口區,新北市林口區忠孝二路55號1-2樓
麗林牙醫診所,林口區,新北市林口區文化二路1段一二０巷三號一樓
捷仁診所,林口區,新北市林口區麗園一街６巷１號１樓之４
林口星和診所,林口區,新北市林口區文化二路一段390之2號1樓
惠群牙醫診所,林口區,新北市林口區文化二路1段２０巷９號
禾林牙醫診所,林口區,新北市林口區竹林路166號1樓
沃德牙醫診所,林口區,新北市林口區忠孝路381號1樓
聯生中醫診所,林口區,新北市林口區三民路108號1樓
合元堂中醫診所,林口區,新北市林口區忠孝路382之2號1樓
日沐勤美牙醫診所,林口區,新北市林口區文化三路一段243號1、2樓
林口風澤中醫診所,林口區,新北市林口區文化三路二段146號1樓及夾層
林口微笑內科診所,林口區,新北市林口區文化三路一段419號1樓、421號1樓
吉祥中醫診所,林口區,新北市林口區林口路46號2樓
博診所,林口區,新北市林口區民富街91號1樓
巧益牙醫診所,林口區,新北市林口區中山路97巷12號1樓
林口真如中醫診所,林口區,新北市林口區文化三路一段571號1樓
六丼中醫診所,林口區,新北市林口區忠孝路308巷19號1樓
博思診所,林口區,新北市林口區中正路20號1樓
林口微笑親子耳鼻喉科診所,林口區,新北市林口區文化三路一段419號1樓、421號1樓
馥妍流美學診所,林口區,新北市林口區中正路37號1樓、2樓、3樓
耀耀親子眼科診所,林口區,新北市林口區仁愛路二段269號、271號1樓
彤顏診所,林口區,新北市林口區文化二路一段170號1樓
好好牙醫診所,林口區,新北市林口區文化三路一段417號1樓、2樓
佑安內科診所,林口區,新北市林口區文化三路一段421號2樓及417號、421號、425號3樓
全英眼科診所,林口區,新北市林口區中山路196號1、2樓
琢原診所,林口區,新北市林口區文化三路一段461號1樓及夾層
龍霖身心診所,林口區,新北市林口區文化三路一段482號1樓及夾層
彤學牙醫診所,林口區,新北市林口區仁愛路二段241號1、2樓
林口新康骨科診所,林口區,新北市林口區文化二路一段222號1樓
陽光皮膚科診所,林口區,新北市林口區仁愛路二段113、115、117號1樓
新林牙醫診所,林口區,新北市林口區文化三路一段239號1、2樓
杏蒔診所,林口區,新北市林口區三民路96號1樓、2樓
波音牙醫診所,林口區,新北市林口區文化三路一段179號1-2樓
懷臨堂中醫診所,林口區,新北市林口區公園路193號1樓
展研牙醫診所,林口區,新北市林口區忠孝一路1號1樓、5號2樓
丰荷中醫診所,林口區,新北市林口區文化北路一段540號1樓
三井牙醫診所,林口區,新北市林口區文化三路一段189號1、2樓
雅丰天翔診所,林口區,新北市林口區文化二路一段579號2樓
頭等艙牙醫診所,林口區,新北市林口區文化三路一段191巷20號1樓及夾層
德心中醫診所,林口區,新北市林口區文化三路一段394巷2號1樓
葡萄柚兒童牙醫診所,林口區,新北市林口區文化三路一段631號1樓、635號2樓
林口悅兒親子中醫診所,林口區,新北市林口區文化二路一段392號(1樓)
宇禾診所,林口區,新北市林口區文化二路一段525巷6號1、2樓
東佑牙醫診所,林口區,新北市林口區文化二路一段250號1、2樓
瑪莉時尚診所,林口區,新北市林口區文化二路一段571-5號2樓
翰品牙醫診所,林口區,新北市林口區中山路190號1、2、3樓
忠孝復健專科診所,林口區,新北市林口區文化二路一段527、529號1、2樓
陽光內科診所,林口區,新北市林口區仁愛路二段113、115、117號1樓
馨禾牙醫診所,林口區,新北市林口區文化一路一段123號1、2、3樓
亞德牙醫診所,林口區,新北市林口區忠孝一路20號1樓及夾層
勤美牙醫診所,林口區,新北市林口區文化二路一段138號1、2樓及138-1號1、2樓
宏觀眼科診所,林口區,新北市林口區文化三路一段35號1、2樓
穎欣診所,林口區,新北市林口區文化二路1段535號1F
中悅牙醫診所,林口區,新北市林口區文化二路一段531號1、2樓
橙安親子診所,林口區,新北市林口區文化三路二段50號1樓
陽光耳鼻喉科診所,林口區,新北市林口區仁愛路二段113、115、117號1樓
未來小兒科診所,林口區,新北市林口區文化二路一段577號1樓
未來婦產科診所,林口區,新北市林口區文化二路一段577號1樓
澄明牙醫診所,林口區,新北市林口區忠孝一路41號1樓
何文藻皮膚科診所,林口區,新北市林口區文化三路二段179號1-2樓、181號2樓
謝家庭醫學科診所,深坑區,新北市深坑區北深路二段二００號
林振得診所,深坑區,新北市深坑區北深路二段106號1樓
妤皮診所,深坑區,新北市深坑區北深路二段135號1樓（含夾層）
皇家牙醫診所,深坑區,新北市深坑區北深路三段26號(1樓、2樓)
紹善診所,深坑區,新北市深坑區北深路三段99號1樓、99號2樓
深耕中醫診所,深坑區,新北市深坑區深坑街3巷5號1樓
禾生堂中醫診所,深坑區,新北市深坑區北深路2段184號1樓
新北市深坑區衛生所,深坑區,新北市深坑區深坑街165號1-3樓
世華牙醫診所,深坑區,新北市深坑區北深路二段一九六號
榮泰牙醫診所,深坑區,新北市深坑區北深路二段一四七號
陳建志牙醫診所,深坑區,新北市深坑區北深路三段255號
埔新牙醫診所,深坑區,新北市深坑區埔新街一○○號
幼恩診所,深坑區,新北市深坑區北深路三段一七三號
瑞和診所,深坑區,新北市深坑區北深路三段99號6樓、101號6樓
麒安診所,深坑區,新北市深坑區埔新街41號1樓
詠靜診所,深坑區,新北市深坑區北深路三段101號2樓、103號2樓、105號2樓
虹淇牙醫診所,石碇區,新北市石碇區碇坪路一段68號
新北市石碇區衛生所,石碇區,新北市石碇區潭邊里碇坪路1段82號
阿讚中醫診所,石碇區,新北市石碇區碇坪路一段72號1樓
新北市坪林區衛生所,坪林區,新北市坪林區坪林街104號
理想牙醫診所,三芝區,新北市三芝區中山路一段9巷4號1樓
新北市三芝區衛生所,三芝區,新北市三芝區中山路一段12號
台安醫院,三芝區,新北市三芝區興華里楓子林路四十二之五號、四十二之九號〈一至二樓〉
宏達牙醫診所,三芝區,新北市三芝區民生街１２號
昆德中醫診所,三芝區,新北市三芝區中正路一段28號
曾明診所,三芝區,新北市三芝區中正路一段六號一樓
三芝彭小兒科診所,三芝區,新北市三芝區埔頭里中山路一段59號1樓
華峰牙醫診所,三芝區,新北市三芝區中正路一段４１號１樓
台灣電力公司第一核能發電廠員工診所,石門區,新北市石門區乾華里小坑１２號
新北市石門區衛生所,石門區,新北市石門區中山路28-1號
施世明診所,八里區,新北市八里區華峰一街十八號
國華牙醫診所,八里區,新北市八里區中山路二段299號
衛生福利部八里療養院,八里區,新北市八里區華富山33號
文心診所,八里區,新北市八里區中山路二段392號1樓
明醫診所,八里區,新北市八里區龍米路一段438號(1樓)
弘安診所,八里區,新北市八里區中山路二段215號1樓
豪美牙醫診所,八里區,新北市八里區中山路2段373號1、2樓
誠泰診所,八里區,新北市八里區中山路一段231號1樓
皇翔牙醫診所,八里區,新北市八里區龍米路一段127、129號1~2樓
新北市八里區衛生所,八里區,新北市八里區舊城路16號
建達中醫診所,八里區,新北市八里區中山路二段282號1樓
安里診所,八里區,新北市八里區中山路二段366號4樓
周文煜診所,八里區,新北市八里區中華路二段538-4號1樓
台加診所,八里區,新北市八里區頂罟里中山路二段三一O號一樓
維醫耳鼻喉科診所,八里區,新北市八里區訊塘路68號1、2樓
左岸牙醫診所,八里區,新北市八里區大崁里中山路一段五十七號
薰衣草牙醫診所,八里區,新北市八里區中華路2段308巷7弄7號1樓
瑞安診所,平溪區,新北市平溪區平溪街9號1樓
新北市平溪區衛生所,平溪區,新北市平溪區公園街17號1樓
保惠診所,雙溪區,新北市雙溪區中華路53號1樓
新北市雙溪區衛生所,雙溪區,新北市雙溪區新基南街18號
冠麒診所,雙溪區,新北市雙溪區中華路45號
偉華牙醫診所,雙溪區,新北市雙溪區中華路７５號
新北市貢寮區衛生所,貢寮區,新北市貢寮區仁愛路128號
樂文診所,貢寮區,新北市貢寮區貢寮街三號一樓
旗盛中醫診所,貢寮區,新北市貢寮區延平街25號1樓
晶山牙醫診所,金山區,新北市金山區仁愛路21號
國立臺灣大學醫學院附設醫院金山分院,金山區,新北市金山區五湖里玉爐路7號
吉元堂中醫診所,金山區,新北市金山區忠孝一路26號
百勝診所,金山區,新北市金山區仁愛路37-5及37-6號
慶美牙醫診所,金山區,新北市金山區中山路１４４號
東大診所,金山區,新北市金山區中山路135號
新北市金山區衛生所,金山區,新北市金山區民生路59號
宜佑診所,金山區,新北市金山區中山路142號一樓
台灣電力股份有限公司第二核能發電廠員工診所,萬里區,新北市萬里區野柳里八斗６０號
天寶堂中醫診所,萬里區,新北市萬里區瑪鍊路１１２號
恒生牙醫診所,萬里區,新北市萬里區萬里里瑪鋉路９３號
萬里診所,萬里區,新北市萬里區瑪鋉路九十八之一號
新北市萬里區衛生所,萬里區,新北市萬里區瑪鋉路157號1~3樓及地下1樓
享悅診所,萬里區,新北市萬里區瑪鍊路34號1樓
新北市烏來區衛生所,烏來區,新北市烏來區新烏路五段109號
烏來安泰診所,烏來區,新北市烏來區忠治里新烏路五段166號
華成診所,烏來區,新北市烏來區新烏路五段106號(1樓)
