機構名稱,縣市區名,地址,latitude,longitude
大衛牙醫診所,松山區,臺北市松山區富錦街527號,25.061206,121.565188
交通部民用航空局航空醫務中心,松山區,臺北市松山區敦化北路405巷123弄10號,25.063659,121.555623
漢浤堂健康中醫診所,松山區,臺北市松山區民生東路四段128號,25.058113,121.55499
政雄牙醫診所,松山區,臺北市松山區民生東路五段２４３號,25.059478,121.567807
春日和中醫診所,松山區,臺北市松山區復興北路81巷35號,25.051259,121.54559
嘉一牙醫診所,松山區,臺北市松山區新東街11巷3號,25.058228,121.565961
松新牙醫診所,松山區,臺北市松山區八德路4段687號,25.047722,121.555025
鉑金牙醫診所,松山區,臺北市松山區八德路3段164號,25.04748,121.555201
髮立現診所,松山區,臺北市松山區民生東路3段113巷6弄3號,25.058679,121.567133
恆美學診所,松山區,臺北市松山區南京東路4段56號,25.052698,121.557879
爾雅中醫診所,松山區,臺北市松山區慶城街24號,25.053742,121.545766
瑞麗嘉健康美學慶中診所,松山區,臺北市松山區南京東路3段259號,25.051024,121.547529
蘭瑞診所,松山區,臺北市松山區敦化南路1段25號,25.047673,121.549282
麥茵茲美形診所,松山區,臺北市松山區南京東路5段71號,25.051948,121.569079
欣百漢中醫診所,松山區,臺北市松山區南京東路5段80號,25.051948,121.569079
南京小岩井診所,松山區,臺北市松山區南京東路3段303巷8弄6號,25.051024,121.547529
大友牙醫診所,松山區,臺北市松山區撫遠街350之1號,25.062583,121.565948
佳斯緹牙醫診所,松山區,臺北市松山區民生東路3段113巷6弄5號,25.058679,121.567133
佳利安診所,松山區,臺北市松山區南京東路3段305號,25.051024,121.547529
守葳診所,松山區,臺北市松山區南京東路3段256巷46號,25.051024,121.547529
嬌妮美診所,松山區,臺北市松山區南京東路5段3號,25.051948,121.569079
弘宇診所,松山區,臺北市松山區民權東路3段160巷2之6號,25.067427,121.601738
君綺國際診所,松山區,臺北市松山區敦化南路1段25號,25.047673,121.549282
佳思優醫美整形診所,松山區,臺北市松山區敦化北路8號,25.054527,121.55043
勤美民生牙醫診所,松山區,臺北市松山區民生東路5段58號,25.058558,121.567144
怡德牙醫診所,松山區,臺北市松山區八德路4段226號,25.047722,121.555025
韓后國際健康醫美診所,松山區,臺北市松山區復興北路69號,25.057031,121.545987
誠楷牙醫診所,松山區,臺北市松山區敦化南路1段7號,25.047673,121.549282
宥全診所,松山區,臺北市松山區民生東路5段216號,25.058558,121.567144
余內科診所,松山區,臺北市松山區八德路四段６４６號,25.049846,121.574929
周玄文診所,松山區,臺北市松山區民權東路三段１６０巷１９弄６號,25.060389,121.547649
渼生堂中醫診所,松山區,臺北市松山區八德路3段138號,25.04748,121.555201
微風牙醫診所,松山區,臺北市松山區復興南路1段51號,25.03012,121.544277
博飛迅牙醫診所,松山區,臺北市松山區八德路4段666號,25.047722,121.555025
饒河牙醫診所,松山區,臺北市松山區塔悠路１３號,25.055276,121.569213
微醫未來美學診所,松山區,臺北市松山區南京東路5段166、168號,25.051948,121.569079
宸曜診所,松山區,臺北市松山區敦化北路155巷8號,25.055539,121.549238
佑達骨科診所,松山區,臺北市松山區南京東路4段95號,25.052698,121.557879
安禾聯合診所,松山區,臺北市松山區民權東路三段一七八號,25.060182,121.544887
皇脈中醫診所,松山區,臺北市松山區八德路四段245巷29號,25.050418,121.564422
安兒康小兒專科診所,松山區,臺北市松山區敦化北路116號,25.054255,121.55147
生春牙醫診所,松山區,臺北市松山區南京東路五段139號,25.051691,121.561617
固榮牙醫診所,松山區,臺北市松山區延吉街１６號,25.045007,121.553026
國晉中醫診所,松山區,臺北市松山區光復南路６巷４６號,25.047412,121.55644
群益牙醫診所,松山區,臺北市松山區光復北路１２３號,25.05226,121.557221
慶華牙醫診所,松山區,臺北市松山區延吉街１０巷８號,25.047295,121.553203
仲佑中醫診所,松山區,臺北市松山區八德路三段２12號,25.047976,121.556759
生昇復健專科診所,松山區,臺北市松山區三民路39號,25.062586,121.564777
林聰賢婦產科診所,松山區,臺北市松山區八德路四段３４５號,25.049359,121.567867
培靈醫院,松山區,臺北市松山區八德路四段355號,25.049401,121.568279
長泰牙醫診所,松山區,臺北市松山區長春路５００號,25.054369,121.547462
安德森整形外科診所,松山區,臺北市松山區復興北路337號,25.060217,121.544509
久恆牙醫診所,松山區,臺北市松山區民生東路5段93號,25.058558,121.567144
宏國牙醫診所,松山區,臺北市松山區民生東路五段１５號,25.058293,121.567162
林永濤整形外科診所,松山區,臺北市松山區光復北路７號,25.054733,121.555441
南京安澐診所,松山區,臺北市松山區健康路303號,25.054391,121.565148
魔法兔齒顎矯正牙醫診所,松山區,臺北市松山區東興路2巷5號,25.050678,121.564961
立健美診所,松山區,臺北市松山區民權東路3段130號,25.067427,121.601738
新富錦中醫診所,松山區,臺北市松山區民生東路5段203號,25.058558,121.567144
金欣牙醫診所,松山區,臺北市松山區八德路3段164號,25.04748,121.555201
品睿牙醫診所,松山區,臺北市松山區民生東路三段113巷25弄6號,25.059517,121.546616
華中牙醫診所,松山區,臺北市松山區南京東路四段１１７號,25.051814,121.554941
吉聖牙醫診所,松山區,臺北市松山區八德路四段７號,25.050385,121.576718
民生漢唐中醫診所,松山區,臺北市松山區民生東路5段138巷3號,25.058558,121.567144
馥之美診所,松山區,臺北市松山區慶城街24之1號,25.053742,121.545766
安成診所,松山區,臺北市松山區富錦街４９７號,25.061113,121.563997
芯橙診所,松山區,臺北市松山區復興北路33號,25.057029,121.546145
佳家美學診所,松山區,臺北市松山區復興北路145號,25.053637,121.54429
泰康牙醫診所,松山區,臺北市松山區南京東路五段６４號,25.051278,121.560691
采鴻牙醫診所,松山區,臺北市松山區復興北路145號,25.053637,121.54429
采德牙醫診所,松山區,臺北市松山區南京東路五段106號,25.051469,121.564346
景賀診所,松山區,臺北市松山區民生東路5段85號,25.058558,121.567144
蘋果樹醫美診所,松山區,臺北市松山區南京東路三段309號,25.051997,121.546935
何兆芬健康診所,松山區,臺北市松山區南京東路四段47號,25.051901,121.550859
崇皓牙醫診所,松山區,臺北市松山區光復北路202號,25.055016,121.555599
立悅皮膚科診所,松山區,臺北市松山區南京東路五段46號,25.052768,121.56765
森之谷美學牙醫診所,松山區,臺北市松山區南京東路五段40、42號,25.051469,121.564346
金贊診所,松山區,臺北市松山區南京東路四段66號,25.051435,121.554014
美仕媞時尚醫美診所,松山區,臺北市松山區民權東路三段178號,25.061461,121.549546
聯青診所,松山區,臺北市松山區南京東路4段16號,25.052698,121.557879
周適偉診所,松山區,臺北市松山區復興北路69號,25.057031,121.545987
双眼明眼科診所,松山區,臺北市松山區南京東路三段309號,25.051997,121.546935
博康中醫診所,松山區,臺北市松山區南京東路五段280號,25.051082,121.567086
鈞賀診所,松山區,臺北市松山區富錦街462號,25.060738,121.56233
弘光耳鼻喉科診所,松山區,臺北市松山區民生東路四段117號,25.058242,121.553314
W頂尖醫美診所,松山區,臺北市松山區南京東路三段270號,25.051626,121.545205
美學牙醫診所,松山區,臺北市松山區民生東路四段97巷1弄4號,25.058429,121.552
双悅診所,松山區,臺北市松山區南京東路5段163之1號,25.051948,121.569079
康河牙醫診所,松山區,臺北市松山區南京東路四段77號,25.051865,121.553908
新尊榮牙醫診所,松山區,臺北市松山區八德路四段674號,25.049871,121.576326
慈和中醫診所,松山區,臺北市松山區八德路四段245巷32弄65號,25.049758,121.562793
欣悅超美診所,松山區,臺北市松山區復興北路73號,25.057031,121.545969
新心診所,松山區,臺北市松山區光復北路11巷63號,25.05016,121.560241
佳禾牙醫診所,松山區,臺北市松山區八德路四段6號,25.050578,121.57683
恩信牙醫診所,松山區,臺北市松山區南京東路五段200號,25.051201,121.56427
長庚醫療財團法人長庚診所,松山區,臺北市松山區民生東路三段130巷9號,25.056393,121.546333
松山大愛眼科診所,松山區,臺北市松山區南京東路五段269號,25.051578,121.565516
極光美學診所,松山區,臺北市松山區南京東路四段25號,25.053042,121.55608
東青中醫診所,松山區,臺北市松山區民生東路五段245號,25.059481,121.567868
臻品絕色診所,松山區,臺北市松山區興安街157號,25.056221,121.545515
駿昂耳鼻喉科診所,松山區,臺北市松山區八德路2段395號,25.047843,121.549348
悠適復健科診所,松山區,臺北市松山區光復北路11巷65號,25.050159,121.560303
康活診所,松山區,臺北市松山區復興北路333號,25.059843,121.544421
南京光澤診所,松山區,臺北市松山區南京東路五段154號,25.051223,121.562662
薏安牙醫診所,松山區,臺北市松山區南京東路四段197號,25.05176,121.556955
達特邱診所,松山區,臺北市松山區八德路二段350號,25.047818,121.545416
澄東耳鼻喉科診所,松山區,臺北市松山區三民路37號,25.062574,121.564697
佳誠美學牙醫診所,松山區,臺北市松山區南京東路五段232號,25.050944,121.565801
喜樂芽牙醫診所,松山區,臺北市松山區八德路四段245巷33號,25.050536,121.564369
青花瓷養生中醫診所,松山區,臺北市松山區南京東路5段169號,25.051948,121.569079
靜巷美學牙醫診所,松山區,臺北市松山區民權東路3段106巷36號,25.067427,121.601738
吉祥預防醫學診所,松山區,臺北市松山區南京東路三段303巷6弄9號,25.052416,121.547402
民昇中醫診所,松山區,臺北市松山區民生東路五段87號,25.058782,121.559361
欣悅中醫診所,松山區,臺北市松山區南京東路4段193號,25.052698,121.557879
泰安親親家庭診所,松山區,臺北市松山區光復北路97號,25.050526,121.562323
恩緹悠活時尚診所,松山區,臺北市松山區慶城街24號,25.053742,121.545766
本質牙醫診所,松山區,臺北市松山區南京東路5段167號,25.051948,121.569079
聖光眼科診所,松山區,臺北市松山區南京東路四段181、183號,25.052595,121.553708
樂康診所,松山區,臺北市松山區八德路三段 221之1號,25.046262,121.55072
原邑診所,松山區,臺北市松山區健康路325巷6弄21號,25.055149,121.568195
妍棠美學診所,松山區,臺北市松山區敦化北路145巷49號,25.053687,121.551313
康健診所,松山區,臺北市松山區延吉街9之4號,25.039333,121.554279
麗得醫美整形外科診所,松山區,臺北市松山區南京東路5段1號,25.051948,121.569079
伍德中醫診所,松山區,臺北市松山區健康路231號,25.054314,121.562819
聯欣診所,松山區,臺北市松山區南京東路4段16號,25.052698,121.557879
名悅時尚診所,松山區,臺北市松山區南京東路3段259號,25.051024,121.547529
依定美時尚診所,松山區,臺北市松山區八德路3段2號,25.04748,121.555201
傑尼斯時尚醫美整形外科診所,松山區,臺北市松山區南京東路五段230號,25.051121,121.56569
彥明中醫診所,松山區,臺北市松山區南京東路5段250巷2弄1之1號,25.051948,121.569079
頤鳴堂中醫診所,松山區,臺北市松山區長春路446號,25.05443,121.545291
杏莆堂中醫診所,松山區,臺北市松山區延壽街392號,25.05633,121.557633
鳳凰中醫診所,松山區,臺北市松山區南京東路三段303巷6弄9號,25.052416,121.547402
慶城牙醫診所,松山區,臺北市松山區長春路480號,25.054389,121.546614
親親家庭診所,松山區,臺北市松山區南京東路五段347號,25.051547,121.567753
黎博彥診所,松山區,臺北市松山區民生東路五段230號,25.058921,121.565742
正風復健科診所,松山區,臺北市松山區光復北路133及135號,25.052728,121.557179
大家好診所,松山區,臺北市松山區民生東路四段８０巷１１弄２號,25.056581,121.553089
湘豐診所,松山區,臺北市松山區敦化北路１４１號,25.053637,121.549338
松山信合美眼科診所,松山區,臺北市松山區三民路      9號,25.057078,121.563043
美麗優品時尚診所,松山區,臺北市松山區民生東路四段97巷2弄1號,25.058433,121.552042
邱楠超診所,松山區,臺北市松山區延吉街20號,25.045075,121.552838
祐腎內科診所,松山區,臺北市松山區南京東路四段50號,25.051445,121.553553
趙耳鼻喉科診所,松山區,臺北市松山區八德路四段６４９號,25.050175,121.575367
謝耳鼻喉科診所,松山區,臺北市松山區民生東路五段１４８號,25.058477,121.562189
康明哲小兒科內科診所,松山區,臺北市松山區三民路１３６巷１５號,25.060665,121.56408
王俊彰耳鼻喉科診所,松山區,臺北市松山區民生東路五段１７號,25.058224,121.567167
林志聖眼科診所,松山區,臺北市松山區三民路１４０號,25.060683,121.563404
張芳杰內兒科診所,松山區,臺北市松山區民生東路五段１３８巷７號,25.05949,121.56142
高國隆婦產科診所,松山區,臺北市松山區八德路四段257號,25.049048,121.565145
林忠志診所,松山區,臺北市松山區南京東路五段291巷20弄3之3號,25.052483,121.565828
陳炳堅內科診所,松山區,臺北市松山區延壽街３２７號,25.056786,121.56036
王世興醫師診所,松山區,臺北市松山區八德路四段10號,25.050477,121.575977
康瑞耳鼻喉科診所,松山區,臺北市松山區八德路三段154號,25.047981,121.55496
華南小兒科診所,松山區,臺北市松山區延吉街３０巷１５號,25.045826,121.55265
張國華整形外科診所,松山區,臺北市松山區南京東路五段34號,25.052088,121.564173
民生翁耳鼻喉科診所,松山區,臺北市松山區民生東路五段78號,25.058364,121.559046
臺北市立聯合醫院附設松山門診部,松山區,臺北市松山區八德路4段694號,25.047722,121.555025
宜陞中醫診所,松山區,臺北市松山區復興北路333號,25.059843,121.544421
長庚醫療財團法人台北長庚紀念醫院,松山區,臺北市松山區敦化北路199號,25.055524,121.549676
洪小兒科診所,松山區,臺北市松山區市民大道五段１６５號,25.048087,121.564648
方一強眼科診所,松山區,臺北市松山區民生東路四段１０１號,25.058155,121.552365
康和牙醫診所,松山區,臺北市松山區八德路3段241號,25.04748,121.555201
江崇萍小兒科診所,松山區,臺北市松山區南京東路五段２５１巷２４弄２７號,25.052357,121.564351
安德聯合診所,松山區,臺北市松山區八德路三段３４號,25.048066,121.551941
美佳皮膚科診所,松山區,臺北市松山區八德路三段１６４號,25.047944,121.555331
傅眼科診所,松山區,臺北市松山區八德路三段156號,25.047977,121.555001
王躬仁診所,松山區,臺北市松山區新中街１２之３號,25.060078,121.560589
李國師牙醫診所,松山區,臺北市松山區八德路三段８１號,25.048311,121.553196
小林牙醫診所,松山區,臺北市松山區南京東路五段２９１巷３２號,25.0528,121.566106
啟瑞牙醫診所,松山區,臺北市松山區三民路１１０巷１０號,25.057919,121.564711
宏昌牙醫診所,松山區,臺北市松山區延吉街４９號,25.045222,121.553768
王樣牙醫診所,松山區,臺北市松山區敦化北路４巷３５號,25.050098,121.545191
一泰牙醫診所,松山區,臺北市松山區民權東路五段５０號,25.062908,121.565085
王誌牙醫診所,松山區,臺北市松山區民權東路三段１６０巷２４號,25.059985,121.546861
光一診所,松山區,臺北市松山區延吉街22巷1號,25.046636,121.553523
原點牙醫診所,松山區,臺北市松山區慶城街16巷1號,25.053035,121.545761
完全優整合醫學診所,松山區,臺北市松山區南京東路三段303巷6弄11號,25.052504,121.547325
介壽診所,松山區,臺北市松山區光復北路226號,25.055949,121.555422
樂福牙醫診所,松山區,臺北市松山區南京東路五段100號,25.051507,121.562971
哲伸牙醫診所,松山區,臺北市松山區八德路三段１０６巷５０號,25.046668,121.554196
正信牙醫診所,松山區,臺北市松山區民生東路五段１６５號,25.0593,121.563942
三軍總醫院松山分院附設民眾診療服務處,松山區,臺北市松山區健康路１３１號,25.05394,121.557702
李士虹皮膚科診所,松山區,臺北市松山區民權東路3段136號,25.067427,121.601738
聖唐中醫診所,松山區,臺北市松山區延壽街48號,25.057086,121.567314
松原復健診所,松山區,臺北市松山區光復北路206號,25.055192,121.555505
佳德診所,松山區,臺北市松山區健康路18號,25.054348,121.554203
安德復復健專科診所,松山區,臺北市松山區光復北路181號,25.058439,121.555368
胡廣煜牙醫診所,松山區,臺北市松山區民生東路三段118號,25.057379,121.545324
弘祐中醫診所,松山區,臺北市松山區八德路三段12巷4弄15號,25.047534,121.549959
陳大昕耳鼻喉科診所,松山區,臺北市松山區八德路四段１００號,25.048372,121.560772
尚群眼科診所,松山區,臺北市松山區南京東路五段４３號,25.051957,121.558572
松展牙醫診所,松山區,臺北市松山區三民路8號,25.057158,121.56308
育晟中醫診所,松山區,臺北市松山區延吉街46巷4號,25.045678,121.553265
益茂中醫診所,松山區,臺北市松山區八德路三段12巷52弄10號,25.046267,121.550077
誠美牙醫診所,松山區,臺北市松山區民生東路五段１６０號,25.058455,121.562896
見安中醫診所,松山區,臺北市松山區基隆路一段３２號,25.051157,121.570218
松山內兒科診所,松山區,臺北市松山區八德路四段２５５號,25.049044,121.565106
藍明賢牙醫診所,松山區,臺北市松山區敦化北路２２２巷１之１號,25.059138,121.548527
馨牙醫診所,松山區,臺北市松山區長春路506號,25.054365,121.547647
延壽耳鼻喉科診所,松山區,臺北市松山區延壽街113號,25.057104,121.565245
高登牙醫診所,松山區,臺北市松山區民權東路三段１６６號,25.06169,121.548469
林翰牙醫診所,松山區,臺北市松山區新東街３０巷42號,25.059701,121.567691
峰牙醫診所,松山區,臺北市松山區民生東路四段49號,25.057955,121.550268
元品牙醫診所,松山區,臺北市松山區饒河街１９８號,25.050659,121.576917
暘昇牙醫診所,松山區,臺北市松山區南京東路三段２６０－１號,25.051632,121.544906
台新牙醫診所,松山區,臺北市松山區民生東路五段１４６號,25.058452,121.562018
敦品牙醫診所,松山區,臺北市松山區敦化北路２２２巷１０號,25.059429,121.547919
冠亞牙醫診所,松山區,臺北市松山區八德路三段207號,25.048187,121.556544
大統牙醫診所,松山區,臺北市松山區八德路三段２２５號,25.048234,121.556995
明義牙醫診所,松山區,臺北市松山區長安東路二段２１５號,25.048366,121.544533
國峰牙醫診所,松山區,臺北市松山區撫遠街３７０號,25.063516,121.565757
新華南牙醫診所,松山區,臺北市松山區延吉街２６號,25.048145,121.553341
張萬屏牙醫診所,松山區,臺北市松山區南京東路五段１２３巷８弄２號,25.053486,121.560933
東方牙醫診所,松山區,臺北市松山區民生東路五段二六八號,25.058034,121.567284
多倫多牙醫診所,松山區,臺北市松山區延吉街45號,25.045356,121.553765
南加州牙醫診所,松山區,臺北市松山區敦化南路一段69號,25.045369,121.549266
紀泓輝牙醫診所,松山區,臺北市松山區民生東路四段８４－１號,25.057941,121.553182
傑美牙醫診所,松山區,臺北市松山區八德路三段172號,25.047932,121.555518
瑞宏中醫診所,松山區,臺北市松山區八德路四段６７３巷１０號,25.050474,121.575983
永昌漢方中醫診所,松山區,臺北市松山區南京東路5段123巷2弄25號,25.051948,121.569079
仁和堂中醫診所,松山區,臺北市松山區八德路四段２０１號,25.048907,121.56376
和豐中醫診所,松山區,臺北市松山區南京東路五段251巷24弄19號,25.052353,121.564581
景仲牙醫診所,松山區,臺北市松山區復興北路２１５號,25.056451,121.544449
立達牙醫診所,松山區,臺北市松山區敦化北路２２２巷６２號,25.060204,121.54678
虹福牙醫診所,松山區,臺北市松山區市民大道四段５３號,25.045318,121.54619
長島牙醫診所,松山區,臺北市松山區民生東路五段９０號,25.05842,121.559886
華美牙醫診所,松山區,臺北市松山區南京東路4段102號,25.052698,121.557879
新東牙醫診所,松山區,臺北市松山區新東街11巷15--1號,25.058242,121.565473
碧礽牙醫診所,松山區,臺北市松山區光復北路８２號,25.05022,121.557678
臻品牙醫診所,松山區,臺北市松山區民生東路五段１２０號,25.058572,121.561065
李美玲牙醫診所,松山區,臺北市松山區民生東路三段１１３巷１１號,25.059842,121.546465
仁惠牙醫診所,松山區,臺北市松山區八德路三段74巷64號,25.046424,121.552392
史丹佛牙醫診所,松山區,臺北市松山區南京東路四段１０７號,25.05182,121.554679
延齡牙醫診所,松山區,臺北市松山區延壽街１２５號,25.057065,121.564639
上傑牙醫診所,松山區,臺北市松山區八德路二段３８６號,25.048008,121.546328
日聖眼科診所,松山區,臺北市松山區新中街３５號,25.059813,121.560296
德昌中醫診所,松山區,臺北市松山區延吉街38號,25.045813,121.553558
永承診所,松山區,臺北市松山區敦化北路155巷9號,25.054215,121.550448
蔡恭禮內兒科診所,松山區,臺北市松山區新東街28號,25.05936,121.566033
劉內兒科診所,松山區,臺北市松山區民生東路五段148號,25.058477,121.562189
李玉閣牙醫診所,松山區,臺北市松山區南京東路五段１６３－３號,25.051748,121.562632
宏慈牙醫診所,松山區,臺北市松山區光復南路21之4號,25.038988,121.556504
正斌牙醫診所,松山區,臺北市松山區南京東路四段７５巷１８號,25.052427,121.553642
偉德牙醫診所,松山區,臺北市松山區南京東路四段１０６號,25.052595,121.553708
施牙醫診所,松山區,臺北市松山區三民路１４３號,25.060704,121.563102
光泰牙醫診所,松山區,臺北市松山區南京東路四段１７２號,25.051369,121.556846
得揚牙醫診所,松山區,臺北市松山區三民路１３６巷４２號,25.060264,121.563929
元榜牙醫診所,松山區,臺北市松山區民生東路四段８８號,25.057958,121.553332
周牙醫診所,松山區,臺北市松山區南京東路五段２５６號,25.051151,121.566427
丘牙醫診所,松山區,臺北市松山區民生東路五段２２２號,25.058034,121.567284
麟翔牙醫診所,松山區,臺北市松山區慶城街２４號,25.053742,121.545766
向虹牙醫診所,松山區,臺北市松山區民族東路７６１號,25.062352,121.549944
正一中醫診所,松山區,臺北市松山區延吉街18號,25.045278,121.552803
車參薇小兒科診所,松山區,臺北市松山區八德路三段195號,25.048163,121.556187
趙彥宇邱慧嫻皮膚科聯合診所,松山區,臺北市松山區慶城街8之1號,25.052735,121.544902
英爵聯合診所,松山區,臺北市松山區南京東路3段331號,25.051024,121.547529
閎新耳鼻喉科皮膚科聯合診所,松山區,臺北市松山區八德路三段20之2號,25.047367,121.553758
怡碩視光眼科診所,松山區,臺北市松山區復興北路313巷28號,25.058852,121.546055
聯安診所,松山區,臺北市松山區南京東路4段16號,25.052698,121.557879
裕昇診所,松山區,臺北市松山區民生東路5段95號,25.058558,121.567144
宇恩復健科診所,松山區,臺北市松山區民權東路三段140巷15號,25.060501,121.546742
王貞乃皮膚科診所,松山區,臺北市松山區民生東路四段80巷6弄7號,25.056862,121.552498
杏典牙醫診所,松山區,臺北市松山區民生東路5段103號,25.058558,121.567144
康霖牙醫診所,松山區,臺北市松山區延壽街４３０號,25.056194,121.556149
立人牙醫診所,松山區,臺北市松山區民權東路三段１０３巷１號,25.062464,121.545119
蔡嘉倫牙醫診所,松山區,臺北市松山區民生東路三段１１６號,25.058957,121.547465
博仁綜合醫院,松山區,臺北市松山區光復北路66號,25.049959,121.560387
振誠中醫診所,松山區,臺北市松山區撫遠街３６８號,25.06345,121.565768
茶米中醫診所,松山區,臺北市松山區南京東路五段225號,25.051597,121.564539
崇民牙醫診所,松山區,臺北市松山區南京東路三段２５９號,25.052032,121.544953
杏頤牙醫診所,松山區,臺北市松山區復興北路361巷2之1號,25.060309,121.545019
健本牙醫診所,松山區,臺北市松山區八德路四段２１０－２號,25.04873,121.564468
柏林牙醫診所,松山區,臺北市松山區慶城街21之2號,25.053423,121.545084
黃系倫牙醫診所,松山區,臺北市松山區復興北路３１３巷３０號,25.058848,121.546432
誼欣牙醫診所,松山區,臺北市松山區延壽街338號,25.056431,121.559677
泛亞皮膚科整形外科診所,松山區,臺北市松山區復興北路35號,25.057029,121.546137
尚志塾遠絡診所,松山區,臺北市松山區南京東路四段164號,25.051375,121.556688
澄品牙醫診所,松山區,臺北市松山區敦化北路145巷73號,25.05351,121.552104
耀渼麗醫學美容診所,松山區,臺北市松山區南京東路3段259號,25.051024,121.547529
雷湘安皮膚科診所,松山區,臺北市松山區三民路43巷1號,25.055992,121.562025
富樂診所,松山區,臺北市松山區敦化北路167號,25.054709,121.549431
得意牙醫診所,松山區,臺北市松山區民權東路三段160巷22號,25.059945,121.548046
雅客牙醫診所,松山區,臺北市松山區南京東路五段3號,25.053091,121.561038
兆恩牙醫診所,松山區,臺北市松山區興安街218號,25.05599,121.546133
新中牙醫診所,松山區,臺北市松山區新中街１２之１號,25.060078,121.560589
德基牙醫診所,松山區,臺北市松山區八德路三段27號,25.048313,121.552754
基督復臨安息日會醫療財團法人臺安醫院,松山區,"臺北市松山區八德路二段424,426號",25.048054,121.547274
大都會牙醫診所,松山區,臺北市松山區八德路三段110號,25.046151,121.554198
竹君牙醫診所,松山區,臺北市松山區南京東路五段５４號,25.05129,121.560251
正顏診所,松山區,臺北市松山區八德路二段410巷12號,25.047309,121.546658
景賀醫美診所,松山區,臺北市松山區光復北路125號,25.052312,121.557219
李政洋身心診所,松山區,臺北市松山區三民路84號,25.056503,121.563834
明君牙醫診所,松山區,臺北市松山區八德路四段８０５號,25.051374,121.578786
泛美牙醫診所,松山區,臺北市松山區光復北路１４１號,25.052968,121.55697
京華皮膚科診所,松山區,臺北市松山區八德路三段238號,25.048045,121.557403
美人魚時尚婦產科診所,松山區,臺北市松山區南京東路三段331號,25.051989,121.547283
維一牙醫診所,松山區,臺北市松山區民生東路5段188號,25.058558,121.567144
民生瀚威中醫診所,松山區,臺北市松山區新中街25號,25.059064,121.560408
江建中診所,松山區,臺北市松山區八德路4段285號,25.047722,121.555025
朱家庭醫學科診所,松山區,臺北市松山區八德路3段12巷57弄39之1號,25.04748,121.555201
博美牙醫診所,松山區,臺北市松山區八德路4段106巷2弄20號,25.047722,121.555025
繼康美學牙醫診所,松山區,臺北市松山區延壽街337號,25.056863,121.559905
佑家診所,松山區,臺北市松山區八德路三段233號,25.048255,121.557198
禾玥醫學診所,松山區,臺北市松山區南京東路3段269巷6號,25.051024,121.547529
八德牙醫診所,松山區,臺北市松山區八德路四段636號,25.049589,121.574446
榮恩耳鼻喉科小兒科聯合診所,松山區,臺北市松山區南京東路五段２５８號,25.051101,121.566472
吳耳鼻喉科診所,松山區,臺北市松山區三民路１１３巷１－１號,25.057915,121.563318
吳慶南內科診所,松山區,臺北市松山區民生東路五段１３８巷１號,25.058532,121.561696
揚登牙醫診所,松山區,臺北市松山區南京東路五段２５０巷９－３號,25.049997,121.565892
泰華牙醫診所,松山區,臺北市松山區光復北路38號,25.050795,121.559776
髮王植髮診所,松山區,臺北市松山區慶城街21之3號,25.053423,121.545084
西松牙醫診所,松山區,臺北市松山區南京東路五段２９１巷４號,25.051857,121.566077
華泰中醫診所,松山區,臺北市松山區新東街66巷18號,25.062398,121.566016
全煜耳鼻喉科診所,松山區,臺北市松山區復興北路73號,25.057031,121.545969
康健牙醫診所,松山區,臺北市松山區延壽街１４３號,25.056962,121.563299
奧斯卡眼科診所,松山區,臺北市松山區敦化南路1段7號,25.047673,121.549282
楠桐中醫診所,松山區,臺北市松山區八德路四段94號,25.049935,121.57467
理想中醫診所,松山區,臺北市松山區南京東路五段46號,25.052768,121.56765
延吉中醫診所,松山區,臺北市松山區延吉街11號,25.047234,121.553464
維哲中醫診所,松山區,臺北市松山區南京東路四段102號,25.051429,121.554319
雅安牙醫診所,松山區,臺北市松山區民權東路三段117號,25.062292,121.54552
詹前俊小兒科診所,松山區,臺北市松山區民生東路五段１０５號,25.058034,121.567284
光與綠牙醫診所,松山區,臺北市松山區復興北路361巷8號,25.06034,121.545356
毛冠人牙醫診所,松山區,臺北市松山區南京東路五段２３巷１８號,25.053245,121.558108
景泰牙醫診所,大安區,臺北市大安區安和路二段一四七及一四九號,25.029153,121.551004
青田牙醫診所,大安區,臺北市大安區仁愛路三段26之3號,25.037649,121.53587
康泰牙醫診所,大安區,臺北市大安區四維路１７０巷１６號,25.028243,121.546655
吳坤光婦產科診所,大安區,臺北市大安區信義路四段５９號,25.034939,121.555812
昇陽中醫診所,大安區,臺北市大安區潮州街85號,25.028988,121.52613
新潔明牙醫診所,大安區,臺北市大安區信義路三段149號,25.033623,121.542145
嘉德麗雅診所,大安區,臺北市大安區信義路4段155號,25.035579,121.542198
張涵郁診所,大安區,臺北市大安區光復南路416號,25.037408,121.557232
璞之妍診所,大安區,臺北市大安區安和路1段21巷5號,25.03178,121.552145
語悅牙醫診所,大安區,臺北市大安區和平東路2段265巷18號,25.019466,121.555518
育群中醫診所,大安區,臺北市大安區忠孝東路四段216巷32弄8號,25.039568,121.552557
名範牙醫診所,大安區,臺北市大安區安和路二段１６７號,25.028251,121.550162
金郁婦產科診所,大安區,臺北市大安區忠孝東路四段177號,25.041699,121.550645
蘇仁和耳鼻喉科診所,大安區,臺北市大安區安和路一段十一號,25.03476,121.553569
啓安診所,大安區,臺北市大安區忠孝東路3段243號,25.053362,121.615696
永誠復健科診所,大安區,臺北市大安區復興南路二段236號,25.025126,121.543135
呂文智中醫診所,大安區,臺北市大安區和平東路一段二五八號,25.024441,121.532688
日禾牙醫診所,大安區,臺北市大安區忠孝東路3段217巷3弄4號,25.053362,121.615696
鑫辰牙醫診所,大安區,臺北市大安區信義路二段１９８巷８－１號,25.032862,121.530379
國立台灣大學保健中心,大安區,臺北市大安區羅斯福路四段１號,25.009684,121.53967
臻心美妍診所,大安區,臺北市大安區信義路4段71號,25.035579,121.542198
教主診所,大安區,臺北市大安區和平東路1段6號,25.020001,121.556211
好牙屋牙醫診所,大安區,臺北市大安區光復南路622號,25.031959,121.557277
群和牙醫診所,大安區,臺北市大安區光復南路三四八之二號,25.03982,121.55571
嘉士美牙醫診所,大安區,臺北市大安區復興南路2段148巷35號,25.029094,121.543887
中山醫療社團法人中山醫院,大安區,臺北市大安區仁愛路四段112巷11號,25.036552,121.549708
宏恩醫療財團法人宏恩綜合醫院,大安區,臺北市大安區仁愛路四段71巷1號,25.038497,121.547027
游鴻儒皮膚科診所,大安區,臺北市大安區仁愛路四段一五一巷三六號,25.037957,121.55323
黃明仁牙醫診所,大安區,臺北市大安區延吉街２４２號,25.035681,121.555572
慧安牙醫診所,大安區,臺北市大安區忠孝東路四段75之7號,25.043932,121.552887
璽悅中醫診所,大安區,臺北市大安區敦化南路1段184號,25.043615,121.54945
忠孝美麗爾診所,大安區,臺北市大安區敦化南路1段216號,25.043615,121.54945
禾馨新生婦幼診所,大安區,臺北市大安區新生南路三段2號,25.025299,121.535333
首爾醫美診所,大安區,臺北市大安區信義路4段382號,25.035579,121.542198
東區時尚美學診所,大安區,臺北市大安區忠孝東路4段134號,25.053227,121.61258
大安悅兒親子中醫診所,大安區,臺北市大安區光復南路432號,25.036096,121.557369
環球診所,大安區,臺北市大安區信義路二段184號,25.033544,121.529802
國立臺灣大學醫學院附設醫院癌醫中心分院,大安區,臺北市大安區基隆路 3段155巷57號,25.02554,121.553373
里昂哈佛仁愛牙醫診所,大安區,臺北市大安區仁愛路4段416號,25.036936,121.554878
尚行美耳鼻喉專科診所,大安區,臺北市大安區光復南路288號,25.039391,121.557376
徐國峰中醫診所,大安區,臺北市大安區建國南路1段160號,25.029089,121.538748
丰緹絲醫美診所,大安區,臺北市大安區大安路一段80號,25.041161,121.545998
多娜台北植髮診所,大安區,臺北市大安區信義路三段158號,25.033219,121.541058
看見佳醫診所,大安區,臺北市大安區忠孝東路3段305號,25.053362,121.615696
大地牙醫診所,大安區,臺北市大安區大安路二段一二 0 號,25.031339,121.545231
玩美爵品牙醫診所,大安區,臺北市大安區忠孝東路4段218號,25.053227,121.61258
光彩時尚診所,大安區,臺北市大安區忠孝東路四段191號,25.041688,121.551163
時尚假期醫美診所,大安區,臺北市大安區復興南路1段222號,25.03012,121.544277
真愛貝齒牙醫診所,大安區,臺北市大安區忠孝東路4段67之4號,25.053227,121.61258
沐美診所,大安區,臺北市大安區仁愛路4段25之1號,25.036936,121.554878
大安丰采睡眠醫學診所,大安區,臺北市大安區新生南路2段18號,25.025299,121.535333
維格診所,大安區,臺北市大安區仁愛路4段401號,25.036936,121.554878
欣民牙醫診所,大安區,臺北市大安區安和路一段１３５巷１８號,25.034173,121.553634
霍天年整形外科診所,大安區,臺北市大安區忠孝東路四段一九一號,25.041514,121.553174
詹骨科診所,大安區,臺北市大安區信義路四段５３巷６號,25.033662,121.545001
中心診所醫療財團法人中心綜合醫院,大安區,臺北市大安區忠孝東路四段７７號,25.043989,121.552886
巧玉牙醫診所,大安區,臺北市大安區信義路4段263號,25.035579,121.542198
正誠牙醫診所,大安區,臺北市大安區仁愛路4段79號,25.036936,121.554878
明圓中醫診所,大安區,臺北市大安區和平東路三段320號,25.019958,121.556978
敦平診所,大安區,臺北市大安區敦化南路2段333、335號,25.033025,121.548434
佳立得耳鼻喉科診所,大安區,臺北市大安區新生南路1段165巷1號,25.025244,121.535254
延吉診所,大安區,臺北市大安區延吉街二四一巷二弄五號,25.043114,121.554916
杏保醫網信誠診所,大安區,臺北市大安區信義路4段197號,25.035579,121.542198
張若偉中醫診所,大安區,臺北市大安區忠孝東路三段305號,25.041887,121.543539
博安家庭醫學科診所,大安區,臺北市大安區麗水街3號,25.032137,121.529019
巨星整形外科診所,大安區,臺北市大安區忠孝東路四段107號,25.041748,121.548284
金品牙醫診所,大安區,臺北市大安區金山南路2段142之1號,25.033822,121.527056
麗晶牙醫診所,大安區,臺北市大安區和平東路二段１７５巷２７號,25.026665,121.541896
瑞御診所,大安區,臺北市大安區敦化南路一段259號,25.036777,121.549249
璽恩牙醫診所,大安區,臺北市大安區金山南路2段192巷8號,25.033822,121.527056
三普牙醫診所,大安區,臺北市大安區安和路2段69巷8號,25.035099,121.553781
恩典中醫診所,大安區,臺北市大安區忠孝東路4段51之6號,25.053227,121.61258
柏登牙醫診所,大安區,臺北市大安區建國南路一段152號,25.041395,121.53682
黃崇禮皮膚科診所,大安區,臺北市大安區信義路三段192-1號,25.035588,121.541945
黃禎憲皮膚科診所,大安區,臺北市大安區師大路７1號,25.023681,121.528587
誠樂牙醫診所,大安區,臺北市大安區新生南路3段98號,25.025044,121.535464
優爾視眼科診所,大安區,臺北市大安區敦化南路一段283號,25.035828,121.54934
生髮診所,大安區,臺北市大安區敦化南路1段190巷12號,25.043615,121.54945
綺色佳診所,大安區,臺北市大安區敦化南路二段128號,25.026092,121.548373
北秀醫美健康管理診所,大安區,臺北市大安區光復南路116巷1號,25.043113,121.55686
大安皮膚專科診所,大安區,臺北市大安區新生南路2段8之1號,25.025299,121.535333
龍泉牙醫診所,大安區,臺北市大安區羅斯福路三段１１７號,25.022168,121.526807
劉耳鼻喉科診所,大安區,臺北市大安區復興南路2段151巷27號,25.029094,121.543887
時晴牙醫診所,大安區,臺北市大安區忠孝東路3段251巷3弄3號,25.053362,121.615696
安民家庭醫學科診所,大安區,臺北市大安區大安路1段65號,25.035492,121.545213
得康牙醫診所,大安區,臺北市大安區通化街１３７號,25.029041,121.553983
王修含皮膚科診所,大安區,臺北市大安區忠孝東路四段333號,25.041562,121.557106
瑞誠牙醫診所,大安區,臺北市大安區安和路1段106號,25.037402,121.549045
新苑牙醫診所,大安區,臺北市大安區和平東路二段265巷12號,25.022017,121.543306
定國牙醫診所,大安區,臺北市大安區和平東路二段２０１－１號,25.026324,121.543666
陳志明診所,大安區,臺北市大安區和平東路二段３３７號,25.024891,121.545718
光悅牙醫診所,大安區,臺北市大安區和平東路2段18之8號,25.019466,121.555518
耐斯診所,大安區,臺北市大安區敦化南路1段216號,25.043615,121.54945
小小怡登兒童牙醫診所,大安區,臺北市大安區敦化南路1段252巷24號,25.043615,121.54945
捷安牙醫診所,大安區,臺北市大安區金山南路2段3號,25.033822,121.527056
水天使診所,大安區,臺北市大安區忠孝東路4段218之2號,25.053227,121.61258
奕品牙醫診所,大安區,臺北市大安區信義路四段55號,25.035048,121.555825
榮杰美學牙醫診所,大安區,臺北市大安區光復南路280巷24號,25.039812,121.556426
紐約整形外科診所,大安區,臺北市大安區敦化南路1段219號,25.043615,121.54945
月馨牙醫診所,大安區,臺北市大安區復興南路二段一五一巷三一號,25.022026,121.543306
惠天牙醫診所,大安區,臺北市大安區忠孝東路四段２７６號,25.041183,121.555154
黃清浩耳鼻喉科診所,大安區,臺北市大安區光復南路430號,25.036184,121.557375
尚緹診所,大安區,臺北市大安區敦化南路二段1號,25.031532,121.549754
三上牙醫診所,大安區,臺北市大安區羅斯福路2段105號,25.019036,121.530747
潘健理診所,大安區,臺北市大安區忠孝東路三段86號,25.041674,121.535913
凡登斐麗診所,大安區,臺北市大安區信義路3段149號,25.035795,121.542483
長松眼科診所,大安區,臺北市大安區大安路一段一二六巷一號,25.040602,121.54542
秋江外科診所,大安區,臺北市大安區信義路二段一七八號,25.031572,121.530969
家齡診所,大安區,臺北市大安區敦化南路1段191號,25.043615,121.54945
巧聖牙醫診所,大安區,臺北市大安區忠孝東路四段５７號,25.043249,121.552892
劉建宏診所,大安區,臺北市大安區大安路二段139號,25.028566,121.546096
忠孝維格牙醫診所,大安區,臺北市大安區忠孝東路四段54號,25.041391,121.545105
師苑牙醫診所,大安區,臺北市大安區和平東路二段187號,25.026697,121.543673
韓佳人診所,大安區,臺北市大安區忠孝東路4段122之1號,25.053227,121.61258
久明診所,大安區,臺北市大安區敦化南路1段344號,25.043615,121.54945
大安眼科診所,大安區,臺北市大安區和平東路1段258號,25.020001,121.556211
大安漢補世家中醫診所,大安區,臺北市大安區復興南路1段142號,25.03012,121.544277
哲恩美學牙醫診所,大安區,臺北市大安區新生南路3段110號,25.025044,121.535464
立大牙醫診所,大安區,臺北市大安區忠孝東路三段２５１巷４弄１０號,25.042354,121.540888
敦里牙醫診所,大安區,臺北市大安區信義路4段306號,25.035579,121.542198
名漾中醫診所,大安區,臺北市大安區忠孝東路4段341號,25.053227,121.61258
惠群牙醫診所,大安區,臺北市大安區羅斯福路2段79號,25.019036,121.530747
名山牙醫診所,大安區,臺北市大安區復興南路1段380號,25.03012,121.544277
台北亞緻診所,大安區,臺北市大安區仁愛路4段2號,25.036936,121.554878
怡登采風牙醫診所,大安區,臺北市大安區四維路170巷19號,25.028229,121.547045
信恩美醫診所,大安區,臺北市大安區信義路二段７２號,25.034251,121.526334
群維診所,大安區,臺北市大安區忠孝東路3段88號,25.053362,121.615696
沈德昌診所,大安區,臺北市大安區四維路１８９號,25.027668,121.54812
輕齡美腿診所,大安區,臺北市大安區大安路1段51巷19號,25.035492,121.545213
心妍診所,大安區,臺北市大安區忠孝東路3段249之1號,25.053362,121.615696
許必靈牙醫診所,大安區,臺北市大安區安和路一段９９號,25.035797,121.552697
紹光中醫診所,大安區,臺北市大安區文昌街214號,25.032323,121.554854
康博診所,大安區,臺北市大安區復興南路1段227號,25.03012,121.544277
海亞大健康管理診所,大安區,臺北市大安區忠孝東路4段230號,25.053227,121.61258
琢美妍時尚診所,大安區,臺北市大安區忠孝東路4段51之4號,25.053227,121.61258
伯特利敦南身心診所,大安區,臺北市大安區和平東路3段1巷51號,25.020075,121.556268
瑞安牙醫診所,大安區,臺北市大安區建國南路二段151巷41號,25.028854,121.539862
大中診所,大安區,臺北市大安區信義路4段265巷2號,25.035579,121.542198
王君瑜整形外科診所,大安區,臺北市大安區仁愛路4段107號,25.036936,121.554878
國仁中醫診所,大安區,臺北市大安區通化街５７巷２９號,25.030542,121.554983
深浦中醫診所,大安區,臺北市大安區新生南路1段111號,25.025244,121.535254
潘淋華中醫診所,大安區,臺北市大安區羅斯福路三段７５號,25.020608,121.531489
吉辰中醫診所,大安區,臺北市大安區復興南路二段３２１號,25.02393,121.543567
大安元氣堂中醫診所,大安區,臺北市大安區信義路四段265巷48號,25.034948,121.555462
聶美華中醫診所,大安區,臺北市大安區忠孝東路3段246號,25.053362,121.615696
當代漢醫苑中醫診所,大安區,臺北市大安區大安路一段七三號,25.040602,121.54542
麗華中醫診所,大安區,臺北市大安區忠孝東路四段４８號,25.041395,121.544893
李穎哲中醫診所,大安區,臺北市大安區羅斯福路三段二九七之二號,25.017282,121.531822
全方位牙醫診所,大安區,臺北市大安區泰順街44巷2號,25.023699,121.531057
心齋中醫診所,大安區,臺北市大安區泰順街60巷23號,25.022564,121.529675
尚群牙醫診所,大安區,臺北市大安區忠孝東路三段一九七之四號,25.043346,121.538402
凡登整形外科診所,大安區,臺北市大安區信義路三段149號,25.033623,121.542145
杏福中醫診所,大安區,臺北市大安區復興南路二段一三一號,25.022026,121.543306
瑞品牙醫診所,大安區,臺北市大安區光復南路三九O之一號,25.03982,121.55571
弘全牙醫診所,大安區,臺北市大安區瑞安街２８０號,25.026043,121.539046
基督復臨安息日會醫療財團法人臺安診所,大安區,臺北市大安區敦化南路二段76號,25.029106,121.548385
敦南牙醫聯合診所,大安區,臺北市大安區仁愛路4段4號,25.036936,121.554878
翰德國際中醫診所,大安區,臺北市大安區永康街2巷2號,25.033112,121.52973
禾亞國際健康診所,大安區,臺北市大安區仁愛路4段27巷3號,25.036936,121.554878
當代牙醫診所,大安區,臺北市大安區復興南路二段８８號,25.021992,121.543306
古道堂中醫診所,大安區,臺北市大安區青田街６巷８號,25.028075,121.531232
宜德復健科診所,大安區,臺北市大安區和平東路三段二一0號,25.020378,121.556657
敦維牙醫診所,大安區,臺北市大安區四維路33號,25.035213,121.546226
微整形外科診所,大安區,臺北市大安區忠孝東路4段2號,25.053227,121.61258
恆美診所,大安區,臺北市大安區忠孝東路4段212號,25.053227,121.61258
博恩妍診所,大安區,臺北市大安區忠孝東路四段177號,25.041699,121.550645
漢蒂妮醫美診所,大安區,臺北市大安區新生南路1段165巷41號,25.025244,121.535254
敦南麗緻牙醫診所,大安區,臺北市大安區敦化南路1段252巷17號,25.043615,121.54945
渥爾牙醫診所,大安區,臺北市大安區復興南路二段8號,25.022638,121.542657
嵐亭中醫診所,大安區,臺北市大安區忠孝東路3段207之1號,25.053362,121.615696
佳安牙醫診所,大安區,臺北市大安區信義路三段31巷9之2號,25.034901,121.53467
鄧雲立中醫診所,大安區,臺北市大安區信義路4段235號,25.035579,121.542198
大安黃耳鼻喉科診所,大安區,臺北市大安區和平東路3段234號,25.024834,121.546768
李細祥內科診所,大安區,臺北市大安區四維路198巷30弄5號,25.0266,121.545698
潘國輝牙醫診所,大安區,臺北市大安區新生南路一段九十五號,25.038939,121.532865
麗波永康國際診所,大安區,臺北市大安區信義路2段178號,25.033635,121.525423
澤風雅全方位診所,大安區,臺北市大安區忠孝東路4段176之1號,25.053227,121.61258
光能身心診所,大安區,臺北市大安區忠孝東路四段15號,25.040406,121.554153
華漾皮膚專科診所,大安區,臺北市大安區金華街二四九號,25.029783,121.529258
巴比侖診所,大安區,臺北市大安區敦化南路2段5號,25.033025,121.548434
敦力診所,大安區,臺北市大安區敦化南路二段164號,25.024429,121.548334
保源中醫診所,大安區,臺北市大安區通化街十九巷七號,25.028996,121.553886
祥仁牙醫診所,大安區,臺北市大安區濟南路三段17之1號,25.040262,121.534395
超仁牙醫診所,大安區,臺北市大安區延吉街114號,25.043114,121.554916
立祥牙醫診所,大安區,臺北市大安區復興南路二段１１０號,25.022026,121.543306
鼎昀牙醫診所,大安區,臺北市大安區光復南路一八0巷七號,25.03982,121.55571
中日美聯合牙醫診所,大安區,臺北市大安區和平東路3段51號,25.020075,121.556268
誠安牙醫診所,大安區,臺北市大安區新生南路一段145巷17號,25.035815,121.534263
銘揚牙醫診所,大安區,臺北市大安區基隆路二段一六 0 號,25.026748,121.555174
普羅牙醫診所,大安區,臺北市大安區復興南路二段一六四號,25.022026,121.543306
維鈞牙醫診所,大安區,臺北市大安區安和路二段32巷12號,25.031668,121.551773
逸品牙醫診所,大安區,臺北市大安區仁愛路4段27巷4弄16號,25.036936,121.554878
程國慶牙醫診所,大安區,臺北市大安區忠孝東路4段329號,25.053227,121.61258
陽昇牙醫診所,大安區,臺北市大安區忠孝東路四段216巷11弄6號,25.040689,121.553288
博恩牙醫診所,大安區,臺北市大安區通化街１４６號,25.028786,121.553717
敦煌牙醫診所,大安區,臺北市大安區信義路4段 ２5號,25.035579,121.542198
康萊牙醫診所,大安區,臺北市大安區敦化南路一段三一九號,25.040381,121.551245
金華牙醫診所,大安區,臺北市大安區金華街１１８號,25.029888,121.526959
天仁牙醫診所,大安區,臺北市大安區樂利路３８號,25.026725,121.55153
弘名牙醫診所,大安區,臺北市大安區和平東路3段250號,25.020075,121.556268
群容牙醫診所,大安區,臺北市大安區復興南路一段九十號,25.035545,121.54372
揚名牙醫診所,大安區,臺北市大安區忠孝東路四段２５０號,25.041144,121.554277
輝揚牙醫診所,大安區,臺北市大安區金山南路二段三號,25.033266,121.525506
明曜牙醫診所,大安區,臺北市大安區忠孝東路四段１７０巷５弄１６號,25.040841,121.551731
周彥儒牙醫診所,大安區,臺北市大安區和平東路一段218號,25.026117,121.532047
上上牙醫診所,大安區,臺北市大安區和平東路二段３１１巷１４號,25.025146,121.545046
見安牙醫診所,大安區,臺北市大安區金華街２４１號,25.029783,121.529258
萬安中醫診所,大安區,臺北市大安區光復南路308巷25號,25.038804,121.55642
育揚中醫診所,大安區,臺北市大安區和平東路2段221號,25.019466,121.555518
美成中醫診所,大安區,臺北市大安區忠孝東路四段341號,25.04156,121.557354
宏秀堂中醫診所,大安區,臺北市大安區忠孝東路3段217巷2弄16號,25.053362,121.615696
維康中醫診所,大安區,臺北市大安區四維路一七0巷二十九號,25.029287,121.54801
長春中醫診所,大安區,臺北市大安區信義路三段一九0之二號,25.035588,121.541945
天慈中醫診所,大安區,臺北市大安區師大路一O二巷三號,25.023008,121.527325
宜仁堂中醫診所,大安區,臺北市大安區仁愛路四段三OO巷九弄二號,25.037957,121.55323
佶安中醫診所,大安區,臺北市大安區信義路3段172號,25.035795,121.542483
瑞康中醫診所,大安區,臺北市大安區瑞安街208巷24弄12號,25.028726,121.540234
介良中醫診所,大安區,臺北市大安區忠孝東路三段一五四號,25.043346,121.538402
金龍堂中醫診所,大安區,臺北市大安區泰順街１７號,25.025817,121.530217
鴻安中醫診所,大安區,臺北市大安區樂業街78號,25.019639,121.553239
至善牙醫診所,大安區,臺北市大安區和平東路一段67號,25.027095,121.524693
群星牙醫診所,大安區,臺北市大安區信義路3段192之1號,25.035795,121.542483
胡桃鉗牙醫診所,大安區,臺北市大安區信義路三段200號,25.033182,121.543268
波士頓牙醫診所,大安區,臺北市大安區光復南路２８８號,25.039391,121.557376
誠良牙醫診所,大安區,臺北市大安區永康街13巷1號,25.032601,121.529753
首席牙醫診所,大安區,臺北市大安區安和路一段七十號,25.03476,121.553569
泰福牙醫診所,大安區,臺北市大安區泰順街６０巷8號,25.023727,121.529328
上鵬牙醫診所,大安區,臺北市大安區羅斯福路三段１４９號,25.021754,121.527293
新象牙醫診所,大安區,臺北市大安區和平東路二段１１１號,25.026892,121.54051
愛育牙醫診所,大安區,臺北市大安區復興南路2段193巷7號,25.029094,121.543887
元華牙醫診所,大安區,臺北市大安區復興南路一段１３５巷１７號,25.042709,121.545133
廣大牙醫診所,大安區,臺北市大安區復興南路一段１３３號,25.042765,121.544244
正品牙醫診所,大安區,臺北市大安區信義路四段２６５巷３－２號,25.033693,121.554402
偉明牙醫診所,大安區,臺北市大安區仁愛路4段33號,25.036936,121.554878
大勝牙醫診所,大安區,臺北市大安區復興南路二段３２０號,25.023257,121.543223
名流牙醫診所,大安區,臺北市大安區仁愛路四段１３７號,25.038106,121.550836
國安牙醫診所,大安區,臺北市大安區信義路四段179號,25.033424,121.550687
天祥牙醫診所,大安區,臺北市大安區光復南路４２０巷７號,25.036388,121.556569
名祥牙醫診所,大安區,臺北市大安區仁愛路四段２７巷４弄６號,25.03886,121.545102
曾安牙醫診所,大安區,臺北市大安區光復南路３０６號,25.038911,121.557434
小王子牙醫診所,大安區,臺北市大安區和平東路二段四O號,25.026892,121.54051
群智牙醫診所,大安區,臺北市大安區信義路三段一０六號,25.035588,121.541945
來德牙醫診所,大安區,臺北市大安區仁愛路四段一四五號,25.037957,121.55323
心陽牙醫診所,大安區,臺北市大安區仁愛路4段411號,25.036936,121.554878
貝爾牙醫診所,大安區,臺北市大安區忠孝東路四段218之1號,25.041161,121.553338
磊磊牙醫診所,大安區,臺北市大安區瑞安街６５號,25.028699,121.541713
柏堅牙醫診所,大安區,臺北市大安區建國南路一段１６０號,25.041062,121.536974
雅品牙醫診所,大安區,臺北市大安區仁愛路四段１０１號,25.04109,121.547173
洪介文牙醫診所,大安區,臺北市大安區信義路三段１４７巷１７弄１９－１號,25.035346,121.543092
全家福牙醫診所,大安區,臺北市大安區師大路１０５巷１號,25.022538,121.528762
明泰牙醫診所,大安區,臺北市大安區和平東路三段三一八號,25.020378,121.556657
慈恩牙醫診所,大安區,臺北市大安區信義路三段１３４巷５８號,25.030068,121.539242
以諾牙醫診所,大安區,臺北市大安區和平東路三段七十之一號,25.020378,121.556657
致強牙醫診所,大安區,臺北市大安區忠孝東路三段二一七巷六弄二之一號,,
卓越牙醫診所,大安區,臺北市大安區延吉街241巷2弄1號,25.03572,121.555503
椰林牙醫診所,大安區,臺北市大安區信義路二段２２６號,25.033428,121.531525
金翎牙醫診所,大安區,臺北市大安區師大路１２１號,25.021994,121.52838
翔麟牙醫診所,大安區,臺北市大安區羅斯福路三段二四一號,25.017282,121.531822
建豐牙醫診所,大安區,臺北市大安區雲和街７６－１號,25.023402,121.530416
碩美牙醫診所,大安區,臺北市大安區和平東路二段三十六巷三號,25.026892,121.54051
林孟文牙醫診所,大安區,臺北市大安區信義路四段143號,25.033457,121.549609
林靜毅牙醫診所,大安區,臺北市大安區復興南路一段200號,25.039692,121.543494
鄭耳鼻喉科診所,大安區,臺北市大安區信義路四段３４１號,25.033301,121.556699
林繼國診所,大安區,臺北市大安區忠孝東路三段２１７巷１弄１２號,25.042407,121.53911
國泰醫療財團法人國泰綜合醫院,大安區,臺北市大安區仁愛路四段266巷6號,25.037179,121.552799
靖妃中醫診所,大安區,臺北市大安區敦化南路2段63巷58號,25.033025,121.548434
復安牙醫診所,大安區,臺北市大安區信義路4段25號,25.035579,121.542198
莊國豐婦產科診所,大安區,臺北市大安區和平東路1段8號,25.020001,121.556211
杏誠復健科診所,大安區,臺北市大安區信義路4段173號,25.035579,121.542198
諾美整形外科診所,大安區,臺北市大安區復興南路1段135巷27號,25.03012,121.544277
亞立山大時尚整形診所,大安區,臺北市大安區忠孝東路4段107號,25.053227,121.61258
電眼美人診所,大安區,臺北市大安區忠孝東路三段239號,25.04185,121.540768
康婕婦產科診所,大安區,臺北市大安區光復南路240巷23號,25.040658,121.556464
優美診所,大安區,臺北市大安區新生南路二段2號,25.033288,121.532508
潤弘診所,大安區,臺北市大安區建國南路二段276號,25.025174,121.537262
聯合整形外科診所,大安區,臺北市大安區新生南路二段8號,25.032911,121.532583
頂好林耳鼻喉科診所,大安區,臺北市大安區敦化南路一段１６０巷５０號,25.04349,121.546898
安法診所,大安區,臺北市大安區敦化南路二段９７號,25.028913,121.549182
謝林診所,大安區,臺北市大安區大安路2段21號,25.040138,121.545813
簡萬居耳鼻喉科診所,大安區,臺北市大安區辛亥路一段２８號,25.01977,121.529872
陳柏豪耳鼻喉科診所,大安區,臺北市大安區和平東路一段１０號,25.024147,121.532492
仁安診所,大安區,臺北市大安區和平東路二段一七五巷三十四號,25.026892,121.54051
實美整形外科診所,大安區,臺北市大安區信義路四段６３號,25.035024,121.555782
葉明憲小兒科診所,大安區,臺北市大安區羅斯福路三段１９１號,25.021077,121.528081
羅斯福診所,大安區,臺北市大安區羅斯福路3段253號,25.020214,121.531522
萬通耳鼻喉科診所,大安區,臺北市大安區延吉街６４－２號,25.043366,121.553877
誠品診所,大安區,臺北市大安區敦化南路一段３１７號,25.034739,121.549407
安德牙醫診所,大安區,臺北市大安區復興南路一段九十二之四號,25.035545,121.54372
美齡牙醫診所,大安區,臺北市大安區通化街３９巷５０弄５８號,25.028798,121.554843
謝牙醫診所,大安區,臺北市大安區仁愛路四段３００巷２６弄９號,25.036128,121.553919
經典牙醫診所,大安區,臺北市大安區溫洲街４７號,25.026127,121.534805
祥齡牙醫診所,大安區,臺北市大安區羅斯福路二段９９號,25.024897,121.524303
懷恩牙醫診所,大安區,臺北市大安區和平東路二段102之2號,25.024903,121.541703
逸群牙醫診所,大安區,臺北市大安區安和路2段241號,25.032878,121.552243
德美牙醫診所,大安區,臺北市大安區麗水街８號,25.032819,121.528978
佳恩牙醫診所,大安區,臺北市大安區光復南路４２６號,25.03631,121.557378
名品牙醫診所,大安區,臺北市大安區和平東路二段２５９號,25.024995,121.543844
守禮牙醫診所,大安區,臺北市大安區大安路二段１７號,25.032303,121.546097
光復牙醫診所,大安區,臺北市大安區通化街１２巷６號,25.032016,121.553949
懷仁牙醫診所,大安區,臺北市大安區東豐街５７號,25.036116,121.547325
健元牙醫診所,大安區,臺北市大安區四維路５２巷１６號,25.035055,121.546711
永悅診所,大安區,臺北市大安區忠孝東路四段50號,25.041393,121.54497
春天診所,大安區,臺北市大安區信義路四段184號,25.03302,121.55141
安吉耳鼻喉科診所,大安區,臺北市大安區和平東路三段226號,25.016942,121.560174
薇娜時尚美學診所,大安區,臺北市大安區忠孝東路4段53之2號,25.053227,121.61258
藝林整形外科診所,大安區,臺北市大安區羅斯福路3段309號,25.020214,121.531522
佳音診所,大安區,臺北市大安區復興南路1段261之3號,25.03012,121.544277
蔡博庸整形外科診所,大安區,臺北市大安區忠孝東路四段231號,25.041644,121.553115
通化延吉診所,大安區,臺北市大安區信義路四段２６５巷３６號,25.034771,121.555105
林正宗婦產科診所,大安區,臺北市大安區和平東路三段100號,25.017415,121.559858
那明珠診所,大安區,臺北市大安區和平東路3段8號,25.020075,121.556268
一嚴堂中醫診所,大安區,臺北市大安區羅斯福路3段283巷7弄8號,25.020214,121.531522
家安復健科診所,大安區,臺北市大安區敦化南路二段一六八及一七0號,25.02289,121.547595
綺顏診所,大安區,臺北市大安區仁愛路四段一0九號,25.037957,121.55323
薇妮斯整形外科診所,大安區,臺北市大安區忠孝東路4段120之12號,25.053227,121.61258
滿意婦產科診所,大安區,臺北市大安區羅斯福路三段二七一號,25.017282,121.531822
和平大愛眼科診所,大安區,臺北市大安區和平東路一段六號,25.024441,121.532688
漂亮愛爾麗整形外科診所,大安區,臺北市大安區忠孝東路4段325號,25.053227,121.61258
愛爾麗診所,大安區,臺北市大安區忠孝東路三段305號,25.041887,121.543539
極緻美學牙醫診所,大安區,臺北市大安區復興南路1段305號,25.03012,121.544277
臺北市立聯合醫院附設大安門診部,大安區,臺北市大安區辛亥路3段15號,25.013551,121.548592
曹眼科診所,大安區,臺北市大安區和平東路二段２６９號,25.024978,121.544144
祥光診所,大安區,臺北市大安區忠孝東路三段八十六號,25.043346,121.538402
張國麟耳鼻喉科診所,大安區,臺北市大安區和平東路三段一四七號,25.020378,121.556657
大安春暉診所,大安區,臺北市大安區大安路一段一八O號,25.040602,121.54542
周大中婦產科診所,大安區,臺北市大安區敦化南路二段四十六號,25.02289,121.547595
貝拉整形外科診所,大安區,臺北市大安區安和路1段141巷6號,25.03178,121.552145
慈民骨科診所,大安區,臺北市大安區延吉街233巷2號,25.036915,121.555844
尚行美皮膚專科診所,大安區,臺北市大安區光復南路288號,25.039391,121.557376
知美整形外科診所,大安區,臺北市大安區忠孝東路4段221號,25.053227,121.61258
陳秀鳳婦產科診所,大安區,臺北市大安區和平東路二段１９１號,25.02659,121.543674
大安林內科診所,大安區,臺北市大安區敦化南路一段３２１號,25.034614,121.549166
新鑫耳鼻喉科診所,大安區,臺北市大安區師大路１０５巷１３號,25.022559,121.528497
蔡國仁內兒科診所,大安區,臺北市大安區忠孝東路三段２１７巷４弄２１號,25.042992,121.540636
劉達昌眼科診所,大安區,臺北市大安區和平東路三段２３８號,25.016891,121.560194
全家聯合診所,大安區,臺北市大安區和平東路二段３５３號,25.023147,121.543562
林青穀家庭醫學科診所,大安區,臺北市大安區大安路1段2之1號,25.035492,121.545213
宜民時尚中醫診所,大安區,臺北市大安區忠孝東路4段170巷17弄9號,25.053227,121.61258
蔣曉山整形外科診所,大安區,臺北市大安區敦化南路一段１９２號,25.042547,121.548497
同心婦產科診所,大安區,臺北市大安區東豐街２６號,25.035945,121.545401
李婦產科診所,大安區,臺北市大安區羅斯福路2段41號,25.019036,121.530747
經典整形外科診所,大安區,臺北市大安區忠孝東路4段94之5號,25.053227,121.61258
劉賢平婦產科診所,大安區,臺北市大安區延吉街１７５號,25.038278,121.555454
景德耳鼻喉科診所,大安區,臺北市大安區和平東路二段１９１號,25.02659,121.543674
誼安診所,大安區,臺北市大安區仁愛路四段二五號,25.037957,121.55323
尹書田醫療財團法人書田泌尿科眼科診所,大安區,臺北市大安區建國南路2段276號,25.024467,121.537156
許靜瑛小兒科診所,大安區,臺北市大安區和平東路1段230號,25.020001,121.556211
榮主診所,大安區,臺北市大安區光復南路280巷23號,25.039811,121.556504
王暉政眼科診所,大安區,臺北市大安區師大路１１０號,25.023008,121.527325
李翔耳鼻喉科診所,大安區,臺北市大安區和平東路2段18之8號,25.019466,121.555518
張渝醫師診所,大安區,臺北市大安區基隆路二段２７０號,25.022137,121.549758
許世賓婦產科診所,大安區,臺北市大安區和平東路一段169號,25.026531,121.531786
杏心診所,大安區,臺北市大安區金山南路二段218號,25.027777,121.525903
馬大勳婦產科診所,大安區,臺北市大安區安和路一段１１號,25.035394,121.553395
適健復健科診所,大安區,臺北市大安區忠孝東路4段166號,25.053227,121.61258
聖心牙醫診所,大安區,臺北市大安區延吉街１４０號,25.039705,121.55481
陳峙仰診所,大安區,臺北市大安區敦化南路1段376號,25.043615,121.54945
華品中醫診所,大安區,臺北市大安區忠孝東路4段250號,25.053227,121.61258
黃禎祥診所,大安區,臺北市大安區師大路７１號,25.023681,121.528587
李唯通診所,大安區,臺北市大安區安居街十九號,25.019853,121.553661
呂小兒科診所,大安區,臺北市大安區通化街二十四巷六號,25.028996,121.553886
安居診所,大安區,臺北市大安區和平東路3段252號,25.020075,121.556268
陳惠章婦產科家庭醫學科診所,大安區,臺北市大安區羅斯福路三段二六一號,25.017282,121.531822
梁偉中整形外科診所,大安區,臺北市大安區忠孝東路四段一二四之四號,25.041514,121.553174
啟誠聯合診所,大安區,臺北市大安區和平東路二段120號,25.024742,121.54293
大安牙醫診所,大安區,臺北市大安區和平東路3段228巷2號,25.020075,121.556268
林海民牙醫診所,大安區,臺北市大安區光復南路４１２號,25.037411,121.557098
上德牙醫診所,大安區,臺北市大安區臥龍街一五一巷七十四號,25.011389,121.561274
亞德牙醫診所,大安區,臺北市大安區羅斯福路三段１７１號,25.021411,121.527682
仁本牙醫診所,大安區,臺北市大安區新生南路一段１３７巷１７號,25.036983,121.534147
永恩牙醫診所,大安區,臺北市大安區忠孝東路四段１７７號,25.041699,121.550645
復興牙醫診所,大安區,臺北市大安區復興南路二段１８０巷８號,25.027364,121.54266
幸園全方位牙醫診所,大安區,臺北市大安區敦化南路二段１74號,25.023944,121.548353
永大牙醫診所,大安區,臺北市大安區和平東路二段１２７號,25.029096,121.543719
得人牙醫診所,大安區,臺北市大安區復興南路一段一0七巷五弄六號,25.035545,121.54372
漢光牙醫診所,大安區,臺北市大安區光復南路五七0號,25.03982,121.55571
怡豪牙醫診所,大安區,臺北市大安區忠孝東路四段一二 0號,25.041514,121.553174
理想家牙醫診所,大安區,臺北市大安區忠孝東路四段162號,25.041285,121.550288
王叔岩牙醫診所,大安區,臺北市大安區泰順街１０號,25.02577,121.531013
保仁牙醫診所,大安區,臺北市大安區羅斯福路三段２２７號,25.019716,121.529807
麗水牙醫診所,大安區,臺北市大安區金華街１９９巷１弄８號,25.030225,121.528451
倫泰牙醫診所,大安區,臺北市大安區金華街２１５號,25.029922,121.528907
安麗整形外科診所,大安區,臺北市大安區復興南路1段215號,25.03012,121.544277
星星親子眼科診所,大安區,臺北市大安區信義路三段114號,25.033278,121.53857
八號牙醫診所,大安區,臺北市大安區通安街19巷1號,25.032046,121.553521
孩子王牙醫診所,大安區,臺北市大安區忠孝東路四段120-7號,25.041514,121.553174
美登牙醫診所,大安區,臺北市大安區金華街162之4號,25.029675,121.530464
永峰台北牙醫診所,大安區,臺北市大安區新生南路三段7之1號,25.025045,121.535643
翰佑牙醫診所,大安區,臺北市大安區忠孝東路四段３３０號,25.041133,121.557398
白宮牙醫診所,大安區,臺北市大安區忠孝東路四段２１６巷１１弄４號,25.04069,121.553166
復光牙醫診所,大安區,臺北市大安區仁愛路四段３９０號,25.037423,121.556356
宗聖牙醫診所,大安區,臺北市大安區復興南路二段１５１巷８－１號,25.028302,121.54439
中山醫療社團法人杏群診所,大安區,臺北市大安區仁愛路4段112巷12號,25.036936,121.554878
景崧現代中醫診所,大安區,臺北市大安區基隆路二段148號,25.027938,121.556314
儷人整形外科診所,大安區,臺北市大安區忠孝東路四段六十號,25.041514,121.553174
鍾啟榮皮膚科診所,大安區,臺北市大安區敦化南路一段二OO號,25.040381,121.551245
曾皮膚科診所,大安區,臺北市大安區信義路二段三十八號,25.031572,121.530969
鼎心診所,大安區,臺北市大安區新生南路2段2號,25.025299,121.535333
新長安診所,大安區,臺北市大安區和平東路三段２２８巷３９號,25.020767,121.553488
皇家診所,大安區,臺北市大安區羅斯福路三段２２７號,25.019716,121.529807
田嘉程診所,大安區,臺北市大安區延吉街239之1號,25.036362,121.5557
昕彤診所,大安區,臺北市大安區忠孝東路4段73之3號,25.053227,121.61258
亞典牙醫診所,大安區,臺北市大安區復興南路二段82號,25.021991,121.543306
忠孝眼科診所,大安區,臺北市大安區忠孝東路四段１１２號,25.041358,121.546845
楷鈞診所,大安區,臺北市大安區復興南路2段139號,25.029094,121.543887
朝代牙醫診所,大安區,臺北市大安區和平東路3段218號,25.020075,121.556268
愛美薇診所,大安區,臺北市大安區信義路4段1號,25.035579,121.542198
旭彤診所,大安區,臺北市大安區大安路1段101巷10號,25.035492,121.545213
美安診所,大安區,臺北市大安區忠孝東路4段120之11號,25.053227,121.61258
優活麗診所,大安區,臺北市大安區復興南路1段259號,25.03012,121.544277
安麗牙醫診所,大安區,臺北市大安區和平東路3段99號,25.020075,121.556268
菁英牙醫診所,大安區,臺北市大安區復興南路1段213號,25.03012,121.544277
晶晏時尚診所,大安區,臺北市大安區忠孝東路4段67之3號,25.053227,121.61258
教主醫美整形外科診所,大安區,臺北市大安區和平東路一段6號,25.025018,121.532679
嘉仕萌診所,大安區,臺北市大安區忠孝東路4段230號,25.053227,121.61258
富霖診所,大安區,臺北市大安區敦化南路2段333、335號,25.033025,121.548434
邱醫師診所,大安區,臺北市大安區和平東路3段288號,25.020075,121.556268
美式診所,大安區,臺北市大安區敦化南路1段270巷34號,25.043615,121.54945
磐石牙醫診所,大安區,臺北市大安區復興南路2段283號,25.029094,121.543887
尼斯診所,大安區,臺北市大安區敦化南路1段190巷51號,25.043615,121.54945
星采整形外科診所,大安區,臺北市大安區仁愛路4段137號,25.036936,121.554878
史邁爾牙醫診所,大安區,臺北市大安區忠孝東路4段299號,25.053227,121.61258
京禾中醫診所,大安區,臺北市大安區復興南路二段173之1號,25.027407,121.543687
捷靚皮膚專科診所,大安區,臺北市大安區信義路4段45號,25.035579,121.542198
德恩中醫診所,大安區,臺北市大安區新生南路2段2號,25.025299,121.535333
安仁診所,大安區,臺北市大安區安和路1段29號,25.03178,121.552145
魏牙醫診所,大安區,臺北市大安區忠孝東路4段2號,25.053227,121.61258
榮新診所,大安區,臺北市大安區建國南路2段276號,25.024467,121.537156
聖侯診所,大安區,臺北市大安區樂業街139號,25.019966,121.553317
雅丰時尚診所,大安區,臺北市大安區忠孝東路四段221號,25.041527,121.551901
嘉仕美整形外科診所,大安區,臺北市大安區忠孝東路4段230號,25.053227,121.61258
米洛斯整形外科診所,大安區,臺北市大安區復興南路1段323號,25.03012,121.544277
宇寧身心診所,大安區,臺北市大安區復興南路2段6號,25.029094,121.543887
黃文香兒科診所,大安區,臺北市大安區忠孝東路4段250號,25.053227,121.61258
主愛心靈診所,大安區,臺北市大安區羅斯福路3段269巷39號,25.020214,121.531522
林仲樞整形外科診所,大安區,臺北市大安區忠孝東路4段128號,25.053227,121.61258
寶吉祥中醫診所,大安區,臺北市大安區東豐街54號,25.035936,121.547199
品安牙醫診所,大安區,臺北市大安區光復南路402號,25.037416,121.556643
白石牙醫診所,大安區,臺北市大安區杭州南路2段107號,25.031489,121.522646
御庭中醫診所,大安區,臺北市大安區忠孝東路4段166號,25.053227,121.61258
和恩堂中醫診所,大安區,臺北市大安區和平東路三段六十三號,25.020378,121.556657
百安堂中醫診所,大安區,臺北市大安區信義路三段一六二號,25.035588,121.541945
醫道堂黃中醫診所,大安區,臺北市大安區延吉街２３３－３號,25.037085,121.555874
敦化芝加哥牙醫診所,大安區,臺北市大安區仁愛路四段一五一巷三十九號,25.037957,121.55323
嘉正牙醫診所,大安區,臺北市大安區延吉街一三八巷三號,25.043114,121.554916
童兆鯤牙醫診所,大安區,臺北市大安區樂利路十一巷二四號,25.02691,121.551607
京品醫美診所,大安區,臺北市大安區忠孝東路3段249之1號,25.053362,121.615696
雅丰唯心中醫診所,大安區,臺北市大安區忠孝東路四段235號,25.043101,121.55193
自體心理診所,大安區,臺北市大安區延吉街153之9號,25.040658,121.554789
光慧診所,大安區,臺北市大安區復興南路二段176號,25.027511,121.543264
君綺大安診所,大安區,臺北市大安區忠孝東路4段30號,25.053227,121.61258
和麗診所,大安區,臺北市大安區和平東路1段121號,25.020001,121.556211
欣華安中醫診所,大安區,臺北市大安區大安路1段215號,25.035492,121.545213
微顏整形外科診所,大安區,臺北市大安區仁愛路四段107號,25.038337,121.54975
誠鼎牙醫診所,大安區,臺北市大安區和平東路一段66號,25.026742,121.524325
慈諴中醫診所,大安區,臺北市大安區四維路50號,25.035186,121.548046
全美診所,大安區,臺北市大安區復興南路1段127號,25.03012,121.544277
奧拉克診所,大安區,臺北市大安區忠孝東路四段15號,25.040406,121.554153
陳光華中醫診所,大安區,臺北市大安區通化街166之1號,25.028321,121.553584
茉莉牙醫診所,大安區,臺北市大安區忠孝東路三段253號,25.041846,121.541702
仁愛傑生牙醫診所,大安區,臺北市大安區仁愛路4段30號,25.036936,121.554878
璞心牙醫診所,大安區,臺北市大安區潮州街41號,25.029437,121.523411
宣品牙醫診所,大安區,臺北市大安區濟南路三段33號,25.040248,121.535522
吉升堂中醫診所,大安區,臺北市大安區泰順街44巷13號,25.023849,121.530693
品程牙醫診所,大安區,臺北市大安區信義路4段298號,25.035579,121.542198
麗式診所,大安區,臺北市大安區信義路4段251號,25.035579,121.542198
華研牙醫診所,大安區,臺北市大安區仁愛路四段2號,25.036556,121.553063
佛牙昌牙醫診所,大安區,臺北市大安區大安路1段101巷1號,25.035492,121.545213
植善牙醫診所,大安區,臺北市大安區建國南路一段152號,25.041395,121.53682
城東牙醫診所,大安區,臺北市大安區忠孝東路四段220號,25.043101,121.55193
雅丰麗緻診所,大安區,臺北市大安區忠孝東路4段221號,25.053227,121.61258
昱典牙醫診所,大安區,臺北市大安區和平東路二段99號,25.025541,121.539982
小林醫師診所,大安區,臺北市大安區敦化南路1段225號,25.043615,121.54945
大觀堂中醫診所,大安區,臺北市大安區延吉街118號,25.040472,121.554627
陳詩明醫師診所,大安區,臺北市大安區忠孝東路4段126之3號,25.053227,121.61258
春暘診所,大安區,臺北市大安區敦化南路2段46號,25.033025,121.548434
詹成晚牙醫診所,大安區,臺北市大安區安和路1段29號,25.03178,121.552145
信義牙醫診所,大安區,臺北市大安區信義路二段 142號,25.0337,121.528613
松德診所,大安區,臺北市大安區四維路170巷16號,25.028243,121.546655
安信牙醫診所,大安區,臺北市大安區大安路1段189號,25.035492,121.545213
台灣地區婦幼衛生中心醫療財團法人婦幼保健診所,大安區,臺北市大安區復興南路1段285號,25.03012,121.544277
童顏診所,大安區,臺北市大安區忠孝東路3段251巷4弄6號,25.053362,121.615696
愛群婦產科診所,大安區,臺北市大安區信義路三段155號,25.033622,121.542826
愛群中醫診所,大安區,臺北市大安區信義路三段178號,25.0332,121.542262
聖宜診所,大安區,臺北市大安區敦化南路1段232巷4號,25.043615,121.54945
奧美醫美診所,大安區,臺北市大安區復興南路一段200號,25.039692,121.543494
天下牙醫診所,大安區,臺北市大安區信義路四段140號,25.033054,121.549978
靚世紀診所,大安區,臺北市大安區忠孝東路四段155號,25.041711,121.550036
田安然中醫診所,大安區,臺北市大安區信義路四段137號,25.033456,121.549344
雅丰美膚診所,大安區,臺北市大安區忠孝東路4段221號,25.053227,121.61258
台北生髮診所,大安區,臺北市大安區忠孝東路4段77巷15號,25.053227,121.61258
雲品中醫診所,大安區,臺北市大安區忠孝東路4段216巷19弄4號,25.053227,121.61258
和欣視光眼科診所,大安區,臺北市大安區和平東路3段274號,25.020075,121.556268
君綺診所,大安區,臺北市大安區忠孝東路4段30號,25.053227,121.61258
大安聚英視光眼科診所,大安區,臺北市大安區金山南路2段2號,25.033822,121.527056
大心診所,大安區,臺北市大安區忠孝東路4段205巷7弄13號,25.053227,121.61258
拇山菁英牙醫診所,大安區,臺北市大安區基隆路2段172之1號,25.028075,121.556391
仁愛心悅牙醫診所,大安區,臺北市大安區仁愛路4段427號,25.036936,121.554878
嘉速美整形外科醫美診所,大安區,臺北市大安區忠孝東路4段130號,25.053227,121.61258
時尚元素診所,大安區,臺北市大安區基隆路2段164號,25.028075,121.556391
鄢源貴婦產科診所,大安區,臺北市大安區信義路4段199巷2號,25.035579,121.542198
輝馥復健專科診所,大安區,臺北市大安區忠孝東路4段218之5號,25.053227,121.61258
百康診所,大安區,臺北市大安區忠孝東路四段333號,25.041562,121.557106
樂奕診所,大安區,臺北市大安區大安路1段144巷5號,25.035492,121.545213
泰樺美學牙醫診所,大安區,臺北市大安區復興南路1段287號,25.03012,121.544277
緻妍國際醫學美容診所,大安區,臺北市大安區建國南路1段165號,25.029089,121.538748
超越復健診所,大安區,臺北市大安區羅斯福路二段81巷1號,25.025917,121.523732
佳思優整形醫美診所,大安區,臺北市大安區新生南路1段153號,25.025244,121.535254
世貿牙醫診所,大安區,臺北市大安區信義路4段311號,25.035579,121.542198
福康診所,大安區,臺北市大安區忠孝東路三段247之1號,25.043346,121.538402
天一堂中醫診所,大安區,臺北市大安區忠孝東路4段153號,25.053227,121.61258
禾頤中醫診所,大安區,臺北市大安區忠孝東路4段231號,25.053227,121.61258
安諾診所,大安區,臺北市大安區忠孝東路4段176之1號,25.053227,121.61258
大馨牙醫診所,大安區,臺北市大安區敦化南路一段180號,25.042943,121.54849
舒麗爾牙醫診所,大安區,臺北市大安區敦化南路1段216號,25.043615,121.54945
耀美牙醫診所,大安區,臺北市大安區忠孝東路4段1號,25.053227,121.61258
樂業中醫診所,大安區,臺北市大安區樂業街59號,25.020656,121.555426
貝麗牙醫診所,大安區,臺北市大安區敦化南路一段192號,25.042547,121.548497
鴻馨診所,大安區,臺北市大安區大安路2段86之1號,25.040138,121.545813
珍世明眼科診所,大安區,臺北市大安區信義路4段98號,25.035579,121.542198
馨思診所,大安區,臺北市大安區羅斯福路2段41號,25.019036,121.530747
田逸堂中醫診所,大安區,臺北市大安區新生南路3段23號,25.025044,121.535464
願麗醫美診所,大安區,臺北市大安區仁愛路4段33號,25.036936,121.554878
踏石牙醫診所,大安區,臺北市大安區樂利路42巷2號,25.026524,121.551453
華特診所,大安區,臺北市大安區忠孝東路四段341號,25.04156,121.557354
名媛芭比時尚醫美診所,大安區,臺北市大安區信義路4段380號,25.035579,121.542198
錠珹牙醫診所,大安區,臺北市大安區羅斯福路2段105號,25.019036,121.530747
新禾牙醫診所,大安區,臺北市大安區仁愛路三段49號,25.038626,121.535786
嶺先牙醫診所,大安區,臺北市大安區敦化南路1段228號,25.043615,121.54945
瑞佛牙醫診所,大安區,臺北市大安區忠孝東路三段305號,25.041887,121.543539
芮禾診所,大安區,臺北市大安區大安路一段133號,25.038757,121.546163
靚優健康醫學美容診所,大安區,臺北市大安區忠孝東路4段126之6號,25.053227,121.61258
A ONE 高階鼻美型診所,大安區,臺北市大安區羅斯福路3段309號,25.020214,121.531522
元晨診所,大安區,臺北市大安區忠孝東路四段1號,25.040828,121.554262
女神時尚診所,大安區,臺北市大安區忠孝東路4段329號,25.053227,121.61258
大安身心診所,大安區,臺北市大安區和平東路2段18之9號,25.019466,121.555518
甯寓美學診所,大安區,臺北市大安區信義路2段198巷5號,25.033635,121.525423
陽光燦亮診所,大安區,臺北市大安區忠孝東路四段166號,25.041283,121.550498
聖諦亞健康管理診所,大安區,臺北市大安區仁愛路四段109號,25.0383,121.549772
古亭京都堂中醫診所,大安區,臺北市大安區羅斯福路2段115號,25.019036,121.530747
星美妍國際醫美診所,大安區,臺北市大安區忠孝東路4段120之15號,25.053227,121.61258
御守堂中醫診所,大安區,臺北市大安區和平東路3段113號,25.020075,121.556268
新華陀牙醫診所,大安區,臺北市大安區復興南路1段206號,25.03012,121.544277
韓風時尚整形外科診所,大安區,臺北市大安區忠孝東路四段219號,25.041663,121.55251
亞妮詩整形外科診所,大安區,臺北市大安區忠孝東路4段218之1號,25.053227,121.61258
鄭振鴻中醫診所,大安區,臺北市大安區羅斯福路2段49號,25.019036,121.530747
台生診所,大安區,臺北市大安區忠孝東路4段341號,25.053227,121.61258
晨光牙醫診所,大安區,臺北市大安區四維路170巷1號,25.028274,121.547854
廣軒中醫診所,大安區,臺北市大安區光復南路308巷29號,25.038819,121.556286
大安双眼明眼科診所,大安區,臺北市大安區復興南路1段103號,25.03012,121.544277
青熙美學診所,大安區,臺北市大安區忠孝東路四段120之8號,25.041276,121.547322
張惠琴中醫診所,大安區,臺北市大安區忠孝東路4段60號,25.053227,121.61258
羅丹診所,大安區,臺北市大安區忠孝東路4段312號,25.053227,121.61258
怡登敦南牙醫診所,大安區,臺北市大安區大安路1段119巷1號,25.035492,121.545213
全新大安診所,大安區,臺北市大安區大安路1段101巷10號,25.035492,121.545213
京都堂中醫診所,大安區,臺北市大安區忠孝東路4段205巷25號,25.053227,121.61258
華育婦產科診所,大安區,臺北市大安區敦化南路二段39號,25.031523,121.549185
享艾美時尚診所,大安區,臺北市大安區忠孝東路4段333號,25.053227,121.61258
原綺診所,大安區,臺北市大安區金山南路2段3號,25.033822,121.527056
信禾診所,大安區,臺北市大安區信義路4段281號,25.035579,121.542198
夏娃診所,大安區,臺北市大安區師大路68巷2號,25.023928,121.528228
和平婦產科診所,大安區,臺北市大安區和平東路1段180號,25.020001,121.556211
樂力適診所,大安區,臺北市大安區忠孝東路3段305號,25.053362,121.615696
成長空間診所,大安區,臺北市大安區敦化南路一段236巷29號,25.040585,121.546248
童話時尚診所,大安區,臺北市大安區安和路2段20巷8號,25.035099,121.553781
琳安牙醫診所,大安區,臺北市大安區信義路四段138號,25.033057,121.54991
怡登牙醫診所,大安區,臺北市大安區復興南路二段151巷39號,25.028314,121.545059
愛玩美診所,大安區,臺北市大安區復興南路一段321號,25.033997,121.543843
安居牙醫診所,大安區,臺北市大安區安居街46巷1號,25.020706,121.553744
秀傳醫院,大安區,臺北市大安區光復南路116巷1、3、5號,25.03982,121.55571
明日美牙醫診所,大安區,臺北市大安區忠孝東路四段210號,25.041232,121.552616
富盈診所,大安區,臺北市大安區基隆路2段172之1號,25.028075,121.556391
米漾診所,大安區,臺北市大安區信義路3段200號,25.035795,121.542483
醫心堂中醫診所,大安區,臺北市大安區信義路4段267號,25.035579,121.542198
富國牙醫診所,大安區,臺北市大安區復興南路1段227號,25.03012,121.544277
立澄診所,大安區,臺北市大安區忠孝東路3段259號,25.053362,121.615696
葉姿麟中醫診所,大安區,臺北市大安區瑞安街23巷14號,25.031028,121.545388
雲鼎中醫診所,大安區,臺北市大安區光復南路304號,25.038936,121.557441
向陽身心診所,大安區,臺北市大安區忠孝東路4段218之2號,25.053227,121.61258
日本元氣診所,大安區,臺北市大安區敦化南路2段267號,25.033025,121.548434
聯新國際診所,大安區,臺北市大安區仁愛路4段77號,25.036936,121.554878
伊生診所,大安區,臺北市大安區忠孝東路4段216巷32弄15號,25.053227,121.61258
膚適美診所,大安區,臺北市大安區忠孝東路4段76號,25.053227,121.61258
杏霖牙醫診所,大安區,臺北市大安區安和路2段64號,25.035099,121.553781
熙之美醫美診所,大安區,臺北市大安區復興南路1段249號,25.03012,121.544277
麗生時尚美學診所,大安區,臺北市大安區安和路1段21巷17號,25.03178,121.552145
三豐診所,大安區,臺北市大安區信義路3段23號,25.035795,121.542483
米羅美漾診所,大安區,臺北市大安區忠孝東路4段183號,25.053227,121.61258
忠孝安媞婦產科診所,大安區,臺北市大安區忠孝東路4段59號,25.053227,121.61258
永茂忠孝診所,大安區,臺北市大安區忠孝東路4段231號,25.053227,121.61258
拇山兒童牙科暨齒顎矯正牙醫診所,大安區,臺北市大安區基隆路2段172之4號,25.028075,121.556391
健全醫美診所,大安區,臺北市大安區信義路三段151號,25.033632,121.542227
采依診所,大安區,臺北市大安區羅斯福路2段41號,25.019036,121.530747
微媞時尚診所,大安區,臺北市大安區忠孝東路四段250號,25.041144,121.554277
晶喜美牙醫診所,大安區,臺北市大安區忠孝東路4段333號,25.053227,121.61258
樂活診所,大安區,臺北市大安區師大路12號,25.022928,121.527317
佑昌中醫診所,大安區,臺北市大安區羅斯福路3段29號,25.020214,121.531522
比鼻八千代診所,大安區,臺北市大安區復興南路一段200號,25.039692,121.543494
賽爾拉雅特時尚診所,大安區,臺北市大安區仁愛路4段122巷26號,25.036936,121.554878
天美診所,大安區,臺北市大安區復興南路二段82號,25.021991,121.543306
維納斯時尚診所,大安區,臺北市大安區金山南路2段3號,25.033822,121.527056
善緣中醫診所,大安區,臺北市大安區忠孝東路3段261號,25.053362,121.615696
明悅中醫診所,大安區,臺北市大安區忠孝東路4段210之1號,25.053227,121.61258
得愉牙醫診所,大安區,臺北市大安區復興南路1段107巷5弄27號,25.03012,121.544277
康禾中醫診所,大安區,臺北市大安區羅斯福路3段275號,25.020214,121.531522
上璽中醫診所,大安區,臺北市大安區信義路4段1號,25.035579,121.542198
宇川自然醫學診所,大安區,臺北市大安區敦化南路1段259號,25.043615,121.54945
日安健康診所,大安區,臺北市大安區仁愛路4段33號,25.036936,121.554878
宏康復健專科診所,大安區,臺北市大安區信義路4段134號,25.035579,121.542198
大師美學診所,大安區,臺北市大安區復興南路1段204號,25.03012,121.544277
安東診所,大安區,臺北市大安區和平東路2段229號,25.019466,121.555518
樂芙美形診所,大安區,臺北市大安區忠孝東路4段166號,25.053227,121.61258
國際整形外科診所,大安區,臺北市大安區忠孝東路4段59號,25.053227,121.61258
台北亞緻整形外科診所,大安區,臺北市大安區仁愛路4段2號,25.036936,121.554878
馨適牙醫診所,大安區,臺北市大安區建國南路1段300號,25.029089,121.538748
秀寧診所,大安區,臺北市大安區光復南路116巷1號,25.043113,121.55686
璞美整形外科醫美診所,大安區,臺北市大安區復興南路1段222號,25.03012,121.544277
蜜絲歐妮診所,大安區,臺北市大安區忠孝東路4段126之24號,25.053227,121.61258
漫雲思境診所,大安區,臺北市大安區瑞安街61巷1弄5號,25.028904,121.542717
元天中醫診所,大安區,臺北市大安區安和路1段112巷13號,25.03178,121.552145
聖緹雅醫美皮膚科診所,大安區,臺北市大安區仁愛路四段107號,25.038337,121.54975
小岩井診所,大安區,臺北市大安區光復南路260巷23號,25.040296,121.554877
仁愛星和診所,大安區,臺北市大安區光復南路306號,25.038911,121.557434
司鉑診所,大安區,臺北市大安區忠孝東路4段128號,25.053227,121.61258
韓佳人綠洲診所,大安區,臺北市大安區光復南路72巷7弄9號,25.044414,121.557175
慕診所,大安區,臺北市大安區復興南路二段12巷25號,25.032888,121.542311
新復生診所,大安區,臺北市大安區仁愛路4段151巷38號,25.036936,121.554878
台加牙醫診所,大安區,臺北市大安區復興南路2段268號,25.029094,121.543887
無痕美學診所,大安區,臺北市大安區安和路1段86號,25.03178,121.552145
一家牙醫診所,大安區,臺北市大安區建國南路2段151巷44號,25.024467,121.537156
藏琢診所,大安區,臺北市大安區新生南路1段161巷37號,25.025244,121.535254
喬雅時尚診所,大安區,臺北市大安區忠孝東路4段147巷1號,25.053227,121.61258
適群診所,大安區,臺北市大安區四維路198巷32號,25.02662,121.545826
行一診所,大安區,臺北市大安區新生南路3段19巷8號,25.025044,121.535464
K Beauty 時尚美學診所,大安區,臺北市大安區忠孝東路4段223巷38號,25.053227,121.61258
保惠中醫診所,大安區,臺北市大安區嘉興街363巷18弄1號,25.021894,121.552492
櫟安診所,大安區,臺北市大安區金山南路2段200號,25.033822,121.527056
維昕時尚診所,大安區,臺北市大安區復興南路1段137號,25.03012,121.544277
翔恩牙醫診所,大安區,臺北市大安區信義路3段106號,25.035795,121.542483
奐采美診所,大安區,臺北市大安區忠孝東路4段50號,25.053227,121.61258
禾安診所,大安區,臺北市大安區忠孝東路3段100號,25.041812,121.551962
敦南諾貝爾眼科診所,大安區,臺北市大安區敦化南路1段216號,25.043615,121.54945
同心堂中醫診所,大安區,臺北市大安區通化街85號,25.029925,121.554246
君漾美牙醫診所,大安區,臺北市大安區忠孝東路4段250號,25.053227,121.61258
羅福牙醫診所,大安區,臺北市大安區羅斯福路2段81巷1號,25.019036,121.530747
喜顏美學診所,大安區,臺北市大安區敦化南路1段252巷25號,25.043615,121.54945
寶泫診所,大安區,臺北市大安區忠孝東路4段311號,25.053227,121.61258
健華診所,大安區,臺北市大安區和平東路2段299號,25.019466,121.555518
大安丰采美學牙醫診所,大安區,臺北市大安區新生南路2段18號,25.025299,121.535333
臥和彩日牙醫診所,大安區,臺北市大安區和平東路3段2號,25.020075,121.556268
初樂極緻美學診所,大安區,臺北市大安區大安路1段116巷9號,25.035492,121.545213
勝安中醫診所,大安區,臺北市大安區仁愛路4段435號,25.036936,121.554878
楊海醫師診所,大安區,臺北市大安區新生南路2段2號,25.025299,121.535333
愛群小兒專科診所,大安區,臺北市大安區信義路3段170號,25.035795,121.542483
信德診所,大安區,臺北市大安區敦化南路1段362號,25.043615,121.54945
風華御髮植髮診所,大安區,臺北市大安區羅斯福路2段33號,25.019036,121.530747
全相中醫診所,大安區,臺北市大安區安和路1段112巷19號,25.03178,121.552145
醫者診所,大安區,臺北市大安區基隆路2段172之1號,25.028075,121.556391
愛群信安中醫診所,大安區,臺北市大安區信義路3段170號,25.035795,121.542483
幸福婦產科診所,大安區,臺北市大安區忠孝東路4段235號,25.043049,121.552117
鼎妍中醫診所,大安區,臺北市大安區光復南路318號,25.038794,121.556739
仁一牙醫診所,大安區,臺北市大安區仁愛路4段449號,25.036936,121.554878
生生優動忠孝新生診所,大安區,臺北市大安區濟南路3段9號,25.040465,121.533313
昇陽一品中醫診所,大安區,臺北市大安區敦化南路1段236巷9號,25.043615,121.54945
祐民牙醫診所,大安區,臺北市大安區忠孝東路4段134號,25.053227,121.61258
藝群忠孝診所,大安區,臺北市大安區忠孝東路4段128號,25.053227,121.61258
禾馨宜蘊婦產科診所,大安區,臺北市大安區信義路3段149號,25.035795,121.542483
仁愛好日子診所,大安區,臺北市大安區仁愛路3段5巷3之2號,25.038704,121.544682
忠孝昌盛堂中醫診所,大安區,臺北市大安區忠孝東路4段205巷7弄1號,25.053227,121.61258
君綺忠孝診所,大安區,臺北市大安區忠孝東路4段30號,25.053227,121.61258
木木日安皮膚專科診所,大安區,臺北市大安區復興南路1段81號,25.03012,121.544277
上尚診所,大安區,臺北市大安區忠孝東路4段216巷19弄4號,25.053227,121.61258
群光自然診所,大安區,臺北市大安區羅斯福路3段271號,25.020214,121.531522
協力牙醫診所,大安區,臺北市大安區仁愛路4段99號,25.036936,121.554878
江子朋醫美診所,大安區,臺北市大安區復興南路1段137號,25.03012,121.544277
忠孝喜月泌尿科診所,大安區,臺北市大安區忠孝東路4段59號,25.053227,121.61258
葵芮蓓緹醫美診所,大安區,臺北市大安區仁愛路3段5巷1弄9號,25.038704,121.544682
艾戀國際診所,大安區,臺北市大安區敦化南路1段225號,25.043615,121.54945
幸衍醫美診所,大安區,臺北市大安區復興南路2段111巷7號,25.029094,121.543887
國健中醫診所,大安區,臺北市大安區和平東路1段280號,25.020001,121.556211
杏澤健康診所,大安區,臺北市大安區復興南路1段215號,25.03012,121.544277
花之妍美學診所,大安區,臺北市大安區光復南路240巷23號,25.040658,121.556464
艾朵拉診所,大安區,臺北市大安區忠孝東路4段60號,25.053227,121.61258
麗舍整形外科診所,大安區,臺北市大安區基隆路2段172之1號,25.028075,121.556391
喜月泌尿診所,大安區,臺北市大安區杭州南路2段63號,25.031489,121.522646
自由風美醫診所,大安區,臺北市大安區復興南路1段259號,25.03012,121.544277
台北享新代診所,大安區,臺北市大安區忠孝東路4段26巷7號,25.053227,121.61258
雅德思植牙美學牙醫診所,大安區,臺北市大安區敦化南路1段177巷46號,25.043615,121.54945
忠孝星美妍國際醫美診所,大安區,臺北市大安區忠孝東路4段220號,25.043049,121.552117
李瑞玉中醫診所,大安區,臺北市大安區金山南路2段222號,25.033822,121.527056
汾陽中醫診所,大安區,臺北市大安區忠孝東路4段146巷1號,25.053227,121.61258
木木日安醫學美容診所,大安區,臺北市大安區敦化南路1段138之1號,25.043615,121.54945
佳齡診所,大安區,臺北市大安區敦化南路1段191號,25.043615,121.54945
聖緹雅美學診所,大安區,臺北市大安區仁愛路4段107號,25.036936,121.554878
忠孝書拉密美學診所,大安區,臺北市大安區忠孝東路4段15號,25.053227,121.61258
麗綺醫美診所,大安區,臺北市大安區復興南路1段352號,25.03012,121.544277
樂益耳鼻喉科診所,大安區,臺北市大安區復興南路2段161號,25.029094,121.543887
天予診所,大安區,臺北市大安區敦化南路1段138號,25.043615,121.54945
沐雲美學診所,大安區,臺北市大安區延吉街153之3號,25.040658,121.554789
憶安診所,大安區,臺北市大安區信義路3段3號,25.035795,121.542483
交感身心診所,大安區,臺北市大安區信義路4段143號,25.035579,121.542198
荻珥整形外科診所,大安區,臺北市大安區敦化南路1段261號,25.043615,121.54945
寶儷國際美型診所,大安區,臺北市大安區金山南路二段3號,25.033109,121.525041
昱安中醫診所,大安區,臺北市大安區新生南路2段54巷8號,25.025299,121.535333
童顏漾診所,大安區,臺北市大安區敦化南路1段259號,25.043615,121.54945
彭燕婷中醫診所,大安區,臺北市大安區和平東路1段171號,25.020001,121.556211
和穆牙醫診所,大安區,臺北市大安區信義路3段202號,25.035795,121.542483
顧芳瑜泌尿科診所,大安區,臺北市大安區信義路3段192之1號,25.035795,121.542483
沐淨科技體雕診所,大安區,臺北市大安區忠孝東路4段112號,25.053227,121.61258
台北孟德爾診所,大安區,臺北市大安區敦化南路1段216號,25.043615,121.54945
澤之肌皮膚專科診所,大安區,臺北市大安區信義路4段109之1號,25.035579,121.542198
無齡診所,大安區,臺北市大安區敦化南路1段259號,25.043615,121.54945
微光牙醫診所,大安區,臺北市大安區信義路3段35號,25.035795,121.542483
詠恩中醫診所,大安區,臺北市大安區和平東路3段236號,25.020075,121.556268
星媺信義診所,大安區,臺北市大安區信義路4段303號,25.035579,121.542198
艾尚美醫美診所,大安區,臺北市大安區忠孝東路4段55之8號,25.053227,121.61258
旅美學活力診所,大安區,臺北市大安區復興南路1段135巷17號,25.03012,121.544277
安澐診所,大安區,臺北市大安區復興南路2段150號,25.029094,121.543887
群富牙醫診所,大安區,臺北市大安區信義路4段199巷19號,25.035579,121.542198
苙登醫美診所,大安區,臺北市大安區忠孝東路4段112號,25.053227,121.61258
逸林診所,大安區,臺北市大安區信義路4段109之2號,25.035579,121.542198
超美診所,大安區,臺北市大安區忠孝東路4段178號,25.053227,121.61258
生活家牙醫診所,大安區,臺北市大安區忠孝東路4段212號,25.053227,121.61258
德霖中醫診所,大安區,臺北市大安區信義路4段168號,25.035579,121.542198
輕齡診所,大安區,臺北市大安區安和路1段32號,25.03178,121.552145
煥儷美形仁愛診所,大安區,臺北市大安區仁愛路4段2號,25.036936,121.554878
溫州泰昌堂中醫診所,大安區,臺北市大安區溫州街86號,25.018918,121.532725
良鑫牙醫診所,大安區,臺北市大安區羅斯福路2段83之7號,25.019036,121.530747
大安傑生牙醫診所,大安區,臺北市大安區仁愛路4段27巷16號,25.036936,121.554878
甯之美診所,大安區,臺北市大安區復興南路1段323號,25.03012,121.544277
通化祥寧中醫診所,大安區,臺北市大安區通化街26之5號,25.031536,121.554163
瑞加診所,大安區,臺北市大安區信義路4段267號,25.035579,121.542198
琢白美學牙醫診所,大安區,臺北市大安區忠孝東路4段153號,25.053227,121.61258
大安逸采診所,大安區,臺北市大安區信義路3 段186號,25.035795,121.542483
媚登峯纖體醫妍安和診所,大安區,臺北市大安區仁愛路4段151巷18號,25.036936,121.554878
名漾玉璽中醫診所,大安區,臺北市大安區忠孝東路4段329號,25.053227,121.61258
星媺診所,大安區,臺北市大安區忠孝東路4段107號,25.053227,121.61258
仁愛耳鼻喉科診所,大安區,臺北市大安區光復南路308巷55號,25.038861,121.555358
生活家醫美診所,大安區,臺北市大安區忠孝東路4段212號,25.053227,121.61258
涂育嘉中醫診所,大安區,臺北市大安區基隆路2段180之1號,25.028075,121.556391
時英中醫診所,大安區,臺北市大安區辛亥路1段89號,25.021594,121.543607
凱妍診所,大安區,臺北市大安區忠孝東路4段128號,25.053227,121.61258
樂晨牙醫診所,大安區,臺北市大安區大安路1段65號,25.035492,121.545213
健格牙醫診所,大安區,臺北市大安區金山南路2段152號,25.033822,121.527056
創新牙醫診所,大安區,臺北市大安區師大路12號,25.022928,121.527317
禾顏時尚醫美診所,大安區,臺北市大安區忠孝東路3段249號,25.053362,121.615696
原美學診所,大安區,臺北市大安區羅斯福路3段309號,25.020214,121.531522
大安雲天牙醫診所,大安區,臺北市大安區復興南路2段8號,25.029094,121.543887
東風診所,大安區,臺北市大安區忠孝東路4段132號,25.053227,121.61258
冠美國際時尚診所,大安區,臺北市大安區光復南路260巷24號,25.040367,121.556455
琢月診所,大安區,臺北市大安區忠孝東路4段69之4號,25.053227,121.61258
杏霖中醫診所,大安區,臺北市大安區和平東路二段101號,25.025534,121.540031
馨思身心精神科診所,大安區,臺北市大安區信義路2段208號,25.033635,121.525423
仁生復健科診所,大安區,臺北市大安區信義路4段265巷17號,25.035579,121.542198
馥儷診所,大安區,臺北市大安區忠孝東路4段50號,25.053227,121.61258
樂康美診所,大安區,臺北市大安區敦化南路1段188號,25.043615,121.54945
菁萃美診所,大安區,臺北市大安區復興南路1段279巷22號,25.03012,121.544277
芙曦中醫診所,大安區,臺北市大安區新生南路1段165巷16號,25.025244,121.535254
賦真妍整形外科專科診所,大安區,臺北市大安區忠孝東路4段162號,25.053227,121.61258
安瑟美皮膚科診所,大安區,臺北市大安區安和路1段113號,25.03178,121.552145
永生樹診所,大安區,臺北市大安區忠孝東路4段124之2號,25.053227,121.61258
童安牙醫診所,大安區,臺北市大安區溫州街１１巷１０號,25.025461,121.534652
樸秀中醫診所,大安區,臺北市大安區復興南路2段35號,25.029094,121.543887
小禾馨小兒專科診所,大安區,臺北市大安區新生南路三段4號,25.020794,121.533697
大安中醫診所,大安區,臺北市大安區大安路1段65號,25.035492,121.545213
名人牙醫診所,大安區,臺北市大安區和平東路一段２００號,25.026176,121.531278
康和中醫診所,大安區,臺北市大安區忠孝東路三段251巷5弄1號,25.042708,121.541743
杏保醫網信康診所,大安區,臺北市大安區敦化南路2段335號,25.033025,121.548434
明道牙醫診所,大安區,臺北市大安區忠孝東路四段２０５巷９號,25.041439,121.556042
楊鵬生婦產科診所,大安區,臺北市大安區信義路2段72號,25.033635,121.525423
吳岳龍牙醫診所,大安區,臺北市大安區仁愛路4段64號,25.036936,121.554878
窈窕診所,大安區,臺北市大安區復興南路2段6號,25.029094,121.543887
惠澤中醫診所,大安區,臺北市大安區泰順街44巷22-5號,25.023838,121.530257
雋品牙醫診所,大安區,臺北市大安區延吉街66號,25.043208,121.553575
愛群兒童成長診所,大安區,臺北市大安區信義路三段155號,25.033622,121.542826
東方美學診所,大安區,臺北市大安區信義路4段63號,25.035579,121.542198
芮亞時尚美學診所,大安區,臺北市大安區忠孝東路4段134號,25.053227,121.61258
皓群牙醫診所,大安區,臺北市大安區安和路一段五十三號,25.03476,121.553569
維藝美學牙醫診所,大安區,臺北市大安區忠孝東路4段183號,25.053227,121.61258
康軒牙醫診所,大安區,臺北市大安區信義路4段189號,25.035579,121.542198
大學眼科診所,大安區,臺北市大安區新生南路3段54之3號,25.025044,121.535464
育生中醫診所,大安區,臺北市大安區羅斯福路三段261號,25.018886,121.530386
大安耳鼻喉科診所,大安區,臺北市大安區復興南路二段163號,25.02795,121.543696
欣欣牙醫診所,大安區,臺北市大安區和平東路一段１９８號,25.026182,121.531202
夏爾診所,大安區,臺北市大安區信義路4段265巷52號,25.035579,121.542198
莊雅惠中醫診所,大安區,臺北市大安區復興南路1段142號,25.03012,121.544277
雲濤中醫診所,大安區,臺北市大安區建國南路1段304巷33號,25.029089,121.538748
易明中醫診所,大安區,臺北市大安區辛亥路2段39號,25.01861,121.54804
日亞美牙醫診所,大安區,臺北市大安區敦化南路1段219號,25.043615,121.54945
伊勢美診所,大安區,臺北市大安區信義路2段104號,25.033635,121.525423
天津牙醫診所,大安區,臺北市大安區忠孝東路三段86號,25.041674,121.535913
于賓診所,大安區,臺北市大安區忠孝東路3段305號,25.053362,121.615696
宗翰牙醫診所,大安區,臺北市大安區富陽街104號,25.020057,121.556694
達仁診所,大安區,臺北市大安區信義路2段208號,25.033635,121.525423
皇珈美學診所,大安區,臺北市大安區光復南路290巷28號,25.03945,121.55639
及人牙醫診所,大安區,臺北市大安區大安路一段１７０號,25.036675,121.545915
御絨中醫診所,大安區,臺北市大安區忠孝東路4段153號,25.053227,121.61258
皓美牙醫診所,大安區,臺北市大安區忠孝東路四段128號,25.041335,121.547996
衣絜時尚美學診所,大安區,臺北市大安區仁愛路四段四號,25.037957,121.55323
懷生牙醫診所,大安區,臺北市大安區忠孝東路三段２４８巷９－１號,25.041013,121.541426
松林牙醫診所,大安區,臺北市大安區延吉街233巷8號,25.036916,121.555945
采欣醫美診所,大安區,臺北市大安區忠孝東路4段176號,25.053227,121.61258
中央公園精品牙醫診所,大安區,臺北市大安區信義路3段147巷11弄19號,25.035795,121.542483
芊月堂中醫診所,大安區,臺北市大安區復興南路1段115號,25.03012,121.544277
明圳齒顎矯正專科診所,大安區,臺北市大安區和平東路一段91號,25.027013,121.525706
尖端診所,大安區,臺北市大安區敦化南路二段一六八號,25.02289,121.547595
宸光眼科診所,大安區,臺北市大安區信義路4段199巷13號,25.035579,121.542198
師大昌盛堂中醫診所,大安區,臺北市大安區師大路59巷7號,25.023978,121.528785
秘境美學診所,大安區,臺北市大安區忠孝東路4段222號,25.053227,121.61258
從心牙醫診所,大安區,臺北市大安區安和路2段35巷5號,25.035099,121.553781
百靈診所,大安區,臺北市大安區復興南路1段204號,25.03012,121.544277
張尚哲婦產科診所,大安區,臺北市大安區忠孝東路四段２１０號,25.041232,121.552616
容華診所,大安區,臺北市大安區敦化南路1段219號,25.043615,121.54945
尚品牙醫診所,大安區,臺北市大安區羅斯福路二段79-1 號,25.026448,121.522941
琳安診所,大安區,臺北市大安區信義路4段138號,25.035579,121.542198
常榮牙醫診所,大安區,臺北市大安區潮州街５９巷１－１號,25.029396,121.524325
覺世中醫診所,大安區,臺北市大安區信義路2段226號,25.033635,121.525423
輕鬆美膚皮膚科診所,大安區,臺北市大安區羅斯福路3段301號,25.020214,121.531522
灩妮醫美診所,大安區,臺北市大安區和平東路一段10號,25.024147,121.532492
樂陽中醫診所,大安區,臺北市大安區和平東路3段304號,25.020075,121.556268
毛爵生髮診所,大安區,臺北市大安區忠孝東路4段220號,25.043049,121.552117
偉成牙醫診所,大安區,臺北市大安區安和路二段１７５號,25.027886,121.549976
小太陽牙醫診所,大安區,臺北市大安區麗水街6之1號,25.032914,121.528999
僑展牙醫診所,大安區,臺北市大安區忠孝東路四段２１６巷１６號,25.041366,121.553153
保順牙醫診所,大安區,臺北市大安區羅斯福路三段２８３巷１３號,25.019104,121.531582
美之約醫美診所,大安區,臺北市大安區忠孝東路4段60號,25.053227,121.61258
忠孝大學眼科診所,大安區,臺北市大安區忠孝東路4段178號,25.053227,121.61258
榮愛牙醫診所,大安區,臺北市大安區延吉街１０９號,25.0431,121.554163
如一整形外科診所,大安區,臺北市大安區信義路3段149號,25.035795,121.542483
曼星整形醫美診所,大安區,臺北市大安區信義路4段58號,25.035579,121.542198
法喬醫美診所,大安區,臺北市大安區忠孝東路4段71之2號,25.053227,121.61258
忠孝世賓婦產科診所,大安區,臺北市大安區忠孝東路4段176號,25.053227,121.61258
加得牙醫診所,大安區,臺北市大安區忠孝東路四段223巷9號,25.042214,121.552887
御美診所,大安區,臺北市大安區仁愛路4段137號,25.036936,121.554878
瑩中醫診所,大安區,臺北市大安區忠孝東路4段177號,25.053227,121.61258
嘉齡診所,大安區,臺北市大安區敦化南路1段191號,25.043615,121.54945
吳濬哲骨科診所,大安區,臺北市大安區敦化南路1段294號,25.043615,121.54945
琢悅牙醫診所,大安區,臺北市大安區安和路1段93號,25.03178,121.552145
奇璞光經方中醫診所,大安區,臺北市大安區大安路1段220巷11號,25.035492,121.545213
睿醫診所,大安區,臺北市大安區忠孝東路4段170巷18弄18號,25.053227,121.61258
杏和牙醫診所,大安區,臺北市大安區延吉街162號,25.0392,121.554968
頂好預防醫學診所,大安區,臺北市大安區忠孝東路4段59號,25.053227,121.61258
琢禾美學診所,大安區,臺北市大安區新生南路2段2號,25.025299,121.535333
世旻牙醫診所,大安區,臺北市大安區復興南路二段151巷13號,25.028355,121.544187
施崇仁耳鼻喉科診所,大安區,臺北市大安區和平東路二段３１１巷13號,25.025163,121.545223
呈易美學牙醫診所,大安區,臺北市大安區復興南路1段135巷7號,25.03012,121.544277
安曼牙醫診所,大安區,臺北市大安區復興南路1段135巷27號,25.03012,121.544277
華成牙醫診所,大安區,臺北市大安區溫州街１1巷2號,25.025406,121.533823
康禾牙醫診所,大安區,臺北市大安區敦化南路1段228號,25.043615,121.54945
泰仁牙醫診所,大安區,臺北市大安區仁愛路四段４０７－２號,25.038007,121.555904
鍾雲霓外科診所,大安區,臺北市大安區信義路3段149號,25.035795,121.542483
張少萌婦產科診所,大安區,臺北市大安區信義路四段１９９巷２號,25.033563,121.551524
芽苑牙醫診所,大安區,臺北市大安區安和路1段49巷7號,25.03178,121.552145
安若牙醫診所,大安區,臺北市大安區忠孝東路4段218號,25.053227,121.61258
志清牙醫診所,大安區,臺北市大安區安東街54號,25.042276,121.542805
佳德牙醫診所,大安區,臺北市大安區延吉街１８６號,25.038583,121.555127
董曉青眼科診所,大安區,臺北市大安區安和路二段69巷6號,25.030402,121.552678
來家牙醫診所,大安區,臺北市大安區大安路2段162號,25.040138,121.545813
陽光美診所,大安區,臺北市大安區忠孝東路4段312號,25.053227,121.61258
己研美學診所,大安區,臺北市大安區永康街10巷10號,25.032466,121.529329
向昕美學整形外科診所,大安區,臺北市大安區忠孝東路4段178號,25.053227,121.61258
楊氏診所,大安區,臺北市大安區光復南路280巷24號,25.039812,121.556426
芙蕾亞時尚診所,大安區,臺北市大安區復興南路1段70號,25.03012,121.544277
詠漾診所,大安區,臺北市大安區仁愛路4段419號,25.036936,121.554878
欣昇復健科診所,大安區,臺北市大安區復興南路一段283號,25.035498,121.543854
優德診所,大安區,臺北市大安區延吉街１５３－２號,25.040658,121.554789
杏語心靈診所,大安區,臺北市大安區復興南路1段200號,25.03012,121.544277
陳運瑩中醫診所,大安區,臺北市大安區信義路四段265巷10弄2-1號,25.033855,121.55383
璞真中醫診所,大安區,臺北市大安區忠孝東路四段311號,25.041594,121.555798
淨妍醫美診所,大安區,臺北市大安區忠孝東路4段212號,25.053227,121.61258
禾馨大安婦幼診所,大安區,臺北市大安區新生南路3段4號,25.025044,121.535464
蔡凱宙自然骨科診所,大安區,臺北市大安區羅斯福路3段309號,25.020214,121.531522
緻美整形外科診所,大安區,臺北市大安區仁愛路四段50之3號,25.037605,121.547363
尚凌診所,大安區,臺北市大安區忠孝東路三段257號,25.041839,121.541996
甘露中醫診所,大安區,臺北市大安區信義路2段44巷10之2號,25.033635,121.525423
八千代診所,大安區,臺北市大安區大安路1段101巷10號,25.035492,121.545213
愛美士時尚醫美診所,大安區,臺北市大安區安和路1段61號,25.03178,121.552145
樂沐時尚診所,大安區,臺北市大安區文昌街205號,25.032492,121.554146
醫者新診所,大安區,臺北市大安區基隆路2段172之1號,25.028075,121.556391
冠德牙醫診所,大安區,臺北市大安區和平東路一段91號,25.027013,121.525706
法瑞診所,大安區,臺北市大安區忠孝東路4段53之8號,25.053227,121.61258
華盛頓牙醫診所,大安區,臺北市大安區和平東路3段111號,25.024834,121.546768
仁愛濰視眼科診所,大安區,臺北市大安區復興南路1段 243號,25.03012,121.544277
洛城牙醫診所,大安區,臺北市大安區仁愛路三段２５號,25.039605,121.543122
宜蘊中醫診所,大安區,臺北市大安區信義路3段149號,25.035795,121.542483
美加仁愛醫美診所,大安區,臺北市大安區復興南路一段227號,25.038532,121.543911
鴻林牙醫診所,大安區,臺北市大安區復興南路一段１３５巷１１號,25.04271,121.54495
首盛診所,大安區,臺北市大安區大安路1段101巷5號,25.035492,121.545213
陳建銓耳鼻喉科診所,大安區,臺北市大安區樂利路９３號,25.025507,121.552275
陳瑞鵬婦產科診所,大安區,臺北市大安區信義路四段１７７號,25.033425,121.550633
慶祥牙醫診所,大安區,臺北市大安區大安路一段５２巷１９號,25.043113,121.545299
粗淡中醫診所,大安區,臺北市大安區信義路二段８０號,25.034155,121.526523
立喆診所,大安區,臺北市大安區建國南路二段151巷52號,25.028652,121.539936
延吉美皮膚專科診所,大安區,臺北市大安區忠孝東路四段250號,25.041144,121.554277
和圓中醫診所,大安區,臺北市大安區通化街38巷22號,25.030852,121.553514
美德美學牙醫診所,大安區,臺北市大安區忠孝東路4段230號,25.053227,121.61258
伊美學牙醫診所,大安區,臺北市大安區敦化南路1段233巷40號,25.043615,121.54945
極緻皮膚專科診所,大安區,臺北市大安區忠孝東路四段49巷2號,25.042137,121.545337
安瑟美膚整形外科診所,大安區,臺北市大安區安和路1段113號,25.03178,121.552145
信義英爵醫美診所,大安區,臺北市大安區信義路四段206號,25.033006,121.551815
仁愛牙醫診所,大安區,臺北市大安區和平東路3段79號,25.020075,121.556268
台北亞緻牙醫診所,大安區,臺北市大安區仁愛路4段4號,25.036936,121.554878
哈利路亞曾英欽診所,大安區,臺北市大安區仁愛路3段29號,25.038704,121.544682
品範牙醫診所,大安區,臺北市大安區和平東路3段340號,25.020075,121.556268
忠孝三井牙醫診所,大安區,臺北市大安區忠孝東路4段50號,25.053227,121.61258
新慶生診所,大安區,臺北市大安區仁愛路四段151巷36號,25.040572,121.551654
瀚群骨科診所,大安區,臺北市大安區仁愛路4段2號,25.036936,121.554878
謝婦產科診所,大安區,臺北市大安區忠孝東路四段311號,25.041594,121.555798
昱捷診所,大安區,臺北市大安區信義路3段202號,25.035795,121.542483
光澤診所,大安區,臺北市大安區忠孝東路四段1號,25.040828,121.554262
群英整形外科診所,大安區,臺北市大安區信義路4段279號,25.035579,121.542198
華仁牙醫診所,大安區,臺北市大安區忠孝東路3段259號,25.053362,121.615696
再生診所,大安區,臺北市大安區永康街7巷18號,25.033068,121.531589
家中醫診所,大安區,臺北市大安區雲和街38之1號,25.023533,121.528738
蔡牙醫診所,大安區,臺北市大安區東豐街５６號,25.035934,121.547344
長青牙醫診所,大安區,臺北市大安區敦化南路二段88號,25.028635,121.548391
羽田醫美診所,大安區,臺北市大安區羅斯福路3段171號,25.020214,121.531522
睿揚診所,大安區,臺北市大安區和平東路1段180號,25.020001,121.556211
晴天身心診所,大安區,臺北市大安區延吉街135之3號,25.042187,121.554472
艾萊克時尚診所,大安區,臺北市大安區忠孝東路四段162號,25.041285,121.550288
橘子牙醫診所,大安區,臺北市大安區忠孝東路4段299號,25.053227,121.61258
金貞醫學美容診所,大安區,臺北市大安區市民大道3段198號,25.044666,121.545835
全德中醫診所,大安區,臺北市大安區羅斯福路3段37號,25.020214,121.531522
大安尊生堂中醫診所,大安區,臺北市大安區光復南路558號,25.034456,121.557332
信愛牙醫診所,大安區,臺北市大安區敦化南路1段289號,25.043615,121.54945
博全婦產科診所,大安區,臺北市大安區大安路一段18號,25.044162,121.5461
銘妍診所,大安區,臺北市大安區忠孝東路四段107號,25.041748,121.548284
德尚牙醫診所,大安區,臺北市大安區光復南路308巷44號,25.039103,121.555374
晶漾診所,大安區,臺北市大安區忠孝東路4段333號,25.053227,121.61258
采悅牙醫診所,大安區,臺北市大安區師大路92巷8之1號,25.022512,121.527882
本華牙醫診所,大安區,臺北市大安區仁愛路四段413號,25.038002,121.556159
林慧雯婦產科診所,大安區,臺北市大安區忠孝東路4段210之1號,25.053227,121.61258
杏群牙醫診所,大安區,臺北市大安區仁愛路四段112巷12號,25.036422,121.549577
舊金山牙醫診所,大安區,臺北市大安區敦化南路2段168號,25.033025,121.548434
怡登唯美牙醫診所,大安區,臺北市大安區大安路1段119巷1號,25.035492,121.545213
愛家自然診所,大安區,臺北市大安區建國南路1段160號,25.029089,121.538748
十全牙醫診所,大安區,臺北市大安區信義路三段１３４巷４８號,25.030402,121.539246
佳醫美人診所,大安區,臺北市大安區仁愛路四段66號,25.037597,121.547747
泉源診所,大同區,臺北市大同區庫倫街51之5號,25.072041,121.519025
李牙醫診所,大同區,臺北市大同區酒泉街86號,25.071934,121.514758
聖方診所,大同區,臺北市大同區長安西路177巷2號,25.051913,121.513641
悅昇診所,大同區,臺北市大同區錦西街50之1號,25.060229,121.519983
唯媜牙醫診所,大同區,臺北市大同區南京西路220號,25.055477,121.512554
京站全人牙醫診所,大同區,臺北市大同區華陰街59號,25.049558,121.518569
信賴堂中醫診所,大同區,臺北市大同區南京西路222號,25.05335,121.516547
牧人所身心醫學診所,大同區,臺北市大同區承德路3段232號,25.063402,121.518508
新緻美學牙醫診所,大同區,臺北市大同區承德路1段8號,25.063356,121.518506
趙黎海診所,大同區,臺北市大同區哈密街六十七號,25.063496,121.51599
良朋牙醫診所,大同區,臺北市大同區天水路32號,25.052601,121.512837
廣博診所,大同區,臺北市大同區長安西路二二O巷五號,25.04955,121.519635
阡禾中醫診所,大同區,臺北市大同區承德路3段169號,25.063402,121.518508
全品牙醫診所,大同區,臺北市大同區寧夏路１１０－３號,25.057892,121.51529
新旅程復健科診所,大同區,臺北市大同區民權西路237之7號,25.063563,121.511714
秀冠植髮診所,大同區,臺北市大同區延平北路1段110號,25.055246,121.511478
佑佳內科診所,大同區,臺北市大同區承德路2段142號,25.063621,121.51736
包眼科診所,大同區,臺北市大同區保安街５４之１號,25.059061,121.512674
西寧安泰牙醫診所,大同區,臺北市大同區西寧北路１５號,25.055354,121.50949
雙連同仁中醫診所,大同區,臺北市大同區民生西路78號,25.05748,121.520368
賢福診所,大同區,臺北市大同區民權西路148號,25.062763,121.515739
佳安中醫診所,大同區,臺北市大同區哈密街87號,25.07304,121.51472
伊甸診所,大同區,臺北市大同區承德路一段66號,25.052049,121.517146
周皮膚科診所,大同區,臺北市大同區延平北路一段二十六號,25.051225,121.511914
晶悅美學牙醫診所,大同區,臺北市大同區民生西路138號,25.057311,121.518882
明昇中醫診所,大同區,臺北市大同區赤峰街13號,25.053729,121.519248
建成診所,大同區,臺北市大同區長安西路82號,25.050303,121.51918
南西司鉑診所,大同區,臺北市大同區南京西路30號,25.052611,121.519851
聖心婦家醫診所,大同區,臺北市大同區保安街1之1號,25.059503,121.514353
新悅中醫診所,大同區,臺北市大同區民生西路71號,25.057692,121.519938
森田牙醫診所,大同區,臺北市大同區重慶北路二段8號,25.054517,121.513921
文山堂牙醫診所,大同區,臺北市大同區南京西路１８５巷５－２號,25.054396,121.512338
美平方健康美學診所,大同區,臺北市大同區鄭州路119號,25.050321,121.510967
正德中醫診所,大同區,臺北市大同區民權西路125號,25.063166,121.517372
夏立雲診所,大同區,臺北市大同區保安街４３號,25.059162,121.512328
博裕牙醫診所,大同區,臺北市大同區保安街3之3號,25.059355,121.513991
曾鳳飛牙醫診所,大同區,臺北市大同區長安西路１１７號,25.051262,121.515806
梅約內科診所,大同區,臺北市大同區長安西路88號,25.050341,121.519026
黃隆慶婦產科診所,大同區,臺北市大同區歸綏街181號,25.05828,121.513183
杏菖中醫診所,大同區,臺北市大同區重慶北路二段42號,25.055111,121.512956
圓山診所,大同區,臺北市大同區酒泉街131號,25.072131,121.514474
臺北市立聯合醫院附設大同門診部,大同區,臺北市大同區昌吉街52號,25.065816,121.516338
建成牙醫診所,大同區,臺北市大同區西寧北路５１－１號,25.054206,121.508897
宏嘉牙醫診所,大同區,臺北市大同區赤峰街１１號,25.053676,121.519234
控八控控中醫診所,大同區,臺北市大同區承德路三段148之1號,25.067955,121.518142
松柏牙醫診所,大同區,臺北市大同區重慶北路三段96號,25.066661,121.513445
陳重熙內科小兒科診所,大同區,臺北市大同區保安街３之４號,25.059355,121.513991
羅志弘診所,大同區,臺北市大同區重慶北路三段１１５號,25.067317,121.514159
黃眼科診所,大同區,臺北市大同區重慶北路三段２５６號,25.071399,121.513581
大龍峒耳鼻喉科診所,大同區,臺北市大同區民族西路223之5號,25.068775,121.512752
張漢權內科診所,大同區,臺北市大同區重慶北路一段９２號,25.052655,121.513923
天一中醫診所,大同區,臺北市大同區重慶北路三段98號,25.066735,121.513457
英瑞牙醫診所,大同區,臺北市大同區重慶北路二段１１５號,25.057474,121.513886
欣恩牙醫診所,大同區,臺北市大同區重慶北路二段235之5號,25.058541,121.513714
大龍牙醫診所,大同區,臺北市大同區重慶北路3段278之1號,25.064426,121.514207
林仲皮膚科診所,大同區,臺北市大同區延平北路2段20號,25.055428,121.511684
羅源彰診所,大同區,臺北市大同區長安西路137號,25.051522,121.514144
廣安診所,大同區,臺北市大同區大龍街１７７巷３號,25.068947,121.516129
周承良耳鼻喉科診所,大同區,臺北市大同區延平北路一段二十二號,25.051225,121.511914
路易牙醫診所,大同區,臺北市大同區華陰街43號,25.049426,121.519145
慶吉診所,大同區,臺北市大同區重慶北路三段209號,25.076505,121.513945
泓斌中醫診所,大同區,臺北市大同區大龍街27號,25.063816,121.516078
忻安牙醫診所,大同區,臺北市大同區民權西路122號,25.062727,121.516711
澤康診所,大同區,臺北市大同區重慶北路三段71號,25.066348,121.513907
重慶堂中醫診所,大同區,臺北市大同區延平北路2段88之1號,25.055428,121.511684
人生中醫診所,大同區,臺北市大同區重慶北路2段88號,25.067186,121.513297
廣順中醫診所,大同區,臺北市大同區延平北路三段82號,25.065822,121.510927
宜康復健科診所,大同區,臺北市大同區民族西路124號,25.068448,121.516606
救鼻堂中醫診所,大同區,臺北市大同區庫倫街48之4號,25.071818,121.518178
夏凱納生活診所,大同區,臺北市大同區五原路15號,25.056627,121.517533
建順診所,大同區,臺北市大同區甘州街51號,25.059677,121.512851
梅約診所,大同區,臺北市大同區長安西路88號,25.050341,121.519026
永茂醫美診所,大同區,臺北市大同區南京西路22號,25.05589,121.512488
德和中醫診所,大同區,臺北市大同區迪化街一段22號,25.054321,121.510074
圓山長麗牙醫診所,大同區,臺北市大同區酒泉街121號,25.072127,121.514739
翰鳴堂中醫診所,大同區,臺北市大同區重慶北路一段83巷6號,25.052675,121.514466
祐雙診所,大同區,臺北市大同區民生西路138號,25.057311,121.518882
生元德中醫診所,大同區,臺北市大同區南京西路185巷14號,25.05458,121.512216
御森美學牙醫診所,大同區,臺北市大同區南京西路80號,25.052894,121.518229
尊榮美學牙醫診所,大同區,臺北市大同區承德路2段172號,25.063621,121.51736
南西維格皮膚科診所,大同區,臺北市大同區南京西路22號,25.05589,121.512488
安世中醫診所,大同區,臺北市大同區重慶北路一段102號,25.05289,121.513965
祥恩耳鼻喉科診所,大同區,臺北市大同區民生西路195號,25.057282,121.516715
原平中醫診所,大同區,臺北市大同區民生西路199號,25.057266,121.5166
大同耳鼻喉科診所,大同區,臺北市大同區重慶北路三段250之3、250之4號,25.071064,121.51357
夢工場整形醫美診所,大同區,臺北市大同區承德路一段32號,25.05202,121.518397
清松堂中醫診所,大同區,臺北市大同區承德路一段17號,25.050007,121.517066
寧夏診所,大同區,臺北市大同區民生西路236號,25.056892,121.514413
光點中醫診所,大同區,臺北市大同區重慶北路三段274之1號,25.076064,121.513803
志勛皮膚科診所,大同區,臺北市大同區重慶北路二段2、4號,25.058541,121.513714
喜聖診所,大同區,臺北市大同區長安西路235號,25.04955,121.519635
永東牙醫診所,大同區,臺北市大同區延平北路3段27號,25.05524,121.511444
京水堂中醫診所,大同區,臺北市大同區南京西路22號,25.05589,121.512488
立威口腔顎面外科牙醫診所,大同區,臺北市大同區重慶北路三段280號,25.076066,121.513803
京站好萊塢診所,大同區,臺北市大同區鄭州路3號,25.049103,121.515834
郁品堂老中醫診所,大同區,臺北市大同區迪化街1段315號,25.063566,121.509636
時尚假期整形醫美診所,大同區,臺北市大同區南京西路278號,25.053462,121.514727
學而中醫診所,大同區,臺北市大同區延平北路3段18巷7號,25.05524,121.511444
良元中醫診所,大同區,臺北市大同區長安西路51之1號,25.050832,121.51767
朵薇診所,大同區,臺北市大同區南京西路288號,25.05391,121.513989
千暘診所,大同區,臺北市大同區民權西路268號,25.062737,121.512068
知田中醫診所,大同區,臺北市大同區民生西路78號,25.05748,121.520368
妍植國際醫美診所,大同區,臺北市大同區南京西路44號,25.052721,121.51937
喜顏快時尚診所,大同區,臺北市大同區南京西路18巷4弄4之1號,25.052314,121.519901
欣華牙醫診所,大同區,臺北市大同區民生西路123號,25.057513,121.518508
松興堂中醫診所,大同區,臺北市大同區重慶北路二段35號,25.055038,121.513679
余自興眼科診所,大同區,臺北市大同區重慶北路三段二一三號,25.066217,121.513598
宏麗牙醫診所,大同區,臺北市大同區南京西路65號,25.053118,121.518932
朝陽牙醫診所,大同區,臺北市大同區延平北路二段１０９號,25.056818,121.511683
信陽中醫診所,大同區,臺北市大同區蘭州街５９號,25.063658,121.515076
大翔牙醫診所,大同區,臺北市大同區重慶北路三段278之1號,25.076065,121.513803
名柏牙醫診所,大同區,臺北市大同區承德路三段247巷26號,25.071078,121.519691
臺北市立聯合醫院,大同區,臺北市大同區鄭州路145號,25.050693,121.508885
順天堂中醫診所,大同區,臺北市大同區昌吉街79號,25.066004,121.514294
陳月琴中醫診所,大同區,臺北市大同區承德路三段181號,25.069223,121.51863
陳潮宗中醫診所,大同區,臺北市大同區民權西路127號,25.063115,121.517253
泉玥牙醫診所,大同區,臺北市大同區太原路113號,25.052614,121.515924
天喜牙醫診所,大同區,臺北市大同區民族西路一三八號,25.068112,121.517791
黃博裕小兒科診所,大同區,臺北市大同區赤峰街４９巷２１號,25.055544,121.520255
長興牙醫診所,大同區,臺北市大同區延平北路二段124號,25.057285,121.511463
朱世輝耳鼻喉科診所,大同區,臺北市大同區民權西路１０６號,25.061617,121.51444
三德牙醫診所,大同區,臺北市大同區承德路三段１００號,25.064257,121.516284
正和中醫診所,大同區,臺北市大同區重慶北路2段51號,25.067186,121.513297
華源堂中醫診所,大同區,臺北市大同區民生西路３１８號,25.056876,121.511865
吳震鵬牙醫診所,大同區,臺北市大同區大龍街１８３號,25.068985,121.515989
永新聯合牙醫診所,大同區,臺北市大同區民族西路156號,25.068466,121.515529
紘成診所,大同區,臺北市大同區長安西路53巷7弄1之1號,25.051474,121.517796
美堅牙醫診所,大同區,臺北市大同區延平北路三段１１５號,25.068278,121.510981
正記中醫診所,大同區,臺北市大同區重慶北路二段一○二號,25.058541,121.513714
陳欽銘中醫內科診所,大同區,臺北市大同區重慶北路三段２５巷２號,25.064724,121.514148
保順中醫診所,大同區,臺北市大同區哈密街九十九號,25.063496,121.51599
一聖堂中醫診所,大同區,臺北市大同區民生西路一五四號,25.056924,121.510578
傑品牙醫診所,大同區,臺北市大同區哈蜜街５９巷３１弄１號,25.065937,121.51378
琥珀中醫診所,大同區,臺北市大同區長安西路289號,25.052095,121.509116
蔡健生內、神經科診所,大同區,臺北市大同區大龍街１８７巷３０號,25.069155,121.516817
仁偉牙醫診所,大同區,臺北市大同區民權西路144巷1號,25.06291,121.513899
維明牙醫診所,大同區,臺北市大同區延平北路三段３４號,25.064477,121.51101
永欣診所,大同區,臺北市大同區南京西路30號,25.052611,121.519851
林志宏中醫診所,大同區,臺北市大同區延平北路二段14號,25.055132,121.511151
濟民中醫診所,大同區,臺北市大同區重慶北路二段106號,25.058541,121.513714
全生中醫診所,大同區,臺北市大同區重慶北路二段一八四號,25.058541,121.513714
御聖堂中醫診所,大同區,臺北市大同區延平北路2段190號,25.055428,121.511684
英士牙醫診所,大同區,臺北市大同區太原路１５４－１１號,25.054683,121.516312
杜瑞煙牙醫診所,大同區,臺北市大同區重慶北路二段１８３－１號,25.05992,121.513738
宏偉牙醫診所,大同區,臺北市大同區延平北路二段２４３號,25.062103,121.511361
欣容牙醫診所,大同區,臺北市大同區重慶北路二段２３５號,25.058541,121.513714
大仁牙醫診所,大同區,臺北市大同區雙連街五十四號,25.057893,121.51983
台一牙醫診所,大同區,臺北市大同區南京西路６１號,25.053082,121.519132
博群牙醫診所,大同區,臺北市大同區延平北路二段２１９號,25.060016,121.511494
立全牙醫診所,大同區,臺北市大同區延平北路二段145號,25.057902,121.511613
雅晴牙醫診所,大同區,臺北市大同區延平北路二段127號,25.057401,121.511644
章牙醫診所,大同區,臺北市大同區延平北路二段144巷13之1號,25.057295,121.510968
永達牙醫診所,大同區,臺北市大同區延平北路一段155號,25.05376,121.51186
旭揚牙醫診所,大同區,臺北市大同區承德路一段４１巷１２號,25.05126,121.517384
杏仁牙醫診所,大同區,臺北市大同區酒泉街１９３號,25.072207,121.512056
劍橋牙醫診所,大同區,臺北市大同區民權西路144 巷13號,25.061785,121.516005
哲安牙醫診所,大同區,臺北市大同區南京西路１６７巷３－３號,25.054658,121.512805
新林牙醫診所,大同區,臺北市大同區哈密街113號,25.073003,121.514039
順然牙醫診所,大同區,臺北市大同區延平北路三段８１號,25.067138,121.511052
鈞生診所,大同區,臺北市大同區甘州街２８號,25.058836,121.512785
施小兒科診所,大同區,臺北市大同區重慶北路三段２８號,25.06509,121.513458
蔡皮膚科診所,大同區,臺北市大同區重慶北路二段１１５號,25.057474,121.513886
中華民國防癆協會第一胸腔病防治所,大同區,臺北市大同區民權西路一○四號,25.061706,121.517705
延平耳鼻喉科診所,大同區,臺北市大同區重慶北路二段二三五之四號,25.058541,121.513714
台北聖仁皮膚科診所,大同區,臺北市大同區南京西路71號,25.053168,121.518767
和泰內科診所,大同區,臺北市大同區南京西路406號,25.053204,121.509848
桂林內科診所,大同區,臺北市大同區太原路６２號,25.051603,121.51545
四季花妍整形診所,中山區,臺北市中山區長春路16號,25.053818,121.538949
禾宇復健科診所,中山區,臺北市中山區龍江路356巷79號,25.066111,121.537788
心禾診所,中山區,臺北市中山區復興北路92號,25.051363,121.543806
高固亷診所,中山區,臺北市中山區北安路613號,25.082582,121.548799
睿智牙醫診所,中山區,臺北市中山區北安路六二一巷二十五號,25.085995,121.552083
三和牙醫診所,中山區,臺北市中山區四平街１６號,25.053594,121.530717
鼎廬診所,中山區,臺北市中山區中山北路二段１３７巷３７號,25.061785,121.524867
民生承安診所,中山區,臺北市中山區民生東路3段90號,25.058256,121.53763
創興診所,中山區,臺北市中山區復興北路378號,25.060863,121.54388
林源泉中醫診所,中山區,臺北市中山區農安街２３５號,25.064786,121.532308
維成牙醫診所,中山區,臺北市中山區樂群二路113號,25.080384,121.555737
中山元晨診所,中山區,臺北市中山區中山北路1段145號,25.051353,121.522708
禾康診所,中山區,臺北市中山區林森北路486號,25.061408,121.525479
美麗晶華診所,中山區,臺北市中山區中山北路二段81之2號,25.058485,121.523098
越診所,中山區,臺北市中山區南京東路2段37號,25.051888,121.528178
永暉診所,中山區,臺北市中山區林森北路612號,25.066444,121.525599
虎林診所,中山區,臺北市中山區中山北路2段137巷1號,25.051438,121.521853
祐瑞中醫診所,中山區,臺北市中山區松江路69巷11號,25.049424,121.534294
宗北內科診所,中山區,臺北市中山區民生西路24號,25.057668,121.521903
登彩整形外科診所,中山區,臺北市中山區中山北路二段62巷5號,25.056925,121.522297
極品牙醫診所,中山區,臺北市中山區伊通街二十七號,25.051291,121.534779
禾森牙醫診所,中山區,臺北市中山區明水路475巷15號,25.078224,121.550995
美朵整形外科診所,中山區,臺北市中山區中山北路2段31號,25.051438,121.521853
林佳瑩中醫診所,中山區,臺北市中山區南京西路1之1號,25.052539,121.521756
愛鄰診所,中山區,臺北市中山區北安路520之1號,25.079702,121.546145
進安身心診所,中山區,臺北市中山區北安路593號,25.082025,121.548661
北歐牙醫診所,中山區,臺北市中山區中山北路2段28之1號,25.051438,121.521853
豐秀整形外科診所,中山區,臺北市中山區中山北路2段52號,25.051438,121.521853
杰膚美診所,中山區,臺北市中山區復興北路50號,25.04974,121.543762
恆美學中山診所,中山區,臺北市中山區南京東路1段46號,25.052293,121.528042
創健診所,中山區,臺北市中山區復興北路378號,25.060863,121.54388
葉小兒科診所,中山區,臺北市中山區長春路２２７號,25.054807,121.538827
東海牙醫診所,中山區,臺北市中山區農安街１７４號,25.064569,121.534638
賴達三診所,中山區,臺北市中山區民生東路二段８２號,25.057849,121.53053
東仁中醫診所,中山區,臺北市中山區錦州街275號,25.060379,121.535517
吳佩臻診所,中山區,臺北市中山區中山北路二段162號,25.063213,121.522301
京華中醫診所,中山區,臺北市中山區松江路95之1號,25.056195,121.530174
明誠診所,中山區,臺北市中山區錦州街446號,25.0601,121.54317
耘康復健科診所,中山區,臺北市中山區復興北路402巷8弄2號,25.06178,121.543656
爵美牙醫診所,中山區,臺北市中山區龍江路238號,25.058524,121.540368
尚達牙醫診所,中山區,臺北市中山區民生東路3段1號,25.058256,121.53763
旭恩復健科診所,中山區,臺北市中山區復興北路38號,25.049256,121.54375
新田身心診所,中山區,臺北市中山區復興北路344號,25.05978,121.543952
鑫牙醫診所,中山區,臺北市中山區興安街100號,25.056081,121.541795
元生中醫診所,中山區,臺北市中山區龍江路179巷40號,25.053875,121.541712
大華牙醫診所,中山區,臺北市中山區長安東路二段１０１號,25.048523,121.535073
星晴牙醫診所,中山區,臺北市中山區龍江路373號,25.06461,121.541032
明錦生髮植髮診所,中山區,臺北市中山區南京東路二路62號,25.052121,121.532251
醫貫東西中醫診所,中山區,臺北市中山區敬業一路189號,25.084226,121.554071
德美診所,中山區,臺北市中山區北安路五九六號,25.085995,121.552083
星誠牙醫診所,中山區,臺北市中山區民生東路二段160號,25.057824,121.532664
全人健康診所,中山區,臺北市中山區中山北路三段38號,25.06584,121.522061
國防部醫務組診所,中山區,臺北市中山區北安路409號,25.079781,121.543012
蔡朝雄牙醫診所,中山區,臺北市中山區林森北路４３２號,25.060138,121.525447
亞太牙醫診所,中山區,臺北市中山區遼寧街２４號,25.053612,121.541153
正元中醫診所,中山區,臺北市中山區林森北路482號,25.061321,121.525476
君綺整形外科診所,中山區,臺北市中山區南京東路二段111號,25.052121,121.532251
慶恩小兒科診所,中山區,臺北市中山區吉林路一一七號,25.063197,121.530307
尊榮優植牙醫診所,中山區,臺北市中山區南京東路三段208號,25.05167,121.543243
信安診所,中山區,臺北市中山區民生西路24號,25.057668,121.521903
欣安牙醫診所,中山區,臺北市中山區天祥路12號,25.06135,121.521445
濱江中醫診所,中山區,臺北市中山區五常街53巷30之2號,25.067346,121.539593
黃雅芬兒童心智診所,中山區,臺北市中山區南京西路5之1號,25.052604,121.521374
福聯牙醫診所,中山區,臺北市中山區復興北路５１４巷６０號,25.065908,121.54147
晉宏診所,中山區,臺北市中山區復興北路５１４巷５６號,25.065907,121.541644
慶生診所,中山區,臺北市中山區林森北路561號,25.064538,121.525774
上允牙醫診所,中山區,臺北市中山區北安路五七一號,25.085995,121.552083
法緹美學時尚診所,中山區,臺北市中山區林森北路109號,25.050428,121.525047
璞蘊整形外科診所,中山區,臺北市中山區南京東路2段76號,25.051888,121.528178
健生牙醫診所,中山區,臺北市中山區龍江路二之四號,25.059105,121.541482
雲門中醫診所,中山區,臺北市中山區松江路170巷12號,25.055931,121.532179
陳烱輝診所,中山區,臺北市中山區民生東路二段１０３號,25.059802,121.534872
惟亷診所,中山區,臺北市中山區北安路595巷1號,25.082284,121.548387
小星星牙醫診所,中山區,臺北市中山區樂群三路56號,25.082474,121.552815
聆心中醫診所,中山區,臺北市中山區興安街75號,25.056313,121.542955
聖璽中醫診所,中山區,臺北市中山區農安街26號,25.066134,121.52922
科學中醫診所,中山區,臺北市中山區民權東路2段86號,25.069061,121.597007
施宏男復健科診所,中山區,臺北市中山區松江路158號,25.064033,121.533165
隆昌牙醫診所,中山區,臺北市中山區中原街４８號,25.058365,121.528793
上格牙醫診所,中山區,臺北市中山區長春路八十九號,25.05484,121.531431
英皇美學牙醫診所,中山區,臺北市中山區民權西路38之2號,25.06252,121.521259
中山全美診所,中山區,臺北市中山區長春路152號,25.054726,121.531846
新生中醫診所,中山區,臺北市中山區興安街91號,25.056194,121.543221
長春禾麗診所,中山區,臺北市中山區長春路380號,25.054457,121.543288
上恩牙醫診所,中山區,臺北市中山區長春路四○八號,25.05484,121.531431
柏泉內科小兒科診所,中山區,臺北市中山區北安路５９５巷２０弄５號,25.081812,121.547859
勤美悠植牙醫診所,中山區,臺北市中山區建國北路二段6巷3號,25.052628,121.536182
大直診所,中山區,臺北市中山區北安路595巷2弄2號,25.081893,121.547759
任惠民牙醫診所,中山區,臺北市中山區吉林路二五一號,25.063197,121.530307
景正牙醫診所,中山區,臺北市中山區龍江路31號,25.064863,121.538799
真幸福牙醫診所,中山區,臺北市中山區民權西路70巷47號,25.060687,121.520553
由麗美型診所,中山區,臺北市中山區錦州街296號,25.060223,121.535823
蔡國賢耳鼻喉科診所,中山區,臺北市中山區長安東路二段108之2號,25.048486,121.531353
綠葉親子診所,中山區,臺北市中山區農安街12之1號,25.065197,121.528822
莎斐爾整形外科診所,中山區,臺北市中山區南京東路2段11號,25.051888,121.528178
文化中醫診所,中山區,臺北市中山區撫順街37號,25.063472,121.519583
晏安診所,中山區,臺北市中山區長安東路二段１８９號,25.048379,121.542893
康卓牙醫診所,中山區,臺北市中山區朱崙街56號,25.04966,121.543013
迪昇牙醫診所,中山區,臺北市中山區北安路595巷20弄3號,25.081982,121.54762
明新牙醫診所,中山區,臺北市中山區龍江路161號,25.055866,121.54056
高地植髮家診所,中山區,臺北市中山區南京東路三段91號,25.052169,121.538942
振芝沃本診所,中山區,臺北市中山區復興北路290號,25.059232,121.543904
芙美醫學診所,中山區,臺北市中山區中山北路3段45號,25.049298,121.522036
吉林中醫診所,中山區,臺北市中山區吉林路428號,25.066099,121.530284
達康診所,中山區,臺北市中山區龍江路298巷21號,25.061813,121.539242
吾霏醫美食驗室診所,中山區,臺北市中山區中山北路2段2號,25.051438,121.521853
緻美牙醫診所,中山區,臺北市中山區長春路130之1號,25.054743,121.530989
健誌牙醫診所,中山區,臺北市中山區長春路78號,25.054816,121.526667
新英格蘭診所,中山區,臺北市中山區松江路396號,25.063656,121.533002
劉氏松鶴中醫診所,中山區,臺北市中山區民權西路20號,25.063626,121.521743
八通關中醫診所,中山區,臺北市中山區南京東路2段21巷13號,25.051888,121.528178
旭恩牙醫診所,中山區,臺北市中山區中山北路2段153號,25.051438,121.521853
太初中醫診所,中山區,臺北市中山區復興北路92號,25.051363,121.543806
粹究美學診所,中山區,臺北市中山區 南京東路2段20號,25.051888,121.528178
佳飛雅緻美學診所,中山區,臺北市中山區中山北路2段39巷18號,25.051438,121.521853
澄玥中醫診所,中山區,臺北市中山區松江路100巷1號,25.051096,121.532218
南京粹究美學診所,中山區,臺北市中山區南京東路2段62號,25.051888,121.528178
維醫診所,中山區,臺北市中山區林森北路574號,25.065052,121.525569
長安東診所,中山區,臺北市中山區長安東路2段50之2號,25.048405,121.530157
元鼎診所,中山區,臺北市中山區長安東路2段184號,25.048405,121.530157
花漾國際美學診所,中山區,臺北市中山區民權東路2段21號,25.069061,121.597007
聚英尊爵視光眼科診所,中山區,臺北市中山區樂群二路173號,25.080394,121.557543
斯林中醫診所,中山區,臺北市中山區民生東路2段95號,25.059874,121.534953
長安東牙醫診所,中山區,臺北市中山區長安東路2段50之2號,25.048405,121.530157
益壽堂中醫診所,中山區,臺北市中山區北安路569之1號,25.080808,121.54823
和心中醫診所,中山區,臺北市中山區農安街43之2號,25.064985,121.526427
喜安診所,中山區,臺北市中山區新生北路1段66號,25.05754,121.527227
中山淨妍醫美診所,中山區,臺北市中山區南京東路2段20號,25.051888,121.528178
麗風堂中醫診所,中山區,臺北市中山區中山北路2段12號,25.051438,121.521853
漢補世家中醫診所,中山區,臺北市中山區民權東路3段80號,25.067427,121.601738
泓采診所,中山區,臺北市中山區建國北路2段137號,25.066489,121.536101
羅浮婦女診所,中山區,臺北市中山區長安東路2段88號,25.048405,121.530157
金蘋果美學診所,中山區,臺北市中山區遼寧街107之2號,25.050902,121.541997
健柏診所,中山區,臺北市中山區明水路688號,25.084138,121.551208
中山顧家泌尿科診所,中山區,臺北市中山區中山北路2段99號,25.051438,121.521853
力安醫學診所,中山區,臺北市中山區樂群二路267號,25.080122,121.560319
采騰診所,中山區,臺北市中山區復興北路38號,25.049256,121.54375
翡翠診所,中山區,臺北市中山區松江路38巷33號,25.047666,121.530587
銀河星辰醫美診所,中山區,臺北市中山區南京西路5之1號,25.052604,121.521374
晶華美醫診所,中山區,臺北市中山區中山北路2段39巷2之2號,25.051438,121.521853
順馨牙醫診所,中山區,臺北市中山區民權東路2段152巷16號,25.069061,121.597007
安和美醫美外科診所,中山區,臺北市中山區錦州街12號,25.060934,121.530716
日禾中醫診所,中山區,臺北市中山區復興北路186號,25.055139,121.54387
心湛美學診所,中山區,臺北市中山區南京東路2段60號,25.051888,121.528178
康倪美學診所,中山區,臺北市中山區龍江路106巷1號,25.05288,121.540265
煥顏診所,中山區,臺北市中山區新生北路2段33巷9號,25.047939,121.530367
柏克萊眼科診所,中山區,臺北市中山區明水路573號,25.079869,121.551673
中崙國際診所,中山區,臺北市中山區八德路2段303號,25.046745,121.542025
薇光御境牙醫診所,中山區,臺北市中山區樂群二路265巷40號,25.081238,121.560357
存奕美學診所,中山區,臺北市中山區中山北路2段52號,25.051438,121.521853
中山適康復健科診所,中山區,臺北市中山區龍江路268號,25.060532,121.540632
敦北諾貝爾診所,中山區,臺北市中山區長安東路二段189號,25.048379,121.542893
國興中醫診所,中山區,臺北市中山區長安東路2段230號,25.048405,121.530157
不二親子牙醫診所,中山區,臺北市中山區南京東路1段2號,25.052293,121.528042
AR進階鼻美學時尚診所,中山區,臺北市中山區南京東路二段20號,25.051887,121.528642
瑞醫時尚醫美診所,中山區,臺北市中山區復興北路164號,25.053472,121.543854
賦真妍皮膚專科診所,中山區,臺北市中山區八德路二段315號,25.047414,121.542821
美麗境界南京復興診所,中山區,臺北市中山區南京東路三段201號,25.052091,121.542515
勝耀中醫診所,中山區,臺北市中山區北安路608巷4弄21號,25.081515,121.549358
醫誠堂中醫診所,中山區,臺北市中山區龍江路185之1號,25.055586,121.5408
品傑牙醫診所,中山區,臺北市中山區長春路124號,25.054746,121.530518
金時診所,中山區,臺北市中山區敬業二路69巷20號,25.081794,121.553136
欣莘時尚美學診所,中山區,臺北市中山區長安東路2段63號,25.048405,121.530157
馥林中醫診所,中山區,臺北市中山區中山北路一段82號,25.049069,121.520983
詩宓診所,中山區,臺北市中山區民生東路2段161號,25.059874,121.534953
得心身醫學台北總診所,中山區,臺北市中山區復興北路60號,25.050296,121.543778
元和雅整形外科診所,中山區,臺北市中山區松江路125號,25.057505,121.530318
晨曦生活診所,中山區,臺北市中山區松江路131之3號,25.057737,121.530316
極緻醫美診所,中山區,臺北市中山區南京東路2段96號,25.051888,121.528178
台北佐登微爾醫美診所,中山區,臺北市中山區民權東路1段48號,25.07158,121.603644
芸安堂中醫診所,中山區,臺北市中山區民權東路二段95號,25.062714,121.532303
大直佳醫美人診所,中山區,臺北市中山區樂群三路287號,25.083033,121.558959
初日診所,中山區,臺北市中山區民生東路2段163號,25.059874,121.534953
裕見美牙醫診所,中山區,臺北市中山區樂群二路265巷28號,25.081237,121.560559
德式診所,中山區,臺北市中山區德惠街9號,25.066797,121.524865
麗星診所,中山區,臺北市中山區建國北路二段135號,25.060449,121.537521
優植牙醫診所,中山區,臺北市中山區遼寧街128巷13號,25.053362,121.541272
上質健康管理診所,中山區,臺北市中山區北安路780號,25.08505,121.553791
雙連中醫診所,中山區,臺北市中山區民生西路6號,25.057719,121.522324
美麗線時尚診所,中山區,臺北市中山區南京東路2段76號,25.051888,121.528178
名瑿醫美診所,中山區,臺北市中山區松江路276號,25.064102,121.533165
煥顏牙醫診所,中山區,臺北市中山區新生北路二段33巷9號,25.054446,121.52834
勢喬牙醫診所,中山區,臺北市中山區松江路108巷29號,25.051492,121.530394
又喜明眼科診所,中山區,臺北市中山區北安路572號,25.085306,121.55384
三代生物能牙醫診所,中山區,臺北市中山區長春路142之1號,25.054742,121.531332
佑昇診所,中山區,臺北市中山區長安東路2段88號,25.048405,121.530157
生基婦產科診所,中山區,臺北市中山區長安東路二段108號,25.048486,121.531353
力慈科學中醫診所,中山區,臺北市中山區長春路105號,25.05484,121.531431
南西光澤診所,中山區,臺北市中山區南京東路一段24號,25.051993,121.523701
送子鳥11診所,中山區,臺北市中山區樂群二路187號,25.080143,121.558187
丹朵醫學診所,中山區,臺北市中山區長春路3巷13、15號,25.055314,121.523443
義美牙醫診所,中山區,臺北市中山區中山北路二段71號,25.057286,121.52305
民生展欣眼科診所,中山區,臺北市中山區民生東路三段92號,25.057534,121.543747
穆樂貳牙醫診所,中山區,臺北市中山區敬業二路69巷61號,25.082221,121.553197
醫髮診所,中山區,臺北市中山區復興南路1段36之9號,25.03012,121.544277
九之牙醫診所,中山區,臺北市中山區龍江路202號,25.057496,121.540522
長木牙醫診所,中山區,臺北市中山區樂群二路185號,25.080146,121.558069
興安養生堂中醫診所,中山區,臺北市中山區興安街 51之6號,25.056208,121.541286
澤林毛髮診所,中山區,臺北市中山區長安東路二段78號,25.048335,121.53398
魏嘉宏皮膚科診所,中山區,臺北市中山區民權東路三段72號,25.062154,121.543083
植仕美數位美學牙醫診所,中山區,臺北市中山區南京東路三段208號,25.05167,121.543243
振芝心身醫學診所,中山區,臺北市中山區復興北路282號,25.058785,121.543928
麗安耳鼻喉科診所,中山區,臺北市中山區龍江路289號,25.060528,121.540845
好日子診所,中山區,臺北市中山區中山北路二段183巷3之3號,25.063779,121.523465
大直北安中醫診所,中山區,臺北市中山區北安路575號,25.081363,121.548473
固亷診所,中山區,臺北市中山區北安路613號,25.082582,121.548799
巴黎國際長春診所,中山區,臺北市中山區民權東路3段78號,25.067427,121.601738
新昇中醫診所,中山區,臺北市中山區松江路123巷6之2號,25.052866,121.533805
南京愛爾麗診所,中山區,臺北市中山區南京東路二段100號,25.052121,121.532251
洛桑醫學診所,中山區,臺北市中山區敬業一路128巷28號,25.083263,121.553259
穆樂牙醫診所,中山區,臺北市中山區敬業二路69巷61號,25.082221,121.553197
台灣九芝堂中醫診所,中山區,臺北市中山區吉林路22巷7號,25.051033,121.529929
昌盛堂中醫診所,中山區,臺北市中山區松江路275之1號,25.065631,121.530382
柏安診所,中山區,臺北市中山區長安東路二段88號,25.048328,121.534395
玉山診所,中山區,臺北市中山區錦州街251號,25.060394,121.534191
景亷復健科診所,中山區,臺北市中山區北安路607號,25.08241,121.548762
育仁診所,中山區,臺北市中山區錦州街286號,25.060229,121.535548
宏品中醫診所,中山區,臺北市中山區中山北路1段64號,25.051353,121.522708
鈺璽診所,中山區,臺北市中山區南京東路二段132號,25.051838,121.533656
希望美醫診所,中山區,臺北市中山區南京西路8號,25.052241,121.521702
承錡馬楷牙醫診所,中山區,臺北市中山區長春路65號,25.055024,121.526399
璞心中醫診所,中山區,臺北市中山區龍江路297號,25.061847,121.540784
頤康美學牙醫診所,中山區,臺北市中山區民生東路一段13號,25.05821,121.523884
禮凡牙醫診所,中山區,臺北市中山區建國北路二段186巷1號,25.059589,121.536413
馨美診所,中山區,臺北市中山區中山北路二段77之1號,25.057698,121.523066
祥瑞堂中醫診所,中山區,臺北市中山區天祥路24號,25.061965,121.520129
詹益偉耳鼻喉科診所,中山區,臺北市中山區北安路611號,25.082531,121.548787
學德堂中醫診所,中山區,臺北市中山區松江路97巷2之1號,25.050935,121.533523
得原中醫診所,中山區,臺北市中山區錦州街259號,25.060391,121.534558
優視眼科診所,中山區,臺北市中山區民生東路一段30號,25.057893,121.524141
花栗鼠牙醫診所,中山區,臺北市中山區復興北路78號,25.0509,121.543795
彥靚診所,中山區,臺北市中山區松江路75之1號,25.056233,121.530175
大直佳恩診所,中山區,臺北市中山區北安路591號,25.081944,121.54864
秀仁整形外科診所,中山區,臺北市中山區民生東路一段29號,25.058197,121.525121
四季和安婦幼診所,中山區,臺北市中山區林森北路452號,25.06086,121.525435
上博牙醫診所,中山區,臺北市中山區興安街67號,25.056221,121.542699
祺祥中醫診所,中山區,臺北市中山區松江路20-1號,25.061122,121.533262
詠生中醫診所,中山區,臺北市中山區樂群二路196號,25.079687,121.558699
榮星診所,中山區,臺北市中山區龍江路272號,25.060608,121.540635
好美醫美診所,中山區,臺北市中山區南京西路5之1號,25.052604,121.521374
辰品牙醫診所,中山區,臺北市中山區北安路615號,25.082667,121.54882
安康復健科診所,中山區,臺北市中山區松江路54號,25.048682,121.53275
雙連婦產科小兒科診所,中山區,臺北市中山區民生西路30號,25.057639,121.521633
晶點牙醫診所,中山區,臺北市中山區中山北路二段39巷10號,25.053907,121.523797
元林診所,中山區,臺北市中山區吉林路239號,25.061126,121.530382
美麗好診所,中山區,臺北市中山區南京東路一段42號,25.051964,121.52428
漢研中醫診所,中山區,臺北市中山區興安街63號,25.056202,121.542524
喜悅健康診所,中山區,臺北市中山區龍江路152號,25.06163,121.540779
泰宏牙醫診所,中山區,臺北市中山區龍江路342巷17號,25.065636,121.540053
康心美婦診所,中山區,臺北市中山區農安街14號,25.065225,121.528901
王倩梅中醫診所,中山區,臺北市中山區復興北路86號,25.051209,121.543802
長安牙醫診所,中山區,臺北市中山區長安東路二段189之4號,25.048379,121.542893
瀛海牙醫診所,中山區,臺北市中山區伊通街104號,25.048917,121.535996
哲民診所,中山區,臺北市中山區龍江路356巷24號,25.066001,121.539998
杜李威中醫診所,中山區,臺北市中山區松江路132巷9號,25.053007,121.531938
幸恩牙醫診所,中山區,臺北市中山區伊通街28號,25.050726,121.534657
達特琳醫美診所,中山區,臺北市中山區南京東路三段195號,25.052092,121.542315
群英楊麗珍黃景昱皮膚科診所,中山區,臺北市中山區南京東路一段36號,25.05198,121.523989
生技明生診所,中山區,臺北市中山區中山北路一段72號,25.04874,121.520823
曼都整形外科診所,中山區,臺北市中山區南京東路2段76號,25.051888,121.528178
興安診所,中山區,臺北市中山區民生東路3段90號,25.058256,121.53763
恆麗美型診所,中山區,臺北市中山區松江路273號,25.065631,121.530382
台灣基督長老教會馬偕醫療財團法人馬偕兒童醫院,中山區,臺北市中山區中山北路2段92號,25.051438,121.521853
長安內外科診所,中山區,臺北市中山區八德路二段259號,25.047032,121.541258
風尚雅緻牙醫診所,中山區,臺北市中山區復興北路92號,25.051363,121.543806
黃偉俐診所,中山區,臺北市中山區天津街37號,25.04978,121.522987
博康牙醫診所,中山區,臺北市中山區民生東路2段38號,25.059874,121.534953
微煦心靈診所,中山區,臺北市中山區中山北路二段39巷6號,25.053921,121.523448
延安中醫診所,中山區,臺北市中山區長安西路18號,25.051172,121.520829
林丹薇診所,中山區,臺北市中山區中山北路二段162號,25.063213,121.522301
中山民權王耳鼻喉科診所,中山區,臺北市中山區中山北路二段166號,25.06332,121.522273
居仁堂中醫診所,中山區,臺北市中山區松江路124巷11號,25.052662,121.531943
瀚仕診所,中山區,臺北市中山區松江路369號,25.064869,121.533499
傳愛經典中醫診所,中山區,臺北市中山區龍江路29號,25.065253,121.539141
杏慈診所,中山區,臺北市中山區民權東路二段152巷2之1號,25.061897,121.534984
晴美牙醫診所,中山區,臺北市中山區復興北路350號,25.06007,121.543927
京硯皮膚科診所,中山區,臺北市中山區長春路210號,25.054626,121.537493
澄觀中醫診所,中山區,臺北市中山區吉林路23號,25.05903,121.529285
悠植牙醫診所,中山區,臺北市中山區中山北路2段59巷11號,25.051438,121.521853
魅力必緹診所,中山區,臺北市中山區中山北路三段57號,25.06828,121.523061
龍江小兒科診所,中山區,臺北市中山區龍江路１８１－１號,25.055871,121.54056
瑞光眼科診所,中山區,臺北市中山區南京東路一段25號,25.052357,121.524239
陳世澤內科診所,中山區,臺北市中山區龍江路２８４－１號,25.061866,121.540785
星光整形外科診所,中山區,臺北市中山區南京東路一段138號,25.051882,121.527336
聚英視光眼科診所,中山區,臺北市中山區民權東路3段54、56號,25.067427,121.601738
德全中醫診所,中山區,臺北市中山區錦州街１７１號,25.060428,121.530662
翠真牙醫診所,中山區,臺北市中山區民生西路6號,25.057719,121.522324
２１世紀牙醫診所,中山區,臺北市中山區中山北路二段六十五巷九之一號,25.057042,121.521817
立馨牙醫診所,中山區,臺北市中山區長安東路一段七十九號,25.048816,121.526025
美儀牙醫診所,中山區,臺北市中山區龍江路３２４號,25.064982,121.54083
重九牙醫診所,中山區,臺北市中山區建國北路二段１８６巷２０號,25.059522,121.535205
緻美堂中醫診所,中山區,臺北市中山區復興北路356號,25.060398,121.543928
英爵醫美診所,中山區,臺北市中山區敬業三路153號,25.079678,121.556155
楊菘宇整形外科診所,中山區,臺北市中山區中山北路二段2號,25.058765,121.523562
佳禾骨科診所,中山區,臺北市中山區民生西路54號,25.057573,121.521083
溫崇凱中醫診所,中山區,臺北市中山區南京東路二段132號,25.051838,121.533656
思雲診所,中山區,臺北市中山區中山北路二段137巷10號,25.061643,121.523958
陳正熹耳鼻喉科診所,中山區,臺北市中山區雙城街１０巷１８號,25.064104,121.523272
如田診所,中山區,臺北市中山區民生東路二段一二八號,25.059802,121.534872
世珍婦產診所,中山區,臺北市中山區朱崙街四十六號,25.049973,121.540604
德容聯合診所,中山區,臺北市中山區吉林路197號,25.059875,121.530357
恩濟堂中醫診所,中山區,臺北市中山區復興北路５１４巷６３號,25.066069,121.541475
品澄牙醫診所,中山區,臺北市中山區復興北路400號,25.061685,121.543962
長春耳鼻喉科診所,中山區,臺北市中山區民生東路二段110號,25.059802,121.534872
光華家醫科診所,中山區,臺北市中山區長安東路2段33號,25.048405,121.530157
康寧牙醫診所,中山區,臺北市中山區新生北路一段五十一號,25.048012,121.530041
康福牙醫診所,中山區,臺北市中山區南京東路一段１３２巷１０號,25.051262,121.527108
台兒診所,中山區,臺北市中山區中山北路二段162號,25.063213,121.522301
榮星牙科診所,中山區,臺北市中山區民生東路二段９３巷４號,25.058288,121.530934
峰茂牙醫診所,中山區,臺北市中山區建國北路二段３６號,25.053468,121.536432
佳佳牙醫診所,中山區,臺北市中山區龍江路２７５號,25.060247,121.540747
采醫漾麗診所,中山區,臺北市中山區林森北路556號,25.064331,121.525535
英政耳鼻喉科診所,中山區,臺北市中山區長安東路二段１６９之9號,25.048417,121.540968
臺北市立聯合醫院附設中山門診部,中山區,臺北市中山區松江路３６７號,25.064383,121.53358
劉宣彥診所,中山區,臺北市中山區伊通街十七之四號,25.051291,121.534779
輝雄診所,中山區,臺北市中山區吉林路300號,25.06142,121.530157
簡富堅牙醫診所,中山區,臺北市中山區中山北路二段九十六巷二十七號,25.057042,121.521817
佳醫牙醫診所,中山區,臺北市中山區吉林路18號,25.059848,121.531261
綺麗嘉美型診所,中山區,臺北市中山區松江路338號,25.061349,121.532971
春泉診所,中山區,臺北市中山區民生東路一段25號,25.058224,121.524697
宇康復健科診所,中山區,臺北市中山區長春路368號,25.05447,121.542715
微風整形外科診所,中山區,臺北市中山區復興南路一段52號,25.045108,121.54364
至誠整形外科診所,中山區,臺北市中山區伊通街87巷3號,25.053,121.535212
英皇牙醫診所,中山區,臺北市中山區民權東路1段24號,25.07158,121.603644
王俊民皮膚科診所,中山區,臺北市中山區松江路一二七之一號,25.061122,121.533262
啓新診所,中山區,臺北市中山區建國北路三段42號,25.064393,121.536598
肌優谷診所,中山區,臺北市中山區復興南路一段三十四號,25.035545,121.54372
鄭紹隆整形外科診所,中山區,臺北市中山區南京東路一段二十四號,25.052033,121.525207
全安診所,中山區,臺北市中山區天祥路20號,25.061347,121.521621
萌髮診所,中山區,臺北市中山區南京東路三段21號,25.05339,121.538072
李久恆整形外科診所,中山區,臺北市中山區南京東路一段2號,25.05203,121.522919
天籟牙醫診所,中山區,臺北市中山區天祥路5號,25.060744,121.521148
陳家庭醫學科診所,中山區,臺北市中山區吉林路３１５巷１８號,25.063441,121.531043
黃中豪婦產科診所,中山區,臺北市中山區吉林路１３１號,25.057737,121.530316
協和婦女醫院,中山區,臺北市中山區松江路85巷5號,25.050274,121.533941
泰安醫院,中山區,臺北市中山區民權東路二段９２巷２之1號,25.06146,121.531641
李堯堃內兒科診所,中山區,臺北市中山區民權東路二段２３號,25.061632,121.531051
趙素芳婦產科診所,中山區,臺北市中山區長安東路二段一七八之六號,25.048486,121.531353
劉雲祥診所,中山區,臺北市中山區龍江路２４６號,25.059239,121.540626
木生婦幼診所,中山區,臺北市中山區長安東路二段90號,25.048327,121.534434
富生婦產科診所,中山區,臺北市中山區吉林路１５７號,25.058919,121.530228
歐婦產科診所,中山區,臺北市中山區民生東路二段８０號,25.057851,121.530494
王三郎婦產科診所,中山區,臺北市中山區中山北路二段166號,25.06332,121.522273
吳輝明婦產科診所,中山區,臺北市中山區長春路７８號,25.054816,121.526667
林錦祥耳鼻喉科診所,中山區,臺北市中山區五常街９１號,25.064446,121.541212
周賢章耳鼻喉科診所,中山區,臺北市中山區天祥路２６號,25.061957,121.520087
北安聯合診所,中山區,臺北市中山區北安路569之2號,25.080808,121.54823
長榮海運股份有限公司醫務室,中山區,臺北市中山區民生東路二段１６６號,25.057728,121.534175
蔡仁雨皮膚科診所,中山區,臺北市中山區南京東路三段１１８號,25.051574,121.540333
寧康聯合診所,中山區,臺北市中山區龍江路209巷6之1號,25.056467,121.540986
黃大倫婦產科診所,中山區,臺北市中山區長安東路二段一三一之三號,25.048486,121.531353
潘外科內科診所,中山區,臺北市中山區長春路135之1號,25.054955,121.531427
宏林診所,中山區,臺北市中山區民生西路6號,25.057719,121.522324
吳振力診所,中山區,臺北市中山區長春路三０九號,25.05484,121.531431
台灣基督長老教會馬偕醫療財團法人馬偕紀念醫院,中山區,臺北市中山區中山北路二段９２號,25.061007,121.522848
莊宇龍診所,中山區,臺北市中山區北安路637號,25.083709,121.549027
池明仁整形外科診所,中山區,臺北市中山區民生東路一段13號,25.05821,121.523884
芯慈耳鼻喉科診所,中山區,臺北市中山區長春路364號,25.054474,121.542534
蔡瓊瑤眼科診所,中山區,臺北市中山區龍江路２７１巷６號,25.059559,121.541202
中山實美整形外科診所,中山區,臺北市中山區中山北路二段１０６之２號,25.057042,121.521817
長春眼科聯合診所,中山區,臺北市中山區建國北路二段６６號,25.054427,121.536459
王宗前診所,中山區,臺北市中山區吉林路２５０號,25.059691,121.530118
賴國良婦產科診所,中山區,臺北市中山區錦西街１之５號,25.060392,121.522363
吉安牙醫診所,中山區,臺北市中山區新生北路一段８７號,25.051318,121.528154
傅牙醫診所,中山區,臺北市中山區八德路二段二九七號,25.045912,121.542547
普大牙醫診所,中山區,臺北市中山區南京東路3段195、197號,25.051567,121.533847
大富牙醫診所,中山區,臺北市中山區錦州街４２１號,25.060278,121.542167
照安牙醫診所,中山區,臺北市中山區中山北路一段９６巷２５號,25.049717,121.520475
泰祺牙醫診所,中山區,臺北市中山區天祥路７０號,25.062421,121.520797
祐德牙醫診所,中山區,臺北市中山區興安街五十一之七號,25.056081,121.541795
欣林牙醫診所,中山區,臺北市中山區長春路６２號,25.054821,121.526256
嘉新牙醫診所,中山區,臺北市中山區民生東路二段１２０號,25.057843,121.531535
大千牙醫診所,中山區,臺北市中山區長安東路二段169-12號,25.048486,121.531353
中二牙醫診所,中山區,臺北市中山區中山北路二段84巷1號,25.05756,121.522435
歐嘉得牙醫診所,中山區,臺北市中山區民生東1段58號,25.058055,121.527613
景福牙醫診所,中山區,臺北市中山區八德路二段３３３號,25.047536,121.54331
印象牙醫診所,中山區,臺北市中山區民權東路二段一０八號,25.06092,121.531723
遠見牙醫診所,中山區,臺北市中山區龍江路一二四巷二號,25.059105,121.541482
鴻生牙醫診所,中山區,臺北市中山區長春路378號,25.054459,121.543187
新現代牙醫診所,中山區,臺北市中山區南京東路一段３４號,25.051986,121.52384
久大牙醫診所,中山區,臺北市中山區新生北路三段８７巷１７號,25.067517,121.528717
承新牙醫診所,中山區,臺北市中山區吉林路317號,25.063605,121.530431
松安牙醫診所,中山區,臺北市中山區松江路２３５巷３２號,25.058834,121.53463
佳慶牙醫診所,中山區,臺北市中山區長安東路二段40之1號,25.048376,121.531715
瑞祥牙醫診所,中山區,臺北市中山區中原街１５１號,25.064585,121.529142
天心牙醫診所,中山區,臺北市中山區中山北路二段７７巷３９號,25.057557,121.524774
田青牙醫診所,中山區,臺北市中山區北安路六二九號,25.085995,121.552083
承正牙醫診所,中山區,臺北市中山區中山北路二段七十七巷二號,25.057042,121.521817
華齡牙醫診所,中山區,臺北市中山區建國北路三段１０１號,25.066089,121.536391
群嚮牙醫診所,中山區,臺北市中山區建國北路二段116巷5號,25.058881,121.535836
崧江牙醫診所,中山區,臺北市中山區錦州街三二七號,25.060191,121.543348
黃大偉牙醫診所,中山區,臺北市中山區農安街12號,25.065197,121.528822
大明牙醫診所,中山區,臺北市中山區雙城街２之４號,25.063201,121.52432
陳均牙醫診所,中山區,臺北市中山區天津街六十二號,25.04938,121.522796
靜心牙醫診所,中山區,臺北市中山區長安東路二段６４號,25.048345,121.53351
高標準牙醫診所,中山區,臺北市中山區北安路６０８巷４弄６號,25.081458,121.549712
弘丞牙醫診所,中山區,臺北市中山區興安街91號,25.056194,121.543221
常青牙醫診所,中山區,臺北市中山區中山北路2段39巷2號,25.051438,121.521853
志安牙醫診所,中山區,臺北市中山區北安路６０８巷１號,25.082024,121.549225
智欽牙醫診所,中山區,臺北市中山區北安路６０８巷４弄１１號,25.081566,121.548958
迪士尼數位美學牙醫診所,中山區,臺北市中山區北安路554巷8弄1號,25.079638,121.550527
北安牙醫診所,中山區,臺北市中山區北安路630巷11號,25.085203,121.554194
北大牙醫診所,中山區,臺北市中山區農安街116號,25.066728,121.522979
陽順牙醫診所,中山區,臺北市中山區松江路287之3號,25.065633,121.530382
民安牙醫診所,中山區,臺北市中山區林森北路一五九巷十號,25.059297,121.525543
百年牙醫診所,中山區,臺北市中山區龍江路364號,25.066256,121.540885
惠潔牙醫診所,中山區,臺北市中山區民權西路34號,25.062522,121.521425
曾賢德牙醫診所,中山區,臺北市中山區農安街４９號,25.064983,121.526803
威世牙醫診所,中山區,臺北市中山區復興北路６６號,25.050588,121.543787
雙城牙醫診所,中山區,臺北市中山區雙城街18巷8號,25.065378,121.523684
日進牙醫診所,中山區,臺北市中山區長春路124號,25.054746,121.530518
滋和堂中醫診所,中山區,臺北市中山區新生北路1段59之1號,25.05754,121.527227
鐳力中醫診所,中山區,臺北市中山區民權東路一段63號,25.0629,121.52514
龍心堂中醫診所,中山區,臺北市中山區民權東路三段53號,25.060385,121.542388
常生中醫診所,中山區,臺北市中山區長安東路二段47號,25.048573,121.532142
仁心堂中醫診所,中山區,臺北市中山區長春路326號,25.054531,121.540802
漢坤中醫診所,中山區,臺北市中山區北安路458巷41弄40號,25.078769,121.546095
信德中醫診所,中山區,臺北市中山區遼寧街３５號,25.051229,121.543079
悅世牙醫診所,中山區,臺北市中山區明水路581巷25號,25.080004,121.55053
恆美牙醫診所,中山區,臺北市中山區長春路20號,25.053662,121.538969
恩慈牙醫診所,中山區,臺北市中山區北安路630巷5號,25.085203,121.554194
品誠牙醫診所,中山區,臺北市中山區遼寧街145號,25.052362,121.54214
安美牙醫診所,中山區,臺北市中山區明水路653號,25.083218,121.550767
吉林牙醫診所,中山區,臺北市中山區吉林路２５４號,25.05992,121.530125
龍江牙醫診所,中山區,臺北市中山區南京東路三段118號,25.051574,121.540333
品維牙醫診所,中山區,臺北市中山區中山北路二段５９巷１號,25.055996,121.523826
偉格牙醫診所,中山區,臺北市中山區北安路６３9號,25.083818,121.549054
高國良中醫診所,中山區,臺北市中山區民權西路７０巷４３弄１號,25.060809,121.520596
立生中醫診所,中山區,臺北市中山區長安東路二段４９號,25.048569,121.532371
漢明中醫診所,中山區,臺北市中山區錦州街３３６號,25.06018,121.538746
惠普牙醫診所,中山區,臺北市中山區錦州街４５０號,25.060116,121.543416
東昇牙醫診所,中山區,臺北市中山區民生東路二段98號,25.057845,121.531002
睦霖復健科診所,中山區,臺北市中山區松江路274號,25.064101,121.533165
國防部醫務組牙醫診所,中山區,臺北市中山區北安路409號,25.079781,121.543012
元氣堂中醫診所,中山區,臺北市中山區吉林路223號,25.060712,121.530368
仁光牙醫診所,中山區,臺北市中山區民生東路一段１０號,25.057859,121.523425
永育樂群診所,中山區,臺北市中山區樂群二路210之2號,25.079518,121.559312
千代田八千代診所,中山區,臺北市中山區南京西路1號,25.052539,121.521756
晶緻美學診所,中山區,臺北市中山區南京西路1之1號,25.052539,121.521756
德惠牙醫診所,中山區,臺北市中山區德惠街33號,25.066736,121.526655
健康牙醫診所,中山區,臺北市中山區吉林路232號,25.060144,121.530252
常春藤牙醫診所,中山區,臺北市中山區長春路348之5號,25.054522,121.541507
宏仁診所,中山區,臺北市中山區長安東路二段17號,25.048596,121.530755
永潔牙醫診所,中山區,臺北市中山區吉林路26巷17號,25.051524,121.529416
爵世牙醫診所,中山區,臺北市中山區中山北路二段179號,25.06317,121.522739
中山璀璨診所,中山區,臺北市中山區南京西路1之2號,25.052539,121.521756
雅得麗生活診所,中山區,臺北市中山區中山北路二段33號,25.053382,121.522833
張文乾牙醫診所,中山區,臺北市中山區中山北路一段５８號,25.048494,121.520699
華城牙醫診所,中山區,臺北市中山區雙城街8號,25.063599,121.524342
鄭志誠小兒科診所,中山區,臺北市中山區民生東路一段八號,25.058118,121.525085
品君中醫診所,中山區,臺北市中山區松江路330巷15號,25.061225,121.532253
大直復健科診所,中山區,臺北市中山區北安路630巷25弄16號,25.082771,121.549573
怡仁診所,中山區,臺北市中山區中山北路1段82號,25.051353,121.522708
陽安牙醫診所,中山區,臺北市中山區民權東路二段152巷3號,25.061897,121.534788
葛萊美診所,中山區,臺北市中山區南京東路二段26號,25.052967,121.528728
伯樂牙醫診所,中山區,臺北市中山區中山北路1段101號,25.051353,121.522708
喜信牙醫診所,中山區,臺北市中山區合江街一四四巷八號,25.056081,121.541795
正恩耳鼻喉科診所,中山區,臺北市中山區錦州街321號,25.060326,121.538505
祺甯牙醫診所,中山區,臺北市中山區長安東路二段４９號,25.048569,121.532371
段原齒顎矯正牙醫診所,中山區,臺北市中山區松江路100巷1號,25.051096,121.532218
鼎昌中醫診所,中山區,臺北市中山區南京東路3段200號,25.051567,121.533847
瑞新時尚診所,中山區,臺北市中山區植福路308號,25.080916,121.56133
偉俐民生診所,中山區,臺北市中山區龍江路245號,25.058523,121.540808
晴光診所,中山區,臺北市中山區林森北路556號,25.064331,121.525535
皙妍診所,中山區,臺北市中山區新生北路2段53之3號,25.047939,121.530367
台北維德診所,中山區,臺北市中山區民權東路3段66號,25.067427,121.601738
有聲中醫診所,中山區,臺北市中山區中原街50號,25.058417,121.528794
林國榮中醫診所,中山區,臺北市中山區民生東路二段112號,25.057842,121.531329
禾儒中醫診所,中山區,臺北市中山區松江路268號,25.064097,121.533165
楊光榮嗓音耳鼻喉科診所,中山區,臺北市中山區民權東路二段56號,25.062361,121.530861
卓越健康診所,中山區,臺北市中山區復興北路166號,25.053608,121.543857
澄心診所,中山區,臺北市中山區中山北路二段82號,25.057447,121.522617
復北惠普牙醫診所,中山區,臺北市中山區復興北路三六八號,25.055574,121.544043
和美牙醫診所,中山區,臺北市中山區南京東路3段89巷27弄15號,25.051567,121.533847
如意牙醫診所,中山區,臺北市中山區復興南路一段42號,25.04531,121.543649
王品牙醫診所,中山區,臺北市中山區錦州街360號,25.060168,121.539858
龍江固亷診所,中山區,臺北市中山區龍江路360號,25.066138,121.540883
孕醫診所,中山區,臺北市中山區松江路318號,25.064126,121.533165
尚安診所,中山區,臺北市中山區復興北路350號,25.06007,121.543927
農安診所,中山區,臺北市中山區農安街62號,25.064764,121.528575
楊基中醫診所,中山區,臺北市中山區天祥路62號,25.062257,121.520894
晶緻玥禾診所,中山區,臺北市中山區南京西路1之1號,25.052539,121.521756
MyHair生髮植鬍診所,中山區,臺北市中山區松江路276號,25.064102,121.533165
生泉婦產科診所,中山區,臺北市中山區民生東路一段30號,25.057893,121.524141
林錦榮牙醫診所,中山區,臺北市中山區中山北路二段99號,25.059601,121.523144
萊佳形象美學診所,中山區,臺北市中山區復興北路48號,25.065455,121.543617
玩美數位牙醫診所,中山區,臺北市中山區南京東路一段86號,25.051918,121.525615
朝暉中醫診所,中山區,臺北市中山區龍江路二八一巷一號,25.059105,121.541482
慶泰牙醫診所,中山區,臺北市中山區錦州街２７８號,25.060242,121.53506
東方整形外科診所,中山區,臺北市中山區中山北路一段１２２號,25.050824,121.521847
青山診所,中山區,臺北市中山區林森北路432號,25.060138,121.525447
景欣中醫診所,中山區,臺北市中山區南京東路二段95號,25.052246,121.532252
曾婦產科診所,中山區,臺北市中山區長安東路二段11之1號,25.048749,121.543444
黃建榮婦產科診所,中山區,臺北市中山區南京東路二段100號,25.052121,121.532251
李義男婦產科診所,中山區,臺北市中山區中山北路二段７１號,25.057286,121.52305
品漾診所,中山區,臺北市中山區松江路274號,25.064101,121.533165
欣妍診所,中山區,臺北市中山區松江路46巷12號,25.047894,121.53227
周昱青診所,中山區,臺北市中山區中山北路二段162號,25.063213,121.522301
中美診所,中山區,臺北市中山區南京東路3段210號,25.051567,121.533847
全美牙醫診所,中山區,臺北市中山區德惠街１７號,25.065781,121.531853
聖偉牙醫診所,中山區,臺北市中山區民權東路2段85號,25.069061,121.597007
爵世美學牙醫診所,中山區,臺北市中山區雙城街19巷6號,25.065329,121.524643
繼承婦產科診所,中山區,臺北市中山區松江路276號,25.064102,121.533165
陽安日和齒顎矯正專科牙醫診所,中山區,臺北市中山區民權東路2段152巷2之1號,25.069061,121.597007
陳博光教授診所,中山區,臺北市中山區長安東路二段1號,25.048844,121.531526
駿琳大直中醫診所,中山區,臺北市中山區北安路598之1號,25.081777,121.548886
南京京都堂中醫診所,中山區,臺北市中山區南京東路一段100號,25.052033,121.525207
簡雅緻牙醫診所,中山區,臺北市中山區中山北路2段9號,25.051438,121.521853
大台北牙醫診所,中山區,臺北市中山區南京東路三段29號,25.052178,121.537984
慎德堂中醫診所,中山區,臺北市中山區復興北路70號,25.050756,121.543791
長榮中醫診所,中山區,臺北市中山區吉林路245號,25.061292,121.530379
魔法牙醫診所,中山區,臺北市中山區南京東路三段9號,25.052727,121.539921
聖和骨外科診所,中山區,臺北市中山區農安街138之1號,25.064712,121.532093
全真堂中醫診所,中山區,臺北市中山區中山北路三段55巷7號,25.067924,121.524329
美無極美學診所,中山區,臺北市中山區樂群二路103號,25.081579,121.560244
陽光牙醫診所,中山區,臺北市中山區南京東路二段174號,25.05183,121.534914
益曼中醫診所,中山區,臺北市中山區一江街31之1號,25.053455,121.531617
上直診所,中山區,臺北市中山區北安路458巷41弄49號,25.079401,121.546458
春風牙醫診所,中山區,臺北市中山區中山北路二段99號,25.059601,121.523144
李宜霖診所,中山區,臺北市中山區植福路296號,25.081246,121.561177
明水牙醫診所,中山區,臺北市中山區明水路三九七巷七弄六二號,25.077431,121.547582
慕光牙醫診所,中山區,臺北市中山區南京東路二段75號,25.052261,121.53097
晴光中醫診所,中山區,臺北市中山區雙城街4巷2號,25.063327,121.524343
東方八千代診所,中山區,臺北市中山區南京西路1之1號,25.052539,121.521756
福田中醫診所,中山區,臺北市中山區復興北路３５０號,25.06007,121.543927
京元中醫診所,中山區,臺北市中山區松江路378號,25.063261,121.532973
信心牙醫診所,中山區,臺北市中山區民權東路三段55號,25.062546,121.54309
楊錦標神經科診所,中山區,臺北市中山區民生西路24號,25.057668,121.521903
嚴牙醫診所,中山區,臺北市中山區大直街34巷14號,25.081633,121.545751
豐正牙醫診所,中山區,臺北市中山區松江路２８９之８０2號,25.065633,121.530382
甯境牙醫診所,中山區,臺北市中山區明水路672巷27號,25.083517,121.551989
南西好萊塢診所,中山區,臺北市中山區南京東路一段24號,25.051993,121.523701
詠樂中醫診所,內湖區,臺北市內湖區內湖路１段373號,25.079141,121.581919
優生活牙醫診所,內湖區,臺北市內湖區文德路169號,25.078734,121.585495
德威先進牙醫診所,內湖區,臺北市內湖區內湖路一段659號,25.080257,121.575335
日新診所,內湖區,臺北市內湖區成功路五段446號,25.074807,121.607116
永霖牙醫診所,內湖區,臺北市內湖區內湖路一段６７３號,25.079933,121.576058
康研診所,內湖區,臺北市內湖區堤頂大道二段409號,25.080723,121.56329
內湖大學眼科診所,內湖區,臺北市內湖區文德路100號,25.078236,121.58281
維尚泌尿科診所,內湖區,臺北市內湖區內湖路1段300號,25.079141,121.581919
夏一新身心精神科診所,內湖區,臺北市內湖區成功路三段143號,25.079599,121.590016
鍾醫中醫診所,內湖區,臺北市內湖區康寧路三段31號,25.073794,121.610593
施耳鼻喉科診所,內湖區,臺北市內湖區東湖路127號,25.068261,121.61657
鴻成中醫診所,內湖區,臺北市內湖區康樂街86號,25.071583,121.61923
大方牙醫診所,內湖區,臺北市內湖區文德路２號,25.076754,121.582933
明品牙醫診所,內湖區,臺北市內湖區內湖路2段265號,25.079269,121.579618
誠心牙醫診所,內湖區,臺北市內湖區內湖路一段２８５巷６５弄２３號,25.084409,121.568135
欣悅牙醫診所,內湖區,臺北市內湖區康寧路三段159號,25.076694,121.61112
小禾馨民權小兒專科診所,內湖區,臺北市內湖區行忠路191號,25.06742,121.581766
榮欣骨科診所,內湖區,臺北市內湖區內湖路一段617號,25.080635,121.574064
內湖雅德思牙醫診所,內湖區,臺北市內湖區瑞光路108號,25.071915,121.580867
仁弘耳鼻喉科診所,內湖區,臺北市內湖區內湖路1段737巷50弄33號,25.079141,121.581919
王慶森診所,內湖區,臺北市內湖區港墘路６5號,25.081176,121.578283
大湖牙醫診所,內湖區,臺北市內湖區成功路四段334號,25.084879,121.599186
曜暘診所,內湖區,臺北市內湖區民權東路六段123巷8號,25.069247,121.592734
榮登牙醫診所,內湖區,臺北市內湖區金龍路113號,25.085718,121.590792
維欣牙醫診所,內湖區,臺北市內湖區文德路208巷14號,25.07771,121.583494
育睿診所,內湖區,臺北市內湖區內湖路1段217巷35號,25.079141,121.581919
維晟牙醫診所,內湖區,臺北市內湖區港墘路115號,25.077461,121.577507
圓覺中醫診所,內湖區,臺北市內湖區環山路1段130號,25.083912,121.585206
惟君美學牙醫診所,內湖區,臺北市內湖區民權東路六段168號,25.071016,121.604211
濟淵堂中醫診所,內湖區,臺北市內湖區內湖路1段737巷50弄37號,25.079141,121.581919
興雅牙醫診所,內湖區,臺北市內湖區港墘路５３號,25.081591,121.578365
東湖牙醫診所,內湖區,臺北市內湖區康樂街８９號,25.06967,121.618868
麗康診所,內湖區,臺北市內湖區金湖路362號,25.073655,121.604208
文華內湖中醫診所,內湖區,臺北市內湖區成功路四段 338號,25.084887,121.599328
陽光活力診所,內湖區,臺北市內湖區瑞光路500號,25.079193,121.568269
美立華牙醫診所,內湖區,臺北市內湖區內湖路一段27號,25.08132,121.57733
伊凡維納診所,內湖區,臺北市內湖區金莊路26號,25.062255,121.587701
維克多診所,內湖區,臺北市內湖區行善路385號,25.063913,121.585603
葫洲診所,內湖區,臺北市內湖區康寧路三段35、37號,25.073685,121.611182
善品中醫診所,內湖區,臺北市內湖區成功路4段30巷22號,25.087218,121.597688
恆新復健科診所,內湖區,臺北市內湖區瑞光路337號,25.077865,121.575546
信任中醫診所,內湖區,臺北市內湖區東湖路106巷14號,25.067997,121.61521
德威國際牙醫口腔醫院,內湖區,臺北市內湖區內湖路一段659號,25.080257,121.575335
紐大牙醫診所,內湖區,臺北市內湖區文德路71號,25.076737,121.585022
瑞康診所,內湖區,臺北市內湖區江南街96巷3號,25.077172,121.576908
哈佛診所,內湖區,臺北市內湖區內湖路1段296號,25.079141,121.581919
德威國際牙醫診所,內湖區,臺北市內湖區內湖路一段659號,25.080257,121.575335
優秀牙醫診所,內湖區,臺北市內湖區內湖路一段659號,25.080257,121.575335
新東京牙醫診所,內湖區,臺北市內湖區成功路四段2號,25.08718,121.597624
戴念國骨科診所,內湖區,臺北市內湖區行忠路57號,25.065568,121.577463
唯有健康診所,內湖區,臺北市內湖區行善路116號,25.059884,121.581766
奇樂三醫整合醫學診所,內湖區,臺北市內湖區瑞光路337號,25.077865,121.575546
年代牙醫診所,內湖區,臺北市內湖區康寧路3段56巷11號,25.073428,121.612273
理真診所,內湖區,臺北市內湖區金豐街16號,25.065731,121.586545
內湖101健康管理診所,內湖區,臺北市內湖區瑞光路337號,25.077865,121.575546
力康復健科診所,內湖區,臺北市內湖區內湖路1段358號,25.079141,121.581919
高峰診所,內湖區,臺北市內湖區內湖路2段39號,25.079269,121.579618
瑞宏診所,內湖區,臺北市內湖區瑞光路258巷31號,25.075179,121.575054
內湖身心精神科診所,內湖區,臺北市內湖區內湖路1段439號,25.079141,121.581919
藝群內湖診所,內湖區,臺北市內湖區成功路4段58號,25.087218,121.597688
保安診所,內湖區,臺北市內湖區東湖路141之1號,25.06817,121.617032
霍普金斯診所,內湖區,臺北市內湖區洲子街194號,25.081429,121.566506
喬治牙醫診所,內湖區,臺北市內湖區康寧路3段23號,25.073428,121.612273
內湖美麗爾診所,內湖區,臺北市內湖區瑞光路478巷22號,25.07846,121.568301
內湖全美診所,內湖區,臺北市內湖區內湖路1段360巷2之1號,25.079141,121.581919
舒美牙醫診所,內湖區,臺北市內湖區東湖路122號,25.068112,121.616275
禾馨眼科診所,內湖區,臺北市內湖區行忠路195號,25.067504,121.582073
全新圓診所,內湖區,臺北市內湖區瑞光路26巷36弄2號,25.069126,121.581963
瀚威中醫診所,內湖區,臺北市內湖區新明路277號,25.057476,121.586094
佳霖診所,內湖區,臺北市內湖區東湖路147號,25.068146,121.617193
格唯牙醫診所,內湖區,臺北市內湖區星雲街97號,25.079587,121.593752
書拉密美學診所,內湖區,臺北市內湖區成功路4段57號,25.087218,121.597688
未來醫檢臨床病理科專科診所,內湖區,臺北市內湖區陽光街351號,25.07303,121.577423
瑞佛健康管理診所,內湖區,臺北市內湖區民權東路6段8號,25.069103,121.596854
馬丁健康管理診所,內湖區,臺北市內湖區行忠路28巷1號,25.06493,121.577821
聿麒中醫診所,內湖區,臺北市內湖區五分街93號,25.067319,121.615744
抱抱心身醫學診所,內湖區,臺北市內湖區文德路70號,25.075731,121.583458
禾馨內湖內科診所,內湖區,臺北市內湖區行忠路189號,25.067385,121.581679
樂善診所,內湖區,臺北市內湖區行善路260號,25.060308,121.581687
紫陽診所,內湖區,臺北市內湖區內湖路1段118號,25.079141,121.581919
湖美牙醫診所,內湖區,臺北市內湖區成功路4段8號,25.087218,121.597688
佳鄰中醫診所,內湖區,臺北市內湖區文德路238號,25.078783,121.588651
馬思特診所,內湖區,臺北市內湖區成功路四段５３號,25.082602,121.592261
康寧醫療財團法人康寧醫院,內湖區,臺北市內湖區成功路五段４２０巷２６號,25.075952,121.608779
騏安中醫診所,內湖區,臺北市內湖區金湖路386號,25.073459,121.603343
內湖中醫診所,內湖區,臺北市內湖區成功路三段１７４巷１號,25.081106,121.590719
欣仁牙醫診所,內湖區,臺北市內湖區內湖路一段２８５巷２７弄５號,25.083002,121.566921
和慶中醫診所,內湖區,臺北市內湖區成功路四段58號,25.087086,121.596961
深博牙醫診所,內湖區,臺北市內湖區成功路三段１４３號,25.079599,121.590016
金陽牙醫診所,內湖區,臺北市內湖區康樂街78號,25.070808,121.619776
鴻文婦產科診所,內湖區,臺北市內湖區成功路四段５２號,25.086962,121.596982
思維診所,內湖區,臺北市內湖區文德路25號,25.079123,121.584272
舒湖牙醫診所,內湖區,臺北市內湖區石潭路53號,25.062738,121.586632
喜悅牙醫診所,內湖區,臺北市內湖區內湖路一段248號,25.081993,121.566501
芮森醫學診所,內湖區,臺北市內湖區新湖三路215號,25.065305,121.580674
永育醫療大湖診所,內湖區,臺北市內湖區成功路4段366號,25.087218,121.597688
建榮中醫診所,內湖區,臺北市內湖區成功路3段174巷16號,25.075436,121.60767
龍昌牙醫診所,內湖區,臺北市內湖區金龍路１３９號,25.085991,121.590055
祐生復健科診所,內湖區,臺北市內湖區康寧路三段54之7號,25.076456,121.613202
達美皮膚專科診所,內湖區,臺北市內湖區成功路四段２２０號,25.084574,121.59614
心美牙醫診所,內湖區,臺北市內湖區成功路3段174巷14號,25.075436,121.60767
元康牙醫診所,內湖區,臺北市內湖區康寧路3段165巷23弄3號,25.073428,121.612273
東成診所,內湖區,臺北市內湖區民權東路六段495號,25.073223,121.605088
內湖長春診所,內湖區,臺北市內湖區民權東路六段64號,25.067434,121.602534
平安牙醫診所,內湖區,臺北市內湖區內湖路二段52-3號,25.081167,121.58668
文德牙醫診所,內湖區,臺北市內湖區東湖路113巷66號,25.07316,121.614903
安政牙醫診所,內湖區,臺北市內湖區文德路二十二巷四十一號,25.07713,121.583596
陳德駿婦產科診所,內湖區,臺北市內湖區文德路８號,25.076667,121.581253
陳森豊診所,內湖區,臺北市內湖區環山路一段２號,25.085549,121.568177
魏穀年診所,內湖區,臺北市內湖區內湖路一段４０３號,25.081858,121.570635
振興內兒科診所,內湖區,臺北市內湖區成功路三段１９３號,25.080461,121.590862
丁大元診所,內湖區,臺北市內湖區東湖路119巷49弄4號,25.069905,121.617132
徐醫師診所,內湖區,臺北市內湖區東湖路５３號,25.069221,121.614935
東湖張耳鼻喉科診所,內湖區,臺北市內湖區康寧路三段１６９號,25.076789,121.611359
誠康診所,內湖區,臺北市內湖區內湖路一段585號,25.08104,121.572978
湖光皮膚專科診所,內湖區,臺北市內湖區成功路4段59之1號,25.087218,121.597688
康民牙醫診所,內湖區,臺北市內湖區成功路四段339號,25.084536,121.599315
祐康中醫診所,內湖區,臺北市內湖區文德路210巷30弄23號,25.077094,121.584574
信光牙醫診所,內湖區,臺北市內湖區成功路四段４２號,25.08667,121.597014
微笑牙醫診所,內湖區,臺北市內湖區康樂街２０巷１號,25.068406,121.618154
名嘉牙醫診所,內湖區,臺北市內湖區民權東路六段１２６號,25.064401,121.595472
晴安診所,內湖區,臺北市內湖區內湖路一段709之1號,25.079431,121.577472
德康牙醫診所,內湖區,臺北市內湖區金龍路一號,25.074845,121.601339
丰采牙醫診所,內湖區,臺北市內湖區內湖路2段391號,25.079269,121.579618
錸雅牙醫診所,內湖區,臺北市內湖區星雲街１２６號,25.079601,121.594455
紫陽復健科診所,內湖區,臺北市內湖區文德路208巷8號,25.077874,121.583498
博雅牙醫診所,內湖區,臺北市內湖區康樂街２０巷５號,25.068635,121.618026
元德牙醫診所,內湖區,臺北市內湖區新明路３６６號,25.054908,121.580725
庭軒牙醫診所,內湖區,臺北市內湖區康寧路1段104號,25.072835,121.612253
國泰醫療財團法人內湖國泰診所,內湖區,臺北市內湖區瑞光路337號,25.077865,121.575546
栩仕診所,內湖區,臺北市內湖區文湖街88號,25.089401,121.560185
成功皮膚科診所,內湖區,臺北市內湖區成功路3段162之1號,25.075436,121.60767
維仁診所,內湖區,臺北市內湖區民權東路六段136巷4號,25.066755,121.587461
双湖中醫診所,內湖區,臺北市內湖區江南街18號,25.076674,121.577752
品牙醫診所,內湖區,臺北市內湖區成功路四段175號,25.083677,121.594696
愛惟美診所,內湖區,臺北市內湖區內湖路一段300號,25.081757,121.568752
康樂診所,內湖區,臺北市內湖區康樂街80號,25.07158,121.619229
內湖翰林眼科診所,內湖區,臺北市內湖區成功路3段183號,25.075436,121.60767
林登山耳鼻喉科診所,內湖區,臺北市內湖區文德路96號,25.078214,121.582538
似真牙醫診所,內湖區,臺北市內湖區洲子街151號,25.081221,121.568437
宸采牙醫診所,內湖區,臺北市內湖區大湖山莊街157號,25.087143,121.601545
麗馨中醫診所,內湖區,臺北市內湖區東湖路120號,25.06814,121.616162
瑞健診所,內湖區,臺北市內湖區瑞光路258巷37號,25.075002,121.574871
禾安耳鼻喉科診所,內湖區,臺北市內湖區康寧路一段75號,25.079969,121.592743
全心圓診所,內湖區,臺北市內湖區瑞光路26巷36弄2號,25.069126,121.581963
禾馨內湖婦幼診所,內湖區,臺北市內湖區民權東路六段42號,25.067154,121.602468
連安診所,內湖區,臺北市內湖區內湖區路一段619號,25.084108,121.592964
涵堤牙醫診所,內湖區,臺北市內湖區內湖路一段379號,25.08202,121.569902
仁亨牙醫診所,內湖區,臺北市內湖區瑞光路285號,25.07552,121.576554
新明診所,內湖區,臺北市內湖區新明路386號,25.054815,121.580233
臻澄中醫診所,內湖區,臺北市內湖區港華街99號,25.083515,121.573804
禾馨民權婦幼診所,內湖區,臺北市內湖區民權東路六段42號,25.067154,121.602468
錦禾中醫診所,內湖區,臺北市內湖區港墘路121號,25.078259,121.57628
湖欣診所,內湖區,臺北市內湖區成功路四段327號,25.084538,121.598923
心力合診所,內湖區,臺北市內湖區民權東路六段165、167、169、171號,25.065872,121.597691
適康復健科診所,內湖區,臺北市內湖區文德路141、143號,25.07713,121.583596
韻德中醫診所,內湖區,臺北市內湖區港墘路55號,25.081515,121.578348
晴渼皮膚專科診所,內湖區,臺北市內湖區內湖路1段667巷3號,25.079141,121.581919
文湖牙醫診所,內湖區,臺北市內湖區文德路275號,25.079299,121.589005
永長欣診所,內湖區,臺北市內湖區行善路397號,25.0646,121.585816
美學地圖牙醫診所,內湖區,臺北市內湖區港墘路19號,25.081192,121.576827
明美牙醫診所,內湖區,臺北市內湖區瑞光路478巷18弄32號,25.077962,121.569007
萬安堂中醫診所,內湖區,臺北市內湖區文德路２２巷９弄４２號,25.07706,121.579073
卓家泉安堂老舖中醫診所,內湖區,臺北市內湖區內湖路二段三五三號,25.081167,121.58668
林德中醫診所,內湖區,臺北市內湖區港墘路２３號,25.081243,121.576684
麗正牙醫診所,內湖區,臺北市內湖區港墘路１０１號,25.080259,121.577648
文心牙醫診所,內湖區,臺北市內湖區內湖路一段７３７巷５０弄３１號,25.08065,121.578591
北一牙醫診所,內湖區,臺北市內湖區東湖路８８號,25.068508,121.614835
健恩牙醫診所,內湖區,臺北市內湖區星雲街１７－２號,25.078245,121.590608
仁宏牙醫診所,內湖區,臺北市內湖區康樂街８５巷４號,25.069176,121.618875
宏欣牙醫診所,內湖區,臺北市內湖區成功路四段五十九號,25.086219,121.597328
敬偉牙醫診所,內湖區,臺北市內湖區內湖路二段３９－１號,25.079007,121.580022
明湖牙醫診所,內湖區,臺北市內湖區民權東路六段２９６巷１１３號,25.069912,121.60896
傑出牙醫診所,內湖區,臺北市內湖區成功路四段六十一巷二十一號,25.086219,121.597328
麗湖牙醫診所,內湖區,臺北市內湖區內湖路二段１００號,25.079329,121.581499
前衛牙醫診所,內湖區,臺北市內湖區內湖路一段387巷3弄6號,25.082056,121.570463
林俊民牙醫診所,內湖區,臺北市內湖區文德路２10巷30弄7號,25.077093,121.584212
康鄰牙醫診所,內湖區,臺北市內湖區星雲街130號,25.079685,121.594712
菁華牙醫診所,內湖區,臺北市內湖區安康路486號,25.067981,121.615898
湖山牙醫診所,內湖區,臺北市內湖區金龍路一五○號,25.074845,121.601339
專加牙醫診所,內湖區,臺北市內湖區康寧路一段七十三號,25.078427,121.595739
麗緻牙醫診所,內湖區,臺北市內湖區內湖路一段六○九號,25.079654,121.576524
弘康復健科診所,內湖區,臺北市內湖區成功路五段八十一號,25.08314,121.604088
顏鳳麟婦產科診所,內湖區,臺北市內湖區成功路四段28號,25.086273,121.597212
東湖眼科診所,內湖區,臺北市內湖區東湖路137號,25.068184,121.616884
大愛眼科診所,內湖區,臺北市內湖區東湖路15號,25.067515,121.61676
東湖謝耳鼻喉科診所,內湖區,臺北市內湖區東湖路148號,25.067901,121.617137
宏仁眼科診所,內湖區,臺北市內湖區環山路一段2號,25.085549,121.568177
陳喬鴻眼科診所,內湖區,臺北市內湖區內湖路一段300號,25.081757,121.568752
東湖皮膚專科診所,內湖區,臺北市內湖區東湖路153號,25.068114,121.617332
林牙醫診所,內湖區,臺北市內湖區內湖路二段３９５號,25.084105,121.592828
德馨牙醫診所,內湖區,臺北市內湖區康寧路三段217巷2號,25.068444,121.612161
耀生牙醫診所,內湖區,臺北市內湖區港華街七十號,25.083068,121.574928
力奇牙醫診所,內湖區,臺北市內湖區內湖路一段７３７巷２６號,25.080179,121.578023
弘林牙醫診所,內湖區,臺北市內湖區大湖街131巷2號,25.08547,121.600839
萬居牙醫診所,內湖區,臺北市內湖區內湖路一段三二三巷四弄一號,25.079654,121.576524
翠柏牙醫診所,內湖區,臺北市內湖區成功路三段162號,25.080327,121.590238
瑞光牙醫診所,內湖區,臺北市內湖區江南街一０二號,25.075576,121.578585
仁澤牙醫診所,內湖區,臺北市內湖區金湖路403-1號,25.074845,121.601339
康豪牙醫診所,內湖區,臺北市內湖區內湖路一段217巷27號,25.083438,121.565393
丞康牙醫診所,內湖區,臺北市內湖區成功路四段61巷13號,25.081335,121.592825
成功眼科診所,內湖區,臺北市內湖區成功路四段２８號,25.086273,121.597212
林永正診所,內湖區,臺北市內湖區康樂街１３０號,25.080646,121.615775
秉信診所,內湖區,臺北市內湖區成功路四段40號,25.086589,121.597067
德文復健科診所,內湖區,臺北市內湖區成功路四段36號,25.08645,121.597113
弘育診所,內湖區,臺北市內湖區文德路２２巷９弄６４號,25.076508,121.579326
成功耳鼻喉科診所,內湖區,臺北市內湖區成功路3段162之1號,25.075436,121.60767
吳振光眼科診所,內湖區,臺北市內湖區成功路四段四十二號,25.086219,121.597328
立安診所,內湖區,臺北市內湖區內湖路二段３６５號,25.08379,121.59232
藍曾小兒科診所,內湖區,臺北市內湖區東湖路１３２號,25.068012,121.616684
西湖安康診所,內湖區,臺北市內湖區內湖路一段２８５巷６５弄１８號,25.084253,121.56775
康寧診所,內湖區,臺北市內湖區康寧路一段144號,25.079223,121.593942
洪永祥診所,內湖區,臺北市內湖區成功路三段6巷1號,25.075594,121.589829
維悅牙醫診所,內湖區,臺北市內湖區成功路4段358號,25.087218,121.597688
臺北市立聯合醫院附設內湖門診部,內湖區,臺北市內湖區民權東路六段99號,25.069692,121.599478
成功復健科診所,內湖區,臺北市內湖區成功路3段162之1號,25.075436,121.60767
哈佛眼科診所,內湖區,臺北市內湖區基湖路10巷66號,25.082438,121.563052
成安耳鼻喉科診所,內湖區,臺北市內湖區成功路四段61巷10號,25.080065,121.593149
薈安診所,內湖區,臺北市內湖區江南街6號,25.077012,121.577517
劉淦華診所,內湖區,臺北市內湖區金龍路43號,25.073911,121.603769
潘渭祥牙醫診所,內湖區,臺北市內湖區內湖路二段３６７號,25.083812,121.592349
漢翎牙醫診所,內湖區,臺北市內湖區東湖路16巷4號,25.06846,121.613054
焉醫師診所,內湖區,臺北市內湖區內湖路2段21號,25.079269,121.579618
林孟勳診所,內湖區,臺北市內湖區成功路四段61巷32弄2號,25.080229,121.593409
龍門中醫診所,內湖區,臺北市內湖區東湖路57號,25.069476,121.61282
加安耳鼻喉科診所,內湖區,臺北市內湖區內湖路1段401號,25.079141,121.581919
泰興中醫診所,內湖區,臺北市內湖區內湖路1段629巷10號,25.079141,121.581919
禾馨民權內科診所,內湖區,臺北市內湖區民權東路6段40號,25.069103,121.596854
萬和牙醫診所,內湖區,臺北市內湖區文德路21號,25.077638,121.582584
三軍總醫院附設民眾診療服務處,內湖區,臺北市內湖區成功路二段325號,25.071802,121.591979
魏之明小兒科診所,內湖區,臺北市內湖區康寧路三段54之6號,25.076456,121.613202
中國醫藥大學附設醫院臺北分院,內湖區,臺北市內湖區內湖路二段360號,25.082126,121.590597
光美牙醫診所,內湖區,臺北市內湖區民權東路六段102號,25.069084,121.609228
德軒津牙醫診所,內湖區,臺北市內湖區瑞光路358巷30弄2號,25.076501,121.572288
皇齊牙醫診所,內湖區,臺北市內湖區行善路391號,25.064278,121.585712
麗心診所,內湖區,臺北市內湖區成功路四段2號,25.08718,121.597624
宋小兒科診所,內湖區,臺北市內湖區內湖路二段２５號,25.08326,121.585504
康德牙醫診所,內湖區,臺北市內湖區文德路70號,25.075731,121.583458
雙湖診所,內湖區,臺北市內湖區金龍路四十九號,25.074845,121.601339
詠盛診所,內湖區,臺北市內湖區東湖路43巷3號,25.069161,121.614029
德威診所,內湖區,臺北市內湖區內湖路1段667巷1號,25.079141,121.581919
亞卓牙醫診所,內湖區,臺北市內湖區東湖路43巷32弄1號,25.070148,121.61336
菁英診所,內湖區,臺北市內湖區行忠路58號,25.066092,121.579545
璟品牙醫診所,內湖區,臺北市內湖區民權東路六段125號,25.069626,121.599132
宏瑞牙醫診所,內湖區,臺北市內湖區瑞光路286號,25.076028,121.575212
華倫牙醫診所,內湖區,臺北市內湖區江南街65巷10號,25.07721,121.578311
慈銨診所,內湖區,臺北市內湖區五分街95號,25.06731,121.615814
仁人牙醫診所,內湖區,臺北市內湖區成功路三段一七二之二號,25.07951,121.589817
西湖牙醫診所,內湖區,臺北市內湖區內湖路１段285巷4號,25.079141,121.581919
禾馨民權牙科診所,內湖區,臺北市內湖區民權東路六段42號,25.067154,121.602468
富康復健科診所,內湖區,臺北市內湖區東湖路113巷15號,25.069359,121.615421
金臨牙醫診所,內湖區,臺北市內湖區康寧路3段174號,25.073428,121.612273
照境中醫診所,內湖區,臺北市內湖區文德路101巷1弄1號,25.079241,121.585267
鍾兆智婦產科診所,內湖區,臺北市內湖區東湖路６５號,25.068763,121.614808
鑫美光視光眼科診所,內湖區,臺北市內湖區內湖路1段512號,25.079141,121.581919
瑞成診所,內湖區,臺北市內湖區瑞光路258巷31號,25.075179,121.575054
辰星皮膚專科診所,內湖區,臺北市內湖區內湖路1段633號,25.079141,121.581919
林威廷身心精神科診所,內湖區,臺北市內湖區東湖路10號,25.067961,121.614661
雅斯翠診所,內湖區,臺北市內湖區新湖二路87號,25.060632,121.575761
京威聯合牙醫診所,內湖區,臺北市內湖區金湖路三七六號,25.074845,121.601339
皇家牙醫診所,內湖區,臺北市內湖區內湖路二段１０３巷４８－３號,25.08201,121.580936
康育診所,內湖區,臺北市內湖區成功路三段189號,25.080384,121.590781
汎美皮膚科診所,內湖區,臺北市內湖區東湖路4號,25.067925,121.614928
韻昇牙醫診所,內湖區,臺北市內湖區成功路2段478號,25.08718,121.597624
晴天牙醫診所,內湖區,臺北市內湖區民權東路6段296巷1號,25.069103,121.596854
允康中醫診所,內湖區,臺北市內湖區金龍路41號,25.073766,121.599845
內湖芸安堂中醫診所,內湖區,臺北市內湖區內湖路1段595號,25.079141,121.581919
展欣眼科診所,內湖區,臺北市內湖區金湖路382號,25.073672,121.60483
象阿姨牙科診所,內湖區,臺北市內湖區成功路四段51號,25.0816,121.592011
雷文虎克精準健康診所,內湖區,臺北市內湖區民善街219號,25.064378,121.574602
文湖美學牙醫診所,內湖區,臺北市內湖區文德路277號,25.079339,121.589068
美特博霖健康管理診所,內湖區,臺北市內湖區新湖一路88號,25.05877,121.575741
佳一牙醫診所,內湖區,臺北市內湖區康寧路三段23號,25.072355,121.611745
品潔牙醫診所,內湖區,臺北市內湖區港墘路75號,25.080964,121.578175
恩光牙醫診所,內湖區,臺北市內湖區金龍路５７號,25.081987,121.596849
杜耳鼻喉科診所,內湖區,臺北市內湖區成功路四段222號,25.086435,121.598715
恩光中醫診所,內湖區,臺北市內湖區江南街15號,25.076035,121.579017
瑞華診所,內湖區,臺北市內湖區民權東路6段123巷34弄30號,25.069103,121.596854
怡安牙醫診所,內湖區,臺北市內湖區港華街31號,25.082677,121.57653
一峰牙醫診所,內湖區,臺北市內湖區麗山街３４８巷１１號,25.082023,121.573371
元亨牙醫診所,內湖區,臺北市內湖區成功路四段43號,25.08696,121.598025
白金牙醫診所,內湖區,臺北市內湖區康寧路三段23號,25.072355,121.611745
文德耳鼻喉科診所,內湖區,臺北市內湖區文德路32號,25.077022,121.582759
澄美牙醫診所,內湖區,臺北市內湖區成功路三段181號,25.080105,121.590727
康絜牙醫診所,內湖區,臺北市內湖區文德路二十二巷二十七弄十號,25.07713,121.583596
蘇中醫診所,內湖區,臺北市內湖區成功路五段20號,25.084605,121.601494
惠元中醫診所,內湖區,臺北市內湖區康樂街61巷17號,25.069203,121.619425
璟榮中醫診所,內湖區,臺北市內湖區東湖路43巷31號,25.070266,121.613066
憫泰中醫診所,內湖區,臺北市內湖區內湖路二段488號,25.084326,121.593465
健崴中醫診所,內湖區,臺北市內湖區康寧路三段16巷113號,25.071086,121.609472
樂美牙醫診所,南港區,臺北市南港區園區街58巷1號,25.059247,121.611873
好牙牙醫診所,南港區,臺北市南港區忠孝東路5段815號,25.0534,121.612827
南港美麗爾診所,南港區,臺北市南港區忠孝東路5段978號,25.0534,121.612827
寰星牙醫診所,南港區,臺北市南港區研究院路2段37巷1弄6號,25.035522,121.613712
戴承杰中醫診所,南港區,臺北市南港區忠孝東路7段518號,25.05317,121.611534
皓亞牙醫診所,南港區,臺北市南港區忠孝東路6段432號,25.053284,121.612714
優聖美牙醫診所,南港區,臺北市南港區福德街373巷31號,25.039078,121.591732
艾萊診所,南港區,臺北市南港區重陽路472之1號,25.059747,121.611396
菘興牙醫診所,南港區,臺北市南港區興華路78號,25.055737,121.605752
星源未來診所,南港區,臺北市南港區重陽路479號,25.060478,121.611116
多田診所,南港區,臺北市南港區忠孝東路6段6號,25.053284,121.612714
韋登牙醫診所,南港區,臺北市南港區研究院路2段35之1號,25.035522,121.613712
天仁小兒科診所,南港區,臺北市南港區成福路21號,25.042433,121.588275
奕賢骨科外科診所,南港區,臺北市南港區八德路四段774、776號,25.050959,121.581293
羅撒中醫診所,南港區,臺北市南港區成福路171巷13號,25.041435,121.588708
祐生牙醫診所,南港區,臺北市南港區富康街四十七巷二號,25.053169,121.617184
聖原中醫診所,南港區,臺北市南港區研究院路二段７０巷３３號,25.045498,121.613974
廖內兒科診所,南港區,臺北市南港區忠孝東路七段６１７號,25.053225,121.615414
赫奕中醫診所,南港區,臺北市南港區惠民街13號,25.05581,121.610281
優勢皮膚科診所,南港區,臺北市南港區玉成街140巷11弄2號,25.044816,121.583378
弘生牙醫診所,南港區,臺北市南港區忠孝東路六段４６０號,25.050365,121.594412
杏林內科小兒科診所,南港區,臺北市南港區研究院路一段２５號,25.053866,121.616547
瓊萻牙醫診所,南港區,臺北市南港區南港路二段208號,25.053747,121.599121
隆美皮膚科診所,南港區,臺北市南港區忠孝東路七段6２1號,25.053238,121.615517
杏安診所,南港區,臺北市南港區同德路74號,25.045699,121.585288
東明牙醫診所,南港區,臺北市南港區東明街16號,25.056319,121.60456
惠正牙醫診所,南港區,臺北市南港區福德街310巷8號,25.039611,121.58757
黃家庭醫學科診所,南港區,臺北市南港區研究院路一段１６１號,25.050381,121.615705
翰林中醫診所,南港區,臺北市南港區研究院路1段27號,25.027534,121.601525
吉盛興盛診所,南港區,臺北市南港區永吉路547號,25.045507,121.581278
杞子中醫診所,南港區,臺北市南港區南港路1段169號,25.054854,121.613987
東豐牙醫診所,南港區,臺北市南港區南港路一段159號,25.055113,121.613485
中坡耳鼻喉科診所,南港區,臺北市南港區中坡南路29號,25.043224,121.583243
康禾診所,南港區,臺北市南港區忠孝東路七段551號,25.053042,121.613308
李文珍小兒科診所,南港區,臺北市南港區研究院路2段74號,25.035522,121.613712
永育醫療福德診所,南港區,臺北市南港區福德街320號,25.039489,121.588005
同德中醫診所,南港區,臺北市南港區同德路30號,25.045135,121.584138
上品牙醫診所,南港區,臺北市南港區忠孝東路五段八○一號,25.042522,121.580582
弘光牙醫診所,南港區,臺北市南港區忠孝東路六段２８０號,25.049139,121.589256
洪澤安中醫診所,南港區,臺北市南港區重陽路４號,25.057487,121.604798
天滋中醫診所,南港區,臺北市南港區同德路64號,25.045577,121.585044
新洋牙醫診所,南港區,臺北市南港區東新街80巷14弄1號,25.045403,121.587185
玉成牙科診所,南港區,臺北市南港區南港路三段７６號,25.054052,121.59114
緯泰牙醫診所,南港區,臺北市南港區玉成街１６１號,25.044942,121.584084
德聲牙醫診所,南港區,臺北市南港區三重路３０號,25.056027,121.614089
南港牙醫診所,南港區,臺北市南港區研究院路一段１１號,25.054222,121.616603
一品牙醫診所,南港區,臺北市南港區昆陽街１０號,25.053718,121.592369
宏昇牙醫診所,南港區,臺北市南港區南港路二段３2號,25.054229,121.605272
華德牙醫診所,南港區,臺北市南港區研究院路二段３２號,25.046698,121.614229
德心牙醫診所,南港區,臺北市南港區中坡南路２１號,25.043366,121.583073
大成牙醫診所,南港區,臺北市南港區重陽路53號,25.055652,121.596282
昆陽牙醫診所,南港區,臺北市南港區昆陽街七號,25.050098,121.594134
聖欣牙醫診所,南港區,臺北市南港區三重路7號,25.055788,121.613842
冠德耳鼻喉科診所,南港區,臺北市南港區研究院路一段１７號,25.054079,121.616577
中研耳鼻喉科診所,南港區,臺北市南港區研究院路二段3之9號,25.047567,121.615797
陳勝吉診所,南港區,臺北市南港區研究院路一段115號,25.052064,121.616049
希文耳鼻喉科診所,南港區,臺北市南港區忠孝東路六段234號,25.048786,121.587727
興盛診所,南港區,臺北市南港區永吉路546、551號,25.045388,121.581893
陳志鑫診所,南港區,臺北市南港區八德路四段８１２號,25.050921,121.581426
劉聖亞診所,南港區,臺北市南港區興華路８２號,25.055814,121.605724
宏勝中醫診所,南港區,臺北市南港區忠孝東路七段558號,25.052641,121.613128
蔣小兒科診所,南港區,臺北市南港區玉成街１６６巷３0號,25.043931,121.583279
湯眼科診所,南港區,臺北市南港區研究院路一段１６９號,25.050112,121.615719
佑誠診所,南港區,臺北市南港區研究院路二段27號,25.046692,121.616083
向陽牙醫診所,南港區,臺北市南港區重陽路129號,25.056483,121.598358
世展牙醫診所,南港區,臺北市南港區研究院路1段21號,25.027534,121.601525
臺北市立聯合醫院附設南港門診部,南港區,臺北市南港區南港路1段360號,25.054854,121.613987
天仁健康診所,南港區,臺北市南港區成福路21號,25.042433,121.588275
翊群耳鼻喉科診所,南港區,臺北市南港區興東街29之1號,25.055801,121.612536
和群牙醫診所,南港區,臺北市南港區忠孝東路六段244號,25.04886,121.588041
義仁兒科診所,南港區,臺北市南港區玉成街138號,25.045027,121.583182
重生牙醫診所,南港區,臺北市南港區八德路四段７７２號,25.050376,121.580125
美嘉牙醫診所,南港區,臺北市南港區中坡北路2號,25.046232,121.580711
芝加哥牙醫診所,南港區,臺北市南港區忠孝東路五段９７２號,25.044344,121.582271
維康診所,南港區,臺北市南港區研究院路2段84巷1號,25.035522,121.613712
天慈婦產科診所,南港區,臺北市南港區同德路３７號,25.045442,121.584352
泓安耳鼻喉科診所,南港區,臺北市南港區興華路75號,25.055168,121.606126
張一凡中醫診所,南港區,臺北市南港區研究院路一段15號,25.05412,121.616584
南港諾貝爾眼科診所,南港區,臺北市南港區忠孝東路五段980號,25.044532,121.582407
蒔堤牙醫診所,南港區,臺北市南港區南港路二段8號,25.054541,121.604599
寰宇牙醫診所,南港區,臺北市南港區舊莊街1段91巷14之1號,25.02962,121.643083
友力耳鼻喉科診所,南港區,臺北市南港區中坡北路12號,25.046366,121.58126
南港復健科診所,南港區,臺北市南港區南港路一段172號,25.055333,121.611733
松展診所,南港區,臺北市南港區忠孝東路六段110巷18號,25.048001,121.583938
真福牙醫診所,南港區,臺北市南港區忠孝東路六段414號,25.050017,121.592932
開馨診所,南港區,臺北市南港區南港路二段38巷6之1號,25.054768,121.604786
麗馨診所,南港區,臺北市南港區同德路84號,25.045806,121.585509
定遠新天地牙醫診所,南港區,臺北市南港區玉成街83號,25.048255,121.581944
安民牙醫診所,南港區,臺北市南港區研究院路1段75號,25.027534,121.601525
荃威診所,南港區,臺北市南港區忠孝東路5段976號,25.0534,121.612827
稚顏美學診所,南港區,臺北市南港區重陽路461號,25.059642,121.61051
德福診所,士林區,臺北市士林區大東路七十七號,25.089773,121.525431
倍爾牙醫診所,士林區,臺北市士林區劍潭路60號,25.083478,121.521661
同慶中醫診所,士林區,臺北市士林區中正路615號,25.086228,121.509076
張國榮身心診所,士林區,臺北市士林區德行東路179號,25.109942,121.535314
原蘊醫學診所,士林區,臺北市士林區中山北路5段476號,25.051181,121.521723
廣都牙醫診所,士林區,臺北市士林區華齡街４９號,25.082402,121.517348
天母耳鼻喉科診所,士林區,臺北市士林區中山北路六段７４４號,25.099182,121.527195
格子牙醫診所,士林區,臺北市士林區天母西路40之1號,25.118378,121.525888
易和中醫診所,士林區,臺北市士林區士東路45號,25.110997,121.534003
亨皓牙醫診所,士林區,臺北市士林區德行西路123號,25.103854,121.520409
華齡診所,士林區,臺北市士林區華齡街７４號,25.084528,121.519452
劭陽牙醫診所,士林區,臺北市士林區忠義街117號,25.107434,121.532788
臺北市立聯合醫院附設士林門診部,士林區,臺北市士林區中正路439號,25.092769,121.519598
璟元中醫診所,士林區,臺北市士林區文林路432號,25.094617,121.524829
普濟中醫診所,士林區,臺北市士林區福國路98之5號,25.102255,121.521934
聯志骨科診所,士林區,臺北市士林區承德路四段184號,25.086968,121.52243
美齊牙醫診所,士林區,臺北市士林區天母東路8巷75號,25.115103,121.530802
高醫師家庭醫學科診所,士林區,臺北市士林區中山北路7段17號,25.051516,121.521715
天母皮膚科診所,士林區,臺北市士林區德行東路90巷33弄10號,25.10601,121.52859
社子黃牙醫診所,士林區,臺北市士林區社子街7號,25.087765,121.508478
存德小兒科診所,士林區,臺北市士林區文林路460號,25.09564,121.524557
柏麗牙醫診所,士林區,臺北市士林區文林路734號,25.102774,121.520491
博格牙醫診所,士林區,臺北市士林區福國路95號,25.101528,121.522177
有仁牙醫診所,士林區,臺北市士林區忠誠路二段154巷13號,25.115718,121.531417
昀樣中醫診所,士林區,臺北市士林區文林路558號,25.097843,121.524201
士林眼科診所,士林區,臺北市士林區文林路488之1號,25.096288,121.524381
天母忠明2020眼科診所,士林區,臺北市士林區天母西路10號,25.1183,121.52858
廖宥程齒顎矯正專科診所,士林區,臺北市士林區忠誠路一段33號,25.104065,121.527341
芝山診所,士林區,臺北市士林區忠義街82號,25.106203,121.531796
凱硯診所,士林區,臺北市士林區中山北路七段110號,25.122063,121.531909
哲瑞牙醫診所,士林區,臺北市士林區延平北路五段135號,25.082104,121.510215
永安診所,士林區,臺北市士林區中山北路六段405巷63號,25.116159,121.526439
傅家義牙醫診所,士林區,臺北市士林區中山北路六段４７０號,25.114767,121.527724
泓景中醫診所,士林區,臺北市士林區忠誠路二段40巷6號,25.110219,121.529833
悅美牙醫診所,士林區,臺北市士林區中山北路5段472號,25.051181,121.521723
旺德牙醫診所,士林區,臺北市士林區天母東路8巷37號,25.116533,121.531683
易元堂中醫診所,士林區,臺北市士林區德行東路１０９巷９１號,25.110285,121.528649
天母許內科家醫科診所,士林區,臺北市士林區天母北路49號,25.120949,121.526898
弘佑牙醫診所,士林區,臺北市士林區天玉街38巷12之1號,25.120526,121.529425
橙光耳鼻喉科診所,士林區,臺北市士林區大南路286號,25.08881,121.519311
延年診所,士林區,臺北市士林區文林路506號,25.096737,121.524264
福林診所,士林區,臺北市士林區中山北路五段６８５號,25.097097,121.527314
聯有牙醫診所,士林區,臺北市士林區中山北路六段148號,25.10633,121.525023
吳如壽診所,士林區,臺北市士林區中山北路六段３２２號,25.111123,121.525839
劉定國牙醫診所,士林區,臺北市士林區天母東路４３巷４弄２號,25.118474,121.532483
顏居雲中醫診所,士林區,臺北市士林區華齡街72號,25.08449,121.519453
德行牙醫診所,士林區,臺北市士林區德行東路187號,25.109943,121.53532
林政毅牙醫診所,士林區,臺北市士林區德行西路74號,25.104932,121.522535
三船牙醫診所,士林區,臺北市士林區天母東路１之２號,25.118277,121.53106
雙林皮膚科診所,士林區,臺北市士林區社子街28號,25.088353,121.504293
海蒂牙醫診所,士林區,臺北市士林區中山北路5段641號,25.051181,121.521723
李文達婦產科診所,士林區,臺北市士林區文林路458號,25.095602,121.524567
英倫牙醫診所,士林區,臺北市士林區延平北路五段305號,25.086144,121.509314
士林星和診所,士林區,臺北市士林區中山北路5段472號,25.051181,121.521723
崇生中醫診所,士林區,臺北市士林區文林路519號,25.096974,121.523996
奧森牙醫診所,士林區,臺北市士林區天母東路45之1號,25.118192,121.532547
慕樂牙醫診所,士林區,臺北市士林區中山北路六段152號,25.106663,121.52507
和謙耳鼻喉科診所,士林區,臺北市士林區社中街362號,25.092421,121.504048
悅庭牙醫診所,士林區,臺北市士林區中山北路5段472號,25.051181,121.521723
品耀牙醫診所,士林區,臺北市士林區士東路125號,25.112447,121.530735
一森診所,士林區,臺北市士林區中山北路5段476號,25.051181,121.521723
惠周內兒科診所,士林區,臺北市士林區大北路９６號,25.090344,121.524546
福華中醫診所,士林區,臺北市士林區忠誠路二段76巷8號,25.111835,121.530317
貝爾診所,士林區,臺北市士林區中山北路七段82巷9號,25.12134,121.532454
永慶牙醫診所,士林區,臺北市士林區大東路127號,25.091707,121.525426
朝陽復健科診所,士林區,臺北市士林區中山北路5段699巷2號,25.051181,121.521723
晶綻牙醫診所,士林區,臺北市士林區中山北路六段764號,25.116009,121.528443
優德牙醫診所,士林區,臺北市士林區克強路13之1號,25.108759,121.524185
葉眼科診所,士林區,臺北市士林區延平北路5段173號,25.080918,121.510264
可潔牙醫診所,士林區,臺北市士林區通河街62號,25.082019,121.518437
士林小兒科診所,士林區,臺北市士林區中正路249號,25.095038,121.525362
士林復健科診所,士林區,臺北市士林區文林路497號,25.09645,121.523868
社子安心診所,士林區,臺北市士林區延平北路五段76號,25.080734,121.510826
晶亮牙醫診所,士林區,臺北市士林區小北街5號,25.090204,121.52649
寶安中醫診所,士林區,臺北市士林區中正路296號,25.094896,121.523311
科安診所,士林區,臺北市士林區社中街116號,25.089849,121.510379
天母康健身心診所,士林區,臺北市士林區德行西路100號,25.104019,121.521071
人仁牙醫診所,士林區,臺北市士林區華齡街69號,25.0847,121.519295
鴻林診所,士林區,臺北市士林區大東路128號,25.091725,121.52555
榮清耳鼻喉科診所,士林區,臺北市士林區文林路483號,25.096175,121.524212
社子中醫診所,士林區,臺北市士林區延平北路六段87號,25.088506,121.508609
士林承德診所,士林區,臺北市士林區承德路五段54號,25.092944,121.514947
天悅牙醫診所,士林區,臺北市士林區中山北路六段268號,25.109803,121.525567
承新中醫診所,士林區,臺北市士林區中正路203號,25.095368,121.526824
永恆美診所,士林區,臺北市士林區忠誠路一段58號,25.104716,121.527106
陳建華整形外科診所,士林區,臺北市士林區天母西路3號,25.118633,121.529345
亮顏美學牙醫診所,士林區,臺北市士林區福華路158號,25.103777,121.522695
劍潭中醫診所,士林區,臺北市士林區劍潭路46號,25.083616,121.522113
芝音中醫診所,士林區,臺北市士林區福華路128巷10號,25.102885,121.523155
伯仁診所,士林區,臺北市士林區中山北路五段516號,25.093167,121.528575
心福內科診所,士林區,臺北市士林區中山北路六段167號,25.10717,121.524858
士林錦禾中醫診所,士林區,臺北市士林區士東路16號,25.112942,121.530345
耀明診所,士林區,臺北市士林區中正路322號,25.094724,121.522578
博識牙醫診所,士林區,臺北市士林區中正路304號,25.094837,121.523071
樹爸爸親子診所,士林區,臺北市士林區德行東路286號,25.109963,121.535977
百齡中醫診所,士林區,臺北市士林區華齡街57號,25.084498,121.519299
新鼎牙醫診所,士林區,臺北市士林區天母西路11號,25.118521,121.528678
存德中醫診所,士林區,臺北市士林區文林路460號,25.09564,121.524557
泰昌堂中醫診所,士林區,臺北市士林區中山北路六段208號,25.108264,121.525309
士林頌恩齒顎矯正牙醫診所,士林區,臺北市士林區文林路420號,25.094321,121.524908
三玉品恆復健科診所,士林區,臺北市士林區天母東路53號,25.118223,121.533106
天方中醫診所,士林區,臺北市士林區中山北路6段157巷14號,25.046198,121.519611
太仁牙醫診所,士林區,臺北市士林區大南路223號,25.088483,121.52105
天梁堂中醫診所,士林區,臺北市士林區通河街35號,25.082583,121.51811
優儷芙生活診所,士林區,臺北市士林區中正路300號,25.094874,121.52321
自由想心理診所,士林區,臺北市士林區福華路122號,25.102609,121.522933
境靜眼科診所,士林區,臺北市士林區中山北路5段626號,25.051181,121.521723
世康中醫診所,士林區,臺北市士林區天母西路40號,25.118378,121.525888
文林骨科診所,士林區,臺北市士林區文林路468號,25.09584,121.524502
士林同仁中醫診所,士林區,臺北市士林區文林路402號,25.09387,121.525037
心築身心診所,士林區,臺北市士林區通河街90號,25.081086,121.52001
天母麥茵茲美形診所,士林區,臺北市士林區天玉街38巷20號,25.119146,121.529909
宜達診所,士林區,臺北市士林區前港街86號,25.084983,121.51963
德生診所,士林區,臺北市士林區文林路552號,25.097667,121.52404
一七美生活診所,士林區,臺北市士林區中山北路6段17號,25.046198,121.519611
天宇中醫診所,士林區,臺北市士林區中山北路7段29號,25.051516,121.521715
士林身心醫學診所,士林區,臺北市士林區文林路410號,25.094068,121.52498
梅西牙醫診所,士林區,臺北市士林區承德路4段79之2號,25.090971,121.515449
天母好日子診所,士林區,臺北市士林區磺溪街21巷8號,25.106224,121.522588
爾康中醫診所,士林區,臺北市士林區大南路285巷5號,25.088518,121.519001
品維維健康美學診所,士林區,臺北市士林區承德路4段191號,25.090971,121.515449
禾旭診所,士林區,臺北市士林區大南路323之1號,25.088895,121.517645
小禾馨士林小兒專科診所,士林區,臺北市士林區中正路289號,25.094674,121.523942
承德中醫診所,士林區,臺北市士林區福港街232之1號,25.084997,121.517524
藝群士林診所,士林區,臺北市士林區中正路422號,25.093357,121.519532
嘉芮牙醫診所,士林區,臺北市士林區中正路120號,25.096206,121.528684
和彩牙醫診所,士林區,臺北市士林區文林路444號,25.095262,121.524657
劍潭璞軒牙醫診所,士林區,臺北市士林區承德路4段50號,25.090971,121.515449
天母品恆復健科診所,士林區,臺北市士林區忠誠路1段135號,25.114583,121.532128
和玉牙醫診所,士林區,臺北市士林區中山北路6段405巷55號,25.046198,121.519611
唯心牙醫診所,士林區,臺北市士林區社子街34號,25.087395,121.507717
張松柏眼科診所,士林區,臺北市士林區忠誠路二段58號,25.111116,121.53044
梁如蘭眼科診所,士林區,臺北市士林區中山北路六段２６６號,25.109732,121.525555
家庭醫師張正弘診所,士林區,臺北市士林區天玉街３８巷９號,25.12044,121.529109
楊是韻皮膚科診所,士林區,臺北市士林區中山北路六段298號,25.110568,121.525695
王文豪診所,士林區,臺北市士林區美崙街６6號,25.097137,121.522194
得安耳鼻喉科診所,士林區,臺北市士林區忠誠路二段3號,25.108705,121.530679
忠誠聯合診所,士林區,臺北市士林區忠誠路2段50巷35號,25.11417,121.531935
政吉內科診所,士林區,臺北市士林區士東路６7號,25.110565,121.534256
葉耳鼻喉科診所,士林區,臺北市士林區延平北路五段218號,25.083983,121.510088
陳彥銘耳鼻喉科診所,士林區,臺北市士林區士東路１２號,25.111656,121.53597
立安復健科診所,士林區,臺北市士林區大東路130號,25.091759,121.525541
韓偉骨科診所,士林區,臺北市士林區中山北路5段506號,25.051181,121.521723
吳錫麟診所,士林區,臺北市士林區社中街266號,25.09191,121.506811
杏昌診所,士林區,臺北市士林區文林路736號,25.10284,121.520405
柏齡診所,士林區,臺北市士林區福港街105號,25.087059,121.517815
柯耳鼻喉科診所,士林區,臺北市士林區大東路１４４號,25.092041,121.525464
社子陳診所,士林區,臺北市士林區延平北路五段２８４號,25.085538,121.509747
東杏診所,士林區,臺北市士林區中山北路六段431之2號,25.114068,121.527044
戴得育牙醫診所,士林區,臺北市士林區天母西路27號,25.118501,121.527882
達美牙醫診所,士林區,臺北市士林區忠誠路一段159號,25.106944,121.530209
仁佑中醫診所,士林區,臺北市士林區社子街41之1號,25.087631,121.50754
長茂牙醫診所,士林區,臺北市士林區磺溪街41號,25.106836,121.522928
健群骨科診所,士林區,臺北市士林區延平北路6段8號,25.07935,121.511329
吳越夫牙醫診所,士林區,臺北市士林區士東路２６６巷５弄１７－１號,25.112606,121.537528
佑成牙醫診所,士林區,臺北市士林區天母東路８巷２７號,25.116935,121.532304
忠誠牙醫診所,士林區,臺北市士林區忠誠路二段1號,25.114583,121.532128
宏誠牙醫診所,士林區,臺北市士林區中山北路六段４５０巷７弄１號,25.11395,121.527816
佳視得眼科診所,士林區,臺北市士林區天母北路11-1號,25.12119,121.526688
天玉牙醫診所,士林區,臺北市士林區天玉街81巷4號,25.123117,121.531344
百安堂仁心中醫診所,士林區,臺北市士林區忠誠路2段40巷20號,25.11417,121.531935
歐彥君中醫診所,士林區,臺北市士林區天母西路52號,25.1184,121.524731
念華牙醫診所,士林區,臺北市士林區忠誠路一段１００巷１４號,25.10582,121.528145
芝山牙醫診所,士林區,臺北市士林區至誠路二段６６號,25.101814,121.528435
大蘋果牙醫診所,士林區,臺北市士林區天母東路４5－１號,25.118192,121.532547
寬安中醫診所,士林區,臺北市士林區士東路５０號,25.110877,121.52852
林志聰皮膚科診所,士林區,臺北市士林區文昌路26號,25.09523,121.521704
天晴診所,士林區,臺北市士林區中山北路六段292號,25.110401,121.525669
慈田耳鼻喉科診所,士林區,臺北市士林區延平北路五段１８５號,25.083222,121.509996
何小兒科診所,士林區,臺北市士林區福港街１７６號,25.086654,121.517679
蕭雨青小兒科診所,士林區,臺北市士林區延平北路五段２９２號,25.085702,121.509699
鄭福山婦產科診所,士林區,臺北市士林區中山北路六段256號,25.10947,121.525505
榮元外科診所,士林區,臺北市士林區延平北路五段１６２號,25.082697,121.510345
永芳牙醫診所,士林區,臺北市士林區天母東路１－２號,25.118277,121.53106
祥瑞牙醫診所,士林區,臺北市士林區文林路487號,25.096244,121.52419
淨美皮膚科診所,士林區,臺北市士林區文林路317號,25.092217,121.525942
黃金喜婦產科診所,士林區,臺北市士林區延平北路五段２０１號,25.083602,121.509925
李世澤小兒科內科診所,士林區,臺北市士林區社子街６７號,25.087519,121.506711
何敦恥診所,士林區,臺北市士林區中正路２２１號,25.095259,121.526341
徐光輝診所,士林區,臺北市士林區承德路四段１０巷８號,25.079538,121.521305
德泰耳鼻喉科診所,士林區,臺北市士林區通河街42之1號,25.082805,121.517293
蘇惠珍皮膚專科診所,士林區,臺北市士林區忠義街８３號,25.106173,121.532135
仁友皮膚科診所,士林區,臺北市士林區美德街２２之１號,25.094535,121.52555
榮庚皮膚科診所,士林區,臺北市士林區中正路210之1號,25.095612,121.52644
許牙醫診所,士林區,臺北市士林區忠誠路一段57號,25.103981,121.527849
洛杉磯牙醫診所,士林區,臺北市士林區天母東路1之1號,25.118277,121.53106
天母芝美時尚診所,士林區,臺北市士林區福華路159號,25.10381,121.522046
惠眾中醫診所,士林區,臺北市士林區美德街70號,25.095714,121.525068
天御中醫診所,士林區,臺北市士林區德行東路215號,25.109947,121.535342
源遠堂中醫診所,士林區,臺北市士林區文林路289號,25.091725,121.526179
合聖牙醫診所,士林區,臺北市士林區延平北路5段241號,25.080918,121.510264
揚德健康診所,士林區,臺北市士林區中正路436號,25.093299,121.518844
華崗文化診所,士林區,臺北市士林區菁山路26號,25.145128,121.569731
怡德診所,士林區,臺北市士林區文林路342號,25.093527,121.525668
畢士大中醫診所,士林區,臺北市士林區前港街84號,25.084966,121.519722
芳川牙醫診所,士林區,臺北市士林區大西路19號,25.09014,121.524202
宏仁牙醫診所,士林區,臺北市士林區延平北路六段158、162號,25.089776,121.508073
賓大牙醫診所,士林區,臺北市士林區中山北路六段214號,25.108414,121.525367
士東中醫診所,士林區,臺北市士林區中山北路六段300號,25.110613,121.525703
仰德中醫診所,士林區,臺北市士林區天母北路18號,25.123024,121.52748
慶昇中醫診所,士林區,臺北市士林區中山北路七段190巷1號,25.125137,121.533212
保晟中醫診所,士林區,臺北市士林區延平北路五段172號,25.082905,121.510302
一春堂中醫診所,士林區,臺北市士林區德行東路187-1號,25.109927,121.535219
存安堂中醫診所,士林區,臺北市士林區延平北路七段８２號,25.09871,121.49534
政德中醫診所,士林區,臺北市士林區前街17號,25.099089,121.525033
端容牙醫診所,士林區,臺北市士林區中正路３２０號,25.094735,121.522627
士東牙醫診所,士林區,臺北市士林區中山北路六段４３３號,25.090946,121.527167
蘇鴻輝牙醫診所,士林區,臺北市士林區延平北路六段７６號,25.088673,121.508798
瑞陽牙醫診所,士林區,臺北市士林區德行東路３５５號,25.110537,121.53847
新民牙醫診所,士林區,臺北市士林區華齡街１４號,25.082758,121.518812
愛齒牙醫診所,士林區,臺北市士林區中正路２３４號,25.095421,121.525688
周欽定牙醫診所,士林區,臺北市士林區延平北路五段２７７號,25.085444,121.509521
昭亮牙醫診所,士林區,臺北市士林區大西路２５號,25.090307,121.52431
千賀牙醫診所,士林區,臺北市士林區士東路14號,25.111201,121.526869
威廉牙醫診所,士林區,臺北市士林區天母北路８７巷２弄３號,25.122466,121.527274
世安牙醫診所,士林區,臺北市士林區福港街49號,25.090236,121.518464
博信牙醫診所,士林區,臺北市士林區通河街173號,25.081486,121.519698
家福牙醫診所,士林區,臺北市士林區德行西路６８號,25.105008,121.522624
揚信牙醫診所,士林區,臺北市士林區延平北路五段２４４巷１７號,25.085506,121.51049
福元牙醫診所,士林區,臺北市士林區士東路６５號,25.110482,121.534081
佳樺牙醫診所,士林區,臺北市士林區忠誠路二段１０巷４號,25.109046,121.528733
東成牙醫診所,士林區,臺北市士林區小北街２３號,25.090393,121.526088
福國牙醫診所,士林區,臺北市士林區福國路１５巷１２號,25.10152,121.524635
茂林牙醫診所,士林區,臺北市士林區小北街１之３號,25.090258,121.526711
保齡牙醫診所,士林區,臺北市士林區忠義街８１號,25.106124,121.532074
天母牙醫診所,士林區,臺北市士林區中山北路七段29號,25.11929,121.532543
福臨牙醫診所,士林區,臺北市士林區志成街25號,25.096904,121.529991
嘉民牙醫診所,士林區,臺北市士林區中山北路六段168號,25.107108,121.525128
光華牙醫診所,士林區,臺北市士林區延平北路五段１８６號,25.083212,121.510242
親親牙醫診所,士林區,臺北市士林區中山北路五段６２２號,25.096647,121.527917
陳慶成牙醫診所,士林區,臺北市士林區中正路２４０號,25.095332,121.525185
長虹牙醫診所,士林區,臺北市士林區福港街１２１號,25.088242,121.518133
永泰牙醫診所,士林區,臺北市士林區通河街１１９號,25.080667,121.521478
以新牙醫診所,士林區,臺北市士林區中山北路七段５６－３號,25.120619,121.531713
博浩牙醫診所,士林區,臺北市士林區社正路２３號,25.08862,121.509088
邱世昌診所,士林區,臺北市士林區文林路７１８號,25.10249,121.52086
迦美診所,士林區,臺北市士林區中山北路七段14巷2-2號,25.119732,121.533251
凱健牙醫診所,士林區,臺北市士林區天母東路８巷２７號,25.116935,121.532304
喬森牙醫診所,士林區,臺北市士林區後港街１８號,25.082874,121.522851
信誼牙醫診所,士林區,臺北市士林區天母北路１２－１號,25.119319,121.526008
信美牙醫診所,士林區,臺北市士林區延平北路五段１６３巷７號,25.08682,121.505107
嘉櫻小兒科診所,士林區,臺北市士林區德行西路119號,25.10393,121.520538
杏暉診所,士林區,臺北市士林區社子街15號,25.086976,121.506573
平安診所,士林區,臺北市士林區社子街36之1號,25.087426,121.507616
元群眼科診所,士林區,臺北市士林區文林路437號,25.094748,121.524591
麗心整形外科診所,士林區,臺北市士林區忠誠路二段64號,25.111212,121.53045
百齡診所,士林區,臺北市士林區重慶北路四段187號,25.084185,121.511419
愛林診所,士林區,臺北市士林區承德路四段222號,25.088434,121.521331
蘇家醫科診所,士林區,臺北市士林區大北路２０號,25.089969,121.526529
鄭醫師診所,士林區,臺北市士林區延平北路五段120號,25.081694,121.510563
元順診所,士林區,臺北市士林區德行西路１０６號,25.103909,121.520874
何啟温診所,士林區,臺北市士林區德行東路63號,25.110525,121.534068
林博通醫師診所,士林區,臺北市士林區通河街６０號,25.081904,121.518478
杏美皮膚科診所,士林區,臺北市士林區天母西路４０之１號,25.118378,121.525888
蘇慧卿診所,士林區,臺北市士林區大南路２７４號,25.088749,121.519679
粱耳鼻喉科診所,士林區,臺北市士林區社正路12之1號,25.088552,121.509303
羅氏皮膚科診所,士林區,臺北市士林區中山北路七段１４巷２號,25.118564,121.531067
柯佑民小兒科診所,士林區,臺北市士林區天母東路８巷１９弄５號,25.117461,121.532144
洪楷義耳鼻喉科診所,士林區,臺北市士林區忠誠路二段８８號,25.112678,121.530929
張虔熙小兒科診所,士林區,臺北市士林區中山北路六段282號,25.110086,121.525612
美加牙醫診所,士林區,臺北市士林區天母東路8巷21-1號,25.115762,121.531123
漢醫堂中醫診所,士林區,臺北市士林區小北街7號,25.09022,121.526442
林葉牙醫診所,士林區,臺北市士林區中山北路七段11號,25.122197,121.535527
健原診所,士林區,臺北市士林區中正路６２７號,25.086263,121.508649
天母英明診所,士林區,臺北市士林區天母東路６９巷７號,25.118916,121.534147
常甡中醫診所,士林區,臺北市士林區小北街15號,25.090369,121.526272
祐聖眼科診所,士林區,臺北市士林區延平北路五段３１６號,25.086193,121.509572
京東牙醫診所,士林區,臺北市士林區士東路200巷70號,25.110246,121.533852
保安眼科診所,士林區,臺北市士林區大東路44號,25.089541,121.525387
維育牙醫診所,士林區,臺北市士林區中正路120號,25.096206,121.528684
健群牙醫診所,士林區,臺北市士林區天母西路３號,25.118633,121.529345
第一牙醫診所,士林區,臺北市士林區德行東路４６巷４弄３號,25.106616,121.525959
盧金成婦產科診所,士林區,臺北市士林區忠誠路一段１７９號,25.108048,121.530484
澄隆中醫診所,士林區,臺北市士林區文林路340號,25.093136,121.525555
指筌中醫診所,士林區,臺北市士林區德行西路102號,25.103975,121.520992
士林大學眼科診所,士林區,臺北市士林區文林路496號,25.096509,121.524334
育生牙醫診所,士林區,臺北市士林區中山北路五段699巷2之1號,25.097794,121.526888
賴牙醫診所,士林區,臺北市士林區中山北路六段１６１號,25.098344,121.527066
陳剛朗耳鼻喉科診所,士林區,臺北市士林區大北路６４號,25.090135,121.525257
佑康診所,士林區,臺北市士林區通河街100號,25.08266,121.518288
國維牙醫診所,士林區,臺北市士林區忠誠路1段84號,25.114583,121.532128
佩佩婦幼診所,士林區,臺北市士林區中山北路六段182號,25.107587,121.525198
悅展中醫診所,士林區,臺北市士林區延平北路五段243號,25.084648,121.509717
立安牙醫診所,士林區,臺北市士林區中山北路七段１６５－３號,25.124191,121.532422
永平牙醫診所,士林區,臺北市士林區延平北路六段176巷6弄1號,25.089866,121.506109
新光醫療財團法人新光吳火獅紀念醫院,士林區,臺北市士林區文昌路95號,25.09625,121.520986
悅馨牙醫診所,士林區,臺北市士林區中山北路5段472號,25.051181,121.521723
晶美整形外科診所,士林區,臺北市士林區文林路343號,25.09272,121.525563
光和牙醫診所,士林區,臺北市士林區基河路２３８之３號,25.091145,121.521396
何英世婦產科診所,士林區,臺北市士林區文林路４８２號,25.096168,121.524412
邱瑋光牙醫診所,士林區,臺北市士林區天母東路1之1號,25.118277,121.53106
聖林牙醫診所,士林區,臺北市士林區德行東路67號,25.110438,121.534085
志明眼科診所,士林區,臺北市士林區天母東路8巷83號,25.114868,121.530656
經緯牙醫診所,士林區,臺北市士林區德行東路２７５號,25.11007,121.535433
信愛中醫診所,士林區,臺北市士林區文林路478號,25.096078,121.524436
徐永康整形外科診所,士林區,臺北市士林區中山北路七段１５號,25.122005,121.535395
鄭文彥牙醫診所,士林區,臺北市士林區文林路678號,25.101236,121.522441
三愛牙醫診所,士林區,臺北市士林區天母東路69巷1之1號,25.118569,121.534374
中美牙醫診所,士林區,臺北市士林區忠誠路二段64號,25.111212,121.53045
大雅牙醫診所,士林區,臺北市士林區忠誠路一段１８６號,25.107768,121.529656
劉牙醫診所,士林區,臺北市士林區天母西路２８號,25.118313,121.526474
揚明牙醫診所,士林區,臺北市士林區德行東路310號,25.110092,121.536746
博政骨科診所,士林區,臺北市士林區德行西路99號,25.10432,121.521215
嚴永強牙醫診所,士林區,臺北市士林區天母西路３９號,25.118627,121.5274
林佳宏小兒科診所,士林區,臺北市士林區中山北路六段４６２號,25.114595,121.527636
吳俊昇眼科診所,士林區,臺北市士林區中山北路六段４３4號,25.11393,121.527295
雅鄰牙醫診所,士林區,臺北市士林區延平北路五段１2５號,25.081875,121.510257
林崇民牙醫診所,士林區,臺北市士林區天母西路６０號,25.118471,121.524265
大豐牙醫診所,士林區,臺北市士林區中山北路五段６８４號,25.097328,121.527705
永信牙醫診所,士林區,臺北市士林區中山北路六段４２１號,25.113771,121.526882
昇陽牙醫診所,士林區,臺北市士林區天母西路４０－１號,25.118378,121.525888
立宸牙醫診所,士林區,臺北市士林區忠誠路2段41巷38號,25.11417,121.531935
國聯牙醫診所,士林區,臺北市士林區天母北路32號,25.120233,121.526374
維美牙醫診所,士林區,臺北市士林區文林路428號,25.094512,121.524857
大偉牙醫診所,士林區,臺北市士林區天玉街38巷10號,25.120621,121.529334
正齡牙醫診所,士林區,臺北市士林區中正路452號,25.092917,121.518843
柏宏中醫診所,士林區,臺北市士林區士商路78號,25.091123,121.519594
新長庚中醫診所,士林區,臺北市士林區大東路１７６號,25.093089,121.525186
瀚儒中醫診所,士林區,臺北市士林區德行東路92號,25.110642,121.539521
天母中醫診所,士林區,臺北市士林區忠誠路二段５０巷４號,25.110718,121.530464
天泉牙醫診所,士林區,臺北市士林區中山北路六段726號,25.115071,121.527966
楊恭熙牙醫診所,士林區,臺北市士林區大東路137號,25.091942,121.525368
家康牙醫診所,北投區,臺北市北投區知行路二一四巷三號,25.120272,121.467085
振興醫療財團法人振興醫院,北投區,臺北市北投區振興街４５號,25.116369,121.523114
臺北市立聯合醫院附設北投門診部,北投區,臺北市北投區新市街30號,25.132673,121.502735
榮恩牙醫診所,北投區,臺北市北投區公館路１０９號,25.130145,121.504938
臻心復健科診所,北投區,臺北市北投區東華街1段370號,25.109068,121.520459
啟仁牙醫診所,北投區,臺北市北投區尊賢街二二三號,25.116828,121.507304
華杏中醫診所,北投區,臺北市北投區西安街一段三六九號,25.111912,121.516909
李國屏牙醫診所,北投區,臺北市北投區裕民一路四七號,25.116491,121.517865
陳獻明小兒科診所,北投區,臺北市北投區中央南路一段六十九號,25.130128,121.501082
王志靈診所,北投區,臺北市北投區實踐街44號,25.115136,121.509043
倪牙醫診所,北投區,臺北市北投區立農街一段一八七巷一四號,25.119501,121.507006
大眾牙醫診所,北投區,臺北市北投區中央北路2段60號,25.133559,121.501512
三進中醫診所,北投區,臺北市北投區光明路133之8號,25.134626,121.502269
東華中醫診所,北投區,臺北市北投區東華街一段四十六號,25.111124,121.518216
聯美牙醫診所,北投區,臺北市北投區尊賢街251巷2號,25.11793,121.50667
定鼎牙醫診所,北投區,臺北市北投區吉利街144號,25.118537,121.507877
鄭宇廷耳鼻喉科診所,北投區,臺北市北投區中央北路一段94號,25.134727,121.499797
惠康診所,北投區,臺北市北投區西安街二段113號,25.118362,121.512467
石牌尊賢中醫診所,北投區,臺北市北投區尊賢街249巷2號,25.117719,121.506737
萬泰診所,北投區,臺北市北投區中央北路二段五二號,25.13803,121.492566
臺北市立關渡醫院─委託臺北榮民總醫院經營,北投區,臺北市北投區知行路二二五巷十二號,25.120272,121.467085
善揚中醫診所,北投區,臺北市北投區西安街一段157號,25.109393,121.518714
柏菱牙醫診所,北投區,臺北市北投區中央北路一段186號,25.135887,121.497803
昱新眼科診所,北投區,臺北市北投區光明路一○四號,25.134568,121.502407
張晉豪診所,北投區,臺北市北投區中央南路一段155號,25.129564,121.501152
林璞牙醫診所,北投區,臺北市北投區吉利街二三八號,25.118633,121.508281
黃正宏診所,北投區,臺北市北投區西安街1段359號,25.11259,121.516367
晨緹牙醫診所,北投區,臺北市北投區明德路158號,25.110882,121.521038
豪康診所,北投區,臺北市北投區中央南路一段57號,25.13192,121.501424
和勤診所,北投區,臺北市北投區中央北路4段543號,25.135916,121.498104
辰筠時尚診所,北投區,臺北市北投區裕民六路120號,25.114551,121.517629
永光牙醫診所,北投區,臺北市北投區知行路二八八號,25.120272,121.467085
青島牙醫診所,北投區,臺北市北投區石牌路一段一六二號,25.111912,121.516909
五洲牙醫診所,北投區,臺北市北投區中和街三○九號,25.138869,121.501922
承新診所,北投區,臺北市北投區北投路二段11號,25.130608,121.498738
慶全牙醫診所,北投區,臺北市北投區光明路148之1號,25.134337,121.502457
幸福牙醫診所,北投區,臺北市北投區義理街四九巷六號,25.117196,121.515735
長生堂牙醫診所,北投區,臺北市北投區中央南路一段195號,25.128659,121.501304
樂奇牙醫診所,北投區,臺北市北投區中央北路一段四八號,25.134955,121.499276
清田婦產科家醫科診所,北投區,臺北市北投區中和街二六八號,25.138869,121.501922
牛津眼科診所,北投區,臺北市北投區石牌路2段364號,25.112364,121.516252
德祥牙醫診所,北投區,臺北市北投區中央南路一段７８號,25.131322,121.501124
瑞泰牙醫診所,北投區,臺北市北投區中央南路一段１２３號,25.130285,121.501211
信安牙醫診所,北投區,臺北市北投區石牌路一段一三八號,25.111912,121.516909
方圓牙醫診所,北投區,臺北市北投區石牌路二段四十五號,25.120604,121.522795
明德牙醫診所．,北投區,臺北市北投區明德路2-1號,25.116665,121.520315
人德中醫診所,北投區,臺北市北投區中央南路一段１７９號,25.129054,121.501215
順建中醫診所,北投區,臺北市北投區石牌路一段８５號,25.115967,121.509535
耕德中醫診所,北投區,臺北市北投區中央北路一段38號,25.134003,121.500858
茂元中醫診所,北投區,臺北市北投區中央南路二段七五號,25.125031,121.500339
慈愛中醫診所,北投區,臺北市北投區自強街108號,25.112288,121.511199
十方中醫診所,北投區,臺北市北投區中和街228號,25.139199,121.501682
懸壺中醫診所,北投區,臺北市北投區石牌路二段68巷20號,25.116268,121.516869
普生中醫診所,北投區,臺北市北投區明德路31號,25.116269,121.518411
康禾堂中醫診所,北投區,臺北市北投區西安街二段335號,25.12064,121.505661
逢春中醫診所,北投區,臺北市北投區中央南路一段125號,25.130247,121.501204
豐禾中醫診所,北投區,臺北市北投區自強街150號,25.110962,121.516408
佳禾中醫診所,北投區,臺北市北投區石牌路一段101號,25.112202,121.515292
中和牙醫診所,北投區,臺北市北投區中和街二八三號,25.138869,121.501922
曹牙醫診所,北投區,臺北市北投區自強街１４１巷３號,25.111048,121.515276
益群牙醫診所,北投區,臺北市北投區石牌路二段７５巷３號,25.116518,121.51575
大程牙醫診所,北投區,臺北市北投區光明路新生巷13號,25.133022,121.501974
永翰牙醫診所,北投區,臺北市北投區中和街二七○號,25.138869,121.501922
啟容牙醫診所,北投區,臺北市北投區公館路３５號,25.133014,121.503227
新市牙醫診所,北投區,臺北市北投區新市街２７號,25.132,121.501901
恆安牙醫診所,北投區,臺北市北投區石牌路二段三六二號,25.120604,121.522795
微美牙醫診所,北投區,臺北市北投區實踐街38號,25.115114,121.50883
宇隆牙醫診所,北投區,臺北市北投區中央南路一段22號,25.130178,121.500378
金牙醫診所,北投區,臺北市北投區中和街424號,25.144137,121.497879
富群牙醫診所,北投區,臺北市北投區石牌路一段七十一巷一號,25.111912,121.516909
明月牙醫診所,北投區,臺北市北投區大興街25、26、28、30號,25.132063,121.502059
京品牙醫診所,北投區,臺北市北投區石牌路一段三十四號,25.111912,121.516909
禾睿牙醫診所,北投區,臺北市北投區西安街一段367號,25.114601,121.515046
陽明牙醫診所,北投區,臺北市北投區西安街二段167號,25.119168,121.511581
怡鳴眼科診所,北投區,臺北市北投區中央北路一段一三六號,25.134955,121.499276
宏德診所．,北投區,臺北市北投區尊賢街二七二號,25.116828,121.507304
洪耳鼻喉科診所,北投區,臺北市北投區中央南路一段43號,25.132123,121.501673
永安家庭醫學科診所,北投區,臺北市北投區中央北路一段172號,25.135704,121.498228
蔡賡禧婦產科診所,北投區,臺北市北投區石牌路一段72號,25.113536,121.511398
大順耳鼻喉科診所,北投區,臺北市北投區中和街二三六號,25.138869,121.501922
鄭紹沂神經科診所,北投區,臺北市北投區石牌路一段54號,25.114653,121.514921
張智郁婦產科診所,北投區,臺北市北投區石牌路二段三三二之二號,25.120604,121.522795
林文正耳鼻喉科診所,北投區,臺北市北投區明德路92號,25.109454,121.519674
陳如芬眼科診所,北投區,臺北市北投區石牌路一段50號,25.113165,121.510695
杏華診所,北投區,臺北市北投區知行路218號,25.120378,121.467229
泓光診所,北投區,臺北市北投區立農街二段二八七號,25.118753,121.515221
蔡秉勳小兒科診所,北投區,臺北市北投區中和街二八一號,25.138869,121.501922
張參雄診所,北投區,臺北市北投區光明路166號,25.135088,121.502695
何叔芳小兒科診所,北投區,臺北市北投區石牌路2段90巷12號,25.112364,121.516252
醫療財團法人辜公亮基金會和信治癌中心醫院,北投區,臺北市北投區立德路１２５號,25.128341,121.472008
博泰牙醫診所,北投區,臺北市北投區中央南路1段183號,25.124826,121.49997
天倚牙醫診所,北投區,臺北市北投區石牌路2段95號,25.112364,121.516252
台新診所,北投區,臺北市北投區光明路１４５號,25.134327,121.502359
李伯匯小兒科診所,北投區,臺北市北投區石牌路一段93號,25.112417,121.515137
昱德聯合診所,北投區,臺北市北投區光明路１０２號,25.133096,121.501215
慈恩耳鼻喉科診所,北投區,臺北市北投區中央南路一段十三號,25.130128,121.501082
卓玉麗皮膚專科診所,北投區,臺北市北投區東華街一段52號,25.108957,121.51976
采新整形外科診所,北投區,臺北市北投區明德路114、116號,25.116665,121.520315
孫劍鴻眼科診所,北投區,臺北市北投區東華街一段392號,25.110501,121.518688
王景平眼科診所,北投區,臺北市北投區中央南路一段205號,25.12838,121.501332
劉明真皮膚科診所,北投區,臺北市北投區石牌路二段116號,25.117768,121.517159
康田診所,北投區,臺北市北投區自強街76號,25.111601,121.51191
潔生診所,北投區,臺北市北投區石牌路二段321號,25.122053,121.523606
陳珀勳診所,北投區,臺北市北投區明德路85號,25.108926,121.518715
長宏診所,北投區,臺北市北投區中央北路二段一二一號,25.13803,121.492566
芯悅皮膚科診所,北投區,臺北市北投區石牌路1段57號,25.11259,121.516367
光明診所,北投區,臺北市北投區石牌路2段99巷55號,25.112364,121.516252
定傳中醫診所,北投區,臺北市北投區懷德街3之7號,25.110616,121.519639
臺北榮民總醫院,北投區,臺北市北投區石牌路二段201號,25.120637,121.522479
三軍總醫院北投分院附設民眾診療服務處,北投區,臺北市北投區新民路60號,25.13989,121.509688
和碩聯合科技股份有限公司附設醫務室,北投區,臺北市北投區立功街76號,25.124716,121.469157
紀耳鼻喉科診所,北投區,臺北市北投區石牌路2段55號,25.112364,121.516252
翰譽耳鼻喉科診所,北投區,臺北市北投區中央南路一段189號,25.128809,121.501373
家福診所,北投區,臺北市北投區實踐街13號,25.114749,121.50852
洪志淳皮膚科診所,北投區,臺北市北投區中央南路一段185號,25.128891,121.501258
世界牙醫診所,北投區,臺北市北投區西安街一段二八一巷六弄二號,25.111912,121.516909
喜美牙醫診所,北投區,臺北市北投區西安街一段三五三號,25.111912,121.516909
志強牙醫診所,北投區,臺北市北投區自強街９５號,25.110807,121.515028
典藏牙醫診所,北投區,臺北市北投區石牌路1段156號,25.11259,121.516367
健惠牙醫診所,北投區,臺北市北投區知行路二六○巷一號,25.120272,121.467085
德安牙醫診所,北投區,臺北市北投區吉利街一０一之一二號,25.118633,121.508281
惠生牙醫聯合診所,北投區,臺北市北投區明德路一二一號,25.116665,121.520315
群昇牙醫診所,北投區,臺北市北投區石牌路一段八十三 號,25.111912,121.516909
詠恩牙醫診所,北投區,臺北市北投區尊賢街218巷50號,25.116836,121.508978
和悅經典中醫診所,北投區,臺北市北投區光明路2巷9之5號,25.131647,121.499462
李承鴻皮膚科診所,北投區,臺北市北投區西安街1段187號,25.11259,121.516367
弘德診所,北投區,臺北市北投區雙全街64號,25.137576,121.500946
宏恩兒科診所,北投區,臺北市北投區致遠一路2段99號,25.109044,121.516211
靚亮診所,北投區,臺北市北投區明德路312號,25.115316,121.52177
長麗牙醫診所,北投區,臺北市北投區中央南路1段51號,25.124826,121.49997
紀皮膚科診所,北投區,臺北市北投區石牌路2段55號,25.112364,121.516252
向日葵牙醫診所,北投區,臺北市北投區東華街一段364號,25.109781,121.519193
崇德診所,北投區,臺北市北投區承德路七段310號,25.117047,121.504749
依嘉美時尚診所,北投區,臺北市北投區光明路168號,25.135322,121.502911
悅馨中醫診所,北投區,臺北市北投區西安街1段173號,25.11259,121.516367
台北欣安耳鼻喉科診所,北投區,臺北市北投區石牌路一段152號,25.118505,121.509997
全禾中醫診所,北投區,臺北市北投區光明路166號,25.135088,121.502695
劉怜瑛眼科診所,北投區,臺北市北投區裕民六路126號,25.114735,121.517671
奇岩身心診所,北投區,臺北市北投區中央南路一段191、193號,25.130128,121.501082
陳信方小兒科診所,北投區,臺北市北投區明德路106號,25.109739,121.520043
黃浩魁小兒科診所,北投區,臺北市北投區中央北路一段168號,25.135651,121.498335
臺北市北投健康管理醫院,北投區,臺北市北投區中和街2號,25.143003,121.497298
陳柏宏親子診所,北投區,臺北市北投區明德路124號,25.110069,121.52041
品緻牙醫診所,北投區,臺北市北投區裕民一路40巷35號,25.115278,121.517772
永成牙醫診所,北投區,臺北市北投區中和街397號,25.142684,121.498427
健嘉中醫診所,北投區,臺北市北投區東華街二段218號,25.12053,121.509437
洪榮杰牙醫診所,北投區,臺北市北投區東華街一段50號,25.109035,121.519944
天璽中醫診所,北投區,臺北市北投區裕民二路33巷2號,25.114851,121.516707
北投骨科診所,北投區,臺北市北投區中央南路一段176、178號,25.130128,121.501082
况叔叔齒顎矯正專科牙醫診所,北投區,臺北市北投區西安街二段333號,25.120627,121.505717
陽明診所,北投區,臺北市北投區石牌路一段166巷20號,25.114092,121.513677
誠鴻牙醫診所,北投區,臺北市北投區中和街282號,25.140402,121.500452
黃郁琳皮膚科診所,北投區,臺北市北投區中央北路1段42號,25.136087,121.497904
安心牙醫診所,北投區,臺北市北投區立農街二段210號,25.118732,121.514476
榮陽安心診所,北投區,臺北市北投區自強街168號,25.11109,121.516987
如翊健康診所,北投區,臺北市北投區天母西路126號,25.118916,121.522557
旭康復健科診所,北投區,臺北市北投區石牌路一段40號,25.114401,121.514636
風荷牙醫診所,北投區,臺北市北投區中央南路一段72號,25.131462,121.501139
和新診所,北投區,臺北市北投區中央北路1段2號,25.136087,121.497904
沐荷中醫診所,北投區,臺北市北投區中央南路1段113號,25.124826,121.49997
橙品耳鼻喉科診所,北投區,臺北市北投區自強街70號,25.11126,121.512151
沐沐牙醫診所,北投區,臺北市北投區石牌路1段63號,25.11259,121.516367
薇美牙醫診所,北投區,臺北市北投區泉源路11號,25.137642,121.504092
謙懿中醫診所,北投區,臺北市北投區實踐街21號,25.115005,121.507986
天母力康診所,北投區,臺北市北投區明德路365號,25.11755,121.521344
光美中醫診所,北投區,臺北市北投區光明路72巷66號,25.132296,121.50112
陽明格子牙醫診所,北投區,臺北市北投區西安街二段165號,25.119065,121.511751
健群中醫診所,北投區,臺北市北投區石牌路1段166巷116號,25.11259,121.516367
風和美學牙醫診所,北投區,臺北市北投區石牌路2段110號,25.112364,121.516252
潔品中醫診所,北投區,臺北市北投區西安街2段275巷20號,25.112364,121.516252
文遠診所,北投區,臺北市北投區石牌路2段346號,25.112364,121.516252
一耀診所,北投區,臺北市北投區文林北路186號,25.107084,121.51571
群岳牙醫診所,北投區,臺北市北投區西安街1段329號,25.11259,121.516367
樂植牙醫診所,北投區,臺北市北投區致遠一路1段89號,25.108979,121.516027
迪生牙醫診所,北投區,臺北市北投區榮華三路7之3號,25.113752,121.523524
石牌實和復健診所,北投區,臺北市北投區文林北路256號,25.10916,121.513585
王永良診所,北投區,臺北市北投區自強街九十四號,25.109924,121.515963
隆豪中醫診所,北投區,臺北市北投區明德路157號,25.111112,121.520717
余世仁復健科診所,北投區,臺北市北投區中央北路一段十號,25.134955,121.499276
廣澤堂中醫診所,北投區,臺北市北投區大業路370號,25.129235,121.497556
石牌鄭身心醫學診所,北投區,臺北市北投區石牌路一段69號,25.11539,121.509614
揚名皮膚科診所,北投區,臺北市北投區中央北路二段六六號,25.13803,121.492566
佳韻婦產科診所,北投區,臺北市北投區中央南路一段42號,25.13222,121.501316
華榮診所,北投區,臺北市北投區承德路七段90號,25.111782,121.510436
宏恩牙醫診所,北投區,臺北市北投區光明路７４號,25.13295,121.500438
振德中醫診所,北投區,臺北市北投區實踐街32號,25.11506,121.508582
藝術家牙醫診所,北投區,臺北市北投區裕民六路126號,25.114735,121.517671
廖峻宏牙醫診所,北投區,臺北市北投區育仁路102號,25.13499,121.499808
大易中醫診所,北投區,臺北市北投區中央北路一段201號,25.135904,121.49737
川柳紀念外科診所,北投區,臺北市北投區裕民二路45號,25.114976,121.516884
邱耳鼻喉科診所,北投區,臺北市北投區石牌路一段二十三號,25.111912,121.516909
英華牙醫診所,北投區,臺北市北投區致遠一路二段六十一號,25.112129,121.514835
方仁牙醫診所,北投區,臺北市北投區自強街一三０號,25.109924,121.515963
倍視眼科診所,北投區,臺北市北投區西安街一段357號,25.114229,121.515366
常哲診所,北投區,臺北市北投區明德路157之4號,25.111112,121.520717
石牌李診所,北投區,臺北市北投區西安街一段二八一巷十五號,25.111912,121.516909
祐民聯合診所,北投區,臺北市北投區中央南路一段207號,25.128339,121.501338
懷德中醫診所,北投區,臺北市北投區石牌路二段90巷18號,25.117046,121.517113
泰隆診所,北投區,臺北市北投區自強街一四一巷十九號,25.109924,121.515963
維格牙醫診所,北投區,臺北市北投區裕民一路40巷23號,25.114607,121.517202
文林診所,北投區,臺北市北投區裕民六路120號,25.114551,121.517629
鄭素珠診所,北投區,臺北市北投區自強街一五四號,25.109924,121.515963
鑫鑫牙醫診所,北投區,臺北市北投區中和街329號,25.14099,121.499648
迦美牙醫診所,北投區,臺北市北投區中央北路二段九號,25.13803,121.492566
慧捷診所,北投區,臺北市北投區中央北路三段59號,25.137847,121.484872
心樂是診所,北投區,臺北市北投區致遠一路2段105號,25.109044,121.516211
三合中醫診所,北投區,臺北市北投區三合街二段446號,25.126684,121.502225
群欣牙醫診所,北投區,臺北市北投區石牌路2段9號,25.112364,121.516252
衡心診所,北投區,臺北市北投區光明路226號,25.135968,121.50557
東欣牙醫診所,北投區,臺北市北投區北投路2段17號,25.129454,121.499844
真漾美診所,北投區,臺北市北投區知行路282號,25.121518,121.467459
北辰身心醫學診所,北投區,臺北市北投區光明路2巷9之3號,25.131647,121.499462
晟幸診所,北投區,臺北市北投區石牌路一段71巷9弄19號,25.113882,121.51014
吉安診所,北投區,臺北市北投區西安街一段２８１巷１８號,25.111541,121.516144
臺北市立聯合醫院附設信義門診部,信義區,臺北市信義區大道路116號,25.04123,121.582268
德佑診所,信義區,臺北市信義區福德街215號,25.038403,121.584717
信義101健康管理診所,信義區,臺北市信義區信義路5段8號,25.024668,121.570732
慶峰診所,信義區,臺北市信義區松山路２７５－２號,25.043216,121.577978
福樂牙醫診所,信義區,臺北市信義區松勤街49號,25.03212,121.5635
雅禾診所,信義區,臺北市信義區松仁路107號,25.035549,121.569467
松山漢唐中醫診所,信義區,臺北市信義區松山路565號,25.036814,121.578426
怡安診所,信義區,臺北市信義區基隆路一段125號,25.044577,121.566768
弘安診所,信義區,臺北市信義區松信路43號,25.048036,121.572324
蔡榮鏡中醫診所,信義區,臺北市信義區林口街２４巷８號,25.037442,121.579532
杏仁復健科診所,信義區,臺北市信義區永吉路227號,25.045442,121.580463
健民康禾診所,信義區,臺北市信義區永吉路386號,25.045282,121.577511
京典牙醫診所,信義區,臺北市信義區莊敬路241號,25.029572,121.562409
亮傑牙醫診所,信義區,臺北市信義區永吉路３８４號,25.045284,121.577441
福德牙醫診所,信義區,臺北市信義區松德路４５號,25.038867,121.577114
陳彥傑牙醫診所,信義區,臺北市信義區莊敬路４３６號,25.026972,121.566893
進安中醫診所,信義區,臺北市信義區松信路77號,25.046189,121.572257
濟德中醫診所,信義區,臺北市信義區松山路411號,25.036815,121.578356
加林牙醫診所,信義區,臺北市信義區松德路13號,25.03917,121.577521
粱美鳳中醫診所,信義區,臺北市信義區松山路261-2號,25.026847,121.582299
榮德牙醫診所,信義區,臺北市信義區福德街241之1號,25.038697,121.585711
吳興牙醫診所,信義區,臺北市信義區吳興街533號,25.023104,121.569748
中光牙醫診所,信義區,臺北市信義區忠孝東路五段６２３號,25.041721,121.5792
元貞中醫診所,信義區,臺北市信義區松仁路188號,25.027704,121.568236
陽光耳鼻喉科診所,信義區,臺北市信義區松山路484之8號,25.038886,121.577842
大曜中醫診所,信義區,臺北市信義區忠孝東路五段394號,25.040736,121.574513
連小兒科診所,信義區,臺北市信義區松山路４６５巷１１號,25.039725,121.578677
鍼鼎善中醫診所,信義區,臺北市信義區莊敬路341巷3號,25.028187,121.564341
友達牙醫診所,信義區,臺北市信義區大道路70號,25.040884,121.582346
優品牙醫診所,信義區,臺北市信義區松山路481號,25.039149,121.578009
德明眼科診所,信義區,臺北市信義區松山路二一二號,25.026847,121.582299
家瑋生育診所,信義區,臺北市信義區光復南路525號,25.031757,121.557618
明陽診所,信義區,臺北市信義區永吉路３０巷１５７弄４號,25.042299,121.569594
王知行婦產科診所,信義區,臺北市信義區永吉路308號,25.045361,121.574998
王剴鏘醫師診所,信義區,臺北市信義區忠孝東路五段388號,25.040743,121.574226
松志牙醫診所,信義區,臺北市信義區松德路１８４號,25.035389,121.574325
雅術牙醫診所,信義區,臺北市信義區忠孝東路5段510號,25.038844,121.573742
宏森中醫診所,信義區,臺北市信義區吳興街115號,25.019138,121.573622
君綺信義診所,信義區,臺北市信義區松智路1號,25.038775,121.566079
臺北市政府醫務室,信義區,臺北市信義區市府路1號,25.037524,121.563781
信義邱婦產科診所,信義區,臺北市信義區虎林街198號,25.038442,121.57688
悠亞診所,信義區,臺北市信義區忠孝東路5段727號,25.038844,121.573742
松禾診所,信義區,臺北市信義區松山路130號,25.047692,121.577609
市府八千代診所,信義區,臺北市信義區基隆路一段163號,25.0416,121.565384
聿康診所,信義區,臺北市信義區忠孝東路五段250號,25.040787,121.57278
仁愛傑仕牙醫診所,信義區,臺北市信義區光復南路437號,25.035746,121.557703
栢麗恆全人診所,信義區,臺北市信義區忠孝東路5段431號,25.038844,121.573742
美好牙醫診所,信義區,臺北市信義區松德路２５巷３２號,25.038648,121.577224
美迪婦產科診所,信義區,臺北市信義區信義路5段18號,25.024668,121.570732
頂心中醫診所,信義區,臺北市信義區虎林街120巷152號,25.042138,121.573994
寶晟紀中醫診所,信義區,臺北市信義區忠孝東路五段472號,25.040669,121.577011
李德孚牙醫診所,信義區,臺北市信義區忠孝東路四段五一二號,25.0412,121.564232
歸元中醫診所,信義區,臺北市信義區虎林街132巷32號,25.040317,121.575946
信義耳鼻喉科診所,信義區,臺北市信義區莊敬路391巷4號,25.02726,121.566398
雅美信牙醫診所,信義區,臺北市信義區忠孝東路五段510之6號,25.041152,121.578817
米妮診所,信義區,臺北市信義區信義路4段450巷9號,25.029761,121.570631
美麗馨診所,信義區,臺北市信義區中坡南路28號,25.043202,121.582943
台灣中油股份有限公司員工診所,信義區,臺北市信義區松仁路3號,25.025887,121.569572
康泰診所,信義區,臺北市信義區永吉路54號,25.04534,121.579453
順康復健科診所,信義區,臺北市信義區莊敬路362號,25.027667,121.564512
新詠康診所,信義區,臺北市信義區忠孝東路5段242號,25.041841,121.544133
太淵中醫診所,信義區,臺北市信義區松山路335號,25.041822,121.577987
原力復健科診所,信義區,臺北市信義區基隆路2段145號,25.025334,121.553985
陳彥良中醫診所,信義區,臺北市信義區信義路六段87號,25.032862,121.57593
陳靜宜牙醫診所,信義區,臺北市信義區基隆路二段201號,25.024444,121.553046
美爵牙醫診所,信義區,臺北市信義區基隆路一段169號,25.041635,121.565151
睿宏牙醫診所,信義區,臺北市信義區永吉路339號,25.045655,121.576044
愛利膚皮膚科診所,信義區,臺北市信義區莊敬路366號,25.027627,121.564649
敦美牙醫診所,信義區,臺北市信義區中坡南路80號,25.04153,121.585322
永吉羅耳鼻喉科診所,信義區,臺北市信義區永吉路272號,25.04819,121.575158
忠孝牙醫診所,信義區,臺北市信義區忠孝東路5段451號,25.038844,121.573742
飛悅皮膚科診所,信義區,臺北市信義區忠孝東路5段508號,25.038844,121.573742
合安眼科診所,信義區,臺北市信義區基隆路2段189號,25.025334,121.553985
長松綠診所,信義區,臺北市信義區忠孝東路五段159號,25.041208,121.568525
松山班廷建興診所,信義區,臺北市信義區市民大道6段318號,25.046122,121.567372
東之美診所,信義區,臺北市信義區忠孝東路5段187號,25.038844,121.573742
晶愛眼科診所,信義區,臺北市信義區莊敬路454號,25.026789,121.567489
桂其安家醫科診所,信義區,臺北市信義區莊敬路462號,25.026719,121.567725
心苑診所,信義區,臺北市信義區東興路63之1號,25.047366,121.567141
鍼還中醫診所,信義區,臺北市信義區忠孝東路4段500號,25.038877,121.574174
松仁婦產科診所,信義區,臺北市信義區松仁路100號,25.03446,121.568126
御瑞牙醫診所,信義區,臺北市信義區莊敬路178巷8號,25.03128,121.560819
良品牙醫診所,信義區,臺北市信義區莊敬路425號,25.027265,121.566679
安珀琢玉醫美診所,信義區,臺北市信義區信義路五段55號,25.027038,121.570967
艾潔牙醫診所,信義區,臺北市信義區松山路488號,25.038636,121.577885
昫安中醫診所,信義區,臺北市信義區永吉路527號,25.045537,121.580397
翡冷翠牙醫診所,信義區,臺北市信義區光復南路467號,25.033817,121.55767
晶鑽診所,信義區,臺北市信義區忠孝東路4段565號,25.038877,121.574174
劉教授婦產科診所,信義區,臺北市信義區忠孝東路5段236巷32號,25.038844,121.573742
康森牙醫診所,信義區,臺北市信義區忠孝東路5段388號,25.038844,121.573742
錢本文診所,信義區,臺北市信義區信義路5段150巷2號,25.024668,121.570732
景得中醫診所,信義區,臺北市信義區忠孝東路5段365號,25.038844,121.573742
晶鑽時尚診所,信義區,臺北市信義區忠孝東路4段563號,25.038877,121.574174
財團法人生命連線基金會附設醫務室,信義區,臺北市信義區忠孝東路5段552號,25.038844,121.573742
之華中醫診所,信義區,臺北市信義區信義路6段33巷3號,25.027327,121.569704
慈昱中醫診所,信義區,臺北市信義區虎林街132巷20號,25.040393,121.576253
依心唯美整形外科診所,信義區,臺北市信義區基隆路2段13號,25.025334,121.553985
美麗信義皮膚科診所,信義區,臺北市信義區忠孝東路5段145號,25.038844,121.573742
儷寶得信義皮膚科診所,信義區,臺北市信義區忠孝東路5段15巷15號,25.038844,121.573742
永銘診所,信義區,臺北市信義區松山路226號,25.044742,121.577633
康璽診所,信義區,臺北市信義區忠孝東路5段412之7號,25.038844,121.573742
沐群牙醫診所,信義區,臺北市信義區光復南路441號,25.035653,121.557699
上帝視角診所,信義區,臺北市信義區基隆路1段163號,25.042059,121.564419
品軒唯美牙醫診所,信義區,臺北市信義區市民大道6段250號,25.046122,121.567372
哈佛永春牙醫診所,信義區,臺北市信義區忠孝東路5段412號,25.038844,121.573742
耐斯信義診所,信義區,臺北市信義區忠孝東路4段563號,25.038877,121.574174
忠孝英爵診所,信義區,臺北市信義區忠孝東路4段563號,25.038877,121.574174
品軒牙醫診所,信義區,臺北市信義區市民大道6段250號,25.046122,121.567372
松德耳鼻喉科診所,信義區,臺北市信義區松德路58號,25.038759,121.576414
悠美診所,信義區,臺北市信義區忠孝東路4段504號,25.038877,121.574174
忠孝耳鼻喉科診所,信義區,臺北市信義區忠孝東路5段772號,25.038844,121.573742
101諾貝爾眼科診所,信義區,臺北市信義區信義路5段18號,25.024668,121.570732
信義霍普金斯診所,信義區,臺北市信義區忠孝東路5段477之6號,25.038844,121.573742
艾來公園牙醫診所,信義區,臺北市信義區大道路28巷17號,25.041659,121.581093
松仁牙醫診所,信義區,臺北市信義區松仁路254號,25.02442,121.569259
心品診所,信義區,臺北市信義區忠孝東路5段1之5號,25.038844,121.573742
松仁中醫診所,信義區,臺北市信義區松仁路100號,25.03446,121.568126
靚顏維格診所,信義區,臺北市信義區中坡北路3號,25.044274,121.580921
遠見眼科診所,信義區,臺北市信義區信義路5段7號,25.024668,121.570732
青禾中醫診所,信義區,臺北市信義區福德街296號,25.039199,121.586892
杏中醫診所,信義區,臺北市信義區忠孝東路5段423巷4弄24號,25.038844,121.573742
昱明中醫診所,信義區,臺北市信義區永吉路284號,25.04534,121.579441
福德郭耳鼻喉科診所,信義區,臺北市信義區福德街62號,25.036938,121.58062
陳逸川眼科診所,信義區,臺北市信義區松德路95號,25.038037,121.575987
聯合報系員工診療所,信義區,臺北市信義區忠孝東路四段五五九巷一號,25.0412,121.564232
松山長春外科診所,信義區,臺北市信義區永吉路３３５號,25.045657,121.575944
俊安診所,信義區,臺北市信義區永吉路30巷148弄6號,25.042725,121.568647
三稜中醫診所,信義區,臺北市信義區松山路465巷8號,25.039461,121.578668
臺北市議會醫務室,信義區,臺北市信義區仁愛路四段507號,25.038048,121.561994
群博牙醫診所,信義區,臺北市信義區松仁路240巷11號,25.02456,121.569138
鐵椎中醫診所,信義區,臺北市信義區虎林街82巷52號,25.04333,121.575499
101時尚診所,信義區,臺北市信義區忠孝東路5段35號,25.038844,121.573742
瑞比牙醫診所,信義區,臺北市信義區莊敬路478號,25.026507,121.568133
科美診所,信義區,臺北市信義區中坡北路13號,25.044743,121.580783
德文診所,信義區,臺北市信義區松仁路240巷15號,25.024517,121.56905
御瑄牙醫診所,信義區,臺北市信義區莊敬路211號,25.030372,121.561745
康華中醫診所,信義區,臺北市信義區莊敬路391巷11弄9號,25.028769,121.565374
全日牙醫診所,信義區,臺北市信義區福德街１９５號,25.038277,121.584391
聯安牙醫診所,信義區,臺北市信義區虎林街３２號,25.038562,121.575569
新穎全診所,信義區,臺北市信義區和平東路三段265號,25.022379,121.554906
姚醫師診所,信義區,臺北市信義區忠孝東路五段396號,25.040733,121.574617
永吉聯合診所,信義區,臺北市信義區永吉路329號,25.045668,121.575739
佳康內科診所,信義區,臺北市信義區基隆路2段109號,25.025334,121.553985
新眼光眼科診所,信義區,臺北市信義區忠孝東路五段508之1號,25.040729,121.578668
日康復健科診所,信義區,臺北市信義區中坡南路十六 號,25.041924,121.584797
美麗永春牙醫診所,信義區,臺北市信義區松山路453號,25.039835,121.578004
興漢中醫診所,信義區,臺北市信義區虎林街121巷10號,25.040226,121.577428
誠泰牙醫診所,信義區,臺北市信義區信義路六段96號,25.035719,121.577582
芳林牙醫診所,信義區,臺北市信義區永吉路三十巷一七八弄二號,25.044353,121.575443
強棒牙醫診所,信義區,臺北市信義區松隆路四之一號,25.048285,121.576681
世樺牙醫診所,信義區,臺北市信義區松仁路二六七號,25.024893,121.569357
華明牙醫診所,信義區,臺北市信義區莊敬路２８５號,25.028878,121.563013
建全牙醫診所,信義區,臺北市信義區松山路５３３號,25.037973,121.578208
東南牙醫診所,信義區,臺北市信義區松信路119號,25.044481,121.572179
正興復健科診所,信義區,臺北市信義區永吉路344號,25.045329,121.576226
阿波羅牙醫診所,信義區,臺北市信義區吳興街３４５巷１３號,25.026511,121.565911
同德牙醫診所,信義區,臺北市信義區莊敬路２３３號,25.029846,121.562178
黃啟彰診所,信義區,臺北市信義區松山路２６１－１號,25.043821,121.577974
富陽劉內兒科診所,信義區,臺北市信義區富陽街４３號,25.022604,121.556473
張育驍診所,信義區,臺北市信義區吳興街467巷2弄4號,25.023946,121.569357
明仁牙醫診所,信義區,臺北市信義區松山路496號,25.03851,121.577907
朝宏牙醫診所,信義區,臺北市信義區福德街２２４號,25.038502,121.584577
盧樹森中醫診所,信義區,臺北市信義區仁愛路四段四六０號,25.037957,121.55323
博文診所,信義區,臺北市信義區吳興街284巷1之4號,25.025988,121.564184
優式牙醫診所,信義區,臺北市信義區和平東路三段297號,25.021819,121.555509
髮拉儷皮膚科診所,信義區,臺北市信義區忠孝東路五段139號,25.041249,121.567879
昱華中醫診所,信義區,臺北市信義區崇德街67號,25.022847,121.561459
康誠內科診所,信義區,臺北市信義區松山路625號,25.036411,121.578504
自在診所,信義區,臺北市信義區中坡南路84號,25.04139,121.585028
致再牙醫診所,信義區,臺北市信義區松仁路192號,25.027595,121.568239
錦宜診所,信義區,臺北市信義區信義路4段375號,25.029761,121.570631
鼎泰牙醫診所,信義區,臺北市信義區松德路30號,25.036855,121.572358
維京牙醫診所,信義區,臺北市信義區松德路60號,25.03872,121.576358
信義身心精神科診所,信義區,臺北市信義區莊敬路412號,25.027169,121.566152
慧祥診所,信義區,臺北市信義區松山路484之5號,25.038886,121.577842
仁瀚骨科診所,信義區,臺北市信義區信安街151號,25.022894,121.555406
陳麗妃牙醫診所,信義區,臺北市信義區信義路5段7號,25.024668,121.570732
心悅中醫診所,信義區,臺北市信義區忠孝東路5段482號,25.038844,121.573742
艾來牙醫診所,信義區,臺北市信義區林口街190號,25.041052,121.580916
美麗潔美學牙醫診所,信義區,臺北市信義區和平東路三段223號,25.021433,121.557805
王家瑋婦產科診所,信義區,臺北市信義區基隆路二段56號,25.031307,121.558341
新佑泉診所,信義區,臺北市信義區忠孝東路5段508之4號,25.038844,121.573742
理恩診所,信義區,臺北市信義區忠孝東路5段410之2號,25.038844,121.573742
瑞妮絲醫美診所,信義區,臺北市信義區光復南路505號,25.039515,121.560255
道明牙醫診所,信義區,臺北市信義區松山路208號,25.04513,121.577609
岐綝中醫診所,信義區,臺北市信義區忠孝東路5段236巷2弄1號,25.038844,121.573742
臺元牙醫診所,信義區,臺北市信義區松山路２６１號,25.043821,121.577974
林聰明牙醫診所,信義區,臺北市信義區光復南路449號,25.034839,121.557801
東群牙醫診所,信義區,臺北市信義區永吉路５１１號,25.045544,121.579835
韋倫牙醫診所,信義區,臺北市信義區信義路六段２５號,25.034651,121.57561
尚德牙醫診所,信義區,臺北市信義區永吉路６６號,25.04534,121.579453
松德牙醫診所,信義區,臺北市信義區大道路73號,25.040971,121.582514
上林牙醫診所,信義區,臺北市信義區崇德街４號,25.023594,121.557862
賴獻章牙醫診所,信義區,臺北市信義區永吉路３０巷１５１弄２號,25.042533,121.568848
永齡牙醫診所,信義區,臺北市信義區忠孝東路五段４３４號,25.040701,121.575793
正揚牙醫診所,信義區,臺北市信義區光復南路４１９巷９１號,25.03649,121.559294
大春牙醫診所,信義區,臺北市信義區和平東路三段３４１巷１５號,25.021232,121.557416
彩虹牙醫診所,信義區,臺北市信義區松山路五四０巷三弄六號,25.026847,121.582299
佳曏牙醫診所,信義區,臺北市信義區吳興街５９９號,25.02209,121.569174
百齡牙醫診所,信義區,臺北市信義區莊敬路３４７號,25.027919,121.56444
萬福牙醫診所,信義區,臺北市信義區松德路７９號,25.038296,121.576318
莊敬牙醫診所,信義區,臺北市信義區莊敬路４２９號,25.027237,121.566774
佳興牙醫診所,信義區,臺北市信義區吳興街284巷1之5號,25.025988,121.564184
沈牙醫診所,信義區,臺北市信義區和平東路三段２３５號,25.020546,121.556699
鴻利牙醫診所,信義區,臺北市信義區松德路70號,25.03838,121.5759
陳明繁牙醫診所,信義區,臺北市信義區松山路541巷23號,25.038076,121.579067
健生堂中醫診所,信義區,臺北市信義區基隆路2段149之16號,25.025334,121.553985
健銨中醫診所,信義區,臺北市信義區莊敬路二二六號,25.034439,121.565441
承芯耳鼻喉科診所,信義區,臺北市信義區大道路121號,25.039328,121.583276
彭婦產科診所,信義區,臺北市信義區永吉路185之4號,25.045445,121.580323
天成牙醫診所,信義區,臺北市信義區松山路253號,25.044117,121.577968
吳牙醫診所,信義區,臺北市信義區松山路４６７號,25.039503,121.578006
格康中醫診所,信義區,臺北市信義區莊敬路437號,25.027173,121.56699
成功中醫診所,信義區,臺北市信義區莊敬路432號,25.027002,121.566788
聖心中醫診所,信義區,臺北市信義區和平東路3段391巷28號,25.015596,121.56228
世芳中醫診所,信義區,臺北市信義區逸仙路26巷5號,25.039473,121.561828
天元中醫診所,信義區,臺北市信義區松山路486號,25.038664,121.57788
陳士源中醫診所,信義區,臺北市信義區永吉路492號,25.045241,121.579357
欣佑許寶童中醫診所,信義區,臺北市信義區松山路２４４號,25.043986,121.577472
長安中醫診所,信義區,臺北市信義區松山路302號,25.042753,121.577652
陽明中醫診所,信義區,臺北市信義區永吉路３０巷１０號,25.042385,121.568746
大同中醫診所,信義區,臺北市信義區松山路五七六號,25.026847,121.582299
松信牙醫診所,信義區,臺北市信義區忠孝東路5段388號,25.038844,121.573742
鄒志揚牙醫診所,信義區,臺北市信義區忠孝東路五段273號,25.041139,121.571241
和安牙醫診所,信義區,臺北市信義區和平東路三段309號,25.021603,121.555762
達新牙醫診所,信義區,臺北市信義區忠孝東路五段４８０號,25.04066,121.577562
松山仁祥牙醫診所,信義區,臺北市信義區忠孝東路五段372巷27弄81號,25.040049,121.576651
永吉牙醫診所,信義區,臺北市信義區永吉路185號,25.045445,121.580323
黃正麟皮膚科診所,信義區,臺北市信義區忠孝東路五段４７０號,25.040681,121.576846
高眼科診所,信義區,臺北市信義區莊敬路２１６號,25.030088,121.561664
詹毅然內科診所,信義區,臺北市信義區嘉興街３０２號,25.02362,121.554821
劉玄統診所,信義區,臺北市信義區松德路２５巷４２號,25.038281,121.577313
劉彥煌耳鼻喉專科診所,信義區,臺北市信義區莊敬路４６２號,25.026719,121.567725
王寬仁診所,信義區,臺北市信義區虎林街１２１巷１１號,25.040289,121.57706
春田耳鼻喉科診所,信義區,臺北市信義區光復南路５５５號,25.03125,121.557603
吳潮峰眼科診所,信義區,臺北市信義區永吉路３４１號,25.045654,121.576118
鄭光志小兒科診所,信義區,臺北市信義區松德路23號,25.039049,121.577354
陳醫師診所,信義區,臺北市信義區永吉路２７８巷５７弄６號,25.043391,121.574927
大明診所,信義區,臺北市信義區崇德街３５號,25.02336,121.557494
陳國泰皮膚科診所,信義區,臺北市信義區松山路２２４號,25.044813,121.577632
長風小兒科診所,信義區,臺北市信義區莊敬路３５１號,25.027889,121.564543
松仁耳鼻喉科診所,信義區,臺北市信義區松仁路231號,25.026223,121.568739
黎明眼科診所,信義區,臺北市信義區忠孝東路五段135號,25.041254,121.567706
約瑟皇家診所,信義區,臺北市信義區忠孝東路四段五００號,25.0412,121.564232
張葉森診所,信義區,臺北市信義區永吉路３０巷１５號,25.043201,121.569549
朱耳鼻喉科診所,信義區,臺北市信義區忠孝東路5段452號,25.038844,121.573742
秀光診所,信義區,臺北市信義區松山路４０５號,25.036815,121.578356
大新診所,信義區,臺北市信義區中坡南路七十六號,25.041924,121.584797
明輝診所,信義區,臺北市信義區松隆路282之3號,25.048206,121.575592
登瑞安診所,信義區,臺北市信義區林口街232號,25.0425,121.581347
華信牙醫診所,信義區,臺北市信義區基隆路二段一三一號,25.024594,121.552872
莊敬診所,信義區,臺北市信義區莊敬路280號,25.028803,121.562722
臺北婦產科診所,信義區,臺北市信義區松仁路100號,25.03446,121.568126
欣欣診所,信義區,臺北市信義區虎林街82巷13號,25.043061,121.575192
臺北醫學大學附設醫院,信義區,臺北市信義區吳興街２５2號,25.026639,121.563635
國泰牙醫診所,信義區,臺北市信義區光復南路449之3號,25.034839,121.557801
儀佳牙醫診所,信義區,臺北市信義區和平東路三段315號,25.02142,121.555936
沄禾中醫診所,信義區,臺北市信義區林口街192號,25.041095,121.580926
美麗華牙醫診所,信義區,臺北市信義區永吉路３１８號,25.045352,121.575284
松山陳耳鼻喉科診所,信義區,臺北市信義區松山路４８３號,25.039074,121.578011
嚴敏心耳鼻喉科診所,信義區,臺北市信義區松山路541巷4號,25.037607,121.578504
松阪悠美診所,信義區,臺北市信義區基隆路一段172巷7號,25.043122,121.564476
臺北產業醫診所,信義區,臺北市信義區信義路5段7號,25.024668,121.570732
新六福堂中醫診所,信義區,臺北市信義區忠孝東路5段197號,25.038844,121.573742
晶彩牙醫診所,信義區,臺北市信義區福德街274號,25.038986,121.586222
謝政興泌尿科診所,信義區,臺北市信義區忠孝東路5段1之2號,25.038844,121.573742
慈護晶璽中醫診所,信義區,臺北市信義區松信路38號,25.04804,121.572068
滕起民牙醫診所,信義區,臺北市信義區信義路四段三七五號,25.033026,121.557851
上宏牙醫診所,信義區,臺北市信義區信義路六段68號,25.031821,121.57577
陳育鵬內科診所,信義區,臺北市信義區松山路568號,25.037219,121.578209
臺北漢唐中醫診所,信義區,臺北市信義區忠孝東路五段242號,25.040798,121.572327
健康吉美診所,信義區,臺北市信義區基隆路一段176號,25.042736,121.565173
興雅診所,信義區,臺北市信義區忠孝東路5段71巷19號,25.038844,121.573742
伯特利身心診所,信義區,臺北市信義區光復南路421號,25.036275,121.557714
川豐中醫診所,信義區,臺北市信義區莊敬路403號,25.027471,121.566042
六安復健科診所,信義區,臺北市信義區吳興街467巷2弄14號,25.023753,121.569634
陳世卿診所,信義區,臺北市信義區莊敬路四三五號,25.034439,121.565441
采醫緻麗整形外科診所,信義區,臺北市信義區基隆路一段155號,25.042199,121.565366
博馨診所,信義區,臺北市信義區永吉路236號,25.04534,121.579443
輝煌牙醫診所,信義區,臺北市信義區松山路３１９號,25.042111,121.577985
探索神經科診所,信義區,臺北市信義區基隆路二段17號,25.024563,121.553592
微笑中醫診所,信義區,臺北市信義區忠孝東路5段71巷11弄2號,25.038844,121.573742
頌讚中醫診所,信義區,臺北市信義區莊敬路325巷4號,25.027252,121.566424
安人牙醫診所,信義區,臺北市信義區忠孝東路五段５０８號,25.040729,121.578668
祐誠骨科診所,信義區,臺北市信義區信義路6段77號,25.027327,121.569704
有成外科診所,信義區,臺北市信義區永吉路213號,25.045443,121.580416
明清牙醫診所,信義區,臺北市信義區信義路6段46號,25.027327,121.569704
大成中醫診所,信義區,臺北市信義區永吉路二OO巷五十六弄二號,25.044353,121.575443
弘益牙醫診所,信義區,臺北市信義區松山路５６１號,25.036979,121.578396
一杏牙醫診所,信義區,臺北市信義區信義路6段11號,25.027327,121.569704
悠美中醫診所,信義區,臺北市信義區忠孝東路4段500號,25.038877,121.574174
松德精神科診所,信義區,臺北市信義區松德路108號,25.037704,121.574932
成品牙醫診所,信義區,臺北市信義區莊敬路322號,25.028043,121.563372
聖醫中醫診所,信義區,臺北市信義區松山路二四三號,25.026847,121.582299
信義適康復健科診所,信義區,臺北市信義區光復南路439號,25.035682,121.557802
布布齒科牙醫診所,信義區,臺北市信義區崇德街52號,25.011854,121.569246
古德牙醫診所,信義區,臺北市信義區忠孝東路四段559巷八號,25.043174,121.56367
富陽牙醫診所,信義區,臺北市信義區富陽街88號,25.021238,121.556433
髮拉儷美學植髮診所,信義區,臺北市信義區忠孝東路五段139號,25.041249,121.567879
美麗境界診所,信義區,臺北市信義區忠孝東路五段159號,25.041208,121.568525
唐風牙醫診所,信義區,臺北市信義區大道路13號,25.042523,121.581631
伍瑞吉醫師診所,信義區,臺北市信義區松山路４０１號,25.036814,121.578356
逸安中醫診所,信義區,臺北市信義區逸仙路５０巷１２號,25.040615,121.562564
林應然小兒科診所,信義區,臺北市信義區福德街75號,25.036855,121.581139
吉欣牙醫診所,信義區,臺北市信義區松山路２７５之１號,25.043216,121.577978
錫口牙醫診所,信義區,臺北市信義區永吉路344號,25.045329,121.576226
健家牙醫診所,信義區,臺北市信義區莊敬路３４８號,25.027763,121.564184
郭牙醫診所,信義區,臺北市信義區忠孝東路五段３７２巷２７弄８８號,25.039416,121.575988
松華牙醫診所,信義區,臺北市信義區忠孝東路五段３６４號,25.040762,121.573672
國瑞牙醫診所,信義區,臺北市信義區中坡北路5號,25.045787,121.58006
聯華牙醫診所,信義區,臺北市信義區松隆路223號,25.048285,121.576681
東風牙醫診所,信義區,臺北市信義區吳興街126號,25.029774,121.561287
佳和牙醫診所,信義區,臺北市信義區松山路四七二號,25.026847,121.582299
豐荷牙醫診所,信義區,臺北市信義區忠孝東路五段一三七號,25.042522,121.580582
晶翎美學診所,中正區,臺北市中正區仁愛路2段70號,25.03775,121.527695
公園景福牙醫診所,中正區,臺北市中正區公園路32號,25.044076,121.516746
葛鎂診所,中正區,臺北市中正區館前路34號,25.044666,121.514906
愛迪牙醫診所,中正區,臺北市中正區羅斯福路二段18號,25.028614,121.521034
合睿牙醫診所,中正區,臺北市中正區羅斯福路4段68號,25.017128,121.530249
慈聖牙醫診所,中正區,臺北市中正區羅斯福路一段五十五號,25.030297,121.519072
吉星診所,中正區,臺北市中正區青島東路４－５號,25.04377,121.521543
張孟源內科診所,中正區,臺北市中正區中華路二段３２５號,25.025252,121.508839
張順晶中醫診所,中正區,臺北市中正區羅斯福路二段44號,25.027962,121.521518
力安妥診所,中正區,臺北市中正區衡陽路30號,25.042203,121.512689
東北大牙醫診所,中正區,臺北市中正區羅斯福路三段276號,25.01668,121.532031
仁崇牙醫診所,中正區,臺北市中正區新生南路1段122之3號,25.035318,121.53158
峻毅中醫診所,中正區,臺北市中正區和平西路一段30號,25.026574,121.520543
大宇牙醫診所,中正區,臺北市中正區羅斯福路一段４６號,25.031028,121.519257
惠森復健科診所,中正區,臺北市中正區師大路172號,25.021156,121.525411
美國傳奇牙醫診所,中正區,臺北市中正區羅斯福路四段24巷6之1號,25.015214,121.533002
雙合耳鼻喉科聯合診所,中正區,臺北市中正區汀州路一段96號,25.030241,121.507444
天心中醫診所,中正區,臺北市中正區武昌街1段33號,25.044102,121.513694
美嘉美整形外科診所,中正區,臺北市中正區信義路二段251號,25.033827,121.531344
建成中醫診所,中正區,臺北市中正區和平西路一段172號,25.027461,121.514793
永恆牙醫診所,中正區,臺北市中正區辛亥路一段17巷6號,25.019126,121.527982
晨新牙醫診所,中正區,臺北市中正區重慶南路1段77之1號,25.029592,121.515512
百分百牙醫診所,中正區,臺北市中正區館前路18號,25.045403,121.514891
金山牙醫診所,中正區,臺北市中正區愛國東路６２號,25.033498,121.519021
誠忠牙醫診所,中正區,臺北市中正區金門街１２－８號,25.022262,121.522872
東門中醫診所,中正區,臺北市中正區連雲街81號,25.034317,121.530175
仲景中醫診所,中正區,臺北市中正區忠孝東路2段16號,25.043735,121.526925
嘉柏中醫診所,中正區,臺北市中正區公園路32號,25.044076,121.516746
劉紀昌中醫診所,中正區,臺北市中正區羅斯福路1段24號,25.016927,121.530623
美麗新診所,中正區,臺北市中正區重慶南路1段43號,25.029592,121.515512
中央銀行秘書處醫務室,中正區,臺北市中正區羅斯福路一段2號,25.030509,121.519382
南門牙醫診所,中正區,臺北市中正區羅斯福路2段1號,25.016082,121.531881
捷思身心醫學診所,中正區,臺北市中正區忠孝東路二段100號,25.043169,121.529487
安妞美學診所,中正區,臺北市中正區羅斯福路1段133號,25.016927,121.530623
古亭光澤診所,中正區,臺北市中正區羅斯福路2段116號,25.016082,121.531881
惠恩診所,中正區,臺北市中正區濟南路二段四十八巷三至二號,25.040737,121.529635
奕康耳鼻喉科診所,中正區,臺北市中正區連雲街72號,25.034526,121.529968
禾馨婦產科診所,中正區,臺北市中正區懷寧街78號,25.043101,121.513987
喜樂牙醫診所,中正區,臺北市中正區新生南路一段50之1號,25.041619,121.532583
蒂恩美學診所,中正區,臺北市中正區新生南路1段128號,25.035318,121.53158
松澤中醫診所,中正區,臺北市中正區新生南路1段54巷11號,25.035318,121.53158
吳龍源中醫診所,中正區,臺北市中正區羅斯福路一段１３１號,25.030147,121.52042
宜康診所,中正區,臺北市中正區新生南路一段148號,25.035246,121.532461
鈞安診所,中正區,臺北市中正區中華路2段431號,25.024913,121.511415
李明儒耳鼻喉科診所,中正區,臺北市中正區中華路二段341號,25.025254,121.508837
悅心診所,中正區,臺北市中正區羅斯福路2段7之2號,25.016082,121.531881
連生牙醫診所,中正區,臺北市中正區信義路二段１６１巷4號,25.034349,121.528815
韓娜斯時尚美醫診所,中正區,臺北市中正區博愛路83號,25.04344,121.511609
東門牙醫診所,中正區,臺北市中正區臨沂街79之10號,25.034361,121.530157
六節中醫診所,中正區,臺北市中正區汀州路二段198號,25.022726,121.523286
博齡牙醫診所,中正區,臺北市中正區羅斯福路四段50號,25.014884,121.53367
君綺美形診所,中正區,臺北市中正區忠孝西路1段6號,25.046234,121.518991
家禾診所,中正區,臺北市中正區三元街217號,25.027658,121.51337
汀洲中醫診所,中正區,臺北市中正區汀州路二段213號,25.023578,121.522585
藝群台北診所,中正區,臺北市中正區忠孝西路一段102號,25.047212,121.512485
和眾綜合診所,中正區,臺北市中正區忠孝西路一段6號,25.045824,121.518083
百麗診所,中正區,臺北市中正區林森南路10號,25.042754,121.522574
怡安堂中醫診所,中正區,臺北市中正區金山南路一段125號,25.035794,121.527803
華慶牙醫診所,中正區,臺北市中正區中華路二段339號,25.025254,121.508837
厚德中醫診所,中正區,臺北市中正區南昌路一段53號,25.031284,121.51729
喜豐堂中醫診所,中正區,臺北市中正區博愛路88號,25.044409,121.511385
齊美牙醫診所,中正區,臺北市中正區羅斯福路二段136號,25.026023,121.522945
東妍診所,中正區,臺北市中正區信義路二段161巷8號,25.034422,121.528839
身新醫學診所,中正區,臺北市中正區連雲街87號,25.034076,121.530145
嘉貝牙醫診所,中正區,臺北市中正區信義路二段257號,25.033824,121.531522
美好健康診所,中正區,臺北市中正區連雲街83號,25.034204,121.530141
博士診所,中正區,臺北市中正區南陽街8號,25.045209,121.516054
元泰診所,中正區,臺北市中正區羅斯福路3段2號,25.017256,121.53028
衡觀診所,中正區,臺北市中正區衡陽路20號,25.042211,121.512981
南陽中醫診所,中正區,臺北市中正區南陽街3號,25.045355,121.516171
日明耀診所,中正區,臺北市中正區重慶南路一段66之1號,25.043609,121.513098
極上中醫診所,中正區,臺北市中正區汀州路三段105號,25.013576,121.534389
立光診所,中正區,臺北市中正區博愛路76號,25.044673,121.511357
沂禾中醫診所,中正區,臺北市中正區臨沂街33巷38號,25.039781,121.531713
家禾牙醫診所,中正區,臺北市中正區延平南路195巷5號,25.033272,121.507758
美渥館診所,中正區,臺北市中正區博愛路224巷5號,25.034028,121.50989
久瑞復健科診所,中正區,臺北市中正區仁愛路2段21號,25.03775,121.527695
好甘心診所,中正區,臺北市中正區公園路30號,25.044291,121.516798
星和診所,中正區,臺北市中正區館前路2號,25.046385,121.514885
超全能診所,中正區,臺北市中正區忠孝東路2段136號,25.043735,121.526925
光澤晶漾診所,中正區,臺北市中正區館前路18號,25.045403,121.514891
濰視眼科診所,中正區,臺北市中正區館前路43號,25.045335,121.515125
臻健康診所,中正區,臺北市中正區中華路2段165之1號,25.024913,121.511415
台北諾貝爾眼科診所,中正區,臺北市中正區公園路13號,25.04549,121.5174
懷寧復健科診所,中正區,臺北市中正區懷寧街110號,25.043574,121.514108
古亭復健診所,中正區,臺北市中正區羅斯福路3段160號,25.017256,121.53028
珍顏唯上診所,中正區,臺北市中正區館前路2號,25.046385,121.514885
銘人診所,中正區,臺北市中正區博愛路9號,25.045916,121.5115
千美診所,中正區,臺北市中正區新生南路1段60號,25.035318,121.53158
慧明中醫診所,中正區,臺北市中正區新生南路1段92號,25.035318,121.53158
海漾大健康管理診所,中正區,臺北市中正區水源路77號,25.021131,121.519954
幫痘氏公館皮膚科診所,中正區,臺北市中正區羅斯福路3段308號,25.017256,121.53028
台北澄清眼科診所,中正區,臺北市中正區忠孝西路1段80號,25.046234,121.518991
醫健診所,中正區,臺北市中正區新生南路1段56號,25.035318,121.53158
古亭適康復健科診所,中正區,臺北市中正區南昌路2段196號,25.025871,121.521765
站前美力時尚診所,中正區,臺北市中正區館前路20號,25.04527,121.5149
君綺美麗診所,中正區,臺北市中正區忠孝西路1段6號,25.046234,121.518991
慢活靜心診所,中正區,臺北市中正區博愛路105號,25.039503,121.51124
侑澄中醫診所,中正區,臺北市中正區信義路2段189號,25.033635,121.525423
星創牙醫診所,中正區,臺北市中正區羅斯福路3段136、138號,25.017256,121.53028
沐康美學牙醫診所,中正區,臺北市中正區師大路159號,25.020626,121.527497
禾瑞印象診所,中正區,臺北市中正區信義路2段213號,25.033635,121.525423
立達診所,中正區,臺北市中正區忠孝東路1段54號,25.042635,121.528079
星采牙醫診所,中正區,臺北市中正區館前路2號,25.046385,121.514885
名華牙醫診所,中正區,臺北市中正區汀州路一段２３６號,25.027361,121.510173
大道中醫診所,中正區,臺北市中正區忠孝西路一段41號,25.04627,121.518322
華陽中醫診所,中正區,臺北市中正區新生南路一段16之4號,25.043227,121.53255
劉家庭醫學科診所,中正區,臺北市中正區杭州南路一段一四五號,25.037536,121.526534
東京風采整形外科診所,中正區,臺北市中正區仁愛路二段48號,25.038033,121.528434
佳妍診所,中正區,臺北市中正區羅斯福路2段136號,25.016082,121.531881
虹約復健專科診所,中正區,臺北市中正區信義路二段91號,25.034389,121.526958
丞泰耳鼻喉科診所,中正區,臺北市中正區南昌路一段７８號,25.030996,121.517269
好健康診所,中正區,臺北市中正區公園路30號,25.044291,121.516798
國立台灣大學醫學院附設醫院,中正區,臺北市中正區中山南路７、８號,25.04536,121.517564
日明耀中醫診所,中正區,臺北市中正區重慶南路一段66之1號,25.043609,121.513098
臺北市立聯合醫院附設中正門診部,中正區,臺北市中正區牯嶺街24號,25.024268,121.519787
廖春美牙醫診所,中正區,臺北市中正區寧波西街78號,25.029957,121.516296
新公園診所,中正區,臺北市中正區襄陽路3號,25.043487,121.516136
醫療財團法人徐元智先生醫藥基金會遠東聯合診所,中正區,臺北市中正區永綏街8至14號,25.043003,121.511032
益壽中醫診所,中正區,臺北市中正區南昌路1段71號,25.025418,121.523115
優登牙醫診所,中正區,臺北市中正區和平西路一段八十八號,25.026672,121.518412
和逸牙醫診所,中正區,臺北市中正區同安街58號,25.023648,121.521222
幸安牙醫診所,中正區,臺北市中正區杭州南路一段１４３巷３２－２號,25.035639,121.526592
名家牙醫診所,中正區,臺北市中正區忠孝東路二段１３４巷２２號,25.040753,121.531655
蕭煥嘉牙醫診所,中正區,臺北市中正區新生南路一段１２８號,25.036991,121.532497
珍仁堂中醫診所,中正區,臺北市中正區忠孝東路2段98號,25.043735,121.526925
李明潤中醫診所,中正區,臺北市中正區羅斯福路一段二十八號,25.030297,121.519072
紹毅內兒科診所,中正區,臺北市中正區八德路1段50號,25.044319,121.529221
孫睿亮診所,中正區,臺北市中正區金山南路一段１２１號,25.03606,121.527847
尚義牙醫診所,中正區,臺北市中正區懷寧街６２號,25.044128,121.514037
林超群眼科診所,中正區,臺北市中正區重慶南路一段143號,25.041571,121.513226
新生活診所,中正區,臺北市中正區新生南路一段140號,25.036045,121.532482
怡和診所,中正區,臺北市中正區汀州路二段二一二號,25.024728,121.520324
明皓牙醫診所,中正區,臺北市中正區南昌路一段１２８號,25.029601,121.518303
偉華牙醫診所,中正區,臺北市中正區汀州路二段203號,25.023719,121.522405
美東牙醫診所,中正區,臺北市中正區仁愛路二段４３號,25.038472,121.528968
慶聲牙醫診所,中正區,臺北市中正區寧波東街9巷3號,25.032013,121.520783
美診所,中正區,臺北市中正區新生南路1段56號,25.035318,121.53158
米蘭時尚診所,中正區,臺北市中正區忠孝東路1段43號,25.042635,121.528079
李家雄中醫診所,中正區,臺北市中正區金山南路一段１２１號,25.03606,121.527847
長春藤台北忠孝診所,中正區,臺北市中正區忠孝西路1段50號,25.046234,121.518991
劉桂蘭中醫診所,中正區,臺北市中正區忠孝東路一段35號,25.044488,121.525533
顧安千金中醫診所,中正區,臺北市中正區紹興北街8號,25.045352,121.525304
蘇黎世牙醫診所,中正區,臺北市中正區羅斯福路二段116號,25.0284,121.520661
雅偲牙醫診所,中正區,臺北市中正區館前路2號,25.046385,121.514885
悠媞時尚診所,中正區,臺北市中正區許昌街30號,25.045453,121.515876
信義東暘牙醫診所,中正區,臺北市中正區金山南路一段155號,25.034619,121.527547
德華牙醫診所,中正區,臺北市中正區重慶南路1段 110號,25.029592,121.515512
謝明吉口腔顎面外科牙醫診所,中正區,臺北市中正區忠孝西路1段6號,25.046234,121.518991
典樺牙醫診所,中正區,臺北市中正區金山南路1段108號,25.037142,121.528438
展望牙醫診所,中正區,臺北市中正區濟南路1段7號,25.043187,121.520045
時尚診所,中正區,臺北市中正區忠孝西路一段33號,25.046079,121.518759
博士眼科診所,中正區,臺北市中正區羅斯福路二段70號,25.027252,121.522041
永康身心診所,中正區,臺北市中正區金山南路一段127號,25.035562,121.527727
宏孕診所,中正區,臺北市中正區新生南路1段56號,25.035318,121.53158
清川牙醫診所,中正區,臺北市中正區汀州路1段118號,25.010806,121.532523
富麗牙醫診所,中正區,臺北市中正區和平西路1段69號,25.028937,121.511468
雙子星牙醫診所,中正區,臺北市中正區館前路26號,25.044879,121.514904
宏達中醫診所,中正區,臺北市中正區汀州路三段211號,25.014201,121.53365
時代中醫診所,中正區,臺北市中正區羅斯福路三段272號,25.01681,121.5319
林志聲牙醫診所,中正區,臺北市中正區臨沂街13巷16號,25.042141,121.531541
維昕牙醫診所,中正區,臺北市中正區牯嶺街93號,25.026182,121.519048
典雅牙醫診所,中正區,臺北市中正區信義路二段123號,25.034203,121.527823
小千醫師診所,中正區,臺北市中正區忠孝東路二段134巷16號,25.041077,121.531625
新芽牙醫診所,中正區,臺北市中正區仁愛路二段92巷7號,25.037557,121.53128
蘭心診所,中正區,臺北市中正區南昌路二段11號,25.028324,121.519528
醫療財團法人好心肝基金會好心肝診所,中正區,臺北市中正區公園路30號,25.044291,121.516798
祈約美醫皮膚科診所,中正區,臺北市中正區濟南路2段17號,25.041384,121.526363
齊杏齒顎矯正專科牙醫診所,中正區,臺北市中正區忠孝東路二段58號,25.043313,121.528462
美日牙醫診所,中正區,臺北市中正區羅斯福路3段312號,25.017256,121.53028
啓琮牙醫診所,中正區,臺北市中正區襄陽路41號,25.043539,121.513487
祈新婦產科診所,中正區,臺北市中正區懷寧街78號,25.043101,121.513987
平安身心精神科診所,中正區,臺北市中正區羅斯福路三段218號,25.018751,121.529915
蔡瑞芳眼科診所,中正區,臺北市中正區羅斯福路一段73號,25.031425,121.519549
鐘牙醫診所,中正區,臺北市中正區重慶南路三段４０號,25.02836,121.515503
聯合牙醫診所,中正區,臺北市中正區南昌街一段７４巷１３號,25.044158,121.509411
志明牙醫診所,中正區,臺北市中正區寧波西街８０號,25.029911,121.516094
強弘牙科診所,中正區,臺北市中正區汀州路二段８６號,25.025002,121.518962
杏安牙醫診所,中正區,臺北市中正區金門街９之６號,25.021486,121.524016
展光牙醫診所,中正區,臺北市中正區羅斯福路３段５０號,25.017256,121.53028
名一牙醫診所,中正區,臺北市中正區漢口街一段８０巷６弄５號,25.04489,121.512028
思源牙醫診所,中正區,臺北市中正區南昌路二段200號,25.024184,121.52415
君品牙醫診所,中正區,臺北市中正區延平南路232號,25.033914,121.507341
金恩牙醫診所,中正區,臺北市中正區羅斯福路二段16號,25.028687,121.520974
劉永生牙醫診所,中正區,臺北市中正區濟南路二段19號,25.041318,121.527917
西北聯合牙醫診所,中正區,臺北市中正區汀州路三段１９０號,25.0126,121.534964
聯嘉牙醫診所,中正區,臺北市中正區南昌路二段２０６號,25.024037,121.524306
拉圖牙醫診所,中正區,臺北市中正區忠孝東路一段146號,25.04406,121.5256
璞鼎牙醫診所,中正區,臺北市中正區林森北路9巷12號,25.045562,121.524547
誠伸牙醫診所,中正區,臺北市中正區信義路二段213號,25.033846,121.530534
琠雅牙醫診所,中正區,臺北市中正區汀州路二段215號,25.02354,121.522629
鼎佳牙醫診所,中正區,臺北市中正區濟南路二段５８號,25.040164,121.531823
仁安牙醫診所,中正區,臺北市中正區濟南路二段３之５號,25.041687,121.526708
紐約牙醫診所,中正區,臺北市中正區羅斯福路一段２８號,25.031417,121.518974
大全牙醫診所,中正區,臺北市中正區忠孝西路一段５０號,25.046433,121.515793
恆美中醫診所,中正區,臺北市中正區襄陽路九號,25.04338,121.515034
洪麗妃中醫診所,中正區,臺北市中正區新生南路一段110之4號,25.0351,121.531367
寶生堂中醫診所,中正區,臺北市中正區和平西路1段56號,25.028937,121.511468
長德中醫診所,中正區,臺北市中正區金華街55號,25.031692,121.520724
幸吉堂中醫診所,中正區,臺北市中正區汀州一段１６９號,25.027248,121.510717
同安中醫診所,中正區,臺北市中正區同安街４１號,25.024775,121.522407
寧波中醫診所,中正區,臺北市中正區寧波西街80之1號,25.029911,121.516094
儒德中醫診所,中正區,臺北市中正區南昌路一段50號,25.031529,121.516886
和平中醫診所,中正區,臺北市中正區和平西路二段123號,25.032832,121.506258
順天中醫診所,中正區,臺北市中正區衡陽路85號,25.042378,121.510826
大埔牙醫診所,中正區,臺北市中正區中華路二段９９號,25.025223,121.508873
九大牙醫診所,中正區,臺北市中正區忠孝東路二段９６號,25.042834,121.53021
天惠牙醫診所,中正區,臺北市中正區羅斯福路一段１０２號,25.029937,121.520059
博世牙醫診所,中正區,臺北市中正區濟南路一段7之6號,25.042773,121.521922
博安牙醫診所,中正區,臺北市中正區仁愛路二段７１號,25.0384,121.530974
瑞石牙醫診所,中正區,臺北市中正區信義路一段13之4號,25.036691,121.52263
華恩牙醫診所,中正區,臺北市中正區和平西路一段一五四號,25.026672,121.518412
安安牙醫診所,中正區,臺北市中正區杭州南路一段15之1號,25.037594,121.526551
蕭耳鼻喉科診所,中正區,臺北市中正區汀州路二段二六一號,25.024728,121.520324
彭內科診所,中正區,臺北市中正區厦門街35號,25.023982,121.520801
李相台診所,中正區,臺北市中正區新生南路一段１４８號,25.035246,121.532461
池振坤耳鼻喉科診所,中正區,臺北市中正區南昌路一段88號,25.030806,121.517411
柯滄銘婦產科診所,中正區,臺北市中正區林森南路10號,25.042754,121.522574
蕙瑛婦產科診所,中正區,臺北市中正區忠孝西路一段五十號,25.046795,121.51487
長虹診所,中正區,臺北市中正區公園路十三號,25.040898,121.515966
蔡明勳診所,中正區,臺北市中正區羅斯福路二段４０號,25.02805,121.521451
拉菲爾人本診所,中正區,臺北市中正區館前路49號,25.044963,121.515121
林診所,中正區,臺北市中正區寧波東街２２號,25.032826,121.520383
戰痘診所,中正區,臺北市中正區襄陽路17號,25.043495,121.515416
同泰診所,中正區,臺北市中正區汀州路二段一三六號,25.024728,121.520324
周正成小兒科診所,中正區,臺北市中正區徐州路24號,25.040625,121.523353
敦智內科診所,中正區,臺北市中正區懷寧街１９號,25.045436,121.514246
惠生診所,中正區,臺北市中正區臨沂街69之1號,25.035472,121.528171
美兆診所,中正區,臺北市中正區忠孝西路1段66號,25.046234,121.518991
華御中醫診所,中正區,臺北市中正區濟南路2段51號,25.041384,121.526363
外交部醫務室,中正區,臺北市中正區凱達格蘭大道2號,25.038953,121.516339
衛生福利部疾病管制署健康中心,中正區,臺北市中正區林森南路6號,25.043298,121.522754
國軍台北門診中心附設民眾診療服務處,中正區,臺北市中正區紹興南街7號,25.040123,121.523995
佳譽堂中醫診所,中正區,臺北市中正區寧波西街71號,25.030481,121.516995
李世輝耳鼻喉科診所,中正區,臺北市中正區南昌路一段79號,25.030617,121.517775
健康101診所,中正區,臺北市中正區牯嶺街97號,25.025915,121.51908
站前大學眼科診所,中正區,臺北市中正區館前路8號,25.045817,121.514892
美學院整形外科診所,中正區,臺北市中正區羅斯福路三段312號,25.016097,121.532626
朱小兒科診所,中正區,臺北市中正區汀州路二段２２０號,25.024728,121.520324
站前愛爾麗診所,中正區,臺北市中正區忠孝西路1段6號,25.046234,121.518991
勝昌現代中醫診所,中正區,臺北市中正區和平西路二段５６之１號,25.028811,121.512175
米奇牙醫診所,中正區,臺北市中正區羅斯福路三段244巷10弄8號,25.016214,121.531165
波菲特醫美診所,中正區,臺北市中正區羅斯福路二段116號,25.0284,121.520661
薇璽美學診所,中正區,臺北市中正區忠孝東路1段13號,25.042635,121.528079
同泰牙醫診所,中正區,臺北市中正區汀州路二段１４７號,25.024657,121.520844
博瀚牙醫診所,中正區,臺北市中正區銅山街２４號,25.039481,121.52856
車參聖整形外科診所,中正區,臺北市中正區重慶南路1段13號,25.029592,121.515512
羅綺皮膚科診所,中正區,臺北市中正區濟南路一段7號,25.042773,121.521922
品瑞牙醫診所,中正區,臺北市中正區南昌路二段13號,25.028295,121.519548
睿鳴堂中醫診所,中正區,臺北市中正區北平東路20之3號,25.045977,121.524897
大心古亭診所,中正區,臺北市中正區南昌路二段206號,25.024037,121.524306
鄭文宗耳鼻喉科診所,中正區,臺北市中正區信義路二段２６７號,25.033812,121.53183
榮星中醫診所,中正區,臺北市中正區羅斯福路二段140號,25.025887,121.523042
華泰牙醫診所,中正區,臺北市中正區許昌街30號,25.045453,121.515876
郵政醫院（委託中英醫療社團法人經營）,中正區,臺北市中正區福州街14號,25.028749,121.518695
怡樺牙醫診所,中正區,臺北市中正區羅斯福路三段244巷2弄22號,25.016345,121.531787
皓齒牙醫診所,中正區,臺北市中正區羅斯福路一段一三一號,25.030297,121.519072
口天牙醫診所,中正區,臺北市中正區丹陽街２２號,25.038995,121.524878
仁愛中醫診所,中正區,臺北市中正區延平南路１８７號,25.034055,121.507535
優政牙醫診所,中正區,臺北市中正區南昌路一段119號,25.029938,121.518279
薛宏昇中醫診所,中正區,臺北市中正區忠孝東路一段176號,25.043861,121.526423
新光牙醫診所,中正區,臺北市中正區寧波西街６５號,25.030545,121.517108
李思儀中醫診所,中正區,臺北市中正區金山南路1段73巷6號,25.037142,121.528438
橙品牙醫診所,中正區,臺北市中正區仁愛路2段110號,25.03775,121.527695
國立臺灣大學醫學院附設醫院兒童醫院,中正區,臺北市中正區中山南路8號,25.044343,121.518748
中明牙科診所,中正區,臺北市中正區汀州路一段２３５號,25.028134,121.509281
古亭中心耳鼻喉科診所,中正區,臺北市中正區中華路二段１６１號,25.027346,121.510508
慶輝牙醫診所,中正區,臺北市中正區寧波西街96號,25.029617,121.514795
星采皮膚專科診所,中正區,臺北市中正區羅斯福路一段32號,25.031311,121.519054
溫亜中醫診所,中正區,臺北市中正區忠孝東路二段134巷16號,25.041077,121.531625
茂澤中醫診所,中正區,臺北市中正區臨沂街6巷5號,25.042554,121.53001
羅福中醫診所,中正區,臺北市中正區羅斯福路二段70號,25.027252,121.522041
站前聖宜診所,中正區,臺北市中正區許昌街42號,25.045163,121.515624
靚白天使時尚美學診所,中正區,臺北市中正區重慶南路一段13號,25.044472,121.512393
長弓牙醫診所,中正區,臺北市中正區仁愛路二段２６號,25.03805,121.526835
慕顏時尚美學診所,中正區,臺北市中正區衡陽路7號,25.042414,121.513758
黃牙醫診所,中正區,臺北市中正區博愛路６８號,25.045036,121.511315
劉瑞聰診所,中正區,臺北市中正區汀州路一段１９４號,25.028121,121.509177
溪垣中醫診所,中正區,臺北市中正區信義路二段153號,25.034143,121.528594
雅德思牙醫診所,中正區,臺北市中正區重慶南路1段66號,25.029592,121.515512
永康中醫診所,中正區,臺北市中正區連雲街75號,25.034456,121.530131
永愉診所,中正區,臺北市中正區忠孝東路1段54號,25.042635,121.528079
佳飛雅醫美診所,中正區,臺北市中正區辛亥路1段49號,25.018735,121.527512
清河牙醫診所,中正區,臺北市中正區信義路二段６３號,25.034759,121.526202
玉霖牙醫診所,中正區,臺北市中正區新生南路一段６０號,25.040741,121.532558
親子診所,中正區,臺北市中正區和平西路二段５０號,25.028647,121.512493
怡賀牙醫診所,中正區,臺北市中正區新生南路一段56號,25.041122,121.532512
目急國際診所,中正區,臺北市中正區武昌街一段77號,25.044233,121.509662
涵悅牙醫診所,中正區,臺北市中正區羅斯福路3段152號,25.017256,121.53028
英哲牙醫診所,中正區,臺北市中正區杭州南路二段５４號,25.030388,121.522049
渾然天成診所,中正區,臺北市中正區忠孝西路1段45號,25.046234,121.518991
風華整形外科診所,中正區,臺北市中正區忠孝西路1段6號,25.046234,121.518991
滙安診所,中正區,臺北市中正區和平西路一段20號,25.026627,121.520864
長齡牙醫診所,中正區,臺北市中正區師大路163號,25.020642,121.527348
皇妍時尚整形外科診所,中正區,臺北市中正區忠孝西路一段6號,25.045824,121.518083
華山周牙醫診所,中正區,臺北市中正區忠孝東路二段６號,25.043712,121.527011
俊廣牙醫診所,中正區,臺北市中正區南陽街３號,25.045355,121.516171
康平牙醫診所,中正區,臺北市中正區信義路二段67號,25.03469,121.526342
逢生牙醫診所,中正區,臺北市中正區南昌路一段三十七號,25.029926,121.518924
三民牙醫診所,中正區,臺北市中正區汀州路二段３０號,25.02535,121.517184
新欣牙醫診所,中正區,臺北市中正區濟南路二段65號,25.040293,121.532204
君綺時尚診所,萬華區,臺北市萬華區中華路一段90號,25.044656,121.508532
博華中醫診所,萬華區,臺北市萬華區中華路二段364巷15號,25.028372,121.503805
名家耳鼻喉科診所,萬華區,臺北市萬華區西藏路107-2號,25.027636,121.502802
福華美學牙醫診所,萬華區,臺北市萬華區西園路二段171號,25.027981,121.495261
明峰診所,萬華區,臺北市萬華區青年路22號,25.017629,121.495002
仁真牙醫診所,萬華區,臺北市萬華區國興路10號,25.024739,121.508733
久久牙醫診所,萬華區,臺北市萬華區萬大路385號,25.022613,121.499504
日安診所,萬華區,臺北市萬華區環河南路2段145號,25.036238,121.494606
元祐中醫診所,萬華區,臺北市萬華區長沙街2段74號,25.040445,121.506395
嘉樂美學牙醫診所,萬華區,臺北市萬華區桂林路76號,25.038313,121.501221
雅毓牙醫診所,萬華區,臺北市萬華區長沙街2段103號,25.040445,121.506395
同仁院醫療財團法人貴陽診所,萬華區,臺北市萬華區昆明街169號,25.040083,121.504344
群欣中醫診所,萬華區,臺北市萬華區萬大路176號,25.023266,121.501469
億靇中醫診所,萬華區,臺北市萬華區萬大路325號,25.024249,121.500396
全昌堂中醫診所,萬華區,臺北市萬華區內江街2號,25.041102,121.503284
日森牙醫診所,萬華區,臺北市萬華區萬大路261號,25.021465,121.498675
旭日牙醫診所,萬華區,臺北市萬華區西藏路117號,25.029578,121.502865
廣益中醫診所,萬華區,臺北市萬華區康定路352號,25.034787,121.501033
博安中醫診所,萬華區,臺北市萬華區長沙街2段51號,25.040445,121.506395
晟祐診所,萬華區,臺北市萬華區中華路1段170號,25.024568,121.509395
氧樂多牙醫診所,萬華區,臺北市萬華區康定路229號,25.035429,121.501366
健安診所,萬華區,臺北市萬華區萬大路432號,25.021003,121.498381
松柏復健科診所,萬華區,臺北市萬華區中華路2段426之1號,25.047845,121.509194
植美牙醫診所,萬華區,臺北市萬華區西藏路125巷7號,25.029004,121.502454
太元李中醫診所,萬華區,臺北市萬華區長沙街二段１０５號,25.040448,121.503351
惠德牙醫診所,萬華區,臺北市萬華區萬大路４８６巷５號,25.019797,121.497008
仁康牙醫診所,萬華區,臺北市萬華區東園街60之1號,25.026026,121.496345
萬華蔡耳鼻喉科診所,萬華區,臺北市萬華區昆明街３１２之１號,25.036058,121.503341
弘旭牙醫診所,萬華區,臺北市萬華區西園路二段１７０號,25.029685,121.495918
天祥中醫診所,萬華區,臺北市萬華區萬大路100號,25.023057,121.509243
台新美學牙醫診所,萬華區,臺北市萬華區中華路1段170號,25.024568,121.509395
北極星牙醫診所,萬華區,臺北市萬華區漢中街166、168號,25.043348,121.507254
馥毓中醫診所,萬華區,臺北市萬華區萬青街174號,25.023293,121.501473
益銓診所,萬華區,臺北市萬華區萬大路233號,25.021472,121.498679
光耳鼻喉科診所,萬華區,臺北市萬華區青年路90號,25.023083,121.502581
許孟權小兒科診所,萬華區,臺北市萬華區西藏路115號,25.029601,121.502966
萬太診所,萬華區,臺北市萬華區萬大路四三四號,25.023057,121.509243
新東平診所,萬華區,臺北市萬華區東園街１６２號,25.022631,121.497911
吳淑芬眼科診所,萬華區,臺北市萬華區環河南路二段195號,25.032318,121.4918
和煦診所,萬華區,臺北市萬華區和平西路3段216號,25.034973,121.498409
同仁牙醫診所,萬華區,臺北市萬華區長沙街二段４5號,25.040762,121.505907
信華牙醫診所,萬華區,臺北市萬華區內江街78號,25.041471,121.504191
福全身心科診所,萬華區,臺北市萬華區中華路二段600號,25.024605,121.509793
蕭輝隆牙醫診所,萬華區,臺北市萬華區西藏路２６２號,25.029735,121.501453
復安診所,萬華區,臺北市萬華區寶興街115號,25.02538,121.494731
三福牙醫診所,萬華區,臺北市萬華區萬大路63之1號,25.019319,121.501763
王新于中醫診所,萬華區,臺北市萬華區東園街46巷2號,25.02652,121.495835
世欣牙醫診所,萬華區,臺北市萬華區東園街１３９號,25.024743,121.497088
興宏中醫診所,萬華區,臺北市萬華區武成街11巷1號,25.018507,121.494965
昱安堂中醫診所,萬華區,臺北市萬華區貴陽街2段133號,25.039242,121.50683
白牙醫診所,萬華區,臺北市萬華區西寧南路162號,25.040031,121.506013
瑞生診所,萬華區,臺北市萬華區西園路二段250號,25.028026,121.494794
有幸福美學診所,萬華區,臺北市萬華區廣州街154號,25.036625,121.499219
蓮樺中醫診所,萬華區,臺北市萬華區和平西路3段33號,25.034973,121.498409
新和診所,萬華區,臺北市萬華區萬大路284號,25.021015,121.498388
益生婦產科診所,萬華區,臺北市萬華區萬大路４０６－１號,25.021434,121.498306
青年診所,萬華區,臺北市萬華區中華路二段四二四號,25.02521,121.508887
君怡耳鼻喉科診所,萬華區,臺北市萬華區貴陽街二段七十六號,25.039996,121.502519
城中瑪麗安婦產科診所,萬華區,臺北市萬華區成都路4號,25.042006,121.507624
新田診所,萬華區,臺北市萬華區梧州街62號,25.03572,121.497496
吳明修診所,萬華區,臺北市萬華區中華路二段40.42號,25.02521,121.508887
許士昌診所,萬華區,臺北市萬華區艋舺大道168巷７號,25.032493,121.500819
周耳鼻喉科診所,萬華區,臺北市萬華區西昌街173號,25.038887,121.500696
漢宗小兒科診所,萬華區,臺北市萬華區中華路2段434號,25.047845,121.509194
慧洋診所,萬華區,臺北市萬華區莒光路１２５號,25.030972,121.503808
視強眼科診所,萬華區,臺北市萬華區中華路二段５９８號,25.024697,121.509482
天行健診所,萬華區,臺北市萬華區寶興街121、125、127號,25.025559,121.494537
中山婦產科診所,萬華區,臺北市萬華區桂林路１１４號,25.03837,121.499599
陳嘉銘診所,萬華區,臺北市萬華區武成街63巷12弄49號,25.018653,121.493754
林進雄診所,萬華區,臺北市萬華區桂林路102號,25.038356,121.500092
博大泌尿科診所,萬華區,臺北市萬華區康定路92號,25.041798,121.502175
童錫鈺診所,萬華區,臺北市萬華區萬大路４８６巷５９弄１７號,25.019935,121.495595
丞安堂中醫診所,萬華區,臺北市萬華區西園路二段47號,25.026941,121.49056
佳安診所,萬華區,臺北市萬華區青年路34號,25.025639,121.504597
幸福診所,萬華區,臺北市萬華區康定路199號,25.036211,121.501507
財團法人台灣省私立台北仁濟院附設仁濟醫院,萬華區,臺北市萬華區廣州街２００，２４３號,25.036678,121.497894
國立臺灣大學醫學院附設醫院北護分院,萬華區,臺北市萬華區康定路３７號,25.043829,121.502781
曾正彥診所,萬華區,臺北市萬華區西藏路472號,25.028927,121.494702
萬華劉小兒科診所,萬華區,臺北市萬華區康定路158號,25.039594,121.501835
賴耳鼻喉科診所,萬華區,臺北市萬華區西園路二段１９４－１號,25.029233,121.495695
樺昌耳鼻喉科診所,萬華區,臺北市萬華區中華路二段５２４號,25.025443,121.508347
好視多眼科診所,萬華區,臺北市萬華區萬大路257號,25.025902,121.500581
裕仁診所,萬華區,臺北市萬華區萬大路117號,25.023915,121.501699
大元婦產科診所,萬華區,臺北市萬華區西園路二段１４０巷８號,25.0305,121.495889
鄭眼科診所,萬華區,臺北市萬華區莒光路１２３號,25.030971,121.503825
世福診所,萬華區,臺北市萬華區康定路18之3號,25.043813,121.503497
周建堂牙醫診所,萬華區,臺北市萬華區西園路二段３００號,25.026384,121.492866
林民健牙醫診所,萬華區,臺北市萬華區中華路二段５３２號,25.025275,121.508612
感恩中醫診所,萬華區,臺北市萬華區康定路156號,25.039616,121.501838
正弘牙醫診所,萬華區,臺北市萬華區西藏路480號,25.028896,121.494452
萬澤內科診所,萬華區,臺北市萬華區萬大路425之1號,25.021405,121.498734
永康診所,萬華區,臺北市萬華區桂林路47號,25.037465,121.494618
盧漢隆耳鼻喉科診所,萬華區,臺北市萬華區環河南路二段１９７號,25.032269,121.49175
生生整形外科診所,萬華區,臺北市萬華區成都路96號,25.04306,121.504298
雙和診所,萬華區,臺北市萬華區國興路104號,25.025331,121.50719
德泰牙醫診所,萬華區,臺北市萬華區寶興街105號,25.025559,121.494537
仁善美中醫診所,萬華區,臺北市萬華區康定路217號,25.035692,121.501412
蔣富強皮膚專科診所,萬華區,臺北市萬華區萬大路264號,25.021016,121.498389
艋舺通安診所,萬華區,臺北市萬華區環河南路2段242號,25.036238,121.494606
安興診所,萬華區,臺北市萬華區桂林路101號,25.036409,121.493608
萬華瀚群骨科診所,萬華區,臺北市萬華區西園路一段176號,25.036474,121.499231
京采美醫診所,萬華區,臺北市萬華區中華路一段170號,25.041045,121.507478
岐善中醫診所,萬華區,臺北市萬華區中華路二段484巷14之3號,25.026642,121.506489
尚潔牙醫診所,萬華區,臺北市萬華區萬大路427號,25.021304,121.498671
致元中醫診所,萬華區,臺北市萬華區國興路96號,25.027082,121.50573
立新口腔顎面外科牙醫診所,萬華區,臺北市萬華區西園路2段233號,25.026373,121.490688
萬大牙醫診所,萬華區,臺北市萬華區東園街196號,25.021692,121.498358
呂松竹診所,萬華區,臺北市萬華區莒光路116號,25.031183,121.502186
博昌復健科診所,萬華區,臺北市萬華區萬大路221號,25.021475,121.49868
雲品牙醫診所,萬華區,臺北市萬華區萬大路353號,25.023279,121.500009
佳德內科診所,萬華區,臺北市萬華區西園路一段200號,25.035923,121.499205
黃健勇皮膚科診所,萬華區,臺北市萬華區成都路97號,25.043199,121.504507
榮順診所,萬華區,臺北市萬華區環河南路二段238號,25.033385,121.492373
陽光眼科診所,萬華區,臺北市萬華區貴陽街二段81號,25.039857,121.503943
萬華身心精神科診所,萬華區,臺北市萬華區和平西路3段142號,25.034973,121.498409
爵華牙醫診所,萬華區,臺北市萬華區昆明街171號,25.039998,121.50433
萬華賴牙醫診所,萬華區,臺北市萬華區西園路二段180號,25.029556,121.495853
雅意牙醫診所,萬華區,臺北市萬華區漢中街191號,25.041077,121.506733
大順中醫診所,萬華區,臺北市萬華區昆明街277號,25.037009,121.503773
西園醫療社團法人西園醫院,萬華區,臺北市萬華區西園路二段266、268、270、272、276號,25.026397,121.490469
寶健牙醫診所,萬華區,臺北市萬華區國興路82號,25.026573,121.506206
典華牙醫診所,萬華區,臺北市萬華區東園街39號,25.026469,121.49762
光晶妍寶島眼科診所,萬華區,臺北市萬華區萬大路355號,25.023238,121.499976
秋輝中醫診所,萬華區,臺北市萬華區和平西路三段７３號,25.035364,121.501968
聖約翰婦產科診所,萬華區,臺北市萬華區東園街175號,25.024169,121.497351
如春牙醫診所,萬華區,臺北市萬華區環河南路二段１４１號,25.033925,121.493223
潘再榮牙醫診所,萬華區,臺北市萬華區西園路二段７１之１號,25.030704,121.496802
雙園診所,萬華區,臺北市萬華區西藏路261之3號,25.028504,121.493845
唐門中醫診所,萬華區,臺北市萬華區長沙街2段57之1號,25.040445,121.506395
鄭內兒科診所,萬華區,臺北市萬華區艋舺大道430號,25.028921,121.492014
文林牙醫診所,萬華區,臺北市萬華區環河南路二段１８７號,25.032401,121.491861
保誠牙醫診所,萬華區,臺北市萬華區萬大路61號,25.020463,121.495773
台北透析診所,萬華區,臺北市萬華區西園路一段200號,25.035923,121.499205
佳新牙醫診所,萬華區,臺北市萬華區青年路３２之２號,25.02569,121.504676
顏克文診所,萬華區,臺北市萬華區貴陽街二段１０３號,25.039996,121.502519
可為診所,萬華區,臺北市萬華區青年路24號,25.025856,121.505296
麗思醫美診所,萬華區,臺北市萬華區成都路4號,25.042006,121.507624
陳國賢診所,萬華區,臺北市萬華區萬大路２３6號,25.021019,121.498391
東京生活診所,萬華區,臺北市萬華區萬大路491號,25.021002,121.49838
張建昌牙醫診所,萬華區,臺北市萬華區寶興街１９８號,25.023185,121.495472
同仁院醫療財團法人萬華醫院,萬華區,臺北市萬華區中華路二段６０６巷６號,25.024051,121.509823
全心中醫診所,萬華區,臺北市萬華區萬大路138號,25.024182,121.501636
旭生中醫診所,萬華區,臺北市萬華區萬大路五二六號,25.023057,121.509243
萬華衛康內科診所,萬華區,臺北市萬華區萬大路217號,25.021476,121.498681
群笙中醫診所,萬華區,臺北市萬華區環河南路二段193號,25.032337,121.49182
立誠牙醫診所,萬華區,臺北市萬華區萬大路489號,25.021002,121.49838
長泰耳鼻喉科診所,萬華區,臺北市萬華區萬大路270號,25.021016,121.498389
臺北市立聯合醫院附設萬華門診部,萬華區,臺北市萬華區東園街152號,25.023177,121.497611
快樂兒童診所,萬華區,臺北市萬華區寶興街121、125、127號,25.025559,121.494537
日光眼科診所,萬華區,臺北市萬華區和平西路三段85號,25.03537,121.501648
南光牙醫診所,萬華區,臺北市萬華區西園路一段１６０號,25.037043,121.499308
天一牙醫診所,萬華區,臺北市萬華區西寧南路９１號,25.038561,121.506328
孝德牙醫診所,萬華區,臺北市萬華區貴陽街二段144、146號,25.039996,121.502519
國民牙醫診所,萬華區,臺北市萬華區寶興街１８２號,25.023804,121.495257
宏德牙醫診所,萬華區,臺北市萬華區中華路二段六十六號,25.02521,121.508887
欣揚牙醫診所,萬華區,臺北市萬華區中華路二段142.144號,25.02521,121.508887
水波牙醫診所,萬華區,臺北市萬華區西園路一段２１４號,25.035655,121.4992
瑞安堂中醫診所,萬華區,臺北市萬華區康定路258號,25.037342,121.501484
漢方中醫聯合診所,萬華區,臺北市萬華區西園路二段２５４巷５號,25.02805,121.494537
嘉生診所,萬華區,臺北市萬華區廣州街72號,25.03649,121.502952
萬嘉耳鼻喉科診所,萬華區,臺北市萬華區萬大路144號,25.016736,121.495569
大久美學牙醫診所,萬華區,臺北市萬華區和平西路3段180號,25.034973,121.498409
艋舺牙醫診所,萬華區,臺北市萬華區和平西路三段226號,25.035224,121.496367
鑫慧牙醫診所,萬華區,臺北市萬華區和平西路三段302巷2號,25.03484,121.493045
信元牙醫診所,萬華區,臺北市萬華區昆明街175號,25.039626,121.504239
聯安中醫診所,萬華區,臺北市萬華區西園路二段243之11號,25.026379,121.493344
瑞泰中醫診所,萬華區,臺北市萬華區康定路91號,25.039798,121.502053
程惠政中醫診所,萬華區,臺北市萬華區中華路一段170號,25.041045,121.507478
孝忠牙醫診所,萬華區,臺北市萬華區康定路１６０號,25.039558,121.501822
進安牙醫診所,萬華區,臺北市萬華區東園街１１８號,25.024066,121.497249
永亨牙醫診所,萬華區,臺北市萬華區雙園街３１號,25.031193,121.489002
信恩牙醫診所,萬華區,臺北市萬華區和平西路三段６４號,25.035392,121.491326
桂林牙醫診所,萬華區,臺北市萬華區桂林路１２２之２號,25.038303,121.499207
正一牙醫診所,萬華區,臺北市萬華區和平西路三段261號,25.035695,121.494021
邦安牙醫診所,萬華區,臺北市萬華區康定路１３６號,25.040026,121.501866
敦祥牙醫診所,萬華區,臺北市萬華區桂林路２號,25.037921,121.495348
明誌牙醫診所,萬華區,臺北市萬華區昆明街２３０號,25.04014,121.504189
青年牙醫診所,萬華區,臺北市萬華區青年路３２號,25.02569,121.504676
守謙中醫診所,萬華區,臺北市萬華區萬大路266號,25.021016,121.498389
常懿中醫診所,萬華區,臺北市萬華區武成街９號,25.019673,121.494602
原億中醫診所,萬華區,臺北市萬華區萬大路295號,25.024968,121.500535
張碧蓮中醫診所,萬華區,臺北市萬華區內江街８0號,25.041476,121.50413
維恩耳鼻喉科診所,萬華區,臺北市萬華區萬大路446號,25.020533,121.497843
豪診所,萬華區,臺北市萬華區萬大路二三四號,25.023057,121.509243
童芯牙醫診所,文山區,臺北市文山區久康街24巷7號,24.989372,121.566064
雙全漢醫中醫診所,文山區,臺北市文山區羅斯福路6段299號,25.00105,121.539713
樂群耳鼻喉科家醫科診所,文山區,臺北市文山區木新路三段202號,24.981647,121.560019
臺北市立萬芳醫院-委託臺北醫學大學辦理,文山區,臺北市文山區興隆路三段111號,25.000833,121.557849
康翔牙醫診所,文山區,臺北市文山區興隆路二段１２4號,25.001003,121.5504
興隆診所,文山區,臺北市文山區興隆路三段一一二巷九號,24.997884,121.558999
正大牙醫診所,文山區,臺北市文山區指南路一段43號,24.988009,121.570272
元品中醫診所,文山區,臺北市文山區興隆路三段174號,24.998195,121.558573
陳世傑牙醫診所,文山區,臺北市文山區興隆路二段二二九號,25.002445,121.552887
安心堂中醫診所,文山區,臺北市文山區羅斯福路5段216之2號,25.001236,121.539893
房國堂小兒專科診所,文山區,臺北市文山區木新路二段269號,24.982979,121.566189
生德堂中醫診所,文山區,臺北市文山區忠順街一段２６巷２３號,24.982218,121.559849
新典牙醫診所,文山區,臺北市文山區興隆路三段３８號,25.00036,121.555467
瑞萱診所,文山區,臺北市文山區景華街一二四號,24.997382,121.549099
景美陳牙醫診所,文山區,臺北市文山區羅斯福路六段272號,24.991483,121.540025
寶島牙醫診所,文山區,臺北市文山區萬壽路十一號,24.98305,121.589389
人本家庭牙醫診所,文山區,臺北市文山區木新路三段３５０號,24.980313,121.55488
吳明珠中醫診所,文山區,臺北市文山區羅斯福路五段21號,25.001546,121.540615
林醫師診所,文山區,臺北市文山區景興路１４５號,24.99681,121.547655
元昌堂中醫診所,文山區,臺北市文山區木柵路二段1２７號,24.989027,121.562242
宏福中醫診所,文山區,臺北市文山區木柵路一段182號,24.987749,121.552602
仁泰牙醫診所,文山區,臺北市文山區景興路２３８巷３號,24.990657,121.542989
正勳牙醫診所,文山區,臺北市文山區景興路３１號,24.99508,121.542222
台欣牙醫診所,文山區,臺北市文山區木新路二段２９７號,24.98271,121.565408
西安牙醫診所,文山區,臺北市文山區羅斯福路六段２９６號,24.99083,121.539773
永健牙醫診所,文山區,臺北市文山區木柵路一段１５２號,24.987629,121.551855
詹牙醫診所,文山區,臺北市文山區興隆路二段120號,25.000944,121.550317
維新牙醫診所,文山區,臺北市文山區指南路二段129號,24.98754,121.57684
景美喜信牙醫診所,文山區,臺北市文山區景華街82巷15號,24.993899,121.545392
廣泉牙醫診所,文山區,臺北市文山區興隆路三段41號,24.99484,121.557496
天和堂中醫診所,文山區,臺北市文山區景美街一之五號,24.991317,121.541885
耿誠中醫診所,文山區,臺北市文山區羅斯福路六段一一四號,24.998068,121.540587
育德堂中醫診所,文山區,臺北市文山區木新路三段173號,24.981545,121.56055
張純龍中醫診所,文山區,臺北市文山區興隆路二段132號,25.001122,121.550563
景升診所,文山區,臺北市文山區興隆路二段９３之１號,24.999381,121.547079
文山牙醫診所,文山區,臺北市文山區木柵路3段37號,24.998916,121.573844
新安牙醫診所,文山區,臺北市文山區辛亥路四段236號,25.001835,121.555052
有全醫療社團法人景美牙醫診所,文山區,臺北市文山區景美街20號,24.991292,121.541826
實踐牙醫診所,文山區,臺北市文山區忠順街一段１４３號,24.984448,121.560851
北持牙醫診所,文山區,臺北市文山區木柵路一段267號,24.988122,121.553393
忠順牙醫診所,文山區,臺北市文山區忠順街二段４３號,24.985048,121.563731
木新牙醫診所,文山區,臺北市文山區木新路二段２２２號,24.983837,121.568414
新同仁牙醫診所,文山區,臺北市文山區羅斯福路六段２９４號,24.990889,121.539796
力行牙醫診所,文山區,臺北市文山區景興路 30號,24.994883,121.542651
天丞牙醫診所,文山區,臺北市文山區木新路三段３２５號,24.980525,121.556486
西歐牙醫診所,文山區,臺北市文山區興隆路一段151號,25.001665,121.542434
雅田牙醫診所,文山區,臺北市文山區景興路１１９號,24.996008,121.546975
建宏牙醫診所,文山區,臺北市文山區景文街４６號,24.991376,121.54121
威登牙醫診所,文山區,臺北市文山區羅斯福路六段一一二號,24.998068,121.540587
怡佳牙醫診所,文山區,臺北市文山區忠順街一段１５５號,24.984496,121.561144
晶品牙醫診所,文山區,臺北市文山區羅斯福路五段244號,25.001333,121.539009
驊陽牙醫診所,文山區,臺北市文山區忠順街1段26巷32號,24.98465,121.562085
敦揚牙醫診所,文山區,臺北市文山區木新路二段247號,24.983272,121.567031
堤岸牙醫診所,文山區,臺北市文山區木柵路四段143之1號,24.9982,121.574074
信和牙醫診所,文山區,臺北市文山區木柵路一段七十一號,24.98804,121.553856
福祥牙醫診所,文山區,臺北市文山區羅斯福路五段一七二號,25.003507,121.537262
亞美光聯合牙醫診所,文山區,臺北市文山區景美街一之六號,24.991317,121.541885
一心牙醫診所,文山區,臺北市文山區忠順街二段21之2號,24.98483,121.563019
慈慧內科眼科聯合診所,文山區,臺北市文山區羅斯福路五段264號,25.000733,121.539247
慶如診所,文山區,臺北市文山區萬慶街18號,24.992546,121.539898
夏安皮膚專科診所,文山區,臺北市文山區興隆路3段26號,24.993743,121.558222
世誠耳鼻喉科診所,文山區,臺北市文山區忠順街一段107號,24.984216,121.559444
樸園牙醫診所,文山區,臺北市文山區指南路二段４５巷８號,24.988691,121.574537
頌恩牙醫診所,文山區,臺北市文山區木柵路二段111號,24.988981,121.561835
臺灣警察專科學校醫務室,文山區,臺北市文山區興隆路三段153號,24.995788,121.554521
目欣眼科診所,文山區,臺北市文山區木新路二段１２０號,24.984411,121.569557
明瀚骨科診所,文山區,臺北市文山區保儀路58號,24.98763,121.568446
睿安牙醫診所,文山區,臺北市文山區木新路3段153號,24.982838,121.558261
長欣婦產科診所,文山區,臺北市文山區興隆路四段六十號,24.983734,121.562913
楊向榮耳鼻喉科診所,文山區,臺北市文山區羅斯福路五段２２３號,25.001992,121.539168
家樂牙醫診所,文山區,臺北市文山區萬安街33號,25.000692,121.570815
黃兆宜曙光診所,文山區,臺北市文山區景文街1號,24.990407,121.540794
定安診所,文山區,臺北市文山區景興路165號,24.997599,121.547795
芳馨診所,文山區,臺北市文山區興隆路二段62號,24.999607,121.547824
多美牙醫診所,文山區,臺北市文山區福興路23號,25.00459,121.551565
德康耳鼻喉科診所,文山區,臺北市文山區羅斯福路六段260號,24.991791,121.540149
普仁診所,文山區,臺北市文山區興隆路四段１７１號,24.98387,121.562071
楊麗姝中醫診所,文山區,臺北市文山區興隆路2段220巷31弄6號,24.99769,121.5582
信願堂中醫診所,文山區,臺北市文山區木新路二段１１８號,24.984439,121.569604
精英牙醫診所,文山區,臺北市文山區羅斯福路六段４３５號,24.990676,121.54013
黃嘉欣中醫診所,文山區,臺北市文山區興隆路一段１６４號,25.001403,121.542346
豫章堂中醫診所,文山區,臺北市文山區興隆路一段９０號,25.003098,121.54112
誠心身心醫學診所,文山區,臺北市文山區羅斯福路6段138號,25.00105,121.539713
木柵101牙醫診所,文山區,臺北市文山區興隆路2段95巷5之1號,25.001882,121.55271
木柵身心診所,文山區,臺北市文山區辛亥路四段246號,25.00162,121.554915
聞容中醫診所,文山區,臺北市文山區指南路一段47之1號,24.987991,121.570459
王家庭醫學科診所,文山區,臺北市文山區萬安街9號,25.001513,121.570639
欣美牙醫診所,文山區,臺北市文山區木柵路3段10號,24.998916,121.573844
格林牙醫診所,文山區,臺北市文山區木新路3段70號,24.982838,121.558261
秀明診所,文山區,臺北市文山區秀明路2段22號,24.991279,121.576333
京順中醫診所,文山區,臺北市文山區興隆路三段52號,25.000164,121.555847
邱成湦皮膚專科診所,文山區,臺北市文山區興隆路4段163號,24.998518,121.558037
秀心診所,文山區,臺北市文山區保儀路26巷1號,24.98837,121.568345
臻美牙醫診所,文山區,臺北市文山區羅斯福路5段167號,25.001236,121.539893
合康復健科診所,文山區,臺北市文山區興隆路四段217號,24.982538,121.562522
品橙牙醫診所,文山區,臺北市文山區羅斯福路六段200號,24.993835,121.540864
常春藤中醫診所,文山區,臺北市文山區羅斯福路五段197號,25.002514,121.538966
保儀中醫診所,文山區,臺北市文山區忠順街2段110、112號,24.985639,121.564626
東翰診所,文山區,臺北市文山區興隆路二段139號,25.000227,121.54819
林坤霖耳鼻喉科診所,文山區,臺北市文山區羅斯福路六段14號,24.991766,121.53878
安薪牙醫診所,文山區,臺北市文山區興隆路四段68號,24.984683,121.561488
德在牙醫診所,文山區,臺北市文山區景福街三十號,24.996707,121.536184
德威牙醫診所,文山區,臺北市文山區興隆路一段72號,25.003613,121.540792
王令時內科診所,文山區,臺北市文山區興隆路二段200號,25.00163,121.552021
泓仁診所,文山區,臺北市文山區木新路二段２７３號,24.982948,121.566099
澤文診所,文山區,臺北市文山區興隆路四段１３３號,24.985417,121.561542
林建輝小兒科診所,文山區,臺北市文山區興隆路二段７０號,24.999749,121.547995
瑞杏診所,文山區,臺北市文山區羅斯福路六段１５９巷１弄１２號,24.997896,121.541155
德安小兒科診所,文山區,臺北市文山區興隆路四段６－１０號,24.983455,121.562578
寶顧中醫診所,文山區,臺北市文山區木新路三段232巷6弄10號,24.981906,121.559437
東山中醫診所,文山區,臺北市文山區興隆路三段198號,24.997845,121.558939
德佳牙醫診所,文山區,臺北市文山區興隆路二段２８１號,25.001657,121.552784
大木柵陳牙醫診所,文山區,臺北市文山區木新路三段２４８號,24.981382,121.558774
家家牙醫診所,文山區,臺北市文山區興隆路三段２０７巷１１弄１１號,24.995509,121.561586
昱翔牙醫診所,文山區,臺北市文山區羅斯福路五段171號,25.003043,121.538858
文山復健科診所,文山區,臺北市文山區興隆路三段207之4號,24.994869,121.559781
林正豐診所,文山區,臺北市文山區保儀路25號,24.987617,121.568323
漂亮101皮膚科診所,文山區,臺北市文山區景美街20號,24.991292,121.541826
游正賢中醫診所,文山區,臺北市文山區辛亥路4段241號,24.984278,121.554599
聯恩診所,文山區,臺北市文山區木柵路2段131號,24.998205,121.574431
景美醫院,文山區,臺北市文山區羅斯福路六段280號,24.991089,121.53983
慧安堂中醫診所,文山區,臺北市文山區興隆路二段179號,25.000759,121.549181
景福眼科診所,文山區,臺北市文山區羅斯福路六段318號,24.990135,121.539487
許至文耳鼻喉科診所,文山區,臺北市文山區指南路一段2號,24.987563,121.568767
屈銘軒小兒科診所,文山區,臺北市文山區興隆路二段301巷4-2號,25.002295,121.553617
徐慧玲診所,文山區,臺北市文山區興隆路四段97號,24.98834,121.560496
愛文診所,文山區,臺北市文山區木柵路4段141號,24.999091,121.573893
黃偉志小兒科診所,文山區,臺北市文山區萬慶街12號,24.992397,121.540076
李信成眼科診所,文山區,臺北市文山區興隆路四段54之7號,24.985938,121.560965
景安診所,文山區,臺北市文山區羅斯福路六段136號,24.99661,121.540834
春林復健科診所,文山區,臺北市文山區木新路三段229號,24.98121,121.559085
欣民診所,文山區,臺北市文山區保儀路37號,24.987909,121.568695
慈幼診所,文山區,臺北市文山區指南路二段二十一號,24.987509,121.576523
平安耳鼻喉科診所,文山區,臺北市文山區木新路三段１０６號,24.982275,121.562749
仁耀診所,文山區,臺北市文山區興隆路一段２７３號,24.99896,121.544383
保順診所,文山區,臺北市文山區木新路二段２０６號,24.983728,121.567712
興隆李內兒科診所,文山區,臺北市文山區興隆路一段１２號,25.004029,121.541533
景美蔡登元婦產科診所,文山區,臺北市文山區興隆路二段１８９號,25.00083,121.549435
興隆內科小兒科診所,文山區,臺北市文山區興隆路二段１７號,25.002217,121.553503
陳建業診所,文山區,臺北市文山區景文街86號,24.990514,121.541032
瀚霖眼科診所,文山區,臺北市文山區興隆路二段６７號,24.999104,121.546236
健誠診所,文山區,臺北市文山區木新路三段１２４號,24.9821,121.561973
洪佑承小兒專科診所,文山區,臺北市文山區興隆路四段64之2號,24.985047,121.561358
晉康復健科診所,文山區,臺北市文山區興隆路二段２２８之１號,25.001027,121.553343
黃皮膚科診所,文山區,臺北市文山區興隆路三段７９巷５號,25.000258,121.556542
天光中醫診所,文山區,臺北市文山區羅斯福路六段１５８號,24.995135,121.540929
永麗牙醫診所,文山區,臺北市文山區木新路三段111號,24.981992,121.562422
葉洪小兒科診所,文山區,臺北市文山區興隆路三段二Ｏ二號,24.997884,121.558999
陳鐵誠中醫診所,文山區,臺北市文山區羅斯福路六段138號,24.996548,121.540842
協和牙醫診所,文山區,臺北市文山區羅斯福路六段２３４－１號,24.998068,121.540587
誠一牙醫診所,文山區,臺北市文山區興隆路四段191號,24.983203,121.562285
莊豐賓泌尿科診所,文山區,臺北市文山區興隆路2段224之4號,25.001882,121.55271
欣成診所,文山區,臺北市文山區辛亥路4段128之1號,24.984278,121.554599
官世英診所,文山區,臺北市文山區景興路四十五號,24.996951,121.543013
長青傳統中醫診所,文山區,臺北市文山區羅斯福路6段316號,25.00105,121.539713
璟美眼科診所,文山區,臺北市文山區羅斯福路6段292號,25.00105,121.539713
震杰小兒科診所,文山區,臺北市文山區景興路129號,24.99632,121.547357
德全牙醫診所,文山區,臺北市文山區羅斯福路六段２４８號,24.99203,121.540241
大豐耳鼻喉科診所,文山區,臺北市文山區木新路三段220號,24.981508,121.559422
臺北市立聯合醫院附設政大門診部,文山區,臺北市文山區指南路二段117號,24.987619,121.576521
李聯合診所,文山區,臺北市文山區羅斯福路五段１７０巷１－３號,25.004498,121.538247
喬齡牙醫診所,文山區,臺北市文山區興隆路四段6之13號,24.983455,121.562578
杏昌牙醫診所,文山區,臺北市文山區羅斯福路五段１９４號,25.003512,121.538454
徐文治診所,文山區,臺北市文山區木新路三段２４９號,24.981082,121.558576
景華牙醫診所,文山區,臺北市文山區景華街一二二號,24.997382,121.549099
全家牙醫診所,文山區,臺北市文山區木柵路二段１４３號,24.990652,121.562647
安德中醫診所,文山區,臺北市文山區景福街228號,24.993779,121.53898
吳錫賢診所,文山區,臺北市文山區木新路三段２０８號,24.981581,121.559746
大中牙醫診所,文山區,臺北市文山區羅斯福路五段１８０號,25.004094,121.538522
健鑫診所,文山區,臺北市文山區忠順街一段28號,24.983231,121.558406
星福中醫診所,文山區,臺北市文山區景興路93號,24.995439,121.546072
協群牙醫診所,文山區,臺北市文山區忠順街一段４１巷８號,24.984646,121.558607
高鳴傑 眼科診所,文山區,臺北市文山區木新路三段223號,24.982371,121.558783
瑞雲牙醫診所,文山區,臺北市文山區汀州路四段146號,25.00488,121.535669
意一堂中醫診所,文山區,臺北市文山區羅斯福路5段295號,25.001236,121.539893
陳啟義眼科診所,文山區,臺北市文山區興隆路三段204號,24.997729,121.559087
真善美中醫診所,文山區,臺北市文山區忠順街一段129號,24.984378,121.560442
禎美中醫診所,文山區,臺北市文山區羅斯福路5段240號,25.001236,121.539893
文山上明眼科診所,文山區,臺北市文山區興隆路2段198號,25.001882,121.55271
泰明堂中醫診所,文山區,臺北市文山區興隆路2段198號,25.001882,121.55271
康喬自然診所,文山區,臺北市文山區政大二街51之1號,24.986867,121.583618
究美診所,文山區,臺北市文山區興隆路3段76號,24.993743,121.558222
洵美牙醫診所,文山區,臺北市文山區興隆路2段220巷35號,24.99769,121.5582
山林診所,文山區,臺北市文山區羅斯福路6段407號,25.00105,121.539713
德方中醫診所,文山區,臺北市文山區景興路39之2號,24.995094,121.542459
萬隆力康復健科診所,文山區,臺北市文山區羅斯福路5段127號,25.001236,121.539893
晴明中醫診所,文山區,臺北市文山區木新路3段186號,24.982838,121.558261
采新牙醫診所,文山區,臺北市文山區興隆路2段224號,25.001882,121.55271
吉品牙醫診所,文山區,臺北市文山區指南路2段203號,24.977377,121.583112
合春中醫診所,文山區,臺北市文山區興隆路2段220巷1號,24.99769,121.5582
心田美學牙醫診所,文山區,臺北市文山區羅斯福路6段38號,25.00105,121.539713
養生堂中醫診所,文山區,臺北市文山區忠順街1段80號,24.98465,121.562085
蘇黎世診所,文山區,臺北市文山區興隆路3段28號,24.993743,121.558222
至善醫坊中醫診所,文山區,臺北市文山區景文街46之1號,24.991376,121.54121
童元釔齒顎矯正專科牙醫診所,文山區,臺北市文山區興隆路2段141號,25.001882,121.55271
愛文婦產科診所,文山區,臺北市文山區木柵路4段141號,24.999091,121.573893
雅興牙醫診所,文山區,臺北市文山區興隆路3段133號,24.993743,121.558222
順欣診所,文山區,臺北市文山區木柵路3段112號,24.998916,121.573844
和沛身心醫學診所,文山區,臺北市文山區羅斯福路五段232號,25.001783,121.538814
美學辰安牙醫診所,文山區,臺北市文山區指南路1段18號,24.976072,121.588095
沐芯牙醫診所,文山區,臺北市文山區木新路3段153號,24.982838,121.558261
佳鴻診所,文山區,臺北市文山區羅斯福路6段256號,25.00105,121.539713
羅斯福臻美牙醫診所,文山區,臺北市文山區羅斯福路5段172號,25.001236,121.539893
風寀時尚診所,文山區,臺北市文山區羅斯福路六段236號,24.998068,121.540587
旭明眼科診所,文山區,臺北市文山區景興路203號,24.991796,121.54394
玉函中醫診所,文山區,臺北市文山區木柵路一段159號,24.987669,121.550576
叁代牙醫診所,文山區,臺北市文山區興隆路三段１９４號,24.997926,121.558835
唯芯牙醫診所,文山區,臺北市文山區木柵路三段51號,24.988651,121.566259
仁荔健康診所,文山區,臺北市文山區興隆路一段258號,24.998466,121.544952
千順中醫診所,文山區,臺北市文山區景文街173號,24.988969,121.540961
丞志耳鼻喉診所,板橋區,新北市板橋區大明街12號,25.002555,121.459101
憲安診所,板橋區,新北市板橋區忠孝路十九號,25.002411,121.463571
廖世輝中醫診所,板橋區,新北市板橋區國慶路１４９巷３６號,24.997973,121.461043
惠群中醫診所,板橋區,新北市板橋區民族路165號,25.007718,121.468386
郭中醫診所,板橋區,新北市板橋區南雅西路2段182號,25.004634,121.454903
兆祥牙醫診所,板橋區,新北市板橋區中正路233號,25.017969,121.455914
慶安牙醫診所,板橋區,新北市板橋區四維路１３７巷１弄１號,25.02513,121.464878
匯通牙醫診所,板橋區,新北市板橋區忠孝路四六號,25.002411,121.463571
合康婦產科診所,板橋區,新北市板橋區陽明街34號,25.021927,121.466126
簡牙醫診所,板橋區,新北市板橋區府中路８８號,25.00966,121.456215
板橋雙十牙醫診所,板橋區,新北市板橋區雙十路2段158號,25.028163,121.475503
周延隆耳鼻喉科診所,板橋區,新北市板橋區中正路283號,25.019132,121.455391
明遠中醫診所,板橋區,新北市板橋區文化路一段159號,25.016023,121.462625
維力骨科診所,板橋區,新北市板橋區文化路二段19號,25.024534,121.468611
余立俊診所,板橋區,新北市板橋區民權路二０二巷一一弄二號,25.013007,121.45973
板橋同仁堂中醫診所,板橋區,新北市板橋區四川路一段一三○號,25.001751,121.459306
劉宜光診所,板橋區,新北市板橋區龍興街33號,25.000333,121.442895
板橋美麗爾美學診所,板橋區,新北市板橋區文化路一段145號,25.015666,121.462332
姜條宗內科診所,板橋區,新北市板橋區裕民街１３９號,25.027209,121.458919
久明診所,板橋區,新北市板橋區文化路1段137號,25.009668,121.457692
恩美牙醫診所,板橋區,新北市板橋區仁化街42巷7號,25.031273,121.475473
劉仲彥皮膚專科診所,板橋區,新北市板橋區雙十路2段167號,25.028163,121.475503
徐小兒科診所,板橋區,新北市板橋區陽明街46之2號,25.022045,121.46569
成安診所,板橋區,新北市板橋區重慶路308巷2號,24.998034,121.463516
長宏骨科診所,板橋區,新北市板橋區民治街127號,25.030858,121.477971
陳榮文中醫診所,板橋區,新北市板橋區新生街11號,25.021158,121.455264
智中牙醫診所,板橋區,新北市板橋區中山路二段１６６號,25.017122,121.47701
板橋蒔美牙醫診所,板橋區,新北市板橋區區運路28號,25.009615,121.465453
東暘牙醫診所,板橋區,新北市板橋區雨農路30號,25.024499,121.461405
蔡榮展耳鼻喉科診所,板橋區,新北市板橋區陽明街１０８號,25.022874,121.463114
謙合科學中醫診所,板橋區,新北市板橋區莊敬路68號,25.025259,121.471751
立竹診所,板橋區,新北市板橋區實踐路121號,25.004988,121.464173
百善堂中醫診所,板橋區,新北市板橋區新海路344號,25.024586,121.460164
大觀牙醫診所,板橋區,新北市板橋區龍興街71巷6號,25.002018,121.44356
懷安牙醫診所,板橋區,新北市板橋區國光路215號,25.018658,121.462272
仁禾診所,板橋區,新北市板橋區民生路三段93號,25.024675,121.466669
陳志洪診所,板橋區,新北市板橋區文化路1段216號,25.009668,121.457692
東豪牙醫診所,板橋區,新北市板橋區文化路2段241號,25.025953,121.4696
板橋光澤診所,板橋區,新北市板橋區館前東路2號,25.007005,121.459652
德民耳鼻喉科診所,板橋區,新北市板橋區民族路二九二號,25.008387,121.46624
弘安耳鼻喉科診所,板橋區,新北市板橋區重慶路308巷8號,24.997875,121.463547
雅音眼科診所,板橋區,新北市板橋區民生路一段６０號,25.015046,121.474079
豐禾文化婦產科診所,板橋區,新北市板橋區文化路一段322號,25.022153,121.467828
江翠中醫診所,板橋區,新北市板橋區雙十路3段1號,25.023889,121.478133
偉仁牙醫診所,板橋區,新北市板橋區三民路2段203之5號,24.97265,121.53951
璞和中醫診所,板橋區,新北市板橋區中山路2段134號,25.00082,121.45173
板聯診所,板橋區,新北市板橋區民治街一四０號,25.032247,121.479539
陳智宏診所,板橋區,新北市板橋區民權路28號,25.010266,121.463136
樂田耳鼻喉科診所,板橋區,新北市板橋區文化路二段10號,25.024041,121.468832
榮德中醫診所,板橋區,新北市板橋區懷德街131號,25.03053,121.479174
岳德聯合牙醫診所,板橋區,新北市板橋區中正路四十三號,25.02076,121.454719
禾家美學診所,板橋區,新北市板橋區文化路二段15號,25.02446,121.468574
章牙醫診所,板橋區,新北市板橋區中山路二段８６號,25.016223,121.475082
東芳榮妹中醫診所,板橋區,新北市板橋區貴興路82號,25.002872,121.456258
六合堂中醫診所,板橋區,新北市板橋區中正路332之4號,25.022538,121.45438
實健診所,板橋區,新北市板橋區中山路2段32號,25.00082,121.45173
天祐中醫診所,板橋區,新北市板橋區三民路二段119號,25.015714,121.479337
鼎吉牙醫診所,板橋區,新北市板橋區漢生東路173號,25.012185,121.469541
弘濟堂中醫診所,板橋區,新北市板橋區實踐路127號,25.004838,121.464206
尚誠牙醫診所,板橋區,新北市板橋區中山路二段5號,25.015006,121.471977
鼎超中醫診所,板橋區,新北市板橋區雙十路2段47巷8弄16號,25.028163,121.475503
穎泰診所,板橋區,新北市板橋區懷德街109號,25.031438,121.478544
采醫璟麗診所,板橋區,新北市板橋區民生路二段209號,25.020675,121.468968
日煦牙醫診所,板橋區,新北市板橋區民權路210號,25.014056,121.458989
欣美診所,板橋區,新北市板橋區中山路一段6號,25.007818,121.460019
全人中醫診所,板橋區,新北市板橋區中山路二段262號,25.018364,121.478952
達特楊眼科診所,板橋區,新北市板橋區文化路一段148號,25.019009,121.465481
江翠牙醫診所,板橋區,新北市板橋區雙十路二段165號,25.028372,121.474248
板橋愛爾麗診所,板橋區,新北市板橋區中山路一段6號,25.007818,121.460019
亮白牙醫診所,板橋區,新北市板橋區四維路119號,25.024853,121.465332
鴻林中醫診所,板橋區,新北市板橋區成都街37號,25.005003,121.461122
佳腎內科診所,板橋區,新北市板橋區文化路一段120號,25.018502,121.46506
基祥西醫診所,板橋區,新北市板橋區四川路2段120號,24.996235,121.455709
重心診所,板橋區,新北市板橋區國慶路189號,24.996479,121.462928
溫大慶小兒科診所,板橋區,新北市板橋區新海路386號,25.026239,121.459095
大學牙醫診所,板橋區,新北市板橋區裕民街一０八號,25.028183,121.460551
翰醫堂新板中醫診所,板橋區,新北市板橋區文化路一段349號,25.020991,121.466546
林衡毅中醫診所,板橋區,新北市板橋區四川路二段140巷16弄22號,24.9942,121.44893
全泰診所,板橋區,新北市板橋區館前西路140、142號,25.008092,121.455993
板橋諾貝爾眼科診所,板橋區,新北市板橋區文化路一段145號,25.015666,121.462332
常春聯合診所,板橋區,新北市板橋區四川路一段四十七號,25.001751,121.459306
順心診所,板橋區,新北市板橋區中山路2段160號,25.00082,121.45173
板橋小岩井診所,板橋區,新北市板橋區文化路二段10號,25.024041,121.468832
蔡明志小兒專科診所,板橋區,新北市板橋區雨農路56號,25.024253,121.460819
吳懿蒼小兒科診所,板橋區,新北市板橋區國光路４３號,25.017831,121.457698
全泰中醫診所,板橋區,新北市板橋區中山路2段78號,25.00082,121.45173
良鴻牙醫診所,板橋區,新北市板橋區仁化街八七號,25.032476,121.476941
健和牙醫診所,板橋區,新北市板橋區實踐路96號,25.004956,121.463957
時代牙醫診所,板橋區,新北市板橋區忠孝路１２號,25.001709,121.459779
益新牙醫診所,板橋區,新北市板橋區南雅南路一段74號,25.00517,121.455255
聖恩牙醫診所,板橋區,新北市板橋區莒光路74號,25.024071,121.47143
心世界身心精神科診所,板橋區,新北市板橋區國光路33號,25.017723,121.457234
向陽澄思診所,板橋區,新北市板橋區文化路二段113號,25.026524,121.469676
菁樺牙醫診所,板橋區,新北市板橋區民生路一段十九號,25.012755,121.476077
京澄皮膚專科診所,板橋區,新北市板橋區三民路一段181、183號,25.020877,121.479286
向德中醫診所,板橋區,新北市板橋區文化路2段109號,25.023908,121.46876
環球美學牙醫診所,板橋區,新北市板橋區民安街28號,25.011259,121.466864
王英權皮膚科診所,板橋區,新北市板橋區民族路１２９巷６號,25.008299,121.467698
曾耳鼻喉科診所,板橋區,新北市板橋區民族路４３號,25.00966,121.462712
康祐牙醫診所,板橋區,新北市板橋區光武街17號,25.024757,121.467948
邱慶來牙醫診所,板橋區,新北市板橋區新民街7巷18之1號,25.010495,121.463795
精英牙醫診所,板橋區,新北市板橋區中山路2段84-4號,25.00082,121.45173
宏元小兒科診所,板橋區,新北市板橋區仁化街一號,25.032476,121.476941
南雅復健科診所,板橋區,新北市板橋區南雅南路一段3號,25.00719,121.456576
天下牙醫診所,板橋區,新北市板橋區後菜園街１９號,25.010115,121.456914
家福中醫診所,板橋區,新北市板橋區雙十路三段四十三號,25.031882,121.470564
惟美牙醫診所,板橋區,新北市板橋區雙十路二段6號,25.026176,121.476901
菡生婦幼診所,板橋區,新北市板橋區中山路一段104號,25.011081,121.46706
晶美牙醫診所,板橋區,新北市板橋區文化路一段219一1號,25.017256,121.463633
新北市板橋區衛生所,板橋區,新北市板橋區英士路192號,25.023377,121.45814
德一診所,板橋區,新北市板橋區中山路2段236號,25.00082,121.45173
京品牙醫診所,板橋區,新北市板橋區忠孝路97號,25.002338,121.462396
興安診所,板橋區,新北市板橋區龍興街51號,25.00093,121.443094
健福中醫診所,板橋區,新北市板橋區中山路二段237號,25.017545,121.477192
明德中醫診所,板橋區,新北市板橋區莒光路78巷4號,25.023826,121.471394
愛德診所,板橋區,新北市板橋區大觀路二段一五二號,24.997156,121.442566
樂活醫美診所,板橋區,新北市板橋區民族路89之2號,25.008453,121.466362
欣采美學牙醫診所,板橋區,新北市板橋區文聖街176、178號,25.029094,121.477912
松柏牙醫診所,板橋區,新北市板橋區松柏街４１號,25.030353,121.475504
板橋新生堂中醫診所,板橋區,新北市板橋區文化路一段188巷17號,25.019241,121.466786
榮美中醫診所,板橋區,新北市板橋區莒光路100號,25.023754,121.46933
寶生中醫診所,板橋區,新北市板橋區裕民街123號,25.027461,121.459422
板杏內科診所,板橋區,新北市板橋區館前東路26號,25.007131,121.46049
牙醫先生牙醫診所,板橋區,新北市板橋區信義路14號,24.996087,121.45686
英倫牙醫診所,板橋區,新北市板橋區文化路二段237號,25.028776,121.470714
建全中醫診所,板橋區,新北市板橋區重慶路277號,24.999485,121.463579
麗緻美學牙醫診所,板橋區,新北市板橋區文化路一段255號,25.018167,121.46435
里安診所,板橋區,新北市板橋區信義路58號,24.993777,121.457059
府中讚美診所,板橋區,新北市板橋區府中路60號,25.010098,121.457047
老德燕中醫診所,板橋區,新北市板橋區文化路一段30號,25.011497,121.459294
板橋星和診所,板橋區,新北市板橋區中山路一段67號,25.00974,121.461175
謙岳美學牙醫診所,板橋區,新北市板橋區中山路一段263號,25.013494,121.468692
米蘭時尚診所,板橋區,新北市板橋區新府路1之5號,25.012,121.463853
悅安心復健專科診所,板橋區,新北市板橋區三民路二段127號,25.015509,121.479336
板橋四維皮膚科診所,板橋區,新北市板橋區四維路150號,25.025633,121.465052
幸福身心精神科診所,板橋區,新北市板橋區實踐路83號,25.005657,121.464042
潤宇堂中醫診所,板橋區,新北市板橋區重慶路175號,25.002571,121.462735
正大中醫診所,板橋區,新北市板橋區民生路三段116號,25.028203,121.465683
向日葵美學牙醫診所,板橋區,新北市板橋區文化路一段181號,25.016367,121.46291
藝群板橋診所,板橋區,新北市板橋區中山路一段67號,25.00974,121.461175
金正中醫診所,板橋區,新北市板橋區民權路278號,25.015692,121.45759
振侒診所,板橋區,新北市板橋區重慶路276-11號,25.002555,121.462645
聖恩中醫診所,板橋區,新北市板橋區陽明街 126號,25.023745,121.463794
昌禾骨科診所,板橋區,新北市板橋區實踐路40號,25.006699,121.46362
六安堂中醫診所,板橋區,新北市板橋區忠孝路39號,25.002116,121.461107
星皓牙醫診所,板橋區,新北市板橋區四川路一段277號,25.001968,121.45955
昕新智慧診所,板橋區,新北市板橋區文化路一段188巷51號,25.018555,121.467777
樂惟牙醫診所,板橋區,新北市板橋區雙十路二段72號,25.028122,121.475172
杏蘊中醫診所,板橋區,新北市板橋區仁化街53號,25.031797,121.475234
療寮診所,板橋區,新北市板橋區文化路二段441巷2弄2號,25.03366,121.475067
新昌中醫診所,板橋區,新北市板橋區府中路24號,25.009717,121.45975
明品診所,板橋區,新北市板橋區僑中一街88號,25.011748,121.447154
德睿中醫診所,板橋區,新北市板橋區華興街62號,25.004928,121.457672
豐禾婦產科診所,板橋區,新北市板橋區中山路一段279號,25.014204,121.469615
健哲牙醫診所,板橋區,新北市板橋區重慶路239號,24.996311,121.462814
御品堂中醫診所,板橋區,新北市板橋區長安街333號,25.012267,121.474547
德康中醫診所,板橋區,新北市板橋區漢生西路86號,25.019433,121.4628
晨軒中醫診所,板橋區,新北市板橋區實踐路155號,25.004202,121.464335
生生優動板橋診所,板橋區,新北市板橋區文化路一段142號,25.01895,121.465428
和一診所,板橋區,新北市板橋區館前東路26號,25.007131,121.46049
森凡牙醫診所,板橋區,新北市板橋區四川路一段149號,25.004308,121.460011
尚水美博診所,板橋區,新北市板橋區文化路一段145號,25.015666,121.462332
謙禾家醫診所,板橋區,新北市板橋區漢生東路285號,25.008771,121.471538
有好美學診所,板橋區,新北市板橋區文化路二段182巷1弄79號,25.029136,121.472157
憲忠診所,板橋區,新北市板橋區宏國路108號,25.031913,121.468761
安泰淞鶴診所,板橋區,新北市板橋區信義路219號,24.991521,121.459618
薇晶中醫診所,板橋區,新北市板橋區民生路三段83號,25.024412,121.466809
保翔中醫診所,板橋區,新北市板橋區南雅南路二段74號,25.00186,121.453647
安信星曜牙醫診所,板橋區,新北市板橋區陽明街16號,25.02179,121.466534
序康診所,板橋區,新北市板橋區國光路45號,25.017864,121.457822
慈護一品中醫診所,板橋區,新北市板橋區民生路三段159號,25.02674,121.465614
安胃診所,板橋區,新北市板橋區中山路二段232號,25.017998,121.478366
高端眼科診所,板橋區,新北市板橋區文化路二段182巷3弄46號,25.028454,121.472579
回春中醫診所,板橋區,新北市板橋區國光路17號,25.017532,121.456811
板橋京都堂中醫診所,板橋區,新北市板橋區重慶路3號,25.008253,121.460593
偉恩牙醫診所,板橋區,新北市板橋區裕民街109號,25.027687,121.459769
研知診所,板橋區,新北市板橋區文化路二段330號,25.030237,121.472866
帛瑿診所,板橋區,新北市板橋區合宜路11號,24.995714,121.445853
勁安骨科診所,板橋區,新北市板橋區重慶路245巷13號,25.000812,121.46386
尊榮悠陽牙醫診所,板橋區,新北市板橋區陽明街110號,25.022874,121.463114
合誼診所,板橋區,新北市板橋區龍興街50號,25.001042,121.443291
板橋四維親子診所,板橋區,新北市板橋區四維路150號,25.025633,121.465052
康祐臻品牙醫診所,板橋區,新北市板橋區民生路3段32之1號,24.987708,121.53361
大鈞診所,板橋區,新北市板橋區中山路2段88號,25.00082,121.45173
嘉恩診所,板橋區,新北市板橋區陽明街40號,25.021954,121.465913
新優植牙醫診所,板橋區,新北市板橋區民生路2段249號,24.985962,121.532096
天寧中醫診所,板橋區,新北市板橋區溪北路87號,24.9895,121.428494
鼎鈞中醫診所,板橋區,新北市板橋區府中路67號,25.009296,121.457972
春易安中醫診所,板橋區,新北市板橋區光武街3號,25.0246,121.4683
品安診所,板橋區,新北市板橋區忠孝路96號,25.002019,121.461822
絕美牙醫診所,板橋區,新北市板橋區文化路1段138號,25.009668,121.457692
佑福診所,板橋區,新北市板橋區三民路1段1巷38弄5號,24.972543,121.540013
放開心身心精神科診所,板橋區,新北市板橋區四川路一段279號,25.001924,121.459523
懷諾診所,板橋區,新北市板橋區懷德街170巷1號,25.030236,121.479168
禾安診所,板橋區,新北市板橋區四川路1段269號,24.996032,121.456543
晨益診所,板橋區,新北市板橋區四川路1段171號,24.996032,121.456543
板橋仁安內科診所,板橋區,新北市板橋區大觀路3段236號,25.010504,121.446754
德川中醫診所,板橋區,新北市板橋區文化路2段13號,25.023908,121.46876
史書華牙醫診所,板橋區,新北市板橋區民安街30號,25.011211,121.466887
蘇鴻昶中醫診所,板橋區,新北市板橋區府後街1巷2號,25.010697,121.459185
坤隆診所,板橋區,新北市板橋區重慶路278巷2號,24.999751,121.46275
梁中醫診所,板橋區,新北市板橋區四維路186號,25.02689,121.464294
仁得中醫診所,板橋區,新北市板橋區民權路258之7號,25.015259,121.457946
安欣診所,板橋區,新北市板橋區民族路228號,25.007285,121.468812
臣雄診所,板橋區,新北市板橋區北門街24號,25.010821,121.457455
佳愛診所,板橋區,新北市板橋區大觀路3段236號,25.010504,121.446754
精品牙醫診所,板橋區,新北市板橋區漢生東路293號,25.008577,121.471619
嘉品牙醫診所,板橋區,新北市板橋區大仁街70號,25.016475,121.454319
燦明大學眼科診所,板橋區,新北市板橋區文化路1段180號,25.009668,121.457692
晶耀牙醫診所,板橋區,新北市板橋區文化路2段182巷3弄46-3號,25.023908,121.46876
幸怡診所,板橋區,新北市板橋區長江路三段80號,25.034102,121.474107
晴天家醫科診所,板橋區,新北市板橋區中山路2段225號,25.00082,121.45173
鄭仁瑋耳鼻喉科診所,板橋區,新北市板橋區四川路2段57號,24.996235,121.455709
晴天耳鼻喉科診所,板橋區,新北市板橋區中山路2段225號,25.00082,121.45173
嘉禾診所,板橋區,新北市板橋區中山路2段194號,25.00082,121.45173
華晟中醫診所,板橋區,新北市板橋區漢生東路189號,25.011727,121.469837
利人診所,板橋區,新北市板橋區松柏街67號,25.030654,121.47631
健昇中醫診所,板橋區,新北市板橋區龍興街29號,25.000181,121.442842
昌弘復健科診所,板橋區,新北市板橋區中正路194、194之1、194之2、194之3號,25.02076,121.454719
好萊塢診所,板橋區,新北市板橋區區運路101號,25.011651,121.46851
文瑞診所,板橋區,新北市板橋區板新路101號,25.014115,121.472744
靈群閣中醫診所,板橋區,新北市板橋區裕民街56巷3號,25.028836,121.461213
仲德中醫診所,板橋區,新北市板橋區文聖街157號,25.027767,121.478737
禾樺牙醫診所,板橋區,新北市板橋區民生路三段123號,25.025768,121.466117
陳正傑骨科診所,板橋區,新北市板橋區四川路一段217號,25.003332,121.460127
光澤診所,板橋區,新北市板橋區中山路1段3號,25.00082,121.45173
喬美整形外科博仕診所,板橋區,新北市板橋區漢生東路178號,25.014367,121.466786
蕭正輝兒科診所,板橋區,新北市板橋區文化路2段137號,25.023908,121.46876
裕民診所,板橋區,新北市板橋區裕民街143號,25.027154,121.458806
建中堂中醫診所,板橋區,新北市板橋區長安街25巷17號,25.009574,121.46694
藝大美學牙醫診所,板橋區,新北市板橋區龍興街8號,24.999572,121.442801
大庭診所,板橋區,新北市板橋區大仁街27號,25.016777,121.455491
傑生婦產科診所,板橋區,新北市板橋區中山路1段104號,24.960717,121.412357
樂菲整形外科診所,板橋區,新北市板橋區中山路一段13號,25.008268,121.460085
精英美學牙醫診所,板橋區,新北市板橋區中山路2段84-4號,25.00082,121.45173
祥德中醫診所,板橋區,新北市板橋區莊敬路25巷4弄14號,25.027271,121.473928
基生婦產科診所,板橋區,新北市板橋區中山路1段104號,24.960717,121.412357
文達中醫診所,板橋區,新北市板橋區懷仁街88號,25.018113,121.477424
新埔立安診所,板橋區,新北市板橋區陽明街12號,25.021773,121.466594
俊亨內科診所,板橋區,新北市板橋區合宜一路53號,24.996421,121.444157
原力復健科診所,板橋區,新北市板橋區文化路二段370號,25.030721,121.473298
展揚牙醫診所,板橋區,新北市板橋區南雅南路二段144巷68號,24.995161,121.450026
美麗浮洲牙醫診所,板橋區,新北市板橋區大觀路二段163巷32號,25.000016,121.446578
優客牙醫診所,板橋區,新北市板橋區吳鳳路17-1號,25.03067,121.46745
元晨診所,板橋區,新北市板橋區中山路一段69號,25.009839,121.461255
王祥冠耳鼻喉科診所,板橋區,新北市板橋區陽明街122號,25.023676,121.463841
軒品牙醫診所,板橋區,新北市板橋區中山路二段106號,25.018492,121.478939
日麗牙醫診所,板橋區,新北市板橋區中山路一段30號,25.008486,121.460502
益群牙醫診所,板橋區,新北市板橋區四維路１７９號,25.026538,121.464312
重慶牙醫診所,板橋區,新北市板橋區重慶路205號,25.00164,121.462962
康喬牙醫診所,板橋區,新北市板橋區懷德街181巷1號,25.030165,121.479429
元齡牙醫診所,板橋區,新北市板橋區民權路２５８－６號,25.015259,121.457946
光仁牙醫診所,板橋區,新北市板橋區中正路２３４號,25.018887,121.455743
揚名牙醫診所,板橋區,新北市板橋區長江路二段２３６號,25.032487,121.468656
中心牙醫診所,板橋區,新北市板橋區中山路二段３０８號,25.018957,121.479962
福倫牙醫診所,板橋區,新北市板橋區民權路219號,25.015202,121.457704
德崴聯合牙醫診所,板橋區,新北市板橋區中山路二段二二四號,25.018492,121.478939
全心中醫診所,板橋區,新北市板橋區國慶路159號,24.99619,121.461721
洪金蘭中醫診所,板橋區,新北市板橋區金門街六七巷二號,24.988604,121.431637
宜聖牙醫診所,板橋區,新北市板橋區吳鳳路50巷41號,25.030329,121.468852
新安牙醫診所,板橋區,新北市板橋區民生路二段218號,25.021767,121.469339
喜樂牙醫診所,板橋區,新北市板橋區四川路二段九十九－七號,24.994235,121.451039
板橋現代牙醫診所,板橋區,新北市板橋區雙十路二段一一八號,25.027831,121.475227
國光中醫診所,板橋區,新北市板橋區國光路157號,25.018299,121.459878
程維德中醫診所,板橋區,新北市板橋區實踐路117號,25.00507,121.46416
安歆診所,板橋區,新北市板橋區光正街5號,25.016974,121.46309
宏益信合美診所,板橋區,新北市板橋區新民街33號,25.010499,121.464049
府中牙科診所,板橋區,新北市板橋區府中路１２１號,25.009491,121.456256
瑞億牙醫診所,板橋區,新北市板橋區德興街37巷20號,24.9939,121.454018
泰民牙醫診所,板橋區,新北市板橋區漢生西路２３號,25.01821,121.463337
嘉呈牙醫診所,板橋區,新北市板橋區陽明街35號,25.022105,121.465175
杏橋牙醫診所,板橋區,新北市板橋區金門街295號,24.986611,121.430244
漢光中醫診所,板橋區,新北市板橋區陽明街51號,25.022352,121.464735
弘安中醫診所,板橋區,新北市板橋區民族路１１３號,25.008244,121.466903
吉安中醫診所,板橋區,新北市板橋區篤行路三段78號,24.985155,121.425958
史丹佛牙醫診所,板橋區,新北市板橋區新府路1之2號,25.012,121.463853
樂為診所,板橋區,新北市板橋區漢生西路68號,25.01905,121.462958
兒林小兒科診所,板橋區,新北市板橋區廣和街90號,24.993763,121.462329
祐新中醫診所,板橋區,新北市板橋區文化路一段306號,25.021871,121.467628
鼎極牙醫診所,板橋區,新北市板橋區忠孝路61號,25.002186,121.461526
樂欣診所,板橋區,新北市板橋區四維路108號,25.027189,121.464011
旺福牙醫診所,板橋區,新北市板橋區南雅南路2段158號,25.006937,121.456215
信安牙醫診所,板橋區,新北市板橋區中山路1段267號,25.061709,121.485483
靜思牙醫診所,板橋區,新北市板橋區實踐路93巷10號,25.005418,121.46448
晨陽診所,板橋區,新北市板橋區漢生東路342號,25.007432,121.471935
漢生診所,板橋區,新北市板橋區漢生西路73、75號,25.021221,121.46265
御品牙醫診所,板橋區,新北市板橋區長江路二段165、167號,25.032346,121.467847
尚品皮膚科診所,板橋區,新北市板橋區中正路210號,25.018158,121.456072
杏福牙醫診所,板橋區,新北市板橋區國光路181號,25.018508,121.460865
張英睿皮膚專科診所,板橋區,新北市板橋區文化路1段118號,25.009668,121.457692
佳誠診所,板橋區,新北市板橋區中山路2段140號,25.00082,121.45173
佑恩小兒科診所,板橋區,新北市板橋區國光路176號,25.018278,121.460663
莒光診所,板橋區,新北市板橋區莒光路30號,25.024514,121.470154
一心中醫診所,板橋區,新北市板橋區懷德街117號,25.031213,121.478711
鄭仕程診所,板橋區,新北市板橋區新海路113號,25.022775,121.461058
欣幼婦產科診所,板橋區,新北市板橋區四川路1段188號,24.996032,121.456543
林儀文婦產科診所,板橋區,新北市板橋區民權路218號,25.014236,121.458832
米蘭時尚牙醫診所,板橋區,新北市板橋區仁化街40號,25.031403,121.47513
皇漢中醫診所,板橋區,新北市板橋區民族路149號,25.007896,121.468008
大雄中醫診所,板橋區,新北市板橋區國光路207號,25.018661,121.462007
艾美牙醫診所,板橋區,新北市板橋區莒光路21號,25.024749,121.470037
喜樂診所,板橋區,新北市板橋區四川路1段154號,24.996032,121.456543
大新復健科診所,板橋區,新北市板橋區篤行路1段31號,24.987721,121.429446
靚世紀診所,板橋區,新北市板橋區民族路34巷18號,25.009115,121.462404
品皓牙醫診所,板橋區,新北市板橋區溪城路85號,24.983508,121.426997
悅美牙醫診所,板橋區,新北市板橋區文化路1段27號,25.009668,121.457692
樂真牙醫診所,板橋區,新北市板橋區新民街29號,25.010353,121.464104
板橋黃皮膚科診所,板橋區,新北市板橋區文化路2段53號,25.023908,121.46876
菩提中醫診所,板橋區,新北市板橋區實踐路129號,25.004792,121.464217
尚美美學牙醫診所,板橋區,新北市板橋區中正路207號,25.017419,121.456156
興德診所,板橋區,新北市板橋區永豐街245號,25.021366,121.477526
大川診所,板橋區,新北市板橋區中山路2段84之6號,25.00082,121.45173
炳榮診所,板橋區,新北市板橋區漢生西路七二號,25.021221,121.46265
蔡英傑皮膚科診所,板橋區,新北市板橋區文化路一段一四六號,25.0167,121.463318
黃景宏診所,板橋區,新北市板橋區陽明街63號,25.022692,121.464359
顏舜隆小兒科診所,板橋區,新北市板橋區裕民街一二二號,25.028183,121.460551
鴻仁診所,板橋區,新北市板橋區雙十路二段五十九號,25.027831,121.475227
杏林診所,板橋區,新北市板橋區溪北路１７０號,24.987921,121.430908
毅宏耳鼻喉科診所,板橋區,新北市板橋區中正路190號,25.01787,121.456203
蕭亦裕鹽光診所,板橋區,新北市板橋區忠孝路112-1號,25.002411,121.463571
合信診所,板橋區,新北市板橋區實踐路１３３號,25.004706,121.464237
趙小兒科診所,板橋區,新北市板橋區館前東路64號,25.007244,121.461205
巫世平診所,板橋區,新北市板橋區南雅南路一段６６號,25.005296,121.455328
博恩泌尿科外科診所,板橋區,新北市板橋區文化路一段203號,25.016782,121.463249
仁佑耳鼻喉科診所,板橋區,新北市板橋區四川路2段33號,24.996235,121.455709
嘉得牙醫診所,板橋區,新北市板橋區館前東路108號,25.007557,121.463172
翠豐診所,板橋區,新北市板橋區雙十路2段120號,25.028163,121.475503
板橋中興醫院,板橋區,新北市板橋區忠孝路十五號,25.002411,121.463571
長殷牙醫診所,板橋區,新北市板橋區陽明街46-1號,25.023704,121.463642
勝濟堂中醫診所,板橋區,新北市板橋區忠孝路69號,25.002217,121.461731
典揚牙醫診所,板橋區,新北市板橋區國慶路161號,24.996223,121.461892
蕭中正醫院,板橋區,新北市板橋區南雅南路一段15號,25.00691,121.456438
舒活牙醫診所,板橋區,新北市板橋區四維路227號,25.027285,121.463857
龍昌診所,板橋區,新北市板橋區民族路276巷1弄10號,25.006453,121.470062
恩典復健家醫科診所,板橋區,新北市板橋區文化路2段155號,25.023908,121.46876
朱傳弘骨科診所,板橋區,新北市板橋區陽明街125號,25.023619,121.463589
板橋長榮診所,板橋區,新北市板橋區陽明街287號,25.026423,121.461836
蓁佑中醫診所,板橋區,新北市板橋區四維路218號,25.027569,121.463887
杏禾中醫診所,板橋區,新北市板橋區莊敬路97號,25.026159,121.472632
板橋大愛眼科診所,板橋區,新北市板橋區文化路一段294號,25.021606,121.467482
安慶診所,板橋區,新北市板橋區互助街77巷1號,25.026089,121.460238
春和診所,板橋區,新北市板橋區長江路1段138號,25.032629,121.467929
蔡進富牙醫診所,板橋區,新北市板橋區陽明街283號,25.026301,121.461911
柯明奇耳鼻喉科診所,板橋區,新北市板橋區中山路二段２５６號,25.01831,121.478852
正陽骨科診所,板橋區,新北市板橋區雙十路2段114號,25.028163,121.475503
板橋安媞婦產科診所,板橋區,新北市板橋區府中路43號,25.008958,121.458531
欣心診所,板橋區,新北市板橋區莒光路94號,25.023962,121.471972
中英醫療社團法人中英醫院,板橋區,新北市板橋區文化路一段192之1號,25.019828,121.46622
翰生診所,板橋區,新北市板橋區漢生西路73、75號,25.021221,121.46265
板新醫院,板橋區,新北市板橋區中正路１８９號,25.01692,121.45641
板橋大學眼科診所,板橋區,新北市板橋區忠孝路三十五號,25.002411,121.463571
吉立診所,板橋區,新北市板橋區篤行路三段92號,24.984876,121.426204
駱耳鼻喉科診所,板橋區,新北市板橋區實踐路一七三號,25.005642,121.463938
福星耳鼻喉科診所,板橋區,新北市板橋區重慶路181號,25.002444,121.462767
黃外科診所,板橋區,新北市板橋區中山路1段30號,25.00082,121.45173
徐自菱皮膚科診所,板橋區,新北市板橋區互助街29號,25.02679,121.461549
志明診所,板橋區,新北市板橋區篤行路二段五二號,24.990644,121.431133
潔美牙醫診所,板橋區,新北市板橋區漢生東路281號,25.008933,121.471565
和安診所,板橋區,新北市板橋區四維路313號,25.028789,121.462962
重慶耳鼻喉科診所,板橋區,新北市板橋區和平路161巷26號,24.996772,121.463474
陳敏玲內科診所,板橋區,新北市板橋區溪崑二街97號,24.989155,121.426989
林國本耳鼻喉科診所,板橋區,新北市板橋區文聖街６號,25.032394,121.475227
佑幼小兒科診所,板橋區,新北市板橋區文化路二段５７號,25.025373,121.4691
王起釮小兒科診所,板橋區,新北市板橋區新海路３７２號,25.025534,121.459588
馨杏園婦產科診所,板橋區,新北市板橋區中山路2段24號,25.00082,121.45173
韓眼科診所,板橋區,新北市板橋區中山路二段三００號,25.018492,121.478939
陳孟潮耳鼻喉科診所,板橋區,新北市板橋區民生路三段２６３巷１１號,25.028948,121.463277
板橋李耳鼻喉科診所,板橋區,新北市板橋區縣民大道1段185號,25.011899,121.461612
小林美學牙醫診所,板橋區,新北市板橋區國光路187、189、189-1號,25.018166,121.459887
合泰婦產小兒聯合診所,板橋區,新北市板橋區忠孝路19號,25.002003,121.460382
瑞明眼科診所,板橋區,新北市板橋區文化路1段13號,25.009668,121.457692
建明診所,板橋區,新北市板橋區雙十路3段44號,25.023889,121.478133
盈仁牙醫診所,板橋區,新北市板橋區中正路二七八號,25.02076,121.454719
國新德威牙醫診所,板橋區,新北市板橋區四川路一段253號,25.002417,121.459795
誼康美學牙醫診所,板橋區,新北市板橋區文化路二段175號,25.027908,121.470369
南雅牙醫診所,板橋區,新北市板橋區南雅南路一段95號,25.005225,121.455555
立潔牙醫診所,板橋區,新北市板橋區文化路二段23號,25.024684,121.468696
誠信牙醫診所,板橋區,新北市板橋區文化路一段一二五號,25.0167,121.463318
新恩眼科診所,板橋區,新北市板橋區重慶路219號,25.001334,121.463054
孫三源婦產科家庭醫學科診所,板橋區,新北市板橋區中正路186、188號,25.02076,121.454719
家樺診所,板橋區,新北市板橋區文化路2段182巷3弄51號,25.023908,121.46876
張明輝內科診所,板橋區,新北市板橋區四川路一段81號,25.005756,121.459734
佳醫診所,板橋區,新北市板橋區四川路一段186號,25.002669,121.459667
雙十鄭林診所,板橋區,新北市板橋區雙十路2段138號,25.028163,121.475503
麗暘診所,板橋區,新北市板橋區懷德街78巷2號,25.031665,121.478087
蔡利誠診所,板橋區,新北市板橋區陽明街１１２號,25.023436,121.463995
健誠眼科診所,板橋區,新北市板橋區三民路一段７０號,25.022231,121.479326
龍興診所,板橋區,新北市板橋區龍興街43、45號,25.000543,121.443064
江德賢眼科診所,板橋區,新北市板橋區中正路二０九號,25.02076,121.454719
慈蕙診所,板橋區,新北市板橋區三民路二段202之29號,25.013534,121.478837
黃世鑫診所,板橋區,新北市板橋區四川路一段一四三號,25.001751,121.459306
蔡眼科診所,板橋區,新北市板橋區文化路二段109之3號,25.026341,121.469529
謝坤川診所,板橋區,新北市板橋區陽明街十號,25.023704,121.463642
篤翎診所,板橋區,新北市板橋區篤行路三段69號,24.985595,121.427469
全德耳鼻喉科診所,板橋區,新北市板橋區重慶路２１7號,25.001392,121.463029
博愛診所,板橋區,新北市板橋區府中路52-3號,25.00952,121.457526
林皮膚科診所,板橋區,新北市板橋區府中路一一二號,25.00952,121.457526
仁民診所,板橋區,新北市板橋區陽明街７５號,25.022954,121.4641
周耳鼻喉科診所,板橋區,新北市板橋區文化路二段５號,25.035391,121.478398
吉仁醫病相談診所,板橋區,新北市板橋區實踐路114號,25.004372,121.464072
進益診所,板橋區,新北市板橋區自由路45號,25.023436,121.465544
林子敬診所,板橋區,新北市板橋區中山路二段198號,25.017556,121.477698
陳尚志診所,板橋區,新北市板橋區文化路二段388號,25.031052,121.4736
江致德皮膚科診所,板橋區,新北市板橋區重慶路二五四號,25.002555,121.462645
新象眼科診所,板橋區,新北市板橋區文化路二段394號,25.031157,121.473698
成都診所,板橋區,新北市板橋區成都街九十五號,25.005012,121.461831
林弘揚耳鼻喉科診所,板橋區,新北市板橋區陽明街295號,25.026548,121.461763
吳宏誠小兒科診所,板橋區,新北市板橋區莊敬路156號,25.022733,121.471306
聖母診所,板橋區,新北市板橋區民族路197號,25.007512,121.468941
後埔永江診所,板橋區,新北市板橋區實踐路109號,25.005236,121.464128
燿星小兒科診所,板橋區,新北市板橋區實踐路１１３號,25.005147,121.464141
幼華診所,板橋區,新北市板橋區民族路３０８號,25.006635,121.470615
雷世陽婦產科診所,板橋區,新北市板橋區三民路二段110號,25.016359,121.481191
志善眼科診所,板橋區,新北市板橋區文化路2段386號,25.023908,121.46876
熊明旺耳鼻喉科診所,板橋區,新北市板橋區中山路2段84-2號,25.00082,121.45173
板橋民富皮膚科診所,板橋區,新北市板橋區四川路1段97號,24.996032,121.456543
王林小兒科診所,板橋區,新北市板橋區忠孝路20號,25.001738,121.459975
健康家庭醫學科診所,板橋區,新北市板橋區陽明街295號,25.026548,121.461763
楊思亮診所,板橋區,新北市板橋區文化路二段4號,25.023943,121.468784
立誠骨科診所,板橋區,新北市板橋區民權路215號,25.015119,121.457791
聯德診所,板橋區,新北市板橋區溪北路13號,24.990478,121.426838
名冠診所,板橋區,新北市板橋區文化路一段145、3樓之5號,25.0167,121.463318
耀安小兒科診所,板橋區,新北市板橋區漢生東路324號,25.007982,121.471675
日光眼科診所,板橋區,新北市板橋區陽明街124號,25.023714,121.463818
仁謙診所,板橋區,新北市板橋區忠孝路102號,25.002065,121.462051
陳榮泰小兒科診所,板橋區,新北市板橋區金門街311號,24.986226,121.429823
樂福診所,板橋區,新北市板橋區三民路二段89號,25.0165,121.479411
優生婦產科診所,板橋區,新北市板橋區重慶路30號,25.007694,121.461144
周文通診所,板橋區,新北市板橋區四維路２９２號,25.029273,121.462869
徐內科小兒科診所,板橋區,新北市板橋區南雅南路1段5巷8號,25.007289,121.456635
陳嘉偉診所,板橋區,新北市板橋區懷仁街９２號,25.018044,121.477473
詹婦產科診所,板橋區,新北市板橋區文化路二段二號,25.031104,121.473463
張俊明外科婦科診所,板橋區,新北市板橋區中正路251號,25.018291,121.455733
中正診所,板橋區,新北市板橋區金華街２１巷４號,25.020699,121.456201
長生外科診所,板橋區,新北市板橋區中山路2段497號,25.00082,121.45173
蕭奕仁診所,板橋區,新北市板橋區三民路二段９３號,25.0164,121.479408
洪天註中醫診所,板橋區,新北市板橋區四維路289巷44號,25.02811,121.461046
宏國中醫診所,板橋區,新北市板橋區宏國路103號,25.031913,121.468761
陳東熙中醫診所,板橋區,新北市板橋區文化路二段１６５號,25.027534,121.470226
日祥中醫診所,板橋區,新北市板橋區中正路203號,25.017345,121.456208
聖原中醫診所,板橋區,新北市板橋區雙十路二段38號,25.027384,121.476149
台達牙醫診所,板橋區,新北市板橋區文化路一段一三四號,25.0167,121.463318
潔品牙醫聯合診所,板橋區,新北市板橋區文化路一段359號,25.021177,121.46667
育德牙醫診所,板橋區,新北市板橋區三民路二段一一三號,25.015108,121.479091
時尚牙醫診所,板橋區,新北市板橋區雙十路2段152號,25.028163,121.475503
民懷牙醫診所,板橋區,新北市板橋區國慶路一八一號,24.995881,121.460786
全安牙醫診所,板橋區,新北市板橋區雙十路三段３５號,25.031625,121.470637
太平洋牙醫診所,板橋區,新北市板橋區漢生東路三四八號,25.01247,121.469091
鴻元牙醫診所,板橋區,新北市板橋區中山路二段443巷12號,25.020732,121.481151
胡牙醫診所,板橋區,新北市板橋區文化路一段１８８巷１６號,25.019477,121.466146
後站徐牙醫診所,板橋區,新北市板橋區忠孝路１０６號,25.002085,121.462154
大林牙醫診所,板橋區,新北市板橋區文化路一段三號,25.0167,121.463318
麗德牙醫診所,板橋區,新北市板橋區文化路二段20號,25.02426,121.468953
正昌牙醫診所,板橋區,新北市板橋區裕民街３６巷１號,25.029101,121.461849
博仁牙醫診所,板橋區,新北市板橋區南雅南路二段一一之三號,24.999591,121.452975
頂好牙醫診所,板橋區,新北市板橋區懷德街１２３號,25.031074,121.4788
安信牙醫診所,板橋區,新北市板橋區文化路一段３５５號,25.021101,121.466599
博暉牙醫診所,板橋區,新北市板橋區中山路一段六十九號,25.011625,121.465088
玉山牙醫診所,板橋區,新北市板橋區中正路265號,25.01863,121.455604
培源牙醫診所,板橋區,新北市板橋區府中路１００號,25.009675,121.455919
雙安牙醫診所,板橋區,新北市板橋區館前西路150之1號,25.008556,121.455521
江子翠林牙醫診所,板橋區,新北市板橋區文化路二段３３３號,25.030405,121.472427
鴻安牙醫診所,板橋區,新北市板橋區萬板路308號,25.025007,121.477706
呂忠孝牙醫診所,板橋區,新北市板橋區忠孝路一七七號,25.002411,121.463571
遠東牙醫診所,板橋區,新北市板橋區館前東路104號,25.007516,121.462877
智群牙醫診所,板橋區,新北市板橋區四川路一段286巷3號,25.000883,121.458364
揚齡牙醫診所,板橋區,新北市板橋區南雅西路二段９８之４號,25.011531,121.452406
瑞安牙醫診所,板橋區,新北市板橋區大智街７３號,25.01557,121.453554
聖潔牙醫診所,板橋區,新北市板橋區華興街八三號,25.00473,121.458012
浩恩牙醫診所,板橋區,新北市板橋區中正路206號,25.01808,121.45612
惠康牙醫診所,板橋區,新北市板橋區四川路一段３５９號,24.9998,121.45841
健倫牙醫診所,板橋區,新北市板橋區莒光路157號,25.024088,121.473573
法華牙醫診所,板橋區,新北市板橋區金門街301號,24.986452,121.43004
東北牙醫診所,板橋區,新北市板橋區忠孝路213號,25.002802,121.465406
展望牙醫診所,板橋區,新北市板橋區莊敬路一四九號,25.025458,121.471981
華美牙醫診所,板橋區,新北市板橋區民族路２３３號,25.007201,121.469865
蔡牙醫診所,板橋區,新北市板橋區南雅南路1段23號,25.007289,121.456635
昱盛牙醫診所,板橋區,新北市板橋區英士路四十三號,25.024126,121.459902
忠丞牙醫診所,板橋區,新北市板橋區中山路二段四○八號,25.018492,121.478939
家德牙醫診所,板橋區,新北市板橋區重慶路三０八巷十號,25.053692,121.483138
晴天牙醫診所,板橋區,新北市板橋區文聖街23號,25.032057,121.475881
薪馨牙醫診所,板橋區,新北市板橋區文化路一段七號,25.0167,121.463318
板橋誠品牙醫診所,板橋區,新北市板橋區四川路1段57號,24.996032,121.456543
大立牙醫診所,板橋區,新北市板橋區溪北路一三０號,24.989254,121.4287
正欣牙醫診所,板橋區,新北市板橋區新海路一一五號,25.024527,121.460056
馬太牙醫診所,板橋區,新北市板橋區中正路二三四號,25.02076,121.454719
德全牙醫診所,板橋區,新北市板橋區篤行路二段七十八號,24.990644,121.431133
正安牙醫診所,板橋區,新北市板橋區金門街249號,24.98902,121.432
新埔牙醫診所,板橋區,新北市板橋區文化路二段１７號,25.024498,121.468596
仁宏牙醫診所,板橋區,新北市板橋區重慶路７６巷６號,25.006346,121.461278
勇年牙醫診所,板橋區,新北市板橋區文化路一段２７７號,25.01859,121.46472
玉林牙醫診所,板橋區,新北市板橋區篤行路二段１０７號,24.991164,121.431554
浩明牙醫診所,板橋區,新北市板橋區民治街５２巷５弄１號,25.033012,121.479444
冠德牙醫診所,板橋區,新北市板橋區陽明街5號,25.021567,121.466638
得雅牙醫診所,板橋區,新北市板橋區新海路64號,25.021621,121.462021
晨軒牙醫診所,板橋區,新北市板橋區館前西路98號,25.00738,121.457275
貴興牙醫診所,板橋區,新北市板橋區貴興路80號,25.00289,121.45631
合美牙醫診所,板橋區,新北市板橋區中山路二段99號,25.016174,121.474414
大原牙醫診所,板橋區,新北市板橋區民族路97號,25.008369,121.46655
新品牙醫診所,板橋區,新北市板橋區龍興街十五號,25.000543,121.443064
橘泉中醫診所,板橋區,新北市板橋區四維路179之1號,25.026538,121.464312
昕隆診所,板橋區,新北市板橋區民生路一段3號,25.011919,121.476214
至維牙醫診所,板橋區,新北市板橋區莊敬路229號,25.022074,121.471998
和謙診所,板橋區,新北市板橋區 民權路 214號,25.014128,121.458918
卓群牙醫診所,板橋區,新北市板橋區中正路３１號,25.012891,121.456127
廖牙醫診所,板橋區,新北市板橋區館前西路４５號,25.006749,121.458112
德恩牙醫診所,板橋區,新北市板橋區金門街54號,24.992977,121.433093
翰林居中醫診所,板橋區,新北市板橋區南雅南路1段99號,25.007289,121.456635
揚明診所,板橋區,新北市板橋區陽明街三十八號,25.023704,121.463642
喆品牙醫診所,板橋區,新北市板橋區忠孝路55號,25.002167,121.461353
辭林牙科診所,板橋區,新北市板橋區館前東路９８∼３號,25.007476,121.461974
宏昌中醫診所,板橋區,新北市板橋區新海路3號,25.020453,121.462554
盛強耳鼻喉科診所,板橋區,新北市板橋區中山路二段３６７號,25.019359,121.479699
弘恩中醫診所,板橋區,新北市板橋區萬板路15號,25.021123,121.470545
龍生診所,板橋區,新北市板橋區廣權路一０三號,24.991981,121.463395
樂昕中醫診所,板橋區,新北市板橋區區運路39號,25.010399,121.466266
連建安診所,板橋區,新北市板橋區三民路二段一四六號,25.015108,121.479091
吳建明小兒科診所,板橋區,新北市板橋區四川路二段245巷46號,24.992514,121.451786
薛松茂內科小兒科診所,板橋區,新北市板橋區四川路一段２１２號,25.002176,121.4594
宜霖小兒科診所,板橋區,新北市板橋區重慶路二三０號,25.002555,121.462645
王瑞熙眼科診所,板橋區,新北市板橋區公園路三十號,25.008332,121.462422
德聲牙醫診所,板橋區,新北市板橋區文化路二段３２４號,25.030123,121.47275
建佑診所,板橋區,新北市板橋區雙十路二段164號,25.02954,121.473105
實踐內科兒科診所,板橋區,新北市板橋區實踐路１４９號,25.004331,121.464304
姚欽祥外科婦產科診所,板橋區,新北市板橋區漢生西路３１號,25.018294,121.463157
一心牙醫診所,板橋區,新北市板橋區自由路22號,25.022681,121.465594
李連成耳鼻喉科診所,板橋區,新北市板橋區雙十路二段１６２號,25.029511,121.473146
寰宇牙醫診所,板橋區,新北市板橋區南雅西路二段２號,25.009114,121.453196
楊孟達身心精神科診所,板橋區,新北市板橋區文化路一段275號,25.018564,121.464699
潘內科小兒科診所,板橋區,新北市板橋區中正路1巷18號,25.011613,121.455097
信德診所,板橋區,新北市板橋區文化路一段310號,25.02199,121.467712
榮恩診所,板橋區,新北市板橋區三民路1段147號,24.972543,121.540013
老記保壽堂中醫診所,板橋區,新北市板橋區龍興街16號,24.999903,121.442909
施丞修中醫診所,板橋區,新北市板橋區中山路2段362號,25.00082,121.45173
中英醫療社團法人板英醫院,板橋區,新北市板橋區文化路1段267、269、271號,25.009668,121.457692
遠東中醫診所,板橋區,新北市板橋區漢生東路335號,25.007889,121.472058
曾皮膚科診所,板橋區,新北市板橋區中山路二段三六五號,25.018492,121.478939
潘牙醫診所,板橋區,新北市板橋區北門街５６號,25.011348,121.456744
裕芳中醫診所,板橋區,新北市板橋區貴興路三十八號,25.002902,121.456607
仁心中醫診所,板橋區,新北市板橋區北門街42-3號,25.011104,121.456832
華康中醫診所,板橋區,新北市板橋區陽明街80號,25.02278,121.464548
鴻仁中醫診所,板橋區,新北市板橋區三民路2段136之2號,24.97265,121.53951
子欽牙醫診所,板橋區,新北市板橋區大智街十五號,25.015248,121.454667
昇陽診所,板橋區,新北市板橋區文化路二段326號,25.030156,121.47279
泰源中醫診所,板橋區,新北市板橋區四川路一段９８號,25.004848,121.459665
儒林居中醫診所,板橋區,新北市板橋區雙十路三段２２號,25.030665,121.471503
廣生堂中醫診所,板橋區,新北市板橋區府中路７８號,25.009659,121.456456
德昇中醫診所,板橋區,新北市板橋區中正路37號,25.013182,121.456166
同心堂中醫診所,板橋區,新北市板橋區中山路2段123號,25.00082,121.45173
和康中醫診所,板橋區,新北市板橋區中山路二段291-11號,25.018492,121.478939
蓁禾堂中醫診所,板橋區,新北市板橋區民生路二段48、50號,25.01964,121.470657
鈺安中醫診所,板橋區,新北市板橋區陽明街一三０號,25.023704,121.463642
吉安堂中醫診所,板橋區,新北市板橋區後菜園街４３號,25.010032,121.456211
生永中醫診所,板橋區,新北市板橋區中正路２９號,25.012834,121.456109
漢昇中醫診所,板橋區,新北市板橋區三民路二段３５巷２１號,25.017906,121.480825
新榮盛中醫診所,板橋區,新北市板橋區國光路一八五號,25.018166,121.459887
黃永生中醫診所,板橋區,新北市板橋區中山路一段２８號,25.008438,121.46047
壽春中醫診所,板橋區,新北市板橋區中正路２３６巷６號,25.01898,121.456089
福安堂中醫診所,板橋區,新北市板橋區重慶路一九三號,25.002555,121.462645
坤儒中醫診所,板橋區,新北市板橋區陽明街77號,25.022999,121.464059
翰生牙醫診所,板橋區,新北市板橋區漢生西路７１號,25.018729,121.462877
上揚牙醫診所,板橋區,新北市板橋區府中路７號,25.009613,121.459904
偉新牙醫診所,板橋區,新北市板橋區重慶路８３號,25.006483,121.461982
佳園牙醫診所,板橋區,新北市板橋區實踐路159號,25.004116,121.46435
板橋國泰醫院,板橋區,新北市板橋區忠孝路五、七、九、十一號,25.002411,121.463571
醫療財團法人徐元智先生醫藥基金會亞東紀念醫院,板橋區,新北市板橋區南雅南路二段21號,24.997313,121.452312
板橋聖昌中醫診所,板橋區,新北市板橋區松柏街６５號,25.030607,121.47615
竹林中醫診所,板橋區,新北市板橋區漢生西路７７之２號,25.019042,121.462762
黃何耳鼻喉科皮膚科聯合診所,板橋區,新北市板橋區北門街21號,25.011061,121.456778
瑞信眼科診所,板橋區,新北市板橋區中山路2段305號,25.061771,121.485895
今日牙科診所,板橋區,新北市板橋區北門街３０號,25.010951,121.457269
榮新診所,板橋區,新北市板橋區三民路1段143號,24.972543,121.540013
康維牙醫診所,板橋區,新北市板橋區文化路2段336號,25.023908,121.46876
板橋親親家庭診所,板橋區,新北市板橋區大同街55號,25.027634,121.4786
上安牙醫診所,板橋區,新北市板橋區中正路317號,25.019897,121.455036
遠興婦產科診所,板橋區,新北市板橋區中山路一段91號,25.010156,121.461589
方舟復健科診所,板橋區,新北市板橋區新海路86號,25.022052,121.461739
新板耀美牙醫診所,板橋區,新北市板橋區文化路1段85號,25.009668,121.457692
耀祥中醫診所,板橋區,新北市板橋區四川路1段365號,24.996032,121.456543
淨妍醫美診所,板橋區,新北市板橋區重慶路12巷2號,25.007838,121.460633
俊安診所,板橋區,新北市板橋區金門街二九三號,24.988604,121.431637
廷華耳鼻喉科診所,板橋區,新北市板橋區龍興街二二號,25.000543,121.443064
李皮膚科診所,板橋區,新北市板橋區四川路一段53、55號,25.001751,121.459306
侯世文診所,板橋區,新北市板橋區實踐路100號,25.004841,121.46398
趙昭明皮膚科診所,板橋區,新北市板橋區南門街27號,25.008916,121.457485
樂澄診所,板橋區,新北市板橋區北門街13號,25.01096,121.456922
板橋林牙醫診所,板橋區,新北市板橋區民族路１７３號,25.007639,121.468582
建國牙醫診所,板橋區,新北市板橋區長江路二段２８０－１３號,25.032922,121.470154
莫札特牙醫診所,板橋區,新北市板橋區合宜路91號,24.998204,121.447759
媚登峯板橋診所,板橋區,新北市板橋區三民路二段35巷2號,25.017042,121.479912
民川牙科診所,板橋區,新北市板橋區成都街二九號,25.005012,121.461831
嘉齡診所,板橋區,新北市板橋區中正路223號,25.01773,121.456026
黃頌邦診所,板橋區,新北市板橋區溪北路26號,24.990256,121.42689
廣安診所,板橋區,新北市板橋區懷仁街79號,25.018469,121.477401
汎宇牙醫診所,板橋區,新北市板橋區篤行路2段104號,24.987906,121.429174
太乙中醫診所,板橋區,新北市板橋區溪北路74號,24.989572,121.428043
陳恩哲小兒科診所,板橋區,新北市板橋區文化路一段216號,25.020269,121.46657
陳正忠小兒科診所,板橋區,新北市板橋區府中路１４３號,25.009172,121.455528
辰宏牙醫診所,板橋區,新北市板橋區溪北路二十五號,24.989254,121.4287
瑞誠眼科診所,板橋區,新北市板橋區互助街42號,25.027064,121.461712
卓仁維耳鼻喉科診所,板橋區,新北市板橋區篤行路二段一0一號,24.990644,121.431133
振榮牙醫診所,板橋區,新北市板橋區三民路二段一五七號,25.015108,121.479091
東華牙醫診所,板橋區,新北市板橋區中山路二段二００號,25.018492,121.478939
康宸中醫診所,板橋區,新北市板橋區南門街43號,25.008591,121.457316
康宏骨科診所,板橋區,新北市板橋區四川路一段473號,24.997416,121.457316
裕安中醫診所,板橋區,新北市板橋區中山路2段487號,25.00082,121.45173
麗晶牙醫診所,板橋區,新北市板橋區民生路二段238號,25.023059,121.468631
加妃整形外科診所,板橋區,新北市板橋區中山路一段26號,25.008378,121.460431
誠悅耳鼻喉科診所,板橋區,新北市板橋區中山路二段158號,25.017042,121.476842
皮醫師皮膚專科診所,板橋區,新北市板橋區中山路二段172號,25.017217,121.477152
福霖堂中醫診所,板橋區,新北市板橋區文化路二段410巷1弄2號,25.031118,121.474439
健心復健科診所,板橋區,新北市板橋區重慶路201號,25.001725,121.462934
晟揚骨科診所,板橋區,新北市板橋區信義路161號,24.992525,121.458626
張博揚小兒科診所,板橋區,新北市板橋區仁化街85號,25.032033,121.47615
當代聯合診所,板橋區,新北市板橋區中正路三一九號,25.02076,121.454719
樹仁診所,板橋區,新北市板橋區滿平街61號,24.989302,121.427499
辰元復健科診所,板橋區,新北市板橋區雙十路3段31號,25.023889,121.478133
板橋榮譽國民之家醫務室,板橋區,新北市板橋區大觀路2段32號,25.008618,121.450661
海山牙醫聯合診所,板橋區,新北市板橋區民族路２３１號,25.007208,121.469823
倪國欽中醫診所,板橋區,新北市板橋區長安街331巷23號,25.012604,121.473742
吳國柱牙醫診所,板橋區,新北市板橋區國光路６３號,25.018104,121.458929
北陽骨科診所,板橋區,新北市板橋區中正路339號,25.020351,121.454819
法邑極緻美學診所,板橋區,新北市板橋區四川路二段105號,24.994322,121.451743
康歆診所,三重區,新北市三重區正義北路185號,25.067825,121.496386
鴻璋婦產科診所,三重區,新北市三重區三和路四段392號,25.079182,121.481854
大有診所,三重區,新北市三重區中正北路374號,25.069638,121.476844
美麗心成人兒童精神科診所,三重區,新北市三重區正義北路210號,25.067527,121.496204
三重又一春中醫診所,三重區,新北市三重區正義北路93號,25.065275,121.49711
美上美皮膚科診所,三重區,新北市三重區正義北路104號,25.06738,121.493131
吳文財牙醫診所,三重區,新北市三重區重新路三段89號,25.060167,121.491659
俊元診所,三重區,新北市三重區力行路一段62號,25.069202,121.484376
政義診所,三重區,新北市三重區正義北路242號,25.067289,121.493054
德恩診所,三重區,新北市三重區集成路47號,25.052846,121.489368
丰尚牙醫診所,三重區,新北市三重區三信路29、31號,25.086368,121.488348
和平診所,三重區,新北市三重區溪尾街111號,25.081007,121.485609
皇嘉耳鼻喉科診所,三重區,新北市三重區五華街247號,25.085028,121.49468
合祐牙醫診所,三重區,新北市三重區長安街86號,25.067723,121.501632
柯瑞宏皮膚專科診所,三重區,新北市三重區溪尾街181、183號,25.084348,121.487796
艾樂堡診所,三重區,新北市三重區集賢路63之1號,25.086418,121.494832
安禾診所,三重區,新北市三重區中華路89號,25.062982,121.483614
大眾牙醫診所,三重區,新北市三重區自強路一段九十九號,25.066451,121.494945
林永權耳鼻喉科診所,三重區,新北市三重區三陽路32號,25.058675,121.485351
歐維藩診所,三重區,新北市三重區龍門路一九九號,25.073025,121.49843
三重祥安診所,三重區,新北市三重區三和路四段374號,25.078745,121.48266
鄭俊堂診所,三重區,新北市三重區自強路四段４９號,25.077841,121.489927
林源泉中醫診所,三重區,新北市三重區碧華街５９號,25.081618,121.484807
林偉欣眼科診所,三重區,新北市三重區正義北路366號,25.071292,121.493722
呂恒明皮膚科診所,三重區,新北市三重區三和路二段一七八號,25.068119,121.499852
泛美牙醫診所,三重區,新北市三重區溪尾街一六四號,25.084348,121.487796
榮恩牙醫診所,三重區,新北市三重區重陽路一段１０８號,25.057858,121.483752
禾豐中醫診所,三重區,新北市三重區文化北路133號,25.068977,121.497907
健康中醫診所,三重區,新北市三重區重新路四段三十五號,25.055544,121.486291
寶鶴堂中醫診所,三重區,新北市三重區重新路三段２號,25.061338,121.495558
群康復健診所,三重區,新北市三重區三和路二段6-1號,25.068119,121.499852
連眼科診所,三重區,新北市三重區福德北路55號,25.065356,121.502223
健安中醫診所,三重區,新北市三重區碧華街141號,25.082067,121.48638
重安養生中醫診所,三重區,新北市三重區平安街9號,25.064352,121.498748
寶石牙醫診所,三重區,新北市三重區重陽路三段144號,25.067421,121.489454
微笑美學牙醫診所,三重區,新北市三重區福德北路45之1號,25.065077,121.502302
安慶牙醫診所,三重區,新北市三重區重陽路一段113巷19號,25.059795,121.488057
保誠牙醫診所,三重區,新北市三重區雙園街一０九號,25.067683,121.495523
百昌堂中醫診所,三重區,新北市三重區自強路２段1號,25.068246,121.491106
龍騰牙醫診所,三重區,新北市三重區中正北路211號,25.070092,121.476414
好幸福泌尿科診所,三重區,新北市三重區正義北路238號,25.068079,121.496041
寶徠牙醫診所,三重區,新北市三重區集美街126巷35號,25.053828,121.490318
頌恩牙醫診所,三重區,新北市三重區碧華街362號,25.084197,121.490712
富信中醫診所,三重區,新北市三重區三民街一四三號,25.065633,121.482037
謝明宏小兒科診所,三重區,新北市三重區中華路43號,25.061775,121.483575
仁馨診所,三重區,新北市三重區龍門路1號,25.071009,121.494832
三重新好診所,三重區,新北市三重區仁義街147號,25.08092,121.497253
龍安中醫診所,三重區,新北市三重區仁愛街680號,25.080282,121.481776
三重天慕堂中醫診所,三重區,新北市三重區中正南路165號,25.056038,121.493661
璟欣中醫診所,三重區,新北市三重區三和路四段199號,25.079378,121.482132
和璞中醫診所,三重區,新北市三重區仁安街101號,25.083386,121.482908
宏通診所,三重區,新北市三重區重新路三段46號,25.061223,121.494137
華貞診所,三重區,新北市三重區三和路三段80號,25.071697,121.494617
合暄牙醫診所,三重區,新北市三重區三賢街199號,25.086875,121.485835
正義骨科診所,三重區,新北市三重區正義北路205號,25.068405,121.496213
青青草美學牙醫診所,三重區,新北市三重區新北大道一段121號,25.061309,121.483167
正和診所,三重區,新北市三重區正義北路278號,25.06907,121.495705
維德徐匯診所,三重區,新北市三重區仁愛街690號,25.080167,121.481531
曜弘診所,三重區,新北市三重區重新路三段107號,25.059834,121.491155
仁安堂中醫診所,三重區,新北市三重區三和路4段133號,25.066605,121.501502
三重宥聖中醫診所,三重區,新北市三重區重新路二段1之6號,25.062922,121.499402
三重正義北好評診所,三重區,新北市三重區正義北路203號,25.068357,121.496228
宏生診所,三重區,新北市三重區五華街72號,25.081922,121.49329
富康診所,三重區,新北市三重區重新路4段53號,25.061439,121.495428
京辰耳鼻喉科診所,三重區,新北市三重區五華街92號,25.08233,121.49283
友孝診所,三重區,新北市三重區中華路60號,25.062206,121.483404
兆興診所,三重區,新北市三重區中興北街19巷2號,25.046379,121.470098
真如中醫診所,三重區,新北市三重區文化南路特8號,25.061229,121.500263
三重光澤診所,三重區,新北市三重區正義北路122號,25.065499,121.496804
自由風時尚醫美診所,三重區,新北市三重區重新路二段70號,25.061997,121.497623
京品中醫診所,三重區,新北市三重區正義南路15之2號,25.061587,121.497976
華謙家醫科診所,三重區,新北市三重區仁愛街517號,25.082272,121.487793
慈田診所,三重區,新北市三重區安興街10號,25.070299,121.49628
立新美學診所,三重區,新北市三重區重安街62號,25.057296,121.491196
予生診所,三重區,新北市三重區三和路四段364號,25.078594,121.482903
大耀中醫診所,三重區,新北市三重區福德北路30之1號,25.065042,121.502084
葉家伶婦產科診所,三重區,新北市三重區重陽路三段93號,25.067993,121.490277
溱美皮膚科診所,三重區,新北市三重區正義北路237號,25.069297,121.49589
得恩診所,三重區,新北市三重區三和路二段89號,25.06855,121.499957
寶島眼科診所,三重區,新北市三重區集賢路189號,25.087988,121.484346
禾順診所,三重區,新北市三重區文化北路3號,25.0633,121.499874
極光牙醫診所,三重區,新北市三重區重新路2段11之2號,25.062796,121.499876
丰禾牙醫診所,三重區,新北市三重區三信路182號,25.08558,121.487433
同安診所,三重區,新北市三重區大同南路151號,25.057084,121.496609
三富牙醫診所,三重區,新北市三重區正義北路10號,25.06279,121.497574
培力佳診所,三重區,新北市三重區自強路三段67號,25.073356,121.487013
臻呈牙醫診所,三重區,新北市三重區溪尾街326號,25.084792,121.487894
厚德牙醫診所,三重區,新北市三重區忠孝路一段117號,25.072188,121.488918
大德牙醫診所,三重區,新北市三重區仁義街379號,25.085186,121.494767
晶品牙醫診所,三重區,新北市三重區正義北路240號,25.068125,121.49603
五華牙醫診所,三重區,新北市三重區五華街96號,25.082385,121.492788
德維復健科診所,三重區,新北市三重區正義北路248號,25.067289,121.493054
仰德中醫診所,三重區,新北市三重區集成路5號,25.051708,121.488524
正興診所,三重區,新北市三重區正義北路113號,25.065789,121.496982
佳禾透析診所,三重區,新北市三重區三和路二段30號,25.067688,121.500166
華信牙醫診所,三重區,新北市三重區仁愛街３９９號,25.080976,121.491117
全民醫院,三重區,新北市三重區三和路四段103之2號,25.079628,121.486842
三重菩提中醫診所,三重區,新北市三重區重陽路四段10號,25.068996,121.490687
天亮診所,三重區,新北市三重區中正北路314號,25.068998,121.479217
愷馨耳鼻喉科診所,三重區,新北市三重區仁愛街729號,25.080644,121.481968
李牙醫診所,三重區,新北市三重區信義街４６號,25.065046,121.500362
建人診所,三重區,新北市三重區正義南路46號,25.060885,121.498309
三重建成中醫診所,三重區,新北市三重區三和路二段153號,25.06958,121.498209
安興精神科診所,三重區,新北市三重區重新路三段132號,25.059789,121.491692
生生堂中醫診所,三重區,新北市三重區重新路四段９２號,25.057214,121.487952
創健牙醫診所,三重區,新北市三重區長安街110號,25.068226,121.49973
重德耳鼻喉科診所,三重區,新北市三重區正義北路２４６號,25.068273,121.495981
御辰牙醫診所,三重區,新北市三重區集英路81號,25.087161,121.485522
皮醫師診所,三重區,新北市三重區三和路四段312號,25.077815,121.484325
郭國鐘小兒科診所,三重區,新北市三重區信義街５７號,25.065057,121.501188
聰明耳鼻喉科診所,三重區,新北市三重區重新路二段14號,25.062686,121.499496
澄心牙醫診所,三重區,新北市三重區重新路3段130號,25.062755,121.498992
錫安婦產科內科診所,三重區,新北市三重區正義北路3１9號,25.071343,121.494128
輝瑞牙醫診所,三重區,新北市三重區文化南路8號,25.062213,121.500164
李瑞相診所,三重區,新北市三重區中華路89號,25.062982,121.483614
大榮耳鼻喉科診所,三重區,新北市三重區正義北路178號,25.066642,121.496462
永福牙醫診所,三重區,新北市三重區永福街252號,25.074733,121.483962
景康牙醫診所,三重區,新北市三重區三和路四段233號,25.079966,121.481153
三重養生堂中醫診所,三重區,新北市三重區龍門路28號,25.072185,121.495537
龍華診所,三重區,新北市三重區五華街100號,25.081071,121.497079
和平牙醫診所,三重區,新北市三重區溪尾街１１１號,25.081007,121.485609
丁婦產科診所,三重區,新北市三重區自強路一段246號,25.067321,121.492783
明安耳鼻喉科診所,三重區,新北市三重區正義北路54．56號,25.06388,121.497265
仁暉診所,三重區,新北市三重區重新路一段50號,25.063771,121.50284
捷登牙醫診所,三重區,新北市三重區中正北路一五０號,25.067692,121.482198
日盛植牙美學牙醫診所,三重區,新北市三重區中正北路296號,25.068753,121.48008
仁祥中醫診所,三重區,新北市三重區自強路二段４８號,25.069562,121.488956
福田中醫診所,三重區,新北市三重區三和路三段182號,25.073324,121.492228
建宏骨科診所,三重區,新北市三重區正義南路60之4號,25.060348,121.498414
健安骨科診所,三重區,新北市三重區慈愛街92號,25.08027,121.489184
宏誠牙醫診所,三重區,新北市三重區重陽路一段122號,25.06018,121.486589
美緹牙醫診所,三重區,新北市三重區重新路四段6號,25.058024,121.489267
威登美學牙醫診所,三重區,新北市三重區忠孝路三段45號,25.066804,121.481109
張欽堯小兒科診所,三重區,新北市三重區集成路35號,25.052501,121.489134
健福診所,三重區,新北市三重區溪尾街171、173號,25.084348,121.487796
采醫馨麗診所,三重區,新北市三重區重新路四段2號,25.058201,121.4894
太安牙醫診所,三重區,新北市三重區三和路四段314號,25.077842,121.48427
寶田中醫診所,三重區,新北市三重區自強路一段66號,25.066525,121.497184
佳德牙醫診所,三重區,新北市三重區溪尾街136號,25.079594,121.489177
綺美牙醫診所,三重區,新北市三重區五華街238號,25.08718,121.487755
宏安中醫診所,三重區,新北市三重區自強路一段254號,25.067453,121.492577
鼎安堂中醫診所,三重區,新北市三重區三和路四段372號,25.078716,121.482699
怡品美學牙醫診所,三重區,新北市三重區重新路三段105號,25.060391,121.492387
佑安中醫診所,三重區,新北市三重區信義西街98號,25.064302,121.49638
康欣中醫診所,三重區,新北市三重區中正北路79號,25.063182,121.489936
宸禾牙醫診所,三重區,新北市三重區三信路208號,25.085174,121.48686
輝鴻診所,三重區,新北市三重區信義街22號,25.064937,121.499662
康緹牙醫診所,三重區,新北市三重區正義北路351號,25.071822,121.493294
林南診所,三重區,新北市三重區重陽路四段11號,25.073143,121.494517
康昕診所,三重區,新北市三重區正義北路185號,25.067825,121.496386
慶竹中醫診所,三重區,新北市三重區五華街178號,25.086208,121.488878
天德堂中醫診所,三重區,新北市三重區大同南路3號,25.061169,121.495602
益安診所,三重區,新北市三重區正義北路152號,25.06624,121.496548
松鶴中醫診所,三重區,新北市三重區過圳街7巷36號,25.059866,121.490377
介壽耳鼻喉科診所,三重區,新北市三重區正義北路255號,25.069716,121.495659
安美中醫診所,三重區,新北市三重區文化北路97號,25.068128,121.498152
美麗人生整形醫美診所,三重區,新北市三重區光復路一段45號,25.048628,121.472218
三重蒔美牙醫診所,三重區,新北市三重區五華街196號,25.086649,121.488362
信林大學眼科診所,三重區,新北市三重區重新路1段51之1號,25.062922,121.499402
六福堂中醫診所,三重區,新北市三重區正義北路270號,25.068831,121.49579
軒林中醫診所,三重區,新北市三重區三和路四段217號,25.079729,121.48153
臻禾牙醫診所,三重區,新北市三重區忠孝路二段93號,25.070141,121.484282
展源內科診所,三重區,新北市三重區重新路四段12號,25.057754,121.488758
固的診所,三重區,新北市三重區正義北路312號,25.070173,121.495011
長壽耳鼻喉科診所,三重區,新北市三重區正義北路194號,25.066975,121.496348
全心堂中醫診所,三重區,新北市三重區自強路三段35、37號,25.073628,121.486908
幸聲耳鼻喉科診所,三重區,新北市三重區正義北路239號,25.06934,121.495864
銓皓牙醫診所,三重區,新北市三重區正義北路268號,25.068771,121.495769
健安堂中醫診所,三重區,新北市三重區重新路一段72號,25.06359,121.501996
詠悅牙醫診所,三重區,新北市三重區中正南路223號,25.054168,121.49327
漢民中醫診所,三重區,新北市三重區正義北路180號,25.066671,121.496455
弘曜中醫診所,三重區,新北市三重區三陽路106號,25.058838,121.483967
曜華牙醫診所,三重區,新北市三重區五華街121號,25.084015,121.491479
重心美學牙醫診所,三重區,新北市三重區三和路二段79號,25.068166,121.499905
鼎真中醫診所,三重區,新北市三重區中正北路135號,25.067279,121.482965
三重華泰診所,三重區,新北市三重區五華街176號,25.086177,121.488912
仲聖中醫診所,三重區,新北市三重區力行路二段155號,25.077684,121.483779
惠心婦產科小兒科診所,三重區,新北市三重區成功路171號,25.052595,121.486278
麗水堂中醫診所,三重區,新北市三重區忠孝路一段6號,25.071633,121.492282
三重同仁堂中醫診所,三重區,新北市三重區忠孝路二段99號,25.069956,121.484016
三重台新診所,三重區,新北市三重區仁愛街７４１號,25.080507,121.481585
吾佳診所,三重區,新北市三重區龍門路１４１號,25.072884,121.498386
三重博愛診所,三重區,新北市三重區重新路三段二００號,25.060391,121.492387
智信診所,三重區,新北市三重區信義西街106號,25.064485,121.497046
至安診所,三重區,新北市三重區重安街6號,25.058577,121.490084
金港齡小兒科診所,三重區,新北市三重區仁愛街３０２號,25.07944,121.492091
賴美里診所,三重區,新北市三重區重新路三段106號,25.060391,121.492387
佳仁診所,三重區,新北市三重區中正南路五號,25.056307,121.493843
周宏法診所,三重區,新北市三重區正義北路309號,25.071182,121.494358
李兆政診所,三重區,新北市三重區中正南路93號,25.05817,121.494143
洪文武診所,三重區,新北市三重區集美街１６２號,25.053059,121.489986
原德安診所,三重區,新北市三重區重新路一段76號,25.063547,121.501895
仁愛診所,三重區,新北市三重區仁愛街409之1號,25.081177,121.490901
洋基耳鼻喉科診所,三重區,新北市三重區正義北路288號,25.069424,121.495522
吳英芳診所,三重區,新北市三重區龍門路一六一號,25.073025,121.49843
厚生堂中醫診所,三重區,新北市三重區中正北路59號,25.063031,121.490534
賴明志婦產科診所,三重區,新北市三重區福德北路26-2號,25.065355,121.502101
蘇炫明外科診所,三重區,新北市三重區三和路四段161號,25.078583,121.483581
宏誠診所,三重區,新北市三重區重陽路一段１２４號,25.060254,121.486591
靜明眼科診所,三重區,新北市三重區三和路四段１５３－２號,25.078414,121.483879
五華眼科診所,三重區,新北市三重區五華街82號,25.082062,121.493121
三重中興醫院,三重區,新北市三重區中興北街二十一號,25.054651,121.46898
陳信任精神科診所,三重區,新北市三重區正義北路320號,25.070328,121.494907
趙堅婦產科診所,三重區,新北市三重區力行路一段８１號,25.067786,121.486959
美視眼科診所,三重區,新北市三重區正義北路210號,25.067527,121.496204
陳耀宗診所,三重區,新北市三重區忠孝路二段５７號,25.070764,121.485189
三民家庭醫學科診所,三重區,新北市三重區三民街８３號,25.063068,121.485681
李烈委診所,三重區,新北市三重區五華街132號,25.083602,121.491612
游奐倫診所,三重區,新北市三重區三和路四段一五六號,25.076934,121.486118
保順聯合診所,三重區,新北市三重區正義北路5號,25.062591,121.497894
明安婦產科診所,三重區,新北市三重區正義北路54、56號,25.067302,121.496401
正義眼科診所,三重區,新北市三重區正義北路250號,25.068369,121.495966
東和婦產科家庭醫學科診所,三重區,新北市三重區三和路二段97號,25.068532,121.499534
德河聯合診所,三重區,新北市三重區重陽路三段115號,25.068579,121.490769
重揚診所,三重區,新北市三重區重陽路一段一一二號,25.059272,121.486781
銘泰診所,三重區,新北市三重區三和路四段１５３號,25.078414,121.483879
仁新小兒科診所,三重區,新北市三重區仁愛街735號,25.080549,121.48174
医力耳鼻喉科診所,三重區,新北市三重區新興路三三號,25.053367,121.492158
三重大學眼科診所,三重區,新北市三重區重新路三段28號,25.061329,121.494776
詹益智耳鼻喉科診所,三重區,新北市三重區重陽路四段6號,25.068935,121.490632
林慶宗耳鼻喉科診所,三重區,新北市三重區集美街21之1號,25.056024,121.487845
及美眼科診所,三重區,新北市三重區集美街1號,25.056645,121.487476
游眼科診所,三重區,新北市三重區福德北路63號,25.065552,121.502162
長駥堂中醫診所,三重區,新北市三重區力行路二段180號,25.077238,121.483169
德澤診所,三重區,新北市三重區仁愛街713、715、７１７、719號,25.078989,121.492591
江村聯合診所,三重區,新北市三重區重新路三段七號,25.060391,121.492387
索南婦產科診所,三重區,新北市三重區重新路二段42號,25.06243,121.498771
新北市三重區衛生所,三重區,新北市三重區新北大道1段1號,25.061192,121.491392
惠心婦幼診所,三重區,新北市三重區重陽路一段138．140．142．144號,25.060733,121.486584
江生診所,三重區,新北市三重區重新路二段1號,25.062922,121.499402
陳慕純內科診所,三重區,新北市三重區重陽路三段９號,25.066568,121.489229
瑞和耳鼻喉科診所,三重區,新北市三重區龍門路22號,25.072039,121.495289
重新診所,三重區,新北市三重區重新路二段150號,25.06146,121.495633
和國牙醫診所,三重區,新北市三重區中正北路６１號,25.063056,121.490467
林牙醫診所,三重區,新北市三重區重新路三段１０９號,25.059769,121.491081
翁牙醫診所,三重區,新北市三重區自強路一段２８４號,25.068048,121.491699
正揚牙醫診所,三重區,新北市三重區大榮街３號,25.063214,121.497897
吾佳牙醫診所,三重區,新北市三重區龍門路一四五號,25.073025,121.49843
三重埔展新牙醫診所,三重區,新北市三重區中正北路３５６號,25.069389,121.477476
簡修平診所,三重區,新北市三重區正義北路三００號,25.067302,121.496401
王立德婦產科診所,三重區,新北市三重區仁愛街731號,25.08061,121.48186
三和診所,三重區,新北市三重區三和路二段１５８號,25.06849,121.499285
康全診所,三重區,新北市三重區三和路四段１１１之３２號,25.07969,121.487036
高柏森耳鼻喉科診所,三重區,新北市三重區正義北路191號,25.068069,121.496318
妙典牙醫診所,三重區,新北市三重區忠孝路一段八一號,25.072041,121.490256
永昇中醫診所,三重區,新北市三重區中寮街20號,25.05931,121.492375
六福中醫診所,三重區,新北市三重區集成路１０號,25.052069,121.48846
林寶華中醫診所,三重區,新北市三重區中正北路２１８號,25.067538,121.482215
慧光中醫診所,三重區,新北市三重區仁福街６４巷４號,25.075381,121.495695
新博愛中醫診所,三重區,新北市三重區中央南路３１號,25.062161,121.501288
正五華中醫診所,三重區,新北市三重區溪尾街１２１號,25.0791,121.489627
東華堂中醫診所,三重區,新北市三重區龍門路５８號,25.072635,121.496624
三和中醫診所,三重區,新北市三重區三和路四段402號,25.079582,121.481221
陳逸德中醫診所,三重區,新北市三重區中央南路2號,25.063255,121.501318
大新牙醫診所,三重區,新北市三重區重新路二段２２號,25.062609,121.49929
湯城牙醫診所,三重區,新北市三重區重新路五段６０９巷２０號,25.046282,121.467084
德倫牙醫診所,三重區,新北市三重區忠孝路二段42號,25.070489,121.485256
東山牙醫診所,三重區,新北市三重區車路頭街141號,25.076522,121.483937
聯合牙醫診所,三重區,新北市三重區正義北路103號,25.067597,121.493425
勝華牙醫診所,三重區,新北市三重區中華路８６號,25.06121,121.484301
親德牙醫診所,三重區,新北市三重區重新路一段82號,25.063504,121.50176
石公燦牙醫診所,三重區,新北市三重區中正北路２８號,25.063493,121.488145
宜德牙醫診所,三重區,新北市三重區仁愛街四九七號,25.078989,121.492591
元品牙醫診所,三重區,新北市三重區大榮街38號,25.063557,121.498813
晶典牙醫診所,三重區,新北市三重區重新路四段５３號,25.057448,121.487703
威登牙醫診所,三重區,新北市三重區忠孝路三段32號,25.06667,121.481343
吉祐牙醫診所,三重區,新北市三重區集美街一五三號,25.054705,121.488383
首席牙醫診所,三重區,新北市三重區三和路三段102號,25.072078,121.494064
詠琦牙醫診所,三重區,新北市三重區中正南路89號,25.058301,121.494153
冠華牙醫診所,三重區,新北市三重區正義北路316號,25.070247,121.494961
欣華牙醫診所,三重區,新北市三重區正義北路154號,25.066299,121.496506
江村牙醫診所,三重區,新北市三重區信義街13號,25.064774,121.499539
桂冠牙醫診所,三重區,新北市三重區重陽路一段114號,25.059911,121.48656
品辰牙醫診所,三重區,新北市三重區三民街二六九號,25.065633,121.482037
重新牙醫診所,三重區,新北市三重區大同南路六十二號,25.058398,121.49634
金中華牙醫診所,三重區,新北市三重區中華路一號,25.062105,121.483508
順祥牙醫診所,三重區,新北市三重區永福街五十號,25.074496,121.483023
全鴻牙醫診所,三重區,新北市三重區力行路二段164號,25.076771,121.482912
欣誼牙醫診所,三重區,新北市三重區仁愛街六七二號,25.078989,121.492591
維昌牙醫診所,三重區,新北市三重區重陽路一段七十三號,25.059272,121.486781
光美牙醫診所,三重區,新北市三重區三和路四段三一六號,25.076934,121.486118
弘益牙醫診所,三重區,新北市三重區三和路四段３６０－２號,25.078515,121.483053
三重新欣牙醫診所,三重區,新北市三重區車路頭街頭街２２號,25.073929,121.484391
大洋牙醫診所,三重區,新北市三重區三和路二段１７４號,25.068728,121.498921
聯大牙醫診所,三重區,新北市三重區大同南路５１號,25.06007,121.495854
光明牙醫診所,三重區,新北市三重區重新路五段575號,25.046002,121.470078
仁貴牙醫診所,三重區,新北市三重區大智街二三八－二號,25.069086,121.491831
久敦牙醫診所,三重區,新北市三重區中正北路３４２號,25.069212,121.478177
正光牙醫診所,三重區,新北市三重區集賢路127號,25.089328,121.489464
星輝牙醫診所,三重區,新北市三重區正義北路40號,25.06355,121.497354
上宏牙醫診所,三重區,新北市三重區中華路61、63號,25.062105,121.483508
文陽牙醫診所,三重區,新北市三重區三陽路４７號,25.058947,121.484882
育安牙醫診所,三重區,新北市三重區自強路四段６０號,25.078414,121.490024
慶安診所,三重區,新北市三重區重新路四段一一四號,25.055544,121.486291
莊裕安內科診所,三重區,新北市三重區中正北路２９２號,25.068691,121.480257
李進忠診所,三重區,新北市三重區重新路三段１０５號,25.060391,121.492387
翁華宗小兒科診所,三重區,新北市三重區正義北路３２４號,25.070388,121.494862
吉田診所,三重區,新北市三重區中正北路１７４之７號,25.066589,121.483409
重仁診所,三重區,新北市三重區重新路五段592號,25.045392,121.469413
宏鴻診所,三重區,新北市三重區長生街６７號,25.066697,121.500991
輝德診所,三重區,新北市三重區重新路二段23號,25.062421,121.498023
集美診所,三重區,新北市三重區集美街一七四號,25.054705,121.488383
敦和診所,三重區,新北市三重區三和路四段362號,25.07856,121.482955
德慈聯合診所,三重區,新北市三重區重新路三段14號,25.060694,121.494502
鄭智雄診所,三重區,新北市三重區三和路四段三０八號,25.076934,121.486118
陳銘賢診所,三重區,新北市三重區三和路二段57號,25.067742,121.500413
正一耳鼻喉科診所,三重區,新北市三重區正義北路310之1號,25.070087,121.495081
梁耳鼻喉科診所,三重區,新北市三重區三和路四段３０２號,25.077693,121.484568
國嘉中醫診所,三重區,新北市三重區三光街3號,25.060887,121.484989
莊牙醫診所,三重區,新北市三重區正義北路254號,25.06846,121.495935
宏仁醫院,三重區,新北市三重區水漾路一段一五八號,25.053849,121.483504
聖仁皮膚科診所,三重區,新北市三重區正義北路126號,25.06562,121.496744
世鴻耳鼻喉科小兒科聯合診所,三重區,新北市三重區三和路四段三一八號,25.076934,121.486118
寶華牙醫診所,三重區,新北市三重區三和路二段145號,25.069486,121.498345
康倍耳鼻喉科診所,三重區,新北市三重區正義北路117號,25.065959,121.496904
英仁牙醫診所,三重區,新北市三重區大同北路八十七號,25.064814,121.492861
傑出聯合牙醫診所,三重區,新北市三重區正義北路370號,25.0714,121.493515
新北市立聯合醫院,三重區,新北市三重區新北大道1段3號,25.061192,121.491392
康新診所,三重區,新北市三重區正義北路185號,25.067825,121.496386
合健診所,三重區,新北市三重區仁義街407號,25.085828,121.494439
李祥德診所,三重區,新北市三重區三和路四段３９２號,25.079182,121.481854
德謙皮膚科診所,三重區,新北市三重區仁愛街517號,25.082272,121.487793
活力復健診所,三重區,新北市三重區中正北路168號,25.066086,121.484083
荷堤美學牙醫診所,三重區,新北市三重區捷運路30號,25.055662,121.484646
興和牙醫診所,三重區,新北市三重區力行路一段二五一號,25.068959,121.485037
龍門牙醫診所,三重區,新北市三重區龍門路６７號,25.072427,121.496749
德儀皮膚專科診所,三重區,新北市三重區中正北路17號,25.061714,121.492614
德心診所,三重區,新北市三重區力行路二段206號,25.076686,121.483001
華品牙醫診所,三重區,新北市三重區捷運路22巷50號,25.054216,121.484668
三重唯美醫美診所,三重區,新北市三重區重新路二段21號,25.062422,121.498076
善慧堂中醫診所,三重區,新北市三重區三和路四段20巷10號,25.073832,121.490586
福信牙醫診所,三重區,新北市三重區正義北路366號,25.071292,121.493722
達昇皮膚科診所,三重區,新北市三重區正義北路104號,25.06738,121.493131
長榮牙醫診所,三重區,新北市三重區集美街156號,25.053079,121.489799
良安診所,三重區,新北市三重區重新路三段34號,25.061296,121.494578
新視界診所,三重區,新北市三重區三民街257號,25.067764,121.479729
洪小兒科診所,三重區,新北市三重區三民街２４３號,25.067608,121.479945
誌仁中醫診所,三重區,新北市三重區三和路四段136號,25.07538,121.488698
何合安中醫診所,三重區,新北市三重區忠孝路一段35號,25.071984,121.491463
仁佳診所,三重區,新北市三重區正義北路30號,25.063301,121.49751
江建中皮膚科診所,三重區,新北市三重區正義北路三０四號,25.067302,121.496401
新生活復健科診所,三重區,新北市三重區重陽路二段65號,25.063645,121.487562
長泰診所,三重區,新北市三重區長榮路2號,25.06851,121.499854
采新婦幼診所,三重區,新北市三重區正義北路86號,25.064559,121.497078
維德骨科診所,三重區,新北市三重區集美街3號,25.056609,121.487513
友祥外科診所,三重區,新北市三重區重陽路二段6號,25.06171,121.486608
惟新診所,三重區,新北市三重區五華街145號,25.084694,121.490834
群和牙醫診所,三重區,新北市三重區仁愛街四九九號,25.078989,121.492591
大同中醫診所,三重區,新北市三重區重陽路三段5巷1號,25.065423,121.490707
重陽牙醫診所,三重區,新北市三重區三民街６５－３號,25.025218,121.508878
奇美牙醫診所,三重區,新北市三重區集美街１１９號,25.052863,121.490228
遠傳牙醫診所,三重區,新北市三重區中正南路139號,25.056811,121.493866
大愛眼科診所,三重區,新北市三重區正義北路201號,25.068295,121.496248
慶長牙醫診所,三重區,新北市三重區正義北路２６５號,25.069958,121.495502
馬克牙醫診所,三重區,新北市三重區中央南路十二號,25.061057,121.501476
崇愛牙醫診所,三重區,新北市三重區文化北路148號,25.06712,121.49824
惟康中醫診所,三重區,新北市三重區長榮路8號,25.068579,121.500066
長興中醫診所,三重區,新北市三重區溪尾街１８４號,25.080773,121.488384
醫道中醫診所,三重區,新北市三重區力行路二段165號,25.077942,121.483977
張必正診所,三重區,新北市三重區重新路三段66號,25.061105,121.493652
喜悅中醫診所,三重區,新北市三重區中正北路392號,25.070095,121.475954
三重埔牙醫診所,三重區,新北市三重區福德北路33號,25.064738,121.502399
集勇復健科診所,三重區,新北市三重區集勇街60號,25.085254,121.484538
華健牙醫診所,三重區,新北市三重區仁愛街二七六號,25.078989,121.492591
九如聯合診所,三重區,新北市三重區仁愛街753號,25.080311,121.481264
侯外科診所,三重區,新北市三重區三和路四段二六○號,25.076934,121.486118
膚麗康診所,三重區,新北市三重區五華街128號,25.083423,121.491758
杏華診所,三重區,新北市三重區自強路五段四號,25.081872,121.494763
金龍牙醫診所,三重區,新北市三重區中央南路十六號,25.061057,121.501476
忠孝龍安中醫診所,三重區,新北市三重區忠孝路二段五十三號,25.070035,121.484345
保安堂中醫診所,三重區,新北市三重區正義北路四七.四九號,25.067302,121.496401
祥寧中醫診所,永和區,新北市永和區中興街104號,25.013374,121.51692
友友小兒科診所,永和區,新北市永和區竹林路一三三之一號,25.012016,121.519689
宜康牙醫診所,永和區,新北市永和區安樂路２８２號,25.004428,121.514494
祥同中醫診所,永和區,新北市永和區竹林路150號,25.010552,121.520213
王新亞眼科診所,永和區,新北市永和區中正路81號,24.996949,121.515081
保福牙醫診所,永和區,新北市永和區保福路一段４４號,25.00921,121.512815
蘇耳鼻喉科診所,永和區,新北市永和區永和路2段203號,25.004415,121.512747
新維恩牙醫診所,永和區,新北市永和區民權路84號,24.997028,121.519766
葉春風耳鼻喉科診所,永和區,新北市永和區中山路一段204號,25.008738,121.508733
聯宏內科診所,永和區,新北市永和區保平路５０巷１號,25.007208,121.511212
成品牙醫診所,永和區,新北市永和區成功路二段88號,24.998632,121.526564
術德中醫診所,永和區,新北市永和區民生路21號,24.999074,121.522986
唯豋牙醫診所,永和區,新北市永和區福和路２７０號,25.007594,121.518052
頂溪耳鼻喉科診所,永和區,新北市永和區永和路二段139-1號,25.013816,121.51549
惠恩診所,永和區,新北市永和區保安路77號,25.014867,121.508683
永和澄杏中醫診所,永和區,新北市永和區仁愛路5號,25.013437,121.51497
天佑眼科診所,永和區,新北市永和區福和路106號,25.007376,121.51697
甘霖中醫診所,永和區,新北市永和區仁愛路289號,25.009348,121.50548
永和明師中醫診所,永和區,新北市永和區永和路一段2號,25.004415,121.512747
得和牙醫診所,永和區,新北市永和區得和路２４７號,25.00009,121.520643
華賢牙醫診所,永和區,新北市永和區福和路98號,25.008051,121.522315
蕙明眼科診所,永和區,新北市永和區得和路二三五號,24.999994,121.520623
永和牙醫診所,永和區,新北市永和區永和路一段155之2號,25.009443,121.51419
永漾恆美牙醫診所,永和區,新北市永和區中山路一段211-1號,25.009045,121.50944
吳銅坤婦產科診所,永和區,新北市永和區中山路1段35號,25.061709,121.485483
秀和牙醫診所,永和區,新北市永和區永元路十號,25.001592,121.522405
竹琳牙醫診所,永和區,新北市永和區竹林路一二五號,25.012016,121.519689
黃柏榮耳鼻喉科診所,永和區,新北市永和區林森路４７號,25.004299,121.524717
逸全診所,永和區,新北市永和區中正路253號,25.000294,121.517582
長欣診所,永和區,新北市永和區文化路78號,25.015228,121.514085
福德中醫診所,永和區,新北市永和區仁愛路241號,25.014688,121.51234
文林診所,永和區,新北市永和區仁愛路15號,25.013421,121.514805
永信皮膚科診所,永和區,新北市永和區中正路５５２號,25.005644,121.517258
匯豐牙醫診所,永和區,新北市永和區永元路91號,25.001619,121.522291
臻觀中醫診所,永和區,新北市永和區永貞路8號,25.007431,121.520796
俊發中醫診所,永和區,新北市永和區復興街３１號,25.011939,121.516166
智光牙醫診所,永和區,新北市永和區中正路６０巷３號,24.994619,121.513647
誠新耳鼻喉科診所,永和區,新北市永和區永和路2段173號,25.004415,121.512747
夏爾牙醫診所,永和區,新北市永和區得和路394號,24.999136,121.525305
嘉康牙醫診所,永和區,新北市永和區仁愛路89號,25.013199,121.512992
世芳復健科診所,永和區,新北市永和區中正路117號,24.997723,121.515724
和信診所,永和區,新北市永和區秀朗二段９０號,25.001585,121.523309
慶星牙醫診所,永和區,新北市永和區成功路二段６２號,24.99966,121.526603
永馨復健診所,永和區,新北市永和區竹林路139號,25.010735,121.520334
鍾婦產科診所,永和區,新北市永和區福和路84號,25.008088,121.522732
進安牙醫診所,永和區,新北市永和區信義路25巷6號,25.012001,121.513353
薛弘亮醫師診所,永和區,新北市永和區信義路122號,25.014773,121.512432
艾莘牙醫診所,永和區,新北市永和區福和路171號,25.007587,121.520078
信心診所,永和區,新北市永和區仁愛路108號,25.014688,121.51234
星幸福美學診所,永和區,新北市永和區福和路84號,25.008088,121.522732
心晴診所,永和區,新北市永和區竹林路27號,25.014735,121.517416
永安艾美牙醫診所,永和區,新北市永和區中和路395號,25.000312,121.508777
佳永診所,永和區,新北市永和區中山路一段213號,25.00811,121.508452
杏日診所,永和區,新北市永和區中正路111號,24.993434,121.512817
頂溪紫陽復健科診所,永和區,新北市永和區中正路746號,25.010344,121.514958
德謙耳鼻喉科診所,永和區,新北市永和區竹林路216號,25.008103,121.520708
中永和身心精神科診所,永和區,新北市永和區中正路558號,25.005797,121.51724
順誠耳鼻喉科診所,永和區,新北市永和區中正路75號,24.996875,121.514932
逸原診所,永和區,新北市永和區永和路1段69號,25.01301,121.514936
博愛婦產科診所,永和區,新北市永和區光復街15號,25.017319,121.516416
清池牙醫診所,永和區,新北市永和區福和路272號,25.007591,121.517991
旭恩小兒科診所,永和區,新北市永和區中山路一段172號,25.009147,121.509243
醫憲診所,永和區,新北市永和區中山路一段259號,25.007388,121.50754
采豐牙醫診所,永和區,新北市永和區得和路417號,24.999273,121.525952
奧蕾莉美學診所,永和區,新北市永和區福和路149號,25.007649,121.52061
尊榮牙醫診所,永和區,新北市永和區中和路541號,25.003237,121.511422
保仁牙醫診所,永和區,新北市永和區保福路二段101號,25.013184,121.510343
樂源中醫診所,永和區,新北市永和區中正路155號,24.998451,121.516373
宜庭中醫診所,永和區,新北市永和區永貞路439號,25.009898,121.50673
福和診所,永和區,新北市永和區福和路192號,25.007815,121.52014
齊美牙醫診所,永和區,新北市永和區中正路742號,25.010318,121.51507
悅腎診所,永和區,新北市永和區竹林路33號,25.014524,121.517574
雙和聚英視光眼科診所,永和區,新北市永和區安樂路242號,24.998474,121.51255
陽光燦亮診所,永和區,新北市永和區中和路431號,25.001011,121.509377
明洞美學診所,永和區,新北市永和區得和路273號,24.999889,121.522023
頤康診所,永和區,新北市永和區中和路581號,25.003963,121.51206
京日牙醫診所,永和區,新北市永和區永元路87號,25.001511,121.522262
恆新復健科診所,永和區,新北市永和區福和路378號,25.007866,121.514249
仲信診所,永和區,新北市永和區福和路268號,25.007595,121.518088
嘉祐牙醫診所,永和區,新北市永和區得和路227號,25.000231,121.519799
永和好幸福泌尿科診所,永和區,新北市永和區中正路133號,24.998015,121.516004
頂和骨科診所,永和區,新北市永和區中山路一段130號,25.010067,121.51038
健祐中醫診所,永和區,新北市永和區竹林路173號,25.009949,121.520591
四季和悅婦產科診所,永和區,新北市永和區中和路377號,24.99991,121.508406
承安內科診所,永和區,新北市永和區自由街64號,25.005653,121.513545
博誠牙醫診所,永和區,新北市永和區中正路417號,25.004942,121.517109
懿麟診所,永和區,新北市永和區民生路29號,24.998367,121.522868
得揚診所,永和區,新北市永和區得和路421號,24.999238,121.526046
靖林中醫診所,永和區,新北市永和區中正路718號,25.010148,121.515886
仁艾牙醫診所,永和區,新北市永和區仁愛路310號,25.007705,121.503059
欣品牙醫診所,永和區,新北市永和區中正路494號,25.004096,121.517413
有明中醫診所,永和區,新北市永和區保安路153號,25.01296,121.50693
和順診所,永和區,新北市永和區竹林路123號,25.0113,121.520096
夏爾秀朗牙醫診所,永和區,新北市永和區得和路394號,24.999136,121.525305
康馨牙醫診所,永和區,新北市永和區中正路171號,24.998679,121.516596
白光牙醫診所,永和區,新北市永和區永和路二段185號,25.013458,121.515268
博誠美學牙醫診所,永和區,新北市永和區中正路409號,25.004717,121.517123
永和醫憲診所,永和區,新北市永和區中正路134號,24.996097,121.514632
一日誠臻牙醫診所,永和區,新北市永和區竹林路43號,25.014083,121.518028
元化中醫診所,永和區,新北市永和區信義路109號,25.014623,121.512179
星澄牙醫診所,永和區,新北市永和區中正路560號,25.005852,121.51723
郁遠牙醫診所,永和區,新北市永和區保安路154號,25.014675,121.508205
洪碩壎小兒科診所,永和區,新北市永和區中正路157號,24.998475,121.516397
得安診所,永和區,新北市永和區永貞路240號,25.003954,121.514705
益康診所,永和區,新北市永和區中正路455號,25.005608,121.516995
瑞樺牙醫診所,永和區,新北市永和區中正路三十五號,25.001764,121.517544
旭光美學牙醫診所,永和區,新北市永和區永和路二段242號,25.013816,121.51549
潔登牙醫診所,永和區,新北市永和區林森路87號,25.003737,121.523755
群麗診所,永和區,新北市永和區中山路一段190號,25.008878,121.508935
群英皮膚科整形外科診所,永和區,新北市永和區中正路746號,25.010344,121.514958
惠生聯合診所,永和區,新北市永和區竹林路１３號,25.01496,121.516813
宏康牙醫診所,永和區,新北市永和區保平路一九０號,25.005674,121.509593
光晴復健科診所,永和區,新北市永和區得和路110號,25.000054,121.518315
吉安小兒科診所,永和區,新北市永和區中正路１２號,24.993746,121.512636
蕭正貴小兒科家庭醫學科診所,永和區,新北市永和區得和路１９８號,24.999945,121.520229
李廣德眼科診所,永和區,新北市永和區中正路643號,25.010045,121.515269
陳宏銘婦產科診所,永和區,新北市永和區竹林路１０號,25.014837,121.516376
竹林皮膚科診所,永和區,新北市永和區竹林路１１２號,25.011616,121.519726
雙和診所,永和區,新北市永和區中正路284號,24.998918,121.517088
明心診所,永和區,新北市永和區中正路748號,25.010368,121.5149
芳瑞皮膚科診所,永和區,新北市永和區永和路2段46號,25.004415,121.512747
幸鼎牙醫診所,永和區,新北市永和區永貞路173號,25.003798,121.515409
豐富牙醫診所,永和區,新北市永和區中山路1段261號,25.061709,121.485483
德上診所,永和區,新北市永和區中正路106號,24.993434,121.512817
戴良恭診所,永和區,新北市永和區中正路二三七號,25.001764,121.517544
天主教耕莘醫療財團法人永和耕莘醫院,永和區,新北市永和區中興街80號,25.011874,121.51787
上立皮膚科診所,永和區,新北市永和區中山路一段75號,25.010628,121.512455
劉宗健小兒科診所,永和區,新北市永和區得和路347號,24.999561,121.524036
曾眼科診所,永和區,新北市永和區福和路２４２號,25.007376,121.51697
柯景馨診所,永和區,新北市永和區得和路307號,24.999726,121.523059
趙英進診所,永和區,新北市永和區中正路584號,25.006642,121.51715
吳宗坡耳鼻喉科診所,永和區,新北市永和區得和路三八一號,24.999994,121.520623
崇恩診所,永和區,新北市永和區成功路二段一三三號,24.998182,121.526653
新北市永和區衛生所,永和區,新北市永和區秀朗路一段137號,25.004971,121.516232
康承牙醫診所,永和區,新北市永和區永元路48號,25.000982,121.522303
丰荷牙醫診所,永和區,新北市永和區保平路236巷15弄2號,25.006353,121.508362
蔡正平耳鼻喉科聯合診所,永和區,新北市永和區得和路２４５號,25.000143,121.520493
郭烽裕診所,永和區,新北市永和區永貞路三三九號,25.005081,121.511539
泰祥婦產科診所,永和區,新北市永和區中和路337號,24.999907,121.507528
先進牙醫診所,永和區,新北市永和區中和路四０七號,24.999699,121.505915
卓越牙醫診所,永和區,新北市永和區仁愛路264號,25.008638,121.504214
美讓牙醫診所,永和區,新北市永和區得和路９０號,25.000009,121.516943
仁德牙醫診所,永和區,新北市永和區中正路７6號,24.995104,121.513759
文華牙醫診所,永和區,新北市永和區文化路118號,25.015324,121.513304
國良牙醫診所,永和區,新北市永和區中正路２７７號,25.000968,121.51748
永信牙醫診所,永和區,新北市永和區信義路114號,25.014405,121.512427
聖元中醫診所,永和區,新北市永和區中山路1段168號,25.061709,121.485483
聖昇中醫診所,永和區,新北市永和區中正路一０九號,25.001764,121.517544
椰林牙醫診所,永和區,新北市永和區中山路1段170號,25.061709,121.485483
永愛診所,永和區,新北市永和區永平路282之1號,25.011949,121.507828
芝妍皮膚專科診所,永和區,新北市永和區竹林路169號,25.010035,121.520566
名陽牙醫診所,永和區,新北市永和區竹林路191巷4號,25.009436,121.521013
崇愛中醫聯合診所,永和區,新北市永和區中山路一段一０一號,25.009045,121.50944
得翔牙醫診所,永和區,新北市永和區民生路１９號,24.999147,121.52298
永平身心診所,永和區,新北市永和區中山路1段174號,25.061709,121.485483
群英牙醫診所,永和區,新北市永和區福和路101號,25.007784,121.521848
樂華診所,永和區,新北市永和區中正路632號,25.008116,121.517004
彭程毅診所,永和區,新北市永和區中正路516號,25.004758,121.517343
柏安診所,永和區,新北市永和區福和路135號,25.007716,121.52127
順和堂中醫診所,永和區,新北市永和區得和路342號,24.999419,121.523629
黃賜濱皮膚科診所,永和區,新北市永和區永元路116號,25.000211,121.523918
佑達骨科診所,永和區,新北市永和區中正路296號,24.999073,121.517218
美麗永安牙醫診所,永和區,新北市永和區中和路517號,25.00267,121.510935
從容中醫診所,永和區,新北市永和區中山路1段202號,25.061709,121.485483
姚仁青診所,永和區,新北市永和區永貞路418號,25.008097,121.508845
御生婦幼診所,永和區,新北市永和區中山路1段277號,25.061709,121.485483
景愛復健診所,永和區,新北市永和區中正路46號,24.994382,121.513125
榛品牙醫診所,永和區,新北市永和區永利路98號,25.003578,121.520965
晶耀眼科診所,永和區,新北市永和區中正路332號,24.999838,121.517736
永悅牙醫診所,永和區,新北市永和區信義路77號,25.013311,121.512386
永和復康醫院,永和區,新北市永和區中和路575、577、579號,24.999699,121.505915
進昌中醫診所,永和區,新北市永和區仁愛路50號,25.013496,121.513892
星孕國際診所,永和區,新北市永和區福和路94號,25.008053,121.522423
博祥牙醫診所,永和區,新北市永和區得和路51號,25.000177,121.516821
永樂中醫診所,永和區,新北市永和區中山路一段14號,25.010541,121.514057
仁美牙醫診所,永和區,新北市永和區中山路1段162號,25.061709,121.485483
合元中醫診所,永和區,新北市永和區民權路８號,24.999665,121.520211
利源中醫診所,永和區,新北市永和區竹林路179巷1號,25.009914,121.52084
華興中醫診所,永和區,新北市永和區成功路二段９０號,24.998578,121.526556
明仁中醫診所,永和區,新北市永和區永貞路350號,25.005988,121.510803
永和易元堂中醫診所,永和區,新北市永和區中正路62號,24.994773,121.513467
上林牙醫診所,永和區,新北市永和區林森路１０１巷１０號,25.003176,121.523701
清華中醫診所,永和區,新北市永和區永元路八十九號,25.001592,121.522405
華信中醫診所,永和區,新北市永和區保平路246號,25.005325,121.508993
新和牙醫診所,永和區,新北市永和區永貞路342號,25.005967,121.511066
東捷牙醫診所,永和區,新北市永和區中正路６３０號,25.008082,121.517019
蕙齡牙醫診所,永和區,新北市永和區永貞路七號,25.005081,121.511539
遠丁牙醫診所,永和區,新北市永和區竹林路一七六號,25.012016,121.519689
永和嘉仁牙醫診所,永和區,新北市永和區竹林路91巷6號,25.012167,121.51994
歐首牙醫診所,永和區,新北市永和區中正路三三四號,25.001764,121.517544
慶齡牙醫診所,永和區,新北市永和區安樂路２３８號,25.002662,121.514936
博新牙醫診所,永和區,新北市永和區中正路三六０號,25.001764,121.517544
誼安牙醫診所,永和區,新北市永和區中正路28號,24.994051,121.51285
小木屋牙醫聯合診所,永和區,新北市永和區保生路二十二巷八號,25.00897,121.505158
光泰牙醫診所,永和區,新北市永和區中正路５４號,24.994575,121.513313
王宏仁牙醫診所,永和區,新北市永和區竹林路１７９巷１１號,25.01001,121.521086
泰安牙醫診所,永和區,新北市永和區中正路三一六號,25.001764,121.517544
崇恩牙醫診所,永和區,新北市永和區文化路７９號,25.015098,121.513628
鴻林牙醫診所,永和區,新北市永和區國光路１５號,25.008379,121.520057
荷風牙醫診所,永和區,新北市永和區竹林路171號,25.00999,121.520571
維康牙醫診所,永和區,新北市永和區中正路174號,24.996823,121.515259
貝瑞牙醫診所,永和區,新北市永和區得和路213號,25.000308,121.519265
昱雅牙醫診所,永和區,新北市永和區中正路487號,25.006624,121.516946
頂真牙醫診所,永和區,新北市永和區永和路二段224號,25.014189,121.515778
世樺牙醫診所,永和區,新北市永和區永和路一段154號,25.008362,121.514128
維恆牙醫診所,永和區,新北市永和區永和路一段108號,25.007284,121.513435
御登牙醫診所,永和區,新北市永和區福和路316號,25.007392,121.51598
仁仁牙醫診所,永和區,新北市永和區福和路208號,25.007768,121.519695
啟隆牙醫診所,永和區,新北市永和區文化路５０號,25.015171,121.514622
惠忠牙醫診所,永和區,新北市永和區中正路１２１號,24.99779,121.515769
名德牙醫診所,永和區,新北市永和區中和路３１１號,24.999787,121.506861
永慶牙醫診所,永和區,新北市永和區竹林路１5號,25.014968,121.516844
群芳牙醫診所,永和區,新北市永和區仁愛路１１３號,25.013082,121.512222
漢聲牙醫診所,永和區,新北市永和區中正路545號,25.008036,121.516784
民生張牙醫診所,永和區,新北市永和區得和路４１５號,24.99927,121.525908
王威鈞婦產科診所,永和區,新北市永和區福和路197號,25.007548,121.51959
林俊銘皮膚科診所,永和區,新北市永和區中正路326號,24.999691,121.517655
蔡天惠婦產科診所,永和區,新北市永和區福和路387號,25.007642,121.514205
和安耳鼻喉科診所,永和區,新北市永和區中和路525號,25.002872,121.51113
銘亮診所,永和區,新北市永和區中正路三七六號,25.001764,121.517544
王杰凱小兒科診所,永和區,新北市永和區得和路275號,24.999834,121.522247
呂適存小兒科診所,永和區,新北市永和區竹林路51號,25.013951,121.51816
陳旦陽耳鼻喉科診所,永和區,新北市永和區中正路五五一號,25.001764,121.517544
吳志仁診所,永和區,新北市永和區仁愛路一四七號,25.011541,121.508309
健新耳鼻喉科診所,永和區,新北市永和區永貞路二九七號,25.005081,121.511539
愛兒小兒科診所,永和區,新北市永和區福和路１９９號,25.007538,121.519534
黃濂輝診所,永和區,新北市永和區成功路二段一零五號,24.998182,121.526653
博群復健診所,永和區,新北市永和區中正路372號,25.001049,121.51773
博新小兒科家庭醫學科診所,永和區,新北市永和區仁愛路２４號,25.0136,121.514724
謝璧光小兒科診所,永和區,新北市永和區竹林路八十一號,25.012016,121.519689
大仁耳鼻喉科診所,永和區,新北市永和區福和路96號,25.008051,121.522363
賀自立耳鼻喉科診所,永和區,新北市永和區中正路45號,24.996273,121.514415
曾怡仁診所,永和區,新北市永和區得和路３４０號,24.999439,121.523511
謝政璋皮膚科診所,永和區,新北市永和區福和路256號,25.007622,121.518353
黃榮泰診所,永和區,新北市永和區竹林路６７巷１０號,25.01369,121.51887
清池診所,永和區,新北市永和區永利路122號,25.002999,121.521636
林揚內科診所,永和區,新北市永和區福和路227號,25.007465,121.518777
章志平小兒科診所,永和區,新北市永和區福和路一九五號,25.007671,121.519853
蔡維中眼科診所,永和區,新北市永和區民權路三十號,24.998003,121.520033
喜田牙醫診所,永和區,新北市永和區中正路491號,25.00671,121.516936
鍾山牙醫診所,永和區,新北市永和區仁愛路10號,25.013759,121.515042
明献診所,永和區,新北市永和區民生路１４號,24.997623,121.522479
永和大學眼科診所,永和區,新北市永和區永和路2段235-1號,25.004415,121.512747
悅滿意復健專科診所,永和區,新北市永和區仁愛路127號,25.013031,121.511939
禾丰牙醫診所,永和區,新北市永和區林森路74號,25.00398,121.523629
永和開心診所,永和區,新北市永和區永貞路153號,25.003941,121.515675
雷鳴牙醫診所,永和區,新北市永和區智光街116號,24.995302,121.5138
光耀牙醫診所,永和區,新北市永和區秀朗路一段178號,25.003214,121.518883
冠宏骨科診所,永和區,新北市永和區福和路246、248、250、252號,25.007671,121.519853
辰翰牙醫診所,永和區,新北市永和區中山路一段190號,25.008878,121.508935
德美診所,永和區,新北市永和區中正路455-1號,25.001764,121.517544
新時代中醫診所,永和區,新北市永和區林森路１０４號,25.003496,121.522793
泰華內科針炙科中醫診所,永和區,新北市永和區保平路１２１號,25.006444,121.510699
歐仕美牙醫診所,永和區,新北市永和區中山路一段7號,25.010268,121.514122
安潔牙醫診所,永和區,新北市永和區大新街14號,25.008452,121.514992
佑憲中醫診所,永和區,新北市永和區得和路119號,25.000333,121.518688
高健診所,永和區,新北市永和區得和路219號,25.000284,121.519509
李一宏中醫診所,永和區,新北市永和區永和路1段2號,25.01301,121.514936
楊安診所,永和區,新北市永和區仁愛路303號,25.007961,121.503729
永和健生堂中醫診所,永和區,新北市永和區仁愛路218號,25.012128,121.508905
洪源裕小兒科診所,永和區,新北市永和區竹林路181號,25.009691,121.520649
晉安牙醫診所,永和區,新北市永和區永和路一段８號,25.004578,121.512885
加恩美學牙醫診所,永和區,新北市永和區得和路115號,25.000333,121.518562
葉牙醫診所,永和區,新北市永和區永利路１２號,25.005904,121.517778
劉志明骨科診所,永和區,新北市永和區自由街2號,25.007157,121.514835
永和雅德思牙醫診所,永和區,新北市永和區自由街49號,25.005821,121.513994
康福中醫診所,永和區,新北市永和區中正路 478號,25.003441,121.517491
定安皮膚科診所,永和區,新北市永和區福和路九十九號,25.007671,121.519853
妙華中醫診所,永和區,新北市永和區中和路429號,25.00099,121.509275
泉安堂中醫診所,永和區,新北市永和區竹林路4號,25.014844,121.516203
美仁欣診所,永和區,新北市永和區永和路2段194號,25.004415,121.512747
胡淑晶皮膚科診所,永和區,新北市永和區得和路二四九之三號,24.999994,121.520623
藝群永和診所,永和區,新北市永和區中山路一段142號,25.009817,121.510067
愛爾麗診所,永和區,新北市永和區永和路2段59號,25.004415,121.512747
懷源牙醫診所,永和區,新北市永和區永貞路二０八號,25.005081,121.511539
晉康診所,永和區,新北市永和區中正路455號,25.005608,121.516995
世峰中醫診所,永和區,新北市永和區豫溪街50號,25.009833,121.515864
唐小兒科診所,永和區,新北市永和區中正路４３６號,25.002625,121.517612
玉齡牙醫診所,永和區,新北市永和區得和路一八六號,24.999994,121.520623
黎新彬診所,永和區,新北市永和區永貞路15號,25.007132,121.521042
王英傑小兒科診所,永和區,新北市永和區中山路1段158號,25.061709,121.485483
簡單美形診所,永和區,新北市永和區永和路二段98號,25.011762,121.51511
獻寶中醫診所,永和區,新北市永和區福和路三六二號,25.007671,121.519853
秀朗中醫診所,永和區,新北市永和區民權路二四號,24.998003,121.520033
弘泰診所,永和區,新北市永和區中正路258號,24.99853,121.516744
光田牙醫診所,永和區,新北市永和區文化路３７號,25.015004,121.514597
杏福診所,永和區,新北市永和區得和路289號,24.99979,121.522622
如意牙醫診所,永和區,新北市永和區永和路2段174號,25.004415,121.512747
博宏眼科診所,永和區,新北市永和區中正路514號,25.004693,121.517348
博世牙醫診所,永和區,新北市永和區永利路150號,25.002655,121.522426
悅生婦產科診所,永和區,新北市永和區中正路四五五號,25.001764,121.517544
瓔美牙醫診所,永和區,新北市永和區林森路105號,25.003428,121.523222
蕭佩宏小兒科診所,永和區,新北市永和區福和路258號,25.007623,121.518308
康源中醫診所,永和區,新北市永和區得和路３５１號,24.999543,121.52418
永豐中醫診所,永和區,新北市永和區永平路１４６號,25.008554,121.51153
祺元堂中醫診所,永和區,新北市永和區竹林路71-1號,25.012016,121.519689
永漾美學牙醫診所,永和區,新北市永和區永貞路422號,25.008293,121.508652
張婦產科診所,永和區,新北市永和區中正路123號,24.997814,121.515793
光毅牙醫診所,永和區,新北市永和區仁愛路180號,25.012672,121.509924
永和原力復健科診所,永和區,新北市永和區得和路160號,25.000041,121.51954
竹林堂中醫診所,永和區,新北市永和區永和路二段２４９號,25.015146,121.515767
竹安堂中醫診所,永和區,新北市永和區永亨路７號,25.00573,121.51928
上海堂中醫診所,永和區,新北市永和區永貞路２１８號,25.004069,121.515242
黃呈鵬小兒科診所,中和區,新北市中和區興南路一段124號,24.988477,121.509404
華漢中醫診所,中和區,新北市中和區中和路４４８號,25.003594,121.51206
德泰診所,中和區,新北市中和區泰和街48號,24.99965,121.498977
陽明微笑牙醫診所,中和區,新北市中和區中和路１１６號,24.999699,121.505915
宜生診所,中和區,新北市中和區自立路121號,24.994311,121.522104
宏軒牙醫診所,中和區,新北市中和區南山路一七四之一號,24.992337,121.504086
穗安復健科診所,中和區,新北市中和區民樂路36號,25.001072,121.482902
徐錦堂牙醫診所,中和區,新北市中和區中山路二段203號,25.00248,121.499756
嘉櫻診所,中和區,新北市中和區連城路348號,24.995602,121.482309
璟安牙醫診所,中和區,新北市中和區景平路658號,25.00063,121.497597
佳和診所,中和區,新北市中和區光華街七號,25.003546,121.505846
景心牙醫診所,中和區,新北市中和區景安路138號,24.994261,121.505052
漳怡內科診所,中和區,新北市中和區中和路59號,25.001356,121.500634
培敦中醫診所,中和區,新北市中和區員山路168號,24.999849,121.481387
醫品診所,中和區,新北市中和區建一路136之1號,24.999396,121.487877
力康骨科診所,中和區,新北市中和區連城路10號,25.00235,121.498972
建隆牙醫診所,中和區,新北市中和區中山路三段152號,25.006433,121.473425
中和仁安診所,中和區,新北市中和區自強路五十八號,24.993175,121.520551
秀景中醫診所,中和區,新北市中和區成功路105號,24.991365,121.526046
昱軒牙醫診所,中和區,新北市中和區南華路四十五號,24.996574,121.503864
長安堂中醫診所,中和區,新北市中和區景平路４８７號,24.997614,121.500146
誠美牙醫診所,中和區,新北市中和區景平路一六二號,24.992871,121.51115
正倫診所,中和區,新北市中和區華新街176號,24.982257,121.507221
宣景中醫診所,中和區,新北市中和區自立路7號,24.996515,121.522587
聖雅諾美學診所,中和區,新北市中和區員山路591號,25.009988,121.478671
翰霖耳鼻喉科診所,中和區,新北市中和區景安路202號,24.991173,121.504006
民樂耳鼻喉科診所,中和區,新北市中和區民樂路２８號,25.001082,121.482614
嘉美牙醫診所,中和區,新北市中和區安邦街91號,24.99633,121.497159
中和明師中醫診所,中和區,新北市中和區景平路４９７號,24.998241,121.499776
中和保源中醫診所,中和區,新北市中和區中和路58號,25.000819,121.500642
上允耳鼻喉科診所,中和區,新北市中和區景平路一六０號,24.992871,121.51115
文心牙醫診所,中和區,新北市中和區中和路四五０號,24.999699,121.505915
修德牙醫診所,中和區,新北市中和區錦和路一六八號,24.997641,121.489489
捷安診所,中和區,新北市中和區中和路456號,25.00373,121.512179
張榮欽診所,中和區,新北市中和區景新街445號,24.988762,121.513144
南方復健科診所,中和區,新北市中和區和平街5-2號,24.991198,121.507521
佳新小兒科診所,中和區,新北市中和區大勇街23號,24.992939,121.517103
陳南中醫診所,中和區,新北市中和區民享街５８－１號,25.002281,121.474012
錦和牙醫診所,中和區,新北市中和區圓通路２４０之１號,24.992357,121.494618
佑欣診所,中和區,新北市中和區興南路一段９０號,24.989204,121.509904
朋詡牙醫診所,中和區,新北市中和區中山路二段２４４號,25.00265,121.497882
凱程診所,中和區,新北市中和區員山路150之8號,24.997832,121.48138
願行中醫診所,中和區,新北市中和區華福街64號,24.996486,121.466958
宋家牙醫診所,中和區,新北市中和區中山路二段二二一號,25.002765,121.492337
福和身心診所,中和區,新北市中和區中和路428號,25.003301,121.511826
瑞光牙醫診所,中和區,新北市中和區中興街１３４號,24.992066,121.499769
進安中醫診所,中和區,新北市中和區保平路356號,25.003912,121.506487
快樂小兒科診所,中和區,新北市中和區景安路215號,24.991563,121.504467
瑞星牙醫診所,中和區,新北市中和區安邦街130號,24.995617,121.49739
天安中醫診所,中和區,新北市中和區景平路225號,24.992618,121.510293
永欣中醫診所,中和區,新北市中和區連城路89巷7之1號,24.999213,121.49738
中和容光皮膚專科診所,中和區,新北市中和區景新街452號,24.987842,121.513297
承光中醫診所,中和區,新北市中和區南華路41號,24.996674,121.503731
佳美牙醫診所,中和區,新北市中和區員山路299號,25.000159,121.481168
世安中醫診所,中和區,新北市中和區新生街3號,25.00472,121.483237
米雅美學牙醫診所,中和區,新北市中和區興南路一段23號,24.990882,121.511348
行願中醫診所,中和區,新北市中和區連城路23巷12號,25.001611,121.499013
曜新牙醫診所,中和區,新北市中和區景新街308號,24.991816,121.511421
雅文皮膚科診所,中和區,新北市中和區中山路三段129號,25.005999,121.474269
晟新診所,中和區,新北市中和區景平路488號,24.993774,121.504558
漾潔牙醫診所,中和區,新北市中和區中和路314號,25.00044,121.509267
新生堂中醫診所,中和區,新北市中和區新生街142號,25.000891,121.483523
王曜庭診所,中和區,新北市中和區景安路29號,24.998825,121.507838
明芯中醫診所,中和區,新北市中和區景平路561號,24.999752,121.498171
中和班廷謝安慈診所,中和區,新北市中和區中山路二段208號,25.002814,121.499789
新福星診所,中和區,新北市中和區中正路778之1號,25.000561,121.485713
愛麗絲美學診所,中和區,新北市中和區景安路33號,24.998683,121.507704
昌惟骨科診所,中和區,新北市中和區中和路170號,24.999638,121.504519
祥齡牙醫診所,中和區,新北市中和區中山路三段204號,25.006672,121.471672
辛中醫診所,中和區,新北市中和區宜安路118巷10號,24.998336,121.510665
安和復健科診所,中和區,新北市中和區安和路167號,24.997634,121.505921
秀恩美學牙醫診所,中和區,新北市中和區自立路25號,24.995833,121.522385
辰星皮膚專科診所,中和區,新北市中和區景安路117號,24.996409,121.505895
安祐診所,中和區,新北市中和區景新街401號,24.989729,121.512667
聖心診所,中和區,新北市中和區連勝街33號,24.997807,121.498377
健和診所,中和區,新北市中和區景新街401號,24.989729,121.512667
采風美學診所,中和區,新北市中和區景平路383之5號,24.993962,121.503021
守遠牙醫診所,中和區,新北市中和區安平路15號,24.994086,121.509052
康陽診所,中和區,新北市中和區莒光路78號,25.002906,121.472215
禾家牙醫診所,中和區,新北市中和區連城路261之4號,24.996489,121.492461
日安牙醫診所,中和區,新北市中和區安平路210號,24.999809,121.513799
臻美牙醫診所,中和區,新北市中和區連城路471號,24.995792,121.483432
臻星美學牙醫診所,中和區,新北市中和區中山路三段163號,25.006125,121.473283
李凱國皮膚科診所,中和區,新北市中和區興南路一段146號,24.987042,121.508313
涵妍美學診所,中和區,新北市中和區連城路75巷2之1號,24.999263,121.49769
全裕診所,中和區,新北市中和區中和路294號,24.999771,121.508691
心俞堂中醫診所,中和區,新北市中和區景新街330號,24.990961,121.511817
詠恩美學牙醫診所,中和區,新北市中和區中安街94號,25.001536,121.511756
逸心堂中醫診所,中和區,新北市中和區中原街166號,25.012441,121.484703
東陽牙醫診所,中和區,新北市中和區中和路440號,25.003501,121.511958
均媄診所,中和區,新北市中和區景安路130號,24.994538,121.505132
永育醫療南勢角診所,中和區,新北市中和區仁愛街128號,24.986621,121.511754
一成牙醫診所,中和區,新北市中和區中和路67號,25.001086,121.500646
建良耳鼻喉科診所,中和區,新北市中和區景新街465號,24.988246,121.513388
合慶診所,中和區,新北市中和區中正路705號,24.998476,121.484911
晶漾牙醫診所,中和區,新北市中和區南華路67之1號,24.997477,121.504636
張偉哲眼科診所,中和區,新北市中和區圓通路三七號,24.991238,121.493916
沐德牙醫診所,中和區,新北市中和區壽德街18號,24.994836,121.465779
精湛眼科診所,中和區,新北市中和區景新街450號,24.987878,121.513289
皇秦診所,中和區,新北市中和區中山路三段39之1號,25.005606,121.478404
德綸牙醫診所,中和區,新北市中和區中安街98號,25.00131,121.511655
中和双眼明眼科診所,中和區,新北市中和區興南路二段31巷6號,24.985559,121.507846
頌和中醫診所,中和區,新北市中和區景平路656號,25.000679,121.497558
源泰診所,中和區,新北市中和區員山路183號,24.99709,121.48112
嘉穗診所,中和區,新北市中和區員山路146之2號,24.996945,121.481316
宜宏泌尿科內科診所,中和區,新北市中和區宜安路54號,24.996839,121.5119
琇品牙醫診所,中和區,新北市中和區捷運路89號,24.990026,121.508266
辰安耳鼻喉科診所,中和區,新北市中和區員山路317號,25.000549,121.481155
永安眼科診所,中和區,新北市中和區宜安路129號,24.998129,121.509791
尚明眼科診所,中和區,新北市中和區復興路260號,24.990379,121.503595
榮生診所,中和區,新北市中和區莊敬路１５號,25.004562,121.499906
雋恩中醫診所,中和區,新北市中和區景德街30號,24.99145,121.518236
華泰牙醫診所,中和區,新北市中和區保健路２３號,24.998072,121.508329
家安診所,中和區,新北市中和區中山路二段２４８號,25.001226,121.466324
景新診所,中和區,新北市中和區景新街399巷10弄2號,24.989661,121.512999
康泉中醫診所,中和區,新北市中和區新興街６巷７號,25.0024,121.512061
孫國勝外科診所,中和區,新北市中和區景平路七二六號,24.992871,121.51115
澤生診所,中和區,新北市中和區民德路６３號,25.001534,121.468996
正生婦幼聯合診所,中和區,新北市中和區中正路122號,24.993858,121.499758
十全外婦產科診所,中和區,新北市中和區景新街４１３號,24.989511,121.512781
張維發診所,中和區,新北市中和區華新街２６號,24.98474,121.507598
吳嘉生診所,中和區,新北市中和區中和路190號,24.999631,121.505078
祐嘉骨科診所,中和區,新北市中和區南華路22號,24.995771,121.503085
安平家診所,中和區,新北市中和區安平路８９號,24.996557,121.510782
中和大元牙醫診所,中和區,新北市中和區中和路二五四號,24.999699,121.505915
采石牙醫診所,中和區,新北市中和區中安街六號,25.001258,121.511727
向日葵牙醫診所,中和區,新北市中和區中和路328號,25.001114,121.509849
永立牙醫診所,中和區,新北市中和區立人街２３號,24.993986,121.521276
賴凱新診所,中和區,新北市中和區中山路二段１０２號,25.004182,121.503202
王伯涵皮膚科診所,中和區,新北市中和區宜安路131號,24.998158,121.509744
培真中醫診所,中和區,新北市中和區新生街二二０巷五號,25.000627,121.483652
東大牙醫診所,中和區,新北市中和區忠孝街126之1號,24.986329,121.512248
吉仁牙醫診所,中和區,新北市中和區民德路１３４號,25.000774,121.468682
劍橋診所,中和區,新北市中和區建一路150號,24.998385,121.487816
景揚牙醫診所,中和區,新北市中和區宜安路１２３號,24.998011,121.509953
康乃馨中醫診所,中和區,新北市中和區中正路137號,24.993445,121.499422
清成牙醫診所,中和區,新北市中和區民享街８６巷２２號,25.000757,121.473513
中和牙醫診所,中和區,新北市中和區中和路219號,24.999945,121.504191
名人牙醫診所,中和區,新北市中和區民享街５８號,25.002281,121.474012
美安牙醫診所,中和區,新北市中和區興南路一段１５８號,24.986828,121.508197
常榮中醫診所,中和區,新北市中和區莒光路2號,25.004604,121.471855
中和重慶耳鼻喉科診所,中和區,新北市中和區中和路127號,25.000122,121.501804
晶璽牙醫診所,中和區,新北市中和區景安路69號,24.997755,121.506978
陳承吉中醫診所,中和區,新北市中和區安平路１０６號,24.997352,121.511715
佳南診所,中和區,新北市中和區景新街431號,24.989047,121.513001
寰康復健診所,中和區,新北市中和區中安街104號,25.0011,121.511466
延生診所,中和區,新北市中和區成功路15號,24.993819,121.526578
龍恩中醫診所,中和區,新北市中和區和平街11號,24.990321,121.509348
橋和皮膚專科診所,中和區,新北市中和區漢生東路362號,25.006924,121.472152
里安眼科診所,中和區,新北市中和區員山路271之1號,24.999462,121.481165
余泰昌小兒科診所,中和區,新北市中和區宜安路１３４-１號,24.998478,121.509752
耕德中醫診所,中和區,新北市中和區景安路239號,24.99094,121.504174
詠安耳鼻喉科診所,中和區,新北市中和區中和路400巷12弄2號,25.000907,121.510655
湛美牙醫診所,中和區,新北市中和區宜安路98號,24.997746,121.510703
明煜牙醫診所,中和區,新北市中和區景安路138號,24.994261,121.505052
大興耳鼻喉科診所,中和區,新北市中和區興南路一段91號,24.988646,121.509749
揚銘中醫診所,中和區,新北市中和區圓通路234號,24.991238,121.493916
杏嘉診所,中和區,新北市中和區中和路253號,24.999839,121.504995
真品堂中醫診所,中和區,新北市中和區景平路61-8號,24.992871,121.51115
澄品中醫診所,中和區,新北市中和區泰和街2號,25.001362,121.499966
正宏堂中醫診所,中和區,新北市中和區宜安路140號,24.998572,121.509579
微星科技股份有限公司附設醫務室,中和區,新北市中和區板南路488號,25.006984,121.48713
維登診所,中和區,新北市中和區景安路194號,24.991657,121.504254
雄鶴診所,中和區,新北市中和區漢生東路360號,25.006975,121.472125
連城實和復健診所,中和區,新北市中和區連城路168號,24.997935,121.493501
鈦和牙醫診所,中和區,新北市中和區建康路156號,25.000005,121.490337
晶樣診所,中和區,新北市中和區景平路510號,24.994132,121.503827
立安中醫診所,中和區,新北市中和區興南路一段119號,24.987847,121.5092
佳欣牙醫診所,中和區,新北市中和區建一路148號,24.998804,121.487974
光點眼科診所,中和區,新北市中和區景安路88號,24.996034,121.505547
馨悅牙醫診所,中和區,新北市中和區員山路398號,25.004725,121.48054
景安現代中醫診所,中和區,新北市中和區景平路558號,24.99515,121.50211
永貞明師中醫診所,中和區,新北市中和區永貞路292號,25.004325,121.512766
精誠中醫診所,中和區,新北市中和區中和路324巷3弄5號,25.001022,121.510066
齊心牙醫診所,中和區,新北市中和區中正路730之1號,24.997771,121.485975
佑林診所,中和區,新北市中和區中山路3段69號,25.061795,121.485496
中和興南大學眼科診所,中和區,新北市中和區安樂路3號,24.991976,121.511594
康博中醫診所,中和區,新北市中和區新生街283號,24.997644,121.48383
朝安診所,中和區,新北市中和區南山路27之1號,24.999017,121.502132
大中和牙醫診所,中和區,新北市中和區中山路二段六十號,25.002765,121.492337
三民牙醫診所,中和區,新北市中和區景新街３９９巷４號,24.989776,121.512806
如美牙醫診所,中和區,新北市中和區員山路１３０號,24.996212,121.481381
新格牙醫診所,中和區,新北市中和區自立路１８１號,24.991915,121.523527
中和林牙醫診所,中和區,新北市中和區興南路一段７４－１號,24.990133,121.51057
景新牙醫診所,中和區,新北市中和區景新街４５１號,24.988504,121.513266
唯安診所,中和區,新北市中和區景新街四五五號,24.993562,121.509375
王俊傑診所,中和區,新北市中和區中安街8號,25.003393,121.513478
莊福仁內科診所,中和區,新北市中和區興南路一段142-6號,24.989027,121.50991
民治診所,中和區,新北市中和區中山路三段156號,25.006459,121.473287
中和大愛眼科診所,中和區,新北市中和區景新街410巷2號,24.989229,121.512609
育晨診所,中和區,新北市中和區自立路37號,24.995353,121.52223
郭長堺診所,中和區,新北市中和區中山路二段二六八號,25.002765,121.492337
優寶婦產科診所,中和區,新北市中和區華新街二十二號,24.98263,121.508141
盧建宏耳鼻喉科診所,中和區,新北市中和區宜安路151號,24.99871,121.509076
王家醫科診所,中和區,新北市中和區安平路一五七號,24.996879,121.511193
欣禾診所,中和區,新北市中和區景平路414號,24.993315,121.508156
馮泰龍小兒科診所,中和區,新北市中和區南華路二一號,24.996574,121.503864
華欣診所,中和區,新北市中和區華新街70號,24.983699,121.508173
信望愛眼科診所,中和區,新北市中和區中和路468號,25.003956,121.512334
良佳診所,中和區,新北市中和區中正路632號,24.995921,121.485603
益德診所,中和區,新北市中和區忠孝街七十五號,24.985622,121.512107
好家人診所,中和區,新北市中和區中正路661號,24.996026,121.484811
友善宜安診所,中和區,新北市中和區保健路73巷7號,24.997091,121.510785
創悅皮膚科診所,中和區,新北市中和區永貞路231號,25.001106,121.481285
陸義發耳鼻喉科診所,中和區,新北市中和區興南路一段三八號,24.989027,121.50991
顏耳鼻喉科診所,中和區,新北市中和區員山路１８４號,25.000261,121.481386
白家聲診所,中和區,新北市中和區中山路二段６８號,25.004667,121.503776
西華診所,中和區,新北市中和區圓通路293之2號,24.992293,121.495061
德祐診所,中和區,新北市中和區興南路２段３４巷１號,24.98678,121.51206
永康診所,中和區,新北市中和區復興路２９０號,24.990375,121.501751
景民診所,中和區,新北市中和區景平路一六四號,24.992871,121.51115
合吉婦產科診所,中和區,新北市中和區景新街403號,24.989698,121.512682
吳家裕耳鼻喉科診所,中和區,新北市中和區德光路一三三號,25.003746,121.469421
雙怡診所,中和區,新北市中和區華新街四十九號,24.98263,121.508141
晟恩診所,中和區,新北市中和區宜安路一二○號,24.997436,121.510929
慧禮診所,中和區,新北市中和區自立路159號,24.992691,121.522865
蔡佳璋婦產科診所,中和區,新北市中和區中山路三段152之1號,25.006433,121.473425
賴俊元皮膚科診所,中和區,新北市中和區景新街453號,24.988468,121.513282
康萊診所,中和區,新北市中和區連城路３１７之２號,24.996075,121.489183
連城外科診所,中和區,新北市中和區景平路四六一號,24.992871,121.51115
戴廣懷小兒科診所,中和區,新北市中和區安樂路６６號,24.99323,121.51227
陳國璋小兒科診所,中和區,新北市中和區員山路２００號,25.000605,121.481387
謝俊民診所,中和區,新北市中和區莒光路９５號,25.003083,121.472449
日欣診所,中和區,新北市中和區南山路十五號,24.992337,121.504086
劉全能診所,中和區,新北市中和區中和路６６號,25.000666,121.500841
蘇年興耳鼻喉科診所,中和區,新北市中和區景平路四二九之三號,24.992871,121.51115
亞都診所,中和區,新北市中和區連城路５號,25.002231,121.49926
冠明診所,中和區,新北市中和區員山路１6 6號,24.983746,121.48393
祥明診所,中和區,新北市中和區中和路171號,24.999922,121.503056
東鴻牙醫診所,中和區,新北市中和區莒光路45號,25.004768,121.472214
尚安診所,中和區,新北市中和區莒光路154號,25.00061,121.472511
衛生福利部雙和醫院(委託臺北醫學大學興建經營),中和區,新北市中和區中正路291號,24.993751,121.49404
蕙生醫院,中和區,新北市中和區中山路二段551號,25.005441,121.480924
宏泰診所,中和區,新北市中和區自立路135號,24.993939,121.522042
南勢角德祐診所,中和區,新北市中和區興南路1段56巷1弄1號,24.98678,121.51206
悠活牙醫診所,中和區,新北市中和區莒光路１５２-1號,25.00066,121.472501
英生耳鼻喉科診所,中和區,新北市中和區景新街２７２號,24.992452,121.510782
陳高輝耳鼻喉科診所,中和區,新北市中和區景平路７２６－７號,25.003409,121.496828
明安堂中醫診所,中和區,新北市中和區和平街2巷2弄2號,24.990239,121.510314
中禾堂中醫診所,中和區,新北市中和區員山路１８７號,24.997212,121.481131
寧靜海診所,中和區,新北市中和區永貞路２３９巷２０號,25.003103,121.512438
宣達中醫診所,中和區,新北市中和區大勇街8號,24.992511,121.517212
金群牙醫診所,中和區,新北市中和區景平路二四Ｏ巷二弄一號,24.992871,121.51115
莊朝傑眼科診所,中和區,新北市中和區景平路511號,24.998632,121.499401
廣祥診所,中和區,新北市中和區興南路２段２７號,24.98678,121.51206
南勢角復健診所,中和區,新北市中和區景安路二０七號,24.995299,121.505462
陳信吉耳鼻喉科診所,中和區,新北市中和區中和路二八一號,24.999699,121.505915
劉彭小兒科診所,中和區,新北市中和區中和路２７１號,24.999823,121.505592
美和診所,中和區,新北市中和區中山路3段19號,25.061795,121.485496
健新診所,中和區,新北市中和區景新街338號,24.990737,121.511924
坤暉小兒專科診所,中和區,新北市中和區中山路三段九十四號,25.005899,121.475474
申一中醫診所,中和區,新北市中和區中山路三段3號,25.005871,121.479804
大眾中醫診所,中和區,新北市中和區員山路一七六號,24.995411,121.481021
景新中醫診所,中和區,新北市中和區景新街４４８號,24.987942,121.513262
元慶中醫診所,中和區,新北市中和區保健路２７之４號,24.997885,121.508543
漢唐中醫診所,中和區,新北市中和區捷運路125號,24.990435,121.507305
宜佑中醫診所,中和區,新北市中和區莒光路一一三號,25.000523,121.472697
詹錫彥中醫診所,中和區,新北市中和區宜安路159號,24.998844,121.508904
元真堂中醫診所,中和區,新北市中和區捷運路149號,24.99087,121.506637
玖德中醫診所,中和區,新北市中和區景安路78-1.80號,24.996425,121.50569
華星中醫診所,中和區,新北市中和區興南路一段１５１號,24.987204,121.508709
朝春中醫診所,中和區,新北市中和區景新街３８５－２號,24.99026,121.512588
三元中醫診所,中和區,新北市中和區中興街二０二巷十六之一號,24.991373,121.49991
福星中醫診所,中和區,新北市中和區連城路３１６號,24.996189,121.483427
寶島中醫診所,中和區,新北市中和區景平路742號,25.00423,121.496612
元隆堂中醫診所,中和區,新北市中和區宜安路一九號,24.997436,121.510929
國耀中醫診所,中和區,新北市中和區南山路一六六號,24.992337,121.504086
詠德中醫診所,中和區,新北市中和區中正路47號,24.99334,121.501908
康橋牙醫診所,中和區,新北市中和區員山路四八五號,24.995411,121.481021
哈佛牙醫診所,中和區,新北市中和區宜安路138號,24.998528,121.509639
興南牙醫聯合診所,中和區,新北市中和區興南路一段６５號,24.98944,121.510381
榮華牙醫診所,中和區,新北市中和區員山路315號,25.00051,121.481168
虹佳牙醫診所,中和區,新北市中和區員山路138號,24.996439,121.481256
全品牙醫診所,中和區,新北市中和區員山路一一二號,24.995411,121.481021
華新牙醫診所,中和區,新北市中和區華新街二十五號,24.98263,121.508141
潔生牙醫診所,中和區,新北市中和區景平路七四○號,24.992871,121.51115
菁英牙醫診所,中和區,新北市中和區景平路五二四號,24.992871,121.51115
邱牙醫診所,中和區,新北市中和區南山路十號,24.992337,121.504086
宏瑞牙醫診所,中和區,新北市中和區新生街205號,24.999906,121.483844
禾欣牙醫診所,中和區,新北市中和區景平路一一六號,24.992871,121.51115
怡翔牙醫診所,中和區,新北市中和區連城路十九號,24.996167,121.486621
景安牙醫診所,中和區,新北市中和區中正路２４號,24.993763,121.502623
榮祥牙醫診所,中和區,新北市中和區大勇街二五巷三八弄七號,24.994228,121.517527
安平牙醫診所,中和區,新北市中和區安平路七十八號,24.996879,121.511193
柯牙醫診所,中和區,新北市中和區景安路78號,24.996456,121.505695
佑康牙醫診所,中和區,新北市中和區興南路二段2號,24.986424,121.507816
博雅牙醫診所,中和區,新北市中和區景安路206號,24.990946,121.503963
祥和牙醫診所,中和區,新北市中和區民享街九十一之八號,24.998934,121.474503
新雅牙醫診所,中和區,新北市中和區忠孝街９９號,24.986001,121.511984
福雅牙醫診所,中和區,新北市中和區興南路二段４４號,24.985218,121.506733
林承德牙醫診所,中和區,新北市中和區員山路２４４號,25.001378,121.48138
鴻宜牙醫診所,中和區,新北市中和區南山路１６０號,24.991857,121.504388
東和牙醫診所,中和區,新北市中和區中山路二段６６０號,25.005931,121.480514
慶恩牙醫診所,中和區,新北市中和區景平路五七二號,24.992871,121.51115
天仁牙醫診所,中和區,新北市中和區莒光路１５７號,25.000813,121.472806
十方牙醫診所,中和區,新北市中和區員山路１９７號,24.997333,121.481142
中山牙醫診所,中和區,新北市中和區中山路二段２巷３弄４號,25.006062,121.504633
敦品牙醫診所,中和區,新北市中和區光華街６８號,25.003466,121.505839
實踐牙醫診所,中和區,新北市中和區民德路79號,25.001283,121.468997
群益牙醫診所,中和區,新北市中和區民享街32巷5號,25.003162,121.473457
盈成牙醫診所,中和區,新北市中和區復興路306號,24.990374,121.501313
聖欣牙醫診所,中和區,新北市中和區連城路350號,24.995594,121.482272
立安牙醫診所,中和區,新北市中和區錦和路一七八號,24.997641,121.489489
瑞祥牙醫診所,中和區,新北市中和區景新街５０８號,24.98683,121.513878
景平牙醫診所,中和區,新北市中和區景平路３７７號,24.993334,121.504092
永安健康中醫診所,中和區,新北市中和區安平路87之5號,24.996358,121.510607
遠雄牙醫診所,中和區,新北市中和區中山路三段21號,25.005918,121.479374
揚昇牙醫診所,中和區,新北市中和區信義街８號,24.989491,121.510869
允安牙醫診所,中和區,新北市中和區景平路六八三號,24.992871,121.51115
聯慶牙醫診所,中和區,新北市中和區南山路１６號,24.998462,121.50197
中和李內科診所,中和區,新北市中和區景平路７１８號,25.002909,121.496801
三大中醫診所,中和區,新北市中和區景平路452號,24.993584,121.506107
沐心中醫診所,中和區,新北市中和區興南路一段159號,24.987046,121.508593
力禾耳鼻喉科診所,中和區,新北市中和區連城路15號,25.002127,121.499013
維品身心診所,中和區,新北市中和區連城路4號,25.002426,121.499146
皇家家醫診所,中和區,新北市中和區莒光路１４８號,25.000828,121.472481
立翔診所,中和區,新北市中和區自立路43號,24.995092,121.522185
富邦中醫診所,中和區,新北市中和區忠孝街85號,24.985352,121.512034
迪康牙醫診所,中和區,新北市中和區建一路1號,25.004058,121.488208
明儒中醫診所,中和區,新北市中和區大仁街19巷3號,24.993155,121.517479
家和診所,中和區,新北市中和區員山路192號,25.000469,121.481415
趙耀軍耳鼻喉科診所,中和區,新北市中和區南華路一八之一號,24.996574,121.503864
光晶妍寶島診所,中和區,新北市中和區漢生東路353號,25.006972,121.472412
茂榕牙醫診所,中和區,新北市中和區忠孝街３－２號,25.024913,121.511415
明燦眼科診所,中和區,新北市中和區中山路三段196號,25.00664,121.471984
嘉俊骨科診所,中和區,新北市中和區安樂路12號,24.991856,121.511805
雙和牙醫診所,中和區,新北市中和區復興路２７１號,24.990194,121.502535
南星美學牙醫診所,中和區,新北市中和區興南路一段58號,24.990464,121.510808
杏林中醫診所,中和區,新北市中和區自治街12號,25.003054,121.474427
均潔牙醫診所,中和區,新北市中和區景平路363號,24.993321,121.504506
新北市中和區衛生所,中和區,新北市中和區南山路4巷3號,24.998692,121.501638
立新美學牙醫診所,中和區,新北市中和區景新街460號,24.987706,121.513356
雙和諾貝爾眼科診所,中和區,新北市中和區中山路二段30號,25.005254,121.504528
通安診所,中和區,新北市中和區南山路４５號,24.998655,121.502136
黃基家小兒科診所,中和區,新北市中和區景平路485號,24.997544,121.500177
育家聯合診所,中和區,新北市中和區中安街４０巷２號,25.003449,121.513207
中和健宏中醫聯合診所,中和區,新北市中和區景新街二九三號,24.993562,121.509375
慈育廣合中醫診所,中和區,新北市中和區中山路二段２１３號,25.002461,121.49887
嘉仁診所,中和區,新北市中和區華順街１３２號,24.996272,121.46492
刁仁杰中醫診所,中和區,新北市中和區莒光路155號,25.000885,121.472799
黃兆侃診所,中和區,新北市中和區連城路337號,24.996071,121.488482
久大牙醫診所,中和區,新北市中和區中山路二段3巷2號,25.005597,121.505595
奇安診所,中和區,新北市中和區華新街４號,24.985171,121.507401
中祥醫院,中和區,新北市中和區中山路二段138號,25.003249,121.502063
王上卿婦產科診所,中和區,新北市中和區中和路一一四號,24.999699,121.505915
智上牙醫診所,中和區,新北市中和區連城路７６號,25.001252,121.497287
曾咸統小兒科診所,中和區,新北市中和區景安路229號,24.991174,121.504282
煥強牙醫診所,中和區,新北市中和區景新街四六七巷１３號,24.993562,121.509375
里昂牙醫診所,中和區,新北市中和區連城路８９巷７-５號,24.999213,121.49738
怡和醫院,中和區,新北市中和區連城路49號,25.001882,121.498506
中和德威牙醫診所,中和區,新北市中和區中山路二段二一五號,25.002765,121.492337
鼎爵牙醫診所,中和區,新北市中和區連城路286號,24.996359,121.484234
尚恩牙醫診所,中和區,新北市中和區景平路４２９-１號,24.995421,121.501334
薛牙醫診所,中和區,新北市中和區仁愛街86號,24.987406,121.511395
伍牙醫診所,中和區,新北市中和區復興路25號,24.989756,121.50553
樂活精神科診所,中和區,新北市中和區安樂路25號,24.992313,121.511619
愛華牙醫診所,中和區,新北市中和區興南路二段一五九巷十二號,24.982894,121.503875
潤泰中醫診所,中和區,新北市中和區員山路409號,25.003198,121.481007
元宇中醫診所,中和區,新北市中和區新生街241號,24.998895,121.483887
關心牙醫診所,中和區,新北市中和區景新街345之6號,24.991145,121.512186
中和國泰診所,中和區,新北市中和區景新街389號,24.990071,121.512495
永正牙醫診所,中和區,新北市中和區明仁街一四.一六號,24.995516,121.506121
皮醫美南勢角診所,中和區,新北市中和區和平街29號,24.990888,121.508098
創悅美學診所,中和區,新北市中和區永貞路262巷7號,25.004117,121.513641
民揚診所,中和區,新北市中和區中山路三段132號,25.006311,121.474009
中安中醫診所,中和區,新北市中和區景平路３６０號,24.992962,121.51115
妍喜中醫診所,中和區,新北市中和區景平路335號,24.993246,121.505558
致中和中醫診所,中和區,新北市中和區仁愛街54號,24.987995,121.511125
合安牙醫診所,中和區,新北市中和區泰和街一十二號,25.000427,121.49957
榛成牙醫診所,新店區,新北市新店區中興路一段263號,24.967459,121.544601
鈺晟中醫診所,新店區,新北市新店區光明街288號,24.96458,121.540579
好牙醫診所,新店區,新北市新店區中正路111號,24.97097,121.542251
禾康復健科診所,新店區,新北市新店區民族路2-1號,24.97769,121.538703
達泰中醫診所,新店區,新北市新店區中華路43之1號,24.967764,121.540111
李震強牙醫診所,新店區,新北市新店區三民路１３６號,24.974916,121.53502
利林牙醫診所,新店區,新北市新店區北新路3段117號,24.971238,121.542555
佳禾復健科診所,新店區,新北市新店區建國路250號,24.982714,121.537939
新店京都堂中醫診所,新店區,新北市新店區北新路三段94號,24.980932,121.54197
維風牙醫診所,新店區,新北市新店區北新路一段291號,24.967073,121.54108
楊聰才診所,新店區,新北市新店區中興路2段239號,24.965664,121.54384
鄺懷德牙醫診所,新店區,新北市新店區民族路171號,24.976477,121.537526
許正傑牙醫診所,新店區,新北市新店區安成街３０號,24.961049,121.510133
中文內科小兒科診所,新店區,新北市新店區北新路三段１６９號,24.983929,121.54099
群惠耳鼻喉科診所,新店區,新北市新店區中正路263-1號,24.979477,121.533946
九宜診所,新店區,新北市新店區北宜路一段五十二號,24.952956,121.542783
泰達牙醫診所,新店區,新北市新店區北新路三段１５８號,24.982765,121.541559
新益牙醫診所,新店區,新北市新店區北宜路一段五十六號,24.952956,121.542783
順安堂傷科中醫診所,新店區,新北市新店區順安街１６號,24.985204,121.541115
康禾診所,新店區,新北市新店區中正路140號,24.971531,121.541921
沐光牙醫診所,新店區,新北市新店區北新路2段143號,24.96,121.538605
台灣通用器材股份有限公司醫務室,新店區,新北市新店區寶橋路二三三號,24.976589,121.547884
高牙醫診所,新店區,新北市新店區建國路６４號,24.97588,121.540692
健全診所,新店區,新北市新店區建國路一一七號,24.979884,121.537976
立悅美學牙醫診所,新店區,新北市新店區北新路一段191號,24.96472,121.540187
為宏皮膚科診所,新店區,新北市新店區北新路三段一一八號,24.982461,121.54137
吳耳鼻喉科診所,新店區,新北市新店區民族路６１號,24.97837,121.539869
聖美牙醫診所,新店區,新北市新店區北新路二段53號,24.959688,121.538085
日安診所,新店區,新北市新店區中正路289號,24.974448,121.537296
高端牙醫診所,新店區,新北市新店區中正路73號,24.970132,121.5437
沐晨牙醫診所,新店區,新北市新店區順安街60號,24.986282,121.540964
新店大愛眼科診所,新店區,新北市新店區北新路三段2號,24.979179,121.542494
禪心中醫診所,新店區,新北市新店區中興路3段221-1號,24.965664,121.54384
天祥中醫診所,新店區,新北市新店區新店路98號,24.954453,121.537198
品川診所,新店區,新北市新店區北新路三段136號,24.982084,121.54165
逸安診所,新店區,新北市新店區民權路131號,24.982693,121.535142
新店漢唐經方中醫診所,新店區,新北市新店區中興路2段25號,24.965664,121.54384
傑仁牙醫診所,新店區,新北市新店區北新路二段97巷9弄2號,24.974038,121.54209
清新牙醫診所,新店區,新北市新店區寶安街六十四號,24.982515,121.541995
陳炳文中醫診所,新店區,新北市新店區安民街220號,24.970294,121.516737
丰采美學牙醫診所,新店區,新北市新店區中央路210-1號,24.971257,121.530912
思邈堂中醫診所,新店區,新北市新店區溪園路391號,24.979134,121.523979
湛明眼科診所,新店區,新北市新店區北新路二段177-1號,24.965507,121.540609
晶采牙醫診所,新店區,新北市新店區北新路3段206巷1弄5號,24.971238,121.542555
星展眼科診所,新店區,新北市新店區安康路二段117-1號,24.958087,121.505156
安民診所,新店區,新北市新店區安民街235號,24.970294,121.516737
新店榮星中醫診所,新店區,新北市新店區大豐路二十四號,24.979767,121.539932
郭濠生牙醫診所,新店區,新北市新店區華中街６４號,24.971279,121.541328
碧潭診所,新店區,新北市新店區北新路1段21號,24.958787,121.537447
群林牙醫診所,新店區,新北市新店區中正路四九五之一號,24.979477,121.533946
大為診所,新店區,新北市新店區中央五街17號,24.974512,121.52958
黃宏超眼科診所,新店區,新北市新店區力行路2號,24.964675,121.540021
安慶中醫診所,新店區,新北市新店區安康路三段51號,24.952421,121.492634
迦南牙醫診所,新店區,新北市新店區建國路１２號,24.973645,121.540199
經典皮膚科診所,新店區,新北市新店區中正路150號,24.971728,121.541676
凱旋牙醫診所,新店區,新北市新店區安康路二段100巷1號,24.963166,121.513469
品雅牙醫診所,新店區,新北市新店區三民路八六號,24.971366,121.536375
進新牙醫診所,新店區,新北市新店區光明街三一二號,24.961867,121.539466
孫牙醫診所,新店區,新北市新店區三民路９２號,24.972884,121.534333
江陵牙醫診所,新店區,新北市新店區民權路８１號,24.982821,121.538304
信安診所,新店區,新北市新店區民族路九號,24.97769,121.538703
德明眼科診所,新店區,新北市新店區建國路136號,24.978959,121.539018
聖新診所,新店區,新北市新店區寶橋路4號,24.973394,121.543295
長庚中醫聯合診所,新店區,新北市新店區北新路一段３２７．３２９號,24.968468,121.541548
覺真中醫診所,新店區,新北市新店區五峯路28號,24.969092,121.543913
吉恩牙醫診所,新店區,新北市新店區中正路684號,24.990078,121.534156
家光耳鼻喉科診所,新店區,新北市新店區三民路32-1號,24.971366,121.536375
美膚皮膚專科診所,新店區,新北市新店區安康路2段148-1號,24.963869,121.516442
愛美牙醫診所,新店區,新北市新店區三民路175號,24.975104,121.534875
北新中醫診所,新店區,新北市新店區北宜路1段35號,24.952092,121.547677
瑞清中醫診所,新店區,新北市新店區中興路1段159號,24.965664,121.54384
安康牙醫診所,新店區,新北市新店區安忠路8號,24.963051,121.514708
柏恩牙醫診所,新店區,新北市新店區三民路14號,24.972491,121.539373
邱世宗中醫診所,新店區,新北市新店區北新路2段250-1號,24.96,121.538605
博德眼科診所,新店區,新北市新店區寶強路10號,24.978906,121.543662
澄牙醫診所,新店區,新北市新店區北新路三段158號,24.982765,121.541559
安康中醫診所,新店區,新北市新店區安康路2段175號,24.963869,121.516442
富新骨科診所,新店區,新北市新店區光明街288號,24.96458,121.540579
瑞安耳鼻喉科診所,新店區,新北市新店區中正路140號,24.971531,121.541921
新店六順診所,新店區,新北市新店區北新路2段10號,24.96,121.538605
大衛牙醫診所,新店區,新北市新店區溪園路391-2號,24.983697,121.525747
卓業牙醫診所,新店區,新北市新店區民權路39號,24.982805,121.540529
怡濟慈園醫療社團法人宏濟神經精神科醫院,新店區,新北市新店區安忠路57巷5號,24.958922,121.513374
張振榕診所,新店區,新北市新店區中興路三段220巷1號,24.982796,121.543765
蘇永誠家醫科診所,新店區,新北市新店區北新路1段52號,24.958787,121.537447
逸守診所,新店區,新北市新店區民權路131號,24.982693,121.535142
悅滿意新店復健專科診所,新店區,新北市新店區中華路9號,24.96735,121.540652
安欣牙醫診所,新店區,新北市新店區安康路2段189號,24.963869,121.516442
如薏牙醫診所,新店區,新北市新店區如意街94號,24.946868,121.496101
蘇景傑診所,新店區,新北市新店區建國路6號,24.973422,121.539975
臻晨美學牙醫診所,新店區,新北市新店區安康路2段46-1號,24.963869,121.516442
白玉牙醫診所,新店區,新北市新店區北新路3段88號,24.971238,121.542555
新店北新身心診所,新店區,新北市新店區北新路三段18號,24.979399,121.542432
必安中醫診所,新店區,新北市新店區 安德街75號,24.961416,121.510192
育傑牙醫診所,新店區,新北市新店區民族路50號,24.978737,121.540112
大豐耳鼻喉科診所,新店區,新北市新店區建國路161號,24.97897,121.538659
國華中醫診所,新店區,新北市新店區北新路3段86號,24.971238,121.542555
廣䄷牙醫診所,新店區,新北市新店區安康路三段22號,24.953363,121.49322
維彥牙醫診所,新店區,新北市新店區寶橋路88號,24.97561,121.546584
順安復健專科診所,新店區,新北市新店區中正路322號,24.974868,121.537086
御田牙醫診所,新店區,新北市新店區北新路一段141號,24.963284,121.539583
禾安復健科診所,新店區,新北市新店區三民路2號,24.97265,121.53951
天主教耕莘醫療財團法人耕莘診所,新店區,新北市新店區中山路137號,24.981255,121.526414
呈恩診所,新店區,新北市新店區安和路三段85號,24.983868,121.517707
超亮皮膚科診所,新店區,新北市新店區北新路三段128號,24.981891,121.541696
玉美學牙醫診所,新店區,新北市新店區北新路二段45號,24.972894,121.542753
和田美學牙醫診所,新店區,新北市新店區安康路三段167號,24.951698,121.489526
安倍診所,新店區,新北市新店區中正路132號,24.971418,121.542059
吉安牙醫診所,新店區,新北市新店區安民街63號,24.966535,121.516357
樂齒牙醫診所,新店區,新北市新店區中正路138號,24.971504,121.541955
安坑振榕診所,新店區,新北市新店區安康路二段178號,24.960368,121.51153
維格皮膚科診所,新店區,新北市新店區北新路三段100號,24.981135,121.541905
立誠美學牙醫診所,新店區,新北市新店區寶橋路48號,24.974731,121.545252
均樂身心診所,新店區,新北市新店區民族路29號,24.978648,121.540966
立誠耳鼻喉科診所,新店區,新北市新店區寶橋路48號,24.974731,121.545252
新店容光皮膚專科診所,新店區,新北市新店區北新路二段160號,24.975626,121.543069
治聿身心醫學診所,新店區,新北市新店區中興路三段250號,24.984091,121.543049
嘉齊診所,新店區,新北市新店區北新路一段56號,24.971995,121.543071
大豐中醫診所,新店區,新北市新店區大豐路30號,24.980082,121.540467
冠雅牙醫診所,新店區,新北市新店區中正路255號,24.973442,121.538872
元祥牙醫診所,新店區,新北市新店區中興路一段一九九號,24.963932,121.542496
東北大牙醫診所,新店區,新北市新店區北新路3段158號,24.971238,121.542555
安琪兒牙醫診所,新店區,新北市新店區中央路216-1號,24.971257,121.530912
百年牙醫診所,新店區,新北市新店區三民路七十五巷三弄一號,24.971366,121.536375
裕仁牙醫診所,新店區,新北市新店區三民路３１－６號,24.970282,121.537913
戚崇龍牙醫診所,新店區,新北市新店區?安康路二段２１２號,,
耀程耳鼻喉科診所,新店區,新北市新店區三民路66號,24.972336,121.535059
新采牙醫診所,新店區,新北市新店區中興路一段二六六之三號,24.963932,121.542496
千悅牙醫診所,新店區,新北市新店區中正路226、228號,24.979477,121.533946
敦鄰牙醫診所,新店區,新北市新店區北新路三段92號,24.980901,121.541975
薪寶牙醫診所,新店區,新北市新店區寶橋路52號,24.974819,121.545375
舒美牙醫診所,新店區,新北市新店區建國路206號,24.980856,121.537826
大坪林牙醫診所,新店區,新北市新店區北新路三段65巷6號,24.981119,121.541148
文玉小兒科診所,新店區,新北市新店區建國路７０號,24.976099,121.540692
李亭鋒耳鼻喉科診所,新店區,新北市新店區安康路二段123-1號,24.958087,121.505156
富森診所,新店區,新北市新店區三民路９７號,24.971845,121.535376
楊龍駿婦產科診所,新店區,新北市新店區安康路二段142巷16號,24.962606,121.511741
蕭仁哲婦產科診所,新店區,新北市新店區北新路三段165號,24.983845,121.541014
陳沛生耳鼻喉科診所,新店區,新北市新店區北新路二段三十九號,24.965507,121.540609
何耳鼻喉科診所,新店區,新北市新店區北新路三段１３８號,24.982125,121.54164
永吉外科診所,新店區,新北市新店區北新路一段１８９號,24.964686,121.540172
恩寧眼科診所,新店區,新北市新店區中正路１１３號,24.971001,121.54221
和成診所,新店區,新北市新店區安成街二十六號,24.960898,121.510105
欣和診所,新店區,新北市新店區安和路三段一五一號,24.983389,121.517898
潘如瑾婦產科診所,新店區,新北市新店區民權路61號,24.982807,121.539425
林逢慶診所,新店區,新北市新店區安康路三段21號,24.953287,121.493433
邱眼科診所,新店區,新北市新店區中正路二二二號,24.979477,121.533946
佑康聯合診所,新店區,新北市新店區安康路三段十七號,24.948735,121.48157
維霖內科診所,新店區,新北市新店區建國路6-1號,24.979884,121.537976
我的診所,新店區,新北市新店區民族路183號,24.976306,121.537339
全康診所,新店區,新北市新店區溪園路379號,24.9798,121.523368
安立診所,新店區,新北市新店區北宜路二段28號,24.95143,121.548222
樂河診所,新店區,新北市新店區環河路72號,24.963076,121.537187
曾俊睿小兒科診所,新店區,新北市新店區寶橋路54號,24.974866,121.545443
國城診所,新店區,新北市新店區北新路二段200號,24.976791,121.543055
活泉診所,新店區,新北市新店區北新路二段182號,24.976151,121.543055
新眼光眼科診所,新店區,新北市新店區北新路二段14號,24.965619,121.540929
睛彩眼科診所,新店區,新北市新店區北新路一段３２３號,24.968346,121.541502
汪耳鼻喉科診所,新店區,新北市新店區北新路三段82號,24.980676,121.54205
高兒科診所,新店區,新北市新店區安成街３８號,24.961214,121.509972
同仁醫院,新店區,新北市新店區民權路８９號,24.982767,121.537745
中央印製廠醫務室,新店區,新北市新店區安康路三段２３５號,24.948735,121.48157
加加小兒科診所,新店區,新北市新店區玫瑰路14號,24.950421,121.494552
佛教慈濟醫療財團法人台北慈濟醫院,新店區,新北市新店區建國路277號,24.984035,121.53561
天主教耕莘醫療財團法人耕莘醫院,新店區,新北市新店區中正路362號,24.97612,121.535551
新北市新店區衛生所,新店區,新北市新店區北新路一段86號,24.967622,121.541673
宏慈療養院,新店區,新北市新店區安泰路１５７號,24.939156,121.48824
賽斯身心靈診所,新店區,新北市新店區中央七街、中央五街26號,24.974501,121.529093
陳正宗診所,新店區,新北市新店區中正路二四一號,24.979477,121.533946
東陽耳鼻喉科診所,新店區,新北市新店區北新路三段一五四號,24.982461,121.54137
張榮宗內科診所,新店區,新北市新店區建國路八三之一號,24.979884,121.537976
雁秋診所,新店區,新北市新店區安成街十號,24.960898,121.510105
護康診所,新店區,新北市新店區安成街３２號,24.961099,121.510084
佳音診所,新店區,新北市新店區安民街一三五號,24.970294,121.516737
林慶堂婦產科診所,新店區,新北市新店區北新路二段１９３號,24.96476,121.540206
啟生診所,新店區,新北市新店區北新路一段185號,24.964486,121.540092
林碧川內科小兒科診所,新店區,新北市新店區北新路二段８６號,24.967622,121.541673
太山家庭醫學科診所,新店區,新北市新店區光明街２４４巷１號,24.963453,121.540416
豐田牙醫診所,新店區,新北市新店區中興路三段１３６號,24.97998,121.5448
佑恩牙醫診所,新店區,新北市新店區中正路五十九號,24.979477,121.533946
心殿牙醫診所,新店區,新北市新店區安民街１９７號,24.971407,121.516978
柏格牙醫診所,新店區,新北市新店區三民路一一五號,24.971366,121.536375
康和牙醫診所,新店區,新北市新店區安和路三段１５３號,24.985576,121.51653
品淳牙醫診所,新店區,新北市新店區安民街157號,24.969968,121.516577
卓悅牙醫診所,新店區,新北市新店區北新路一段343號,24.969004,121.541683
百漢中醫診所,新店區,新北市新店區中正路一一三號,24.979477,121.533946
永佳牙醫診所,新店區,新北市新店區北新路二段195號,24.964798,121.540222
林建良耳鼻喉科診所,新店區,新北市新店區中正路158號,24.971882,121.541538
聖康診所,新店區,新北市新店區北新路3段104號,24.971238,121.542555
邱昰凱小兒科診所,新店區,新北市新店區建國路226號,24.981459,121.537801
美日牙醫診所,新店區,新北市新店區民權路73號,24.982821,121.538623
德昌中醫診所,新店區,新北市新店區中正路３７０號,24.976327,121.535214
豐榮醫院,新店區,新北市新店區安德街 26巷3號,24.963242,121.511571
桂枝香中醫診所,新店區,新北市新店區安和路一段25號,24.9652,121.517032
易豐中醫診所,新店區,新北市新店區民族路103號,24.977432,121.538542
恩康診所,新店區,新北市新店區寶中路88號,24.98036,121.548628
怡美牙醫診所,新店區,新北市新店區中華路33號,24.967528,121.540369
101SKIN晶漾診所,新店區,新北市新店區北新路三段145號,24.983254,121.541145
睿安診所,新店區,新北市新店區中正路140號,24.971531,121.541921
新晨皮膚專科診所,新店區,新北市新店區北新路2段201號,24.96,121.538605
惠安診所,新店區,新北市新店區北新路三段１６號,24.979361,121.54244
問心田中醫診所,新店區,新北市新店區直潭七街25號,24.939887,121.53356
仁佑診所,新店區,新北市新店區中正路396號,24.977382,121.534639
冠新復健科診所,新店區,新北市新店區北新路三段112號,24.981544,121.541776
得恩牙醫診所,新店區,新北市新店區北新路三段十二號,24.982461,121.54137
利新牙醫診所,新店區,新北市新店區北新路1段221號,24.958787,121.537447
顏秀吉婦產科診所,新店區,新北市新店區民權路３９號,24.982805,121.540529
新北仁康醫院,新店區,新北市新店區安康路二段323號,24.955542,121.499651
陳小兒科診所,新店區,新北市新店區北新路三段１００號,24.981135,121.541905
岐伯齋中醫診所,新店區,新北市新店區民權路79號,24.982819,121.538379
上醫堂中醫診所,新店區,新北市新店區建國路83號,24.976437,121.540406
又新診所,新店區,新北市新店區建國路71號,24.975951,121.540435
明潔牙科診所,新店區,新北市新店區建國路81號,24.97621,121.540431
幼安小兒科診所,新店區,新北市新店區安康路二段九十九號,24.958087,121.505156
晶湛牙醫診所,新店區,新北市新店區安康路2段117號,24.963869,121.516442
民康眼科診所,新店區,新北市新店區安康路二段六十六號,24.958087,121.505156
盧牙醫診所,新店區,新北市新店區中正路１５５號,24.971773,121.541239
行一昌勲診所,新店區,新北市新店區北新路三段212號,24.984288,121.541269
劉建梅診所,新店區,新北市新店區中正路20、22號,24.979477,121.533946
維美牙醫診所,新店區,新北市新店區三民路一三一號,24.971366,121.536375
新店開心診所,新店區,新北市新店區中央路212號,24.973559,121.529909
品宣中醫診所,新店區,新北市新店區北新路3段145號,24.971238,121.542555
健維骨科診所,新店區,新北市新店區中正路251號,24.973377,121.538961
德林中醫診所,新店區,新北市新店區安和路三段１３３號,24.985232,121.517076
仁安中醫診所,新店區,新北市新店區光明街１７８號,24.962099,121.539632
健宏中醫診所,新店區,新北市新店區中央路一九八號,24.971257,121.530912
新店建成中醫診所,新店區,新北市新店區北新路二段176、178號,24.965507,121.540609
新福安中醫診所,新店區,新北市新店區中正路三二０號,24.979477,121.533946
育豐中醫診所,新店區,新北市新店區三民路７３號,24.971386,121.536034
有全醫療社團法人有全牙醫診所,新店區,新北市新店區北新路二段164號,24.975692,121.543061
北新牙醫診所,新店區,新北市新店區北新路一段２７１巷２號,24.966969,121.540757
北大牙醫診所,新店區,新北市新店區中正路３２５號,24.975119,121.536188
黃牙醫診所,新店區,新北市新店區富貴街９巷１４號,24.949049,121.494394
展新牙醫診所,新店區,新北市新店區建國路一五五號,24.979884,121.537976
寶麒牙醫診所,新店區,新北市新店區三民路１５５號,24.973469,121.533769
恒愛牙醫診所,新店區,新北市新店區中正路４９號,24.969788,121.544596
親親牙醫診所,新店區,新北市新店區光明街二九二號,24.961867,121.539466
旺威牙醫診所,新店區,新北市新店區中興路三段１９０號,24.98171,121.544107
弘安牙醫診所,新店區,新北市新店區民族路６０號,24.97856,121.539721
康保牙醫診所,新店區,新北市新店區建國路一二O、一二二號,24.979884,121.537976
凱悅牙醫診所,新店區,新北市新店區安康路二段１９６號,24.959861,121.510727
同愛牙醫診所,新店區,新北市新店區光明街１６１號,24.962498,121.539645
青潭牙醫診所,新店區,新北市新店區北宜路２段８２－１３號,24.951865,121.547584
德威牙醫診所,新店區,新北市新店區北新路三段１０８號,24.981414,121.541706
紐約牙醫診所,新店區,新北市新店區寶橋路６３號,24.975085,121.545286
上耀牙醫診所,新店區,新北市新店區中正路639號,24.989468,121.533837
蕙安牙醫診所,新店區,新北市新店區三民路三十號,24.971366,121.536375
晶華牙醫診所,新莊區,新北市新莊區中華路二段17號,25.024775,121.511641
博群牙醫診所,新莊區,新北市新莊區中原路１０４號,25.05439,121.450766
衛生福利部臺北醫院,新莊區,新北市新莊區思源路127號,25.043232,121.45809
曜生婦產科診所,新莊區,新北市新莊區中正路243號,25.031198,121.43003
西盛牙醫診所,新莊區,新北市新莊區民安西路62號,25.020323,121.42725
昌明耳鼻喉科診所,新莊區,新北市新莊區昌明街80號,25.052361,121.455027
至真中醫診所,新莊區,新北市新莊區中原路171號,25.054235,121.453673
醫莘堂中醫診所,新莊區,新北市新莊區復興路一段12號,25.041437,121.445634
安庚內科診所,新莊區,新北市新莊區中安街1號,25.045297,121.452821
安心牙醫診所,新莊區,新北市新莊區民安西路三十九號,25.01415,121.425981
慧安牙醫診所,新莊區,新北市新莊區中平路７９號,25.045139,121.444689
名仕牙醫診所,新莊區,新北市新莊區新泰路269號,25.04033,121.445786
新庚診所,新莊區,新北市新莊區民安西路370號,25.010778,121.427698
立安耳鼻喉科診所,新莊區,新北市新莊區福壽街134號,25.051718,121.457777
錦明耳鼻喉科診所,新莊區,新北市新莊區民安路１９５號,25.022614,121.426173
安諾婦產科診所,新莊區,新北市新莊區龍安路98號,25.020698,121.417948
大象牙醫診所,新莊區,新北市新莊區瓊泰路213號,25.032618,121.44308
昇源中醫診所,新莊區,新北市新莊區化成路265號,25.054089,121.466027
劉長達婦產科診所,新莊區,新北市新莊區幸福路六八四號,25.049128,121.448894
大正牙醫診所,新莊區,新北市新莊區新崑路115號,24.999903,121.432492
家貞診所,新莊區,新北市新莊區福壽街67號,25.049428,121.458185
翰醫堂中醫診所,新莊區,新北市新莊區中和街39號,25.044259,121.448034
穩達診所,新莊區,新北市新莊區中平路270巷1號,25.050305,121.444922
文鼎診所,新莊區,新北市新莊區民安路188巷8弄3號,25.023515,121.424781
新莊軒琪診所,新莊區,新北市新莊區富國路15號,25.026588,121.418439
黃呈榕眼科診所,新莊區,新北市新莊區幸福路三十號,25.049128,121.448894
康群診所,新莊區,新北市新莊區民安西路74號,25.019981,121.427157
聶廷憲診所,新莊區,新北市新莊區建安街９４號,25.02407,121.425967
幸福大愛眼科診所,新莊區,新北市新莊區幸福路743號,25.049063,121.448702
榮和牙醫診所,新莊區,新北市新莊區中華路一段84號,25.03934,121.45228
懷恩牙醫診所,新莊區,新北市新莊區富國路６１號,25.026231,121.419652
美麗華牙醫診所,新莊區,新北市新莊區幸福路741號,25.049067,121.448772
新和耳鼻喉科診所,新莊區,新北市新莊區幸福路69號,25.049348,121.457171
宏久診所,新莊區,新北市新莊區新泰路57號,25.033921,121.449431
吳峰璋皮膚科診所,新莊區,新北市新莊區中平路29號,25.043713,121.444673
張昱錦診所,新莊區,新北市新莊區後港一路１３５號,25.027511,121.429535
誠泰牙醫診所,新莊區,新北市新莊區建安街八十四號,25.025007,121.42785
大德中醫診所,新莊區,新北市新莊區新莊路四七五號,25.033579,121.450437
幸福呂耳鼻喉科診所,新莊區,新北市新莊區幸福路５２９號,25.049276,121.455436
寶祥診所,新莊區,新北市新莊區中平路53號,25.044412,121.444685
雙美牙醫診所,新莊區,新北市新莊區中正路730之16號,25.023577,121.414578
陳正敏眼科診所,新莊區,新北市新莊區新泰路69號,25.034381,121.449362
莊申南婦產科診所,新莊區,新北市新莊區後港一路29號,25.026196,121.425105
康泰牙醫診所,新莊區,新北市新莊區幸福路七二一號,25.049128,121.448894
成泰診所,新莊區,新北市新莊區新泰路70號,25.034974,121.449183
承心牙醫診所,新莊區,新北市新莊區建安街98號,25.024003,121.425854
新莊葉自強診所,新莊區,新北市新莊區新泰路52號,25.034672,121.449366
恆友精神科診所,新莊區,新北市新莊區幸福東路135號,25.049341,121.46089
建嘉小兒科診所,新莊區,新北市新莊區中誠街40號,25.04812,121.451346
元程婦產科診所,新莊區,新北市新莊區中華路二段47號,25.024678,121.508371
欣尚牙醫診所,新莊區,新北市新莊區中原路238號,25.056843,121.44252
大都會牙醫診所,新莊區,新北市新莊區五權一路54號,25.066007,121.458188
黃信喜診所,新莊區,新北市新莊區中港路132巷10號,25.040712,121.455752
福澤國際中醫診所,新莊區,新北市新莊區中原東路198號,25.054732,121.460903
副都心牙醫診所,新莊區,新北市新莊區中榮街112號,25.052859,121.446929
賀安中醫診所,新莊區,新北市新莊區龍安路495號,25.018258,121.425931
安心中醫診所,新莊區,新北市新莊區中和街一九八號,25.047065,121.447541
維修診所,新莊區,新北市新莊區中原路93號,25.054235,121.455778
新莊惠欣婦產科小兒科診所,新莊區,新北市新莊區建中街七十二之一號,25.036906,121.447614
輔園牙醫診所,新莊區,新北市新莊區中正路510號,25.032953,121.435112
博安牙醫診所,新莊區,新北市新莊區富國路四三號,25.025389,121.421695
王正華小兒專科診所,新莊區,新北市新莊區民安路２７６號,25.021371,121.427706
風尚牙醫診所,新莊區,新北市新莊區中平路二七八號,25.049546,121.444815
幸福三三牙醫診所,新莊區,新北市新莊區幸福路33號,25.049403,121.458675
宏泰中醫診所,新莊區,新北市新莊區自立街112號,25.045374,121.455264
王中煌診所,新莊區,新北市新莊區新泰路一九四號,25.039903,121.446108
劉茂祥中醫診所,新莊區,新北市新莊區幸福路655號,25.049129,121.451015
豐生中醫診所,新莊區,新北市新莊區富國路146號,25.024963,121.422983
吉利診所,新莊區,新北市新莊區西盛街317號,25.014958,121.428122
大唐牙醫診所,新莊區,新北市新莊區幸福路766號,25.049195,121.447139
晴美身心診所,新莊區,新北市新莊區中正路575號,25.032475,121.434504
開惠牙醫診所,新莊區,新北市新莊區幸福路531號,25.049266,121.455304
祥顥醫院,新莊區,新北市新莊區思源路2號,25.05998,121.459285
天澤中醫診所,新莊區,新北市新莊區中華路2段91號,24.984477,121.425538
仁愛中醫診所,新莊區,新北市新莊區中正路879-6號,25.031198,121.43003
樹德中醫診所,新莊區,新北市新莊區中港路１１１號,25.039688,121.455317
楊中醫診所,新莊區,新北市新莊區富國路１４４號,25.024984,121.422941
瑞宏中醫診所,新莊區,新北市新莊區新莊路３９８號,25.03346,121.448703
佑德中醫診所,新莊區,新北市新莊區八德街137號,25.020161,121.423817
慶安居中醫診所,新莊區,新北市新莊區中港路259號,25.043251,121.45379
康德牙醫診所,新莊區,新北市新莊區幸福路７９號,25.04933,121.456759
和泰牙醫診所,新莊區,新北市新莊區八德街83號,25.02173,121.424575
輔仁牙醫診所,新莊區,新北市新莊區建國一路8號,25.032014,121.43365
宏林牙醫診所,新莊區,新北市新莊區新泰路２９１號,25.040827,121.445455
安德牙醫診所,新莊區,新北市新莊區中港三街3號,25.046508,121.45127
康勝牙醫診所,新莊區,新北市新莊區昌隆街90號,25.050803,121.45605
德旺牙醫診所,新莊區,新北市新莊區中信街６號,25.050917,121.451377
家祥牙醫診所,新莊區,新北市新莊區中平路８２巷２６號,25.044786,121.445928
三愛牙醫診所,新莊區,新北市新莊區幸福路６０４號,25.049322,121.452036
龍安牙醫診所,新莊區,新北市新莊區民安西路７８巷１號,25.019763,121.426972
宏明牙醫診所,新莊區,新北市新莊區西盛街３１５號,25.015039,121.428122
健群牙醫診所,新莊區,新北市新莊區民安西路１４８號,25.016602,121.426088
思賢微笑牙醫診所,新莊區,新北市新莊區自立街７２號,25.045339,121.454251
劍橋牙醫診所,新莊區,新北市新莊區昌平街三、五號,25.055504,121.454573
麗安牙醫診所,新莊區,新北市新莊區幸福路八一二號,25.049128,121.448894
景福牙醫診所,新莊區,新北市新莊區中正路三一九號,25.031198,121.43003
欣佑牙醫診所,新莊區,新北市新莊區中華路2段262號,24.984477,121.425538
鴻金寶牙醫診所,新莊區,新北市新莊區民安路199號,25.022507,121.426233
修正牙醫診所,新莊區,新北市新莊區四維路１９９號,25.020643,121.42205
高泰牙醫診所,新莊區,新北市新莊區中正路３４９號,25.034217,121.427156
許文政牙醫診所,新莊區,新北市新莊區幸福路５６０號,25.049411,121.454566
欣安牙醫診所,新莊區,新北市新莊區民安路１６０號,25.024598,121.424774
名家牙醫診所,新莊區,新北市新莊區中和街１８７號,25.050798,121.447813
新莊尚品牙醫診所,新莊區,新北市新莊區復興路二段四十五．四十七號,25.044328,121.456468
祐康牙醫診所,新莊區,新北市新莊區復興路一段185號,25.043661,121.451573
建福牙醫診所,新莊區,新北市新莊區建福路53號,25.027599,121.426751
慶城牙醫診所,新莊區,新北市新莊區中華路二段119號,25.028274,121.509386
幸福88牙醫診所,新莊區,新北市新莊區幸福路92號,25.049472,121.456172
尊爵牙醫診所,新莊區,新北市新莊區中港路293號,25.044242,121.452788
博飛牙醫診所,新莊區,新北市新莊區中平路303號,25.051339,121.444662
健安牙醫診所,新莊區,新北市新莊區後港一路116號,25.027088,121.428818
新莊謝牙醫診所,新莊區,新北市新莊區昌隆街二十一號,25.050843,121.45538
富國牙醫診所,新莊區,新北市新莊區富國路２３號,25.026511,121.418696
鈺川牙醫診所,新莊區,新北市新莊區幸福路515號,25.04929,121.455794
沈耳鼻喉科診所,新莊區,新北市新莊區富國路67號,25.026161,121.419869
中心診所,新莊區,新北市新莊區中港路三二一號,25.037653,121.455155
志銘小兒科診所,新莊區,新北市新莊區富國路200號,25.02435,121.424746
幸福小兒科診所,新莊區,新北市新莊區幸福路七二九號,25.049128,121.448894
大新大診所,新莊區,新北市新莊區萬安街一二七巷二十四、二十六號,,
錦興皮膚科診所,新莊區,新北市新莊區民安路201號,25.022459,121.426262
健佑診所,新莊區,新北市新莊區昌平街五五號,25.055504,121.454573
吳政德耳鼻喉科診所,新莊區,新北市新莊區民安西路60號,25.020373,121.427266
民泰診所,新莊區,新北市新莊區後港一路20號,25.025984,121.425073
鄭骨科耳鼻喉科診所,新莊區,新北市新莊區中港路263號,25.043385,121.453693
林浩昌內兒科診所,新莊區,新北市新莊區富國路７１號,25.026132,121.419966
洪敏捷耳鼻喉科診所,新莊區,新北市新莊區新泰路１２２號,25.036635,121.448189
虹霖牙醫診所,新莊區,新北市新莊區幸福路600號,25.04937,121.453278
四維牙醫診所,新莊區,新北市新莊區四維路19號,25.024001,121.423865
陳桔泱診所,新莊區,新北市新莊區中港路１１９號,25.039903,121.455265
德安婦產科診所,新莊區,新北市新莊區新泰路31號,25.033145,121.449578
賀生婦產科診所,新莊區,新北市新莊區幸福路626號,25.049313,121.451066
崇仁外科診所,新莊區,新北市新莊區化成路170號,25.045455,121.465603
大學眼科診所,新莊區,新北市新莊區新泰路240號,25.03951,121.446482
大益診所,新莊區,新北市新莊區新泰路261號,25.040072,121.445943
賴昌和皮膚科診所,新莊區,新北市新莊區新泰路316號,25.041808,121.445119
曲孝禮診所,新莊區,新北市新莊區公園一路８４號,25.036923,121.443254
聯安診所,新莊區,新北市新莊區中正路302號,25.035012,121.446699
蘇診所,新莊區,新北市新莊區民安路一０九號,25.022212,121.428979
天給婦產科診所,新莊區,新北市新莊區幸福路670巷2弄23號,25.049582,121.452087
謝耳鼻喉科診所,新莊區,新北市新莊區中港路４８７號,25.049949,121.452129
陳世昌婦產科診所,新莊區,新北市新莊區後港一路九十八號,25.027264,121.429297
邱欽斌小兒科診所,新莊區,新北市新莊區民安路141號,25.024047,121.425247
鄭安雄診所,新莊區,新北市新莊區幸福路５４９號,25.049242,121.454732
林基正皮膚科診所,新莊區,新北市新莊區中原路230號,25.054708,121.453184
民富皮膚科診所,新莊區,新北市新莊區富國路110號,25.025202,121.421985
昭明眼科診所,新莊區,新北市新莊區民安西路十七號,25.01415,121.425981
照明眼科診所,新莊區,新北市新莊區新泰路１７４號,25.037743,121.44753
王榮文小兒科診所,新莊區,新北市新莊區中和街１４９號,25.049407,121.447278
新莊徐耳鼻喉科診所,新莊區,新北市新莊區中平路373號,25.052533,121.444615
林定參診所,新莊區,新北市新莊區民安西路二一一號,25.01415,121.425981
黃宏立診所,新莊區,新北市新莊區新泰路三二六號,25.039903,121.446108
麗新皮膚科診所,新莊區,新北市新莊區幸福路559號,25.049232,121.454334
廣田耳鼻喉科診所,新莊區,新北市新莊區幸福路777號,25.049018,121.446824
家豐診所,新莊區,新北市新莊區中正路377巷5號,25.034075,121.446338
李蓮宗診所,新莊區,新北市新莊區新泰路480號,25.045755,121.442797
公園診所,新莊區,新北市新莊區公園路58號,25.039396,121.449436
一生診所,新莊區,新北市新莊區中平路304號,25.051866,121.444817
光華診所,新莊區,新北市新莊區龍安路473號,25.018487,121.425187
施博仁診所,新莊區,新北市新莊區新泰路234號,25.039397,121.446559
麗安診所,新莊區,新北市新莊區幸福路541號,25.049256,121.455023
佳泰診所,新莊區,新北市新莊區新泰路62號,25.034847,121.449261
禾豐骨外科診所,新莊區,新北市新莊區民安路284號,25.021496,121.427879
上和耳鼻喉科診所,新莊區,新北市新莊區中和街150號,25.048537,121.447508
家泰耳鼻喉科診所,新莊區,新北市新莊區新泰路70號,25.034974,121.449183
志安診所,新莊區,新北市新莊區幸福路五二一號,25.049128,121.448894
馨平耳鼻喉科診所,新莊區,新北市新莊區中平路82巷12號,25.044781,121.445417
林復森耳鼻喉科診所,新莊區,新北市新莊區民安路二二０號,25.022212,121.428979
嘉泰耳鼻喉科診所,新莊區,新北市新莊區新泰路62號,25.034847,121.449261
新樹聯合牙醫診所,新莊區,新北市新莊區建安街90號,25.024189,121.426152
大順醫院,新莊區,新北市新莊區中正路二一五號,25.031198,121.43003
新莊英仁醫院,新莊區,新北市新莊區大觀街４６－２號,25.035772,121.453819
泰興耳鼻喉科診所,新莊區,新北市新莊區復興路一段25號,25.041937,121.446147
益民醫院,新莊區,新北市新莊區中港路127號,25.040087,121.455216
和新診所,新莊區,新北市新莊區八德街3號,25.022699,121.425562
衛生福利部樂生療養院,新莊區,新北市新莊區中正路794號,25.021622,121.409851
上友兒童診所,新莊區,新北市新莊區復興路一段199號,25.043743,121.452051
恆合牙醫診所,新莊區,新北市新莊區四維路205之1號,25.020261,121.421869
宏祐診所,新莊區,新北市新莊區中正路八七九之三號,25.031198,121.43003
新莊翰林眼科診所,新莊區,新北市新莊區幸福路525號,25.049275,121.455516
新北市新莊區衛生所,新莊區,新北市新莊區中華路1段2號,25.060701,121.483572
裕民牙醫診所,新莊區,新北市新莊區富國路６５巷２號,25.02625,121.419846
新超群牙醫診所,新莊區,新北市新莊區復興路二段１２２號,25.044285,121.456654
輔大牙醫診所,新莊區,新北市新莊區中正路２５９號,25.035461,121.449862
吳小兒科診所,新莊區,新北市新莊區中平路297號,25.051073,121.444673
春詠診所,新莊區,新北市新莊區龍安路278巷2號,25.019188,121.422153
晉安診所,新莊區,新北市新莊區中正路700之24號,25.027603,121.41763
寶健診所,新莊區,新北市新莊區幸福路555號,25.049236,121.454478
志豪診所,新莊區,新北市新莊區中港路二七五號,25.037653,121.455155
德安牙醫診所,新莊區,新北市新莊區幸福路２８號,25.049552,121.458758
昇佑牙醫診所,新莊區,新北市新莊區新泰路１９８號,25.038367,121.447157
康福診所,新莊區,新北市新莊區幸福路七九四號,25.049128,121.448894
榜生婦產科診所,新莊區,新北市新莊區龍安路339號,25.019294,121.42268
雅心婦產科診所,新莊區,新北市新莊區幸福路８１７巷１號,25.048813,121.445452
聯福診所,新莊區,新北市新莊區民安路二三二號,25.022212,121.428979
樂寶兒婦幼診所,新莊區,新北市新莊區中正路82-1號,25.031198,121.43003
長青中醫診所,新莊區,新北市新莊區民安西路十三號,25.01415,121.425981
陳世中耳鼻喉科診所,新莊區,新北市新莊區中平路277號,25.050181,121.444688
聯安中醫診所,新莊區,新北市新莊區中港路240號,25.043207,121.453991
至寶堂中醫聯合診所,新莊區,新北市新莊區幸福路七九九號,25.049128,121.448894
元富牙醫診所,新莊區,新北市新莊區中港一街三十四號,25.045341,121.449547
冠霖牙醫診所,新莊區,新北市新莊區五工三路五十八號,25.066622,121.456902
御漢堂中醫診所,新莊區,新北市新莊區中平路267號,25.049733,121.444709
育慶小兒科診所,新莊區,新北市新莊區民安西路195-1號,25.01415,121.425981
天佑診所,新莊區,新北市新莊區幸福路670巷2弄21號,25.049575,121.451987
弘久診所,新莊區,新北市新莊區新泰路57號,25.033921,121.449431
煥采牙醫診所,新莊區,新北市新莊區幸福路732號,25.049262,121.44882
財團法人台灣省私立台北仁濟院附設新莊仁濟醫院,新莊區,新北市新莊區中環路1段28號,25.038059,121.441947
富邦牙醫診所,新莊區,新北市新莊區幸福路563號,25.049223,121.4542
元華牙醫診所,新莊區,新北市新莊區民安路一一五號,25.022212,121.428979
美恩中醫診所,新莊區,新北市新莊區幸福路46號,25.049533,121.457722
幸福骨科診所,新莊區,新北市新莊區幸福路686號,25.049298,121.450466
原華診所,新莊區,新北市新莊區新泰路128號,25.036849,121.448089
彤發中醫診所,新莊區,新北市新莊區龍安路1-1號,25.019634,121.421085
新莊新仁診所,新莊區,新北市新莊區中正路387號,25.034627,121.445964
九和堂中醫診所,新莊區,新北市新莊區雙鳳路41號,25.027167,121.416082
至祥診所,新莊區,新北市新莊區龍安路78號,25.020893,121.417353
新仁醫療社團法人新仁醫院,新莊區,新北市新莊區中正路395號,25.034523,121.445514
佑安牙醫診所,新莊區,新北市新莊區幸福路585號,25.049208,121.453652
聯合中醫診所,新莊區,新北市新莊區景德路384號,25.033608,121.446077
自立診所,新莊區,新北市新莊區中港一街52號,25.045548,121.45039
君悅牙醫診所,新莊區,新北市新莊區中華路1段31號,25.060701,121.483572
新城牙醫診所,新莊區,新北市新莊區中華路1段71號,25.060701,121.483572
魏皮膚科診所,新莊區,新北市新莊區富國路156號,25.024886,121.42322
恩典診所,新莊區,新北市新莊區後港一路55號,25.026506,121.426186
新莊睛彩眼科診所,新莊區,新北市新莊區富國路17號,25.026569,121.418494
麗景中醫診所,新莊區,新北市新莊區幸福東路141號,25.049336,121.46062
爵美牙醫診所,新莊區,新北市新莊區中港路268號,25.043929,121.453321
明新診所,新莊區,新北市新莊區建安街109號,25.02416,121.426424
思原內科診所,新莊區,新北市新莊區思源路48號,25.043832,121.460208
岐黃中醫診所,新莊區,新北市新莊區復興路二段150號,25.044272,121.457739
微笑23眼科診所,新莊區,新北市新莊區民安西路23號,25.021304,121.427103
超群中醫診所,新莊區,新北市新莊區中正路321號,25.035011,121.447736
大大中醫診所,新莊區,新北市新莊區中正路213號,25.035767,121.451279
樂樂診所,新莊區,新北市新莊區龍安路507號,25.018121,121.426334
盛豐診所,新莊區,新北市新莊區後港一路29號,25.026196,121.425105
健恩診所,新莊區,新北市新莊區幸福路20號,25.049553,121.458968
富安牙醫診所,新莊區,新北市新莊區建安街73號,25.024671,121.427858
家福診所,新莊區,新北市新莊區福壽街67號,25.049428,121.458185
尊生堂中醫診所,新莊區,新北市新莊區幸福路81號,25.049318,121.456712
家慈診所,新莊區,新北市新莊區福壽街67號,25.049428,121.458185
信賴皮膚專科診所,新莊區,新北市新莊區幸福路52號,25.049532,121.457536
巧兒親子診所,新莊區,新北市新莊區建中街92號,25.036754,121.446864
頂新牙醫診所,新莊區,新北市新莊區中平路69號,25.044835,121.444688
果仁小兒科診所,新莊區,新北市新莊區中原路146號,25.054542,121.455225
好心情身心精神科診所,新莊區,新北市新莊區復興路2段10號,24.994971,121.422804
安田耳鼻喉科診所,新莊區,新北市新莊區自信街51號,25.048326,121.454839
德安中醫診所,新莊區,新北市新莊區民安西路187號,25.015592,121.426108
英群骨科診所,新莊區,新北市新莊區中安街7-2號,25.046145,121.452982
昌隆中醫診所,新莊區,新北市新莊區幸福路64巷4弄3號,25.050123,121.457267
舞鶴中醫診所,新莊區,新北市新莊區新泰路124號,25.036708,121.44817
艾旎牙醫診所,新莊區,新北市新莊區建國一路20號,25.031789,121.433745
皓美牙醫診所,新莊區,新北市新莊區富國路162號,25.024807,121.423476
極上中醫診所,新莊區,新北市新莊區中平路350號,25.053151,121.44478
宏嘉中醫診所,新莊區,新北市新莊區幸福路815號,25.048994,121.44561
軒禾診所,新莊區,新北市新莊區天祥街114號,25.029744,121.414759
心宇中醫診所,新莊區,新北市新莊區幸福路670巷2弄17號,25.050274,121.450938
璟順骨科診所,新莊區,新北市新莊區復興路2段131號,24.994971,121.422804
明揚牙醫診所,新莊區,新北市新莊區民安西路19號,25.021417,121.426959
新康骨科診所,新莊區,新北市新莊區民安東路3號,25.021102,121.4276
又一春中醫診所,新莊區,新北市新莊區新泰路288號,25.040728,121.445742
品妍中醫診所,新莊區,新北市新莊區幸福路672號,25.049297,121.450919
杏原診所,新莊區,新北市新莊區建安街113號,25.024119,121.426356
師恩牙醫診所,新莊區,新北市新莊區雙鳳路134巷2號,25.0281,121.412993
大新莊牙醫診所,新莊區,新北市新莊區中正路246號,25.035332,121.448202
至美中醫診所,新莊區,新北市新莊區昌明街56號,25.052347,121.455756
唯修診所,新莊區,新北市新莊區中原路93號,25.054235,121.455778
品森美學牙醫診所,新莊區,新北市新莊區思源路130號,25.047465,121.460236
立丞診所,新莊區,新北市新莊區幸福路798號,25.049183,121.44641
馥齡診所,新莊區,新北市新莊區新泰路115號,25.03582,121.448431
晶盈眼科診所,新莊區,新北市新莊區中平路308號,25.051986,121.444815
童麗娜皮膚專科診所,新莊區,新北市新莊區中原東路89巷1號,25.054718,121.462431
昕康耳鼻喉科診所,新莊區,新北市新莊區建安街78號,25.024372,121.426498
非凡牙醫診所,新莊區,新北市新莊區民安路212號,25.022793,121.42584
新莊愛爾麗診所,新莊區,新北市新莊區新泰路131號,25.036304,121.448113
靜好中醫診所,新莊區,新北市新莊區化成路217號,25.052009,121.466018
沐顏醫學美容診所,新莊區,新北市新莊區思源路333號,25.044619,121.45992
宜新診所,新莊區,新北市新莊區中原東路62號,25.054637,121.463519
仁大耳鼻喉科診所,新莊區,新北市新莊區幸福路784號,25.049191,121.446774
張博堯診所,新莊區,新北市新莊區中榮街116號,25.052857,121.446798
上博牙醫診所,新莊區,新北市新莊區新泰路272號,25.040335,121.445954
長美麗緻診所,新莊區,新北市新莊區幸福東路117號,25.04924,121.461457
新月牙醫診所,新莊區,新北市新莊區化成路411號,25.059021,121.465084
晶瑞牙醫診所,新莊區,新北市新莊區幸福東路131號,25.049348,121.461102
世博診所,新莊區,新北市新莊區新泰路134號,25.036987,121.448008
博惠診所,新莊區,新北市新莊區頭前路113號,25.052245,121.464206
幸福家牙醫診所,新莊區,新北市新莊區幸福路88之1號,25.049479,121.456298
澄杏中醫診所,新莊區,新北市新莊區幸福東路133號,25.049346,121.46101
明星牙醫診所,新莊區,新北市新莊區中榮街62之1號,25.052858,121.448716
順新復健科診所,新莊區,新北市新莊區中正路160號,25.036013,121.45132
新莊易元堂中醫診所,新莊區,新北市新莊區幸福路680號,25.049288,121.450613
心翔身心精神科診所,新莊區,新北市新莊區幸福路535號,25.049265,121.455191
逸好診所,新莊區,新北市新莊區中和街186巷1號,25.047563,121.448088
杏軒診所,新莊區,新北市新莊區建國一路120號,25.029119,121.434689
林豊詔中醫診所,新莊區,新北市新莊區後港一路76巷3弄1號,25.026023,121.427331
澄心中醫診所,新莊區,新北市新莊區幸福東路146號,25.049654,121.462224
大禾中醫診所,新莊區,新北市新莊區復興路一段220號,25.042793,121.448765
頂尖牙醫診所,新莊區,新北市新莊區中正路726之8號,25.02402,121.415337
御美牙醫診所,新莊區,新北市新莊區中原路111號,25.054249,121.45513
百安診所,新莊區,新北市新莊區幸福路595號,25.049199,121.453429
至善堂中醫診所,新莊區,新北市新莊區後港一路24號,25.026031,121.42522
陳明哲診所,新莊區,新北市新莊區中安街39號,25.046503,121.45261
行懿堂中醫診所,新莊區,新北市新莊區思源路447號,25.053322,121.459614
信榮診所,新莊區,新北市新莊區中原路209號,25.054228,121.450747
瑞和中醫診所,新莊區,新北市新莊區中平路363號,25.051658,121.444656
新泰綜合醫院,新莊區,新北市新莊區新樹路176號,25.021504,121.434313
新莊高美泌尿科診所,新莊區,新北市新莊區幸福路509號,25.049292,121.45592
宇康診所,新莊區,新北市新莊區富國路184號,25.024463,121.424542
沐暮牙醫診所,新莊區,新北市新莊區幸福東路60號,25.049725,121.464893
星爵牙醫診所,新莊區,新北市新莊區中港路295號,25.044292,121.452811
長興牙醫診所,新莊區,新北市新莊區中正路293號,25.035185,121.448587
書心健康管理診所,新莊區,新北市新莊區中原東路170號,25.054543,121.461856
福美牙醫診所,新莊區,新北市新莊區福美街126號,25.057432,121.460795
傳愛中醫診所,新莊區,新北市新莊區中原路65號,25.054214,121.457486
柏宏診所,新莊區,新北市新莊區昌平街10號,25.052534,121.454899
杏誠診所,新莊區,新北市新莊區福樂街68號,25.046545,121.45788
輔大診所,新莊區,新北市新莊區中正路510號,25.032953,121.435112
曾亨安中醫診所,新莊區,新北市新莊區中正路８８３巷３號,25.024741,121.417335
三德中醫診所,新莊區,新北市新莊區復興路二段41號,25.044236,121.454586
爵悅牙醫診所,新莊區,新北市新莊區富國路107號,25.025066,121.423434
霖松婦產科診所,新莊區,新北市新莊區建福路五十二號,25.027969,121.426518
民安中醫診所,新莊區,新北市新莊區富國路35號,25.026422,121.418984
捷美牙醫診所,新莊區,新北市新莊區幸福路747號,25.049058,121.448583
大方診所,新莊區,新北市新莊區中平路89號,25.04602,121.444677
沐風牙醫診所,新莊區,新北市新莊區中原東路208號,25.054493,121.460326
劉建輝診所,新莊區,新北市新莊區民安路１９１號,25.022734,121.4261
吉信耳鼻喉科診所,新莊區,新北市新莊區中港路２８６號,25.044288,121.453094
全家福牙醫診所,新莊區,新北市新莊區新泰路344號,25.042446,121.444851
禾新耳鼻喉科診所,新莊區,新北市新莊區八德街3號,25.022699,121.425562
健元中醫診所,新莊區,新北市新莊區公園路57號,25.040259,121.45369
祐新牙醫診所,新莊區,新北市新莊區新泰路64號,25.034888,121.449243
全欣牙醫診所,新莊區,新北市新莊區中安街29之1號,25.046217,121.452566
公園牙醫診所,新莊區,新北市新莊區公園路33號,25.040206,121.452937
新生活診所,新莊區,新北市新莊區富貴路168號,25.057631,121.455257
康熙診所,新莊區,新北市新莊區富國路27號,25.02648,121.418801
安新診所,新莊區,新北市新莊區中正路一四五之二二號,25.031198,121.43003
合新診所,新莊區,新北市新莊區八德街3號,25.022699,121.425562
育心身心精神科診所,新莊區,新北市新莊區新泰路193號,25.037927,121.44717
宥聖中醫診所,新莊區,新北市新莊區新泰路58號,25.034756,121.449311
聯華牙醫診所,新莊區,新北市新莊區昌平街71巷2號,25.052904,121.454466
大和復健科診所,新莊區,新北市新莊區西盛街四二七號,25.015403,121.428043
康軒牙醫診所,新莊區,新北市新莊區昌平街332號,25.060027,121.454867
王一成診所,新莊區,新北市新莊區中平路81巷8號,25.045099,121.444233
冠倫牙醫診所,新莊區,新北市新莊區中華路一段三十二 號,25.040439,121.452513
有慶中醫診所,新莊區,新北市新莊區民安西路311號,25.011415,121.427259
陳一隆內科小兒科診所,新莊區,新北市新莊區福壽街１２６號,25.051436,121.457784
新莊大愛眼科診所,新莊區,新北市新莊區中正路333號,25.031198,121.43003
尊凡牙醫診所,新莊區,新北市新莊區中港路270號,25.04396,121.453318
祐幼小兒科診所,新莊區,新北市新莊區民安西路二一號,25.01415,121.425981
聖康中醫診所,新莊區,新北市新莊區中華路二段185號,25.027061,121.511131
黃政司診所,新莊區,新北市新莊區新泰路１８１號,25.037539,121.447407
幸福中醫診所,新莊區,新北市新莊區幸福路552號,25.049425,121.454901
李復健科骨科診所,新莊區,新北市新莊區幸福路六八號,25.049128,121.448894
思賢診所,新莊區,新北市新莊區自立街200號,25.045396,121.456721
艾登牙醫診所,新莊區,新北市新莊區建興街7號,25.036049,121.450025
泰和中醫診所,新莊區,新北市新莊區公園路18號,25.039008,121.448344
永悅診所,新莊區,新北市新莊區民安西路6號,25.021806,121.426445
新華牙醫診所,新莊區,新北市新莊區公園路７７號,25.040362,121.454293
全冠牙醫診所,新莊區,新北市新莊區中正路879-2號,25.031198,121.43003
鄭仁壽耳鼻喉科診所,新莊區,新北市新莊區幸福路533號,25.049267,121.455249
藍主仕眼科診所,新莊區,新北市新莊區建安街一０二號,25.025007,121.42785
新安小兒科診所,新莊區,新北市新莊區幸福路807號,25.048996,121.445972
隆安診所,新莊區,新北市新莊區龍安路465號,25.018565,121.424933
康健堂中醫診所,新莊區,新北市新莊區新泰路307號,25.041212,121.445207
新莊淨妍醫美診所,新莊區,新北市新莊區思源路171、173號,25.042758,121.456501
新莊實和復健診所,新莊區,新北市新莊區昌隆街23號,25.050991,121.454464
瑞和復健科診所,新莊區,新北市新莊區中平路160號,25.04752,121.444954
中平耳鼻喉科診所,新莊區,新北市新莊區中平路29號,25.043713,121.444673
富康骨科診所,新莊區,新北市新莊區富國路102號,25.025282,121.421657
全球牙醫診所,新莊區,新北市新莊區新泰路200號,25.038424,121.44712
青青診所,新莊區,新北市新莊區中平路50號,25.043984,121.44486
曉民診所,新莊區,新北市新莊區八德街125號,25.020603,121.424002
震林牙醫診所,新莊區,新北市新莊區中平路４４號,25.043765,121.444859
鉅儒診所,新莊區,新北市新莊區西盛街180號,25.018767,121.42808
永福中醫診所,新莊區,新北市新莊區民安西路６７號,25.020107,121.427383
劉思楨．許永川皮膚科診所,新莊區,新北市新莊區新泰路148號,25.03729,121.447801
禾欣診所,新莊區,新北市新莊區復興路1段91號,24.994956,121.422946
樂菲時尚診所,新莊區,新北市新莊區中正路348號,25.034475,121.444155
菁美牙醫診所,新莊區,新北市新莊區中港路455號,25.048644,121.452439
趙大地牙醫診所,新莊區,新北市新莊區中正路３１１號,25.035057,121.448031
國寶中醫診所,新莊區,新北市新莊區民安西路272號,25.012871,121.426024
北陵牙醫診所,新莊區,新北市新莊區民安路２７４號,25.021331,121.427653
江吉亮中醫診所,新莊區,新北市新莊區中誠街５３巷６號,25.047798,121.451222
平安中醫診所,新莊區,新北市新莊區中港三街３５號,25.046293,121.450016
福華診所,新莊區,新北市新莊區復興路二段111號,25.044496,121.456383
力新診所,新莊區,新北市新莊區中原東路62號,25.054637,121.463519
加恩診所,新莊區,新北市新莊區昌明街38號,25.052371,121.456495
仁山中醫診所,新莊區,新北市新莊區幸福路７９３號,25.04902,121.446438
幸福翰醫堂中醫診所,新莊區,新北市新莊區幸福路6、8號,25.049128,121.448894
真禾中醫診所,新莊區,新北市新莊區思源路455號,25.053574,121.459604
皮醫師新莊診所,新莊區,新北市新莊區幸福路806號,25.049167,121.446045
慈護上品中醫診所,新莊區,新北市新莊區中華路二段215號,25.025238,121.508855
神農中醫診所,新莊區,新北市新莊區新泰路三四二號,25.039903,121.446108
王建民耳鼻喉科診所,新莊區,新北市新莊區幸福路２６號,25.049556,121.458821
一草中醫診所,新莊區,新北市新莊區大觀街46-1號,25.035061,121.453914
依凡娜醫美診所,新莊區,新北市新莊區中正路231號,25.034217,121.427156
明安牙醫診所,新莊區,新北市新莊區民安西路257號,25.013236,121.426166
柯誠立婦產科診所,新莊區,新北市新莊區新泰路一七一號,25.039903,121.446108
祥佑診所,新莊區,新北市新莊區中安街7號,25.045758,121.452706
新莊至善診所,新莊區,新北市新莊區公園路58號,25.039396,121.449436
遠祺婦產科診所,樹林區,新北市樹林區中華路112號,24.980806,121.418204
林岳宏小兒科陳德馨皮膚科聯合診所,樹林區,新北市樹林區中華路二四一號,24.98114,121.419054
柚子小兒科診所,樹林區,新北市樹林區學府路362號,24.950281,121.379682
吉人堂中醫診所,樹林區,新北市樹林區中山路一段113號,24.990524,121.422993
慶祥牙醫診所,樹林區,新北市樹林區樹新路40號,24.995486,121.427952
保安牙醫診所,樹林區,新北市樹林區保安街二段１４４號,25.004245,121.413396
奇新牙醫診所,樹林區,新北市樹林區鎮前街3號,24.9928,121.426199
賀元中醫聯合診所,樹林區,新北市樹林區中山路一段158號,24.989528,121.422169
揚昇診所,樹林區,新北市樹林區太元街21號,24.980154,121.418195
民安牙醫診所,樹林區,新北市樹林區俊英街113之3號,25.010035,121.424713
千歲小兒科診所,樹林區,新北市樹林區千歲街47號,24.996487,121.425156
佳樹牙醫診所,樹林區,新北市樹林區中華路335號,24.979922,121.415804
樹林金鶯診所,樹林區,新北市樹林區中華路124號,24.980503,121.417585
家福牙醫診所,樹林區,新北市樹林區文化街12號,24.98731,121.42009
北大昕成牙醫診所,樹林區,新北市樹林區大成路355號,24.949352,121.381277
同心牙醫診所,樹林區,新北市樹林區大同街23號,24.982574,121.418188
莊豐如診所,樹林區,新北市樹林區復興路18號,24.994676,121.422588
上好牙醫診所,樹林區,新北市樹林區樹新路三十九號,24.997607,121.429442
念生耳鼻喉科診所,樹林區,新北市樹林區文化街四十五號,24.988213,121.418428
敏昌診所,樹林區,新北市樹林區中華路一四六號,24.98114,121.419054
正安診所,樹林區,新北市樹林區復興路63號,24.993211,121.421742
佑康中醫診所,樹林區,新北市樹林區學成路478號,24.948237,121.372749
周眼科診所,樹林區,新北市樹林區中山路一段１２５號,24.99008,121.422717
鈺唐中醫診所,樹林區,新北市樹林區後站街3巷14號,24.990508,121.423431
博民診所,樹林區,新北市樹林區中華路２１５號,24.981275,121.419591
信和耳鼻喉科診所,樹林區,新北市樹林區博愛街178號,24.990612,121.425701
中華牙醫診所,樹林區,新北市樹林區中華路２３９號,24.981092,121.41909
樹欣牙醫診所,樹林區,新北市樹林區文化街36、38號,24.988213,121.418428
樹林泰新診所,樹林區,新北市樹林區中山路一段三十號,24.989377,121.422185
樹林日月辰心牙醫診所,樹林區,新北市樹林區鎮前街40號,24.99281,121.425855
杏恩診所,樹林區,新北市樹林區育英街４１號,24.989164,121.421185
陳春錦中醫診所,樹林區,新北市樹林區樹德街22號,24.991558,121.422737
漢昌中醫診所,樹林區,新北市樹林區保安街一段三一五號,24.995511,121.421675
游中醫診所,樹林區,新北市樹林區樹新路三十六之一號,24.997607,121.429442
樹林同欣堂中醫診所,樹林區,新北市樹林區日新街45號,24.991944,121.422697
祥瑞中醫診所,樹林區,新北市樹林區八德街102、106、106之1號,24.97012,121.405446
傑夫牙醫診所,樹林區,新北市樹林區日新街32號,24.992479,121.422732
康耀牙醫診所,樹林區,新北市樹林區保安二街95號,24.99526,121.423828
辰林牙醫診所,樹林區,新北市樹林區中華路二四七號,24.98114,121.419054
四德牙醫診所,樹林區,新北市樹林區四德街29號,24.992136,121.425702
又怡牙醫診所,樹林區,新北市樹林區中山路一段９３號,24.991212,121.423269
鴻仁牙醫診所,樹林區,新北市樹林區中山路一段１２５－１號,24.99008,121.422717
宇昇牙醫診所,樹林區,新北市樹林區樹德街９２號,24.992494,121.419956
元生牙醫診所,樹林區,新北市樹林區三福街３１號,25.016641,121.408555
大山牙醫診所,樹林區,新北市樹林區保順街七十五號,24.994832,121.42969
復新牙醫診所,樹林區,新北市樹林區復興路二二一號,24.98892,121.418578
欣悅內科診所,樹林區,新北市樹林區學府路298號,24.950151,121.379159
欣悅親子耳鼻喉科診所,樹林區,新北市樹林區學府路296號,24.950128,121.379051
萬好牙醫診所,樹林區,新北市樹林區保安街一段192-2號,24.995511,121.421675
千惠診所,樹林區,新北市樹林區保安街一段190號,24.995795,121.4218
興明診所,樹林區,新北市樹林區鎮前街7號,24.992812,121.426028
德安美樹林牙醫診所,樹林區,新北市樹林區東華街91號,24.980426,121.41589
順立骨科診所,樹林區,新北市樹林區中山路一段52號,24.992137,121.423695
日月辰心牙醫診所,樹林區,新北市樹林區鎮前街13號,24.992703,121.425972
家祥診所,樹林區,新北市樹林區保安街一段54號,24.994204,121.425533
和美牙醫診所,樹林區,新北市樹林區中山路一段８４號,24.991503,121.423333
佳生婦產科診所,樹林區,新北市樹林區鎮前街30號,24.993032,121.425989
安泰診所,樹林區,新北市樹林區中山路一段123號,24.990159,121.422782
佳新牙醫診所,樹林區,新北市樹林區太平街５６巷２號,24.978693,121.418501
承恩診所,樹林區,新北市樹林區學勤路597號,24.949053,121.384228
雅登牙醫診所,樹林區,新北市樹林區大雅路302號,24.948672,121.3794
群峰牙醫診所,樹林區,新北市樹林區後站街3巷2號,24.990997,121.423697
品橙牙醫診所,樹林區,新北市樹林區大安路113號,24.997732,121.422586
惠生保安婦幼診所,樹林區,新北市樹林區保安街一段190號,24.995795,121.4218
樹德牙醫診所,樹林區,新北市樹林區日新街37號,24.992185,121.422829
曙光牙醫診所,樹林區,新北市樹林區中華路149號,24.982171,121.421366
欣瑞牙醫診所,樹林區,新北市樹林區保安二街21、23號,24.995261,121.423969
何牙醫診所,樹林區,新北市樹林區千歲街５３之２號,24.996708,121.425343
慈愛中醫診所,樹林區,新北市樹林區日新街52號,24.991826,121.422451
金威牙醫診所,樹林區,新北市樹林區大成路83號,24.946381,121.382043
佳豐牙醫診所,樹林區,新北市樹林區學勤路320號,24.947472,121.379305
松禾診所,樹林區,新北市樹林區鎮前街58號,24.992596,121.425733
大樹診所,樹林區,新北市樹林區鎮前街19號,24.992586,121.425904
高啟原復健診所,樹林區,新北市樹林區大義路252號,24.946247,121.378047
永峰診所,樹林區,新北市樹林區中山路1段177號,24.97212,121.39262
喜悅診所,樹林區,新北市樹林區中山路1段10號,24.97212,121.39262
誠陽復健科診所,樹林區,新北市樹林區東華街81、83、85號,24.981595,121.415129
信和診所,樹林區,新北市樹林區博愛街178號,24.990612,121.425701
星瞳眼科診所,樹林區,新北市樹林區鎮前街11號,24.992748,121.425991
麗世牙醫診所,樹林區,新北市樹林區鎮前街64號,24.992283,121.425551
康普生眼科診所,樹林區,新北市樹林區中山路1段186號,24.97212,121.39262
三樹金鶯診所,樹林區,新北市樹林區學成路600號,24.945839,121.381815
立康診所,樹林區,新北市樹林區日新街39號,24.992111,121.4228
大英診所,樹林區,新北市樹林區保安街一段192號,24.99579,121.42158
厚德中醫診所,樹林區,新北市樹林區中正路851號,25.018142,121.40884
愛雅婦產科診所,樹林區,新北市樹林區大雅路366號,24.949762,121.379037
樹新耳鼻喉科診所,樹林區,新北市樹林區長壽街12之2號,24.993519,121.423538
得意牙醫診所,樹林區,新北市樹林區大雅路271號,24.947676,121.37165
宏年牙醫診所,樹林區,新北市樹林區育英街50號,24.989261,121.421421
仁人中醫診所,樹林區,新北市樹林區復興路21號,24.994344,121.422511
北大診所,樹林區,新北市樹林區學勤路386號,24.947738,121.37993
詠聖診所,樹林區,新北市樹林區佳園路一段三十九號,24.97023,121.393169
朱水松耳鼻喉科診所,樹林區,新北市樹林區中山路一段151之2號,24.989029,121.422082
安濟診所,樹林區,新北市樹林區中華路162號,24.980402,121.415758
三福診所,樹林區,新北市樹林區三福街５６巷７號,25.01668,121.405253
蔡瓊倩內科診所,樹林區,新北市樹林區中山路一段151之2號,24.989029,121.422082
何廷裕小兒科診所,樹林區,新北市樹林區日新街34號,24.992419,121.422719
柯盈賢小兒科診所,樹林區,新北市樹林區樹新路41號,24.994758,121.427071
賴內科小兒科診所,樹林區,新北市樹林區育英街52號,24.989271,121.421356
許芳豪內科小兒科診所,樹林區,新北市樹林區千歲街４５－３號,24.996259,121.425304
賴貞祥婦產科診所,樹林區,新北市樹林區中山路一段１６０號,24.989461,121.42213
幼安聯合診所,樹林區,新北市樹林區鎮前街二十六號,24.986084,121.420221
合聖診所,樹林區,新北市樹林區中山路一段２４０號,24.987669,121.421042
合順診所,樹林區,新北市樹林區中山路一段１６８號,24.989321,121.422042
晶致牙醫診所,樹林區,新北市樹林區中華路148號,24.98028,121.416566
鄭仲欽皮膚科診所,樹林區,新北市樹林區中山路一段32號,24.992492,121.4239
福康中醫診所,樹林區,新北市樹林區中山路一段216號,24.98787,121.421169
樹林建全中醫診所,樹林區,新北市樹林區中華路122號,24.980532,121.417652
仁愛醫院,樹林區,新北市樹林區文化街9號,24.987188,121.420039
新北市樹林區衛生所,樹林區,新北市樹林區樹新路40-7號,24.997607,121.429442
亞致牙醫診所,鶯歌區,新北市鶯歌區建國路142-1號,24.953267,121.346466
名品牙醫診所,鶯歌區,新北市鶯歌區中正一路五四號,24.956499,121.364414
黃家庭醫學科診所,鶯歌區,新北市鶯歌區尖山路286號,24.944516,121.340737
茁越牙醫診所,鶯歌區,新北市鶯歌區建國路115號,24.953906,121.35209
麥婦產科診所,鶯歌區,新北市鶯歌區鶯桃路五七一號,24.959609,121.336125
康健家庭醫學科診所,鶯歌區,新北市鶯歌區建國路二三一號,24.953267,121.346466
崇文診所,鶯歌區,新北市鶯歌區國慶街１４１號,24.953552,121.350964
鼎安牙醫診所,鶯歌區,新北市鶯歌區鶯桃路５４５號,24.967833,121.330344
國慶中醫診所,鶯歌區,新北市鶯歌區國慶街114號,24.954019,121.35049
大山耳鼻喉科診所,鶯歌區,新北市鶯歌區光明街126號,24.955916,121.345451
金鶯診所,鶯歌區,新北市鶯歌區國慶街167號,24.953076,121.35123
名恩療養院,鶯歌區,新北市鶯歌區鶯桃路二段62號,24.973248,121.324887
澄欣復健科診所,鶯歌區,新北市鶯歌區國慶街140號,24.953425,121.35083
正峰中醫診所,鶯歌區,新北市鶯歌區光明街169號,24.955705,121.34391
新英診所,鶯歌區,新北市鶯歌區鶯桃路569號,24.968447,121.329792
欣慈診所,鶯歌區,新北市鶯歌區國慶街160號,24.953089,121.351027
樂康牙醫診所,鶯歌區,新北市鶯歌區南雅路47號,24.954177,121.348407
鄭龍傑診所,鶯歌區,新北市鶯歌區尖山埔路１６７號,24.95074,121.345972
秦德水家庭醫學科診所,鶯歌區,新北市鶯歌區鶯桃路2段21號,24.950226,121.344217
陳文隆外科診所,鶯歌區,新北市鶯歌區國慶街１７１號,24.952898,121.351331
博美皮膚科診所,鶯歌區,新北市鶯歌區國慶街１６２號,24.953047,121.351053
建國耳鼻喉科診所,鶯歌區,新北市鶯歌區建國路一八０號,24.953267,121.346466
韓乃輝診所,鶯歌區,新北市鶯歌區中正一路５２號,24.953792,121.352467
慈德聯合診所,鶯歌區,新北市鶯歌區國慶街一五一號,24.954481,121.350339
明輝眼科診所,鶯歌區,新北市鶯歌區國慶街143號,24.953513,121.350986
維新診所,鶯歌區,新北市鶯歌區建國路36號,24.955957,121.355986
孫中醫診所,鶯歌區,新北市鶯歌區國慶街152號,24.953243,121.35093
新北市鶯歌區衛生所,鶯歌區,新北市鶯歌區文化路389號,24.950323,121.352437
怡兒診所,鶯歌區,新北市鶯歌區建國路173號,24.953389,121.349972
聖心牙醫診所,鶯歌區,新北市鶯歌區鶯桃路二段３４號,24.972506,121.325686
心醫堂中醫診所,鶯歌區,新北市鶯歌區鶯桃路二段１７號,24.97213,121.325771
養心診所,鶯歌區,新北市鶯歌區建國路36號,24.955957,121.355986
博音診所,鶯歌區,新北市鶯歌區鶯桃路３７１號,24.96309,121.333655
廣安中醫診所,鶯歌區,新北市鶯歌區育智路18號,24.955398,121.344952
立好診所,鶯歌區,新北市鶯歌區文化路181號,24.953976,121.35544
幸安診所,鶯歌區,新北市鶯歌區仁愛路1號,24.956858,121.35365
羅晉專中醫診所,鶯歌區,新北市鶯歌區國慶街40號,24.955529,121.349632
林明堂牙醫診所,鶯歌區,新北市鶯歌區國慶街115巷17-1號,24.954383,121.351135
世達中醫診所,鶯歌區,新北市鶯歌區鶯桃路３７３號,24.963134,121.333641
誠悅牙醫診所,鶯歌區,新北市鶯歌區仁愛路13號,24.956385,121.353845
佳晟診所,鶯歌區,新北市鶯歌區建國路85號,24.9539,121.353189
魏牙醫診所,鶯歌區,新北市鶯歌區中正一路８１－１號,24.954703,121.352205
大慶牙醫診所,鶯歌區,新北市鶯歌區中正一路１１４號,24.955084,121.35233
謝彥中牙醫診所,鶯歌區,新北市鶯歌區國華路53號,24.955157,121.342954
鶯歌牙醫診所,鶯歌區,新北市鶯歌區南昌街９巷４號,24.953875,121.349493
國慶牙醫診所,鶯歌區,新北市鶯歌區國慶街１７５號,24.952818,121.351392
楓林牙醫診所,鶯歌區,新北市鶯歌區中正一路９５號,24.955092,121.352156
鈞英牙醫診所,鶯歌區,新北市鶯歌區尖山路217-2號,24.947859,121.345322
蘋果樹北大診所,三峽區,新北市三峽區大德路127號,24.944524,121.37587
祥福診所,三峽區,新北市三峽區介壽路1段267號,24.93632,121.395395
賴萬華牙醫診所,三峽區,新北市三峽區文化路42號,24.936194,121.372969
北大風澤中醫診所,三峽區,新北市三峽區大學路98號,24.943441,121.37514
三峽文化內科診所,三峽區,新北市三峽區文化路127、129、131號,24.935558,121.364963
踏雪齋中醫診所,三峽區,新北市三峽區大義路191號,24.945217,121.377832
黃麟峰中醫診所,三峽區,新北市三峽區學勤路180之1號,24.946387,121.376689
欣群耳鼻喉科診所,三峽區,新北市三峽區文化路127、129、131號,24.935558,121.364963
行天宮醫療志業醫療財團法人恩主公醫院,三峽區,新北市三峽區復興路399號,24.938386,121.363008
新北市三峽區衛生所,三峽區,新北市三峽區光明路71號,24.928455,121.375996
救生牙醫診所,三峽區,新北市三峽區仁愛街十號,24.933206,121.368452
三峽光澤診所,三峽區,新北市三峽區大學路100號,24.943503,121.375093
賢明中醫診所,三峽區,新北市三峽區文化路46號,24.936207,121.372872
易安中醫診所,三峽區,新北市三峽區中華路51號,24.930727,121.372526
植美美學牙醫診所,三峽區,新北市三峽區學成路289號,24.94357,121.376239
詹小兒科診所,三峽區,新北市三峽區中華路十三之六號,24.930457,121.372162
甲東眼科診所,三峽區,新北市三峽區文化路212號,24.936102,121.368379
安旭診所,三峽區,新北市三峽區文化路59號,24.935912,121.372278
蕭皓天皮膚專科診所,三峽區,新北市三峽區大學路186號,24.946502,121.372762
飛悅北大牙醫診所,三峽區,新北市三峽區大德路489號,24.94788,121.374147
永澄診所,三峽區,新北市三峽區光明路二十號,24.929482,121.374824
鼎晶牙醫診所,三峽區,新北市三峽區三樹路205號,24.942198,121.378762
華德牙醫診所,三峽區,新北市三峽區和平街８３號,24.937363,121.370072
晴美眼科診所,三峽區,新北市三峽區大德路266號,24.947706,121.374534
如原診所,三峽區,新北市三峽區文化路264-1號,24.935558,121.364963
謝明福復健科診所,三峽區,新北市三峽區中華路22號,24.932653,121.37418
冠昕診所,三峽區,新北市三峽區民生街69號,24.935966,121.375116
王湘琦身心診所,三峽區,新北市三峽區中華路28巷8號,24.932638,121.373748
北大蒔美牙醫診所,三峽區,新北市三峽區學成路256號,24.942073,121.375192
擎天牙醫診所,三峽區,新北市三峽區復興路3號,24.935692,121.374276
三峽大學眼科診所,三峽區,新北市三峽區復興路7號,24.935904,121.374213
大同牙醫診所,三峽區,新北市三峽區大同路7號,24.928905,121.377584
敏家診所,三峽區,新北市三峽區復興路108號,24.937823,121.372636
悅兒診所,三峽區,新北市三峽區龍學里學成路329之1號,24.944968,121.37702
博智診所,三峽區,新北市三峽區文化路23號,24.935854,121.373071
北大小兒科診所,三峽區,新北市三峽區大學路87號,24.941707,121.375892
三禾診所,三峽區,新北市三峽區中華路13之5號,24.932173,121.373968
杏宜診所,三峽區,新北市三峽區大學路102號,24.94369,121.375064
聯鴻骨科診所,三峽區,新北市三峽區大義路5號,24.943626,121.378844
仁合中醫診所,三峽區,新北市三峽區文化路112號,24.936253,121.371283
小雲朵兒童牙醫診所,三峽區,新北市三峽區學成路291號,24.94361,121.376302
新禾診所,三峽區,新北市三峽區學成路235號,24.94867,121.373637
吉盛牙醫診所,三峽區,新北市三峽區大學路109號,24.941997,121.375627
明美學牙醫診所,三峽區,新北市三峽區光明路100號,24.928117,121.375898
中園診所,三峽區,新北市三峽區弘園街37號,24.927532,121.367197
北大承光中醫診所,三峽區,新北市三峽區大德路125號,24.944434,121.37606
昕月牙醫診所,三峽區,新北市三峽區大學路156之1號,24.945861,121.373298
清福診所,三峽區,新北市三峽區介壽路一段280號,24.929047,121.379885
璞實牙醫診所,三峽區,新北市三峽區中華路23號,24.931659,121.373298
常順診所,三峽區,新北市三峽區中華路13號,24.932173,121.373968
美利亞牙醫診所,三峽區,新北市三峽區大德路489號,24.94788,121.374147
慈佑診所,三峽區,新北市三峽區學勤路16號,24.945364,121.374093
安膚診所,三峽區,新北市三峽區民權街8號,24.934735,121.370233
欣寧身心診所,三峽區,新北市三峽區文化路266之9號,24.935815,121.366393
文化耳鼻喉科診所,三峽區,新北市三峽區文化路127、129、131號,24.935558,121.364963
蘇牙醫診所,三峽區,新北市三峽區溪北街２８號,24.936323,121.396456
惠恩牙醫診所,三峽區,新北市三峽區民生街７７號,24.935882,121.374947
大瀚牙醫診所,三峽區,新北市三峽區民生街３３號,24.936292,121.375702
勝美牙醫診所,三峽區,新北市三峽區中山路二三三號,24.934811,121.367438
錦霖診所,三峽區,新北市三峽區文化路８６號,24.936261,121.371841
趙敏政耳鼻喉科診所,三峽區,新北市三峽區復興路93、95號,24.938814,121.364827
詠康診所,三峽區,新北市三峽區介壽路1段159號,24.93632,121.395395
一盧診所,三峽區,新北市三峽區民生街79號,24.935855,121.374902
慶霖診所,三峽區,新北市三峽區橫溪路25號,24.93581,121.396373
新安診所,三峽區,新北市三峽區民生街36號,24.936539,121.375493
建民診所,三峽區,新北市三峽區復興路33號,24.93647,121.373445
名家皮膚科診所,三峽區,新北市三峽區文化路90號,24.936263,121.371736
退除役官兵輔導委員會臺北榮譽國民之家醫務室,三峽區,新北市三峽區嘉添里白雞路129號,24.905962,121.398145
主恩診所,三峽區,新北市三峽區大同路98-2號,24.927096,121.370718
彭耳鼻喉科診所,三峽區,新北市三峽區文化路１３２號,24.936251,121.370812
元津堂中醫診所,三峽區,新北市三峽區民生街146巷19號,24.935435,121.372194
永聖醫療社團法人文化醫院,三峽區,新北市三峽區介壽路1段199號,24.93632,121.395395
協和牙醫診所,三峽區,新北市三峽區大德路218號,24.946973,121.374983
佑辰牙醫診所,三峽區,新北市三峽區文化路212號,24.936102,121.368379
優美牙醫診所,三峽區,新北市三峽區文化路２６４號,24.935838,121.366781
學城牙醫診所,三峽區,新北市三峽區大義路31號,24.943744,121.378383
慧安診所,三峽區,新北市三峽區文化路59號,24.935912,121.372278
高品牙醫診所,三峽區,新北市三峽區大德路183號,24.945814,121.375275
慈恩中醫診所,三峽區,新北市三峽區文化路七○號,24.935558,121.364963
佳佑診所,三峽區,新北市三峽區中山路169巷2號,24.936569,121.364056
清福醫院,三峽區,新北市三峽區介壽路一段286號,24.930086,121.379878
宏志牙醫診所,三峽區,新北市三峽區文化路１８號,24.935857,121.373295
星龍耳鼻喉科診所,三峽區,新北市三峽區國際一街5號,24.94309,121.374561
錦禾診所,三峽區,新北市三峽區中華路20號,24.932758,121.374353
太元堂中醫診所,三峽區,新北市三峽區大勇路82號,24.936052,121.367117
同福堂中醫診所,三峽區,新北市三峽區中正路一段111號,24.929298,121.37416
真善美牙醫診所,三峽區,新北市三峽區中正路一段５５號,24.930268,121.375479
陳世芳診所,淡水區,新北市淡水區重建街１９８號,25.174435,121.441026
劉政耳鼻喉科診所,淡水區,新北市淡水區中山路53號,25.1704,121.443283
新光家醫科診所,淡水區,新北市淡水區民族路１２號,25.136603,121.460749
淳仁聯合診所,淡水區,新北市淡水區學府路３５號,25.168933,121.44776
元明眼科診所,淡水區,新北市淡水區英專路八十五號,25.173083,121.448172
永光眼科診所,淡水區,新北市淡水區中正東路47-1號,25.167087,121.447593
李兆然家醫科診所,淡水區,新北市淡水區學府路１８號,25.16807,121.447583
鴻恩診所,淡水區,新北市淡水區民族路５０巷１號,25.135828,121.461643
大忠耳鼻喉科診所,淡水區,新北市淡水區大忠街一一三巷三十一號,25.177014,121.445501
泓安醫院,淡水區,新北市淡水區下圭柔山九一巷二號,25.205472,121.483475
水碓瑞安診所,淡水區,新北市淡水區北新路182巷61號,25.177315,121.447857
彩虹眼科診所,淡水區,新北市淡水區中山北路一段89號,25.176245,121.442222
恩友診所,淡水區,新北市淡水區大義街5號,25.17809,121.443432
睛采眼科診所,淡水區,新北市淡水區大忠街113巷29號,25.177577,121.447544
英專耳鼻喉科皮膚科診所,淡水區,新北市淡水區英專路96號,25.171748,121.445878
梁衛賓診所,淡水區,新北市淡水區北新路43號,25.178073,121.445526
朝日牙醫診所,淡水區,新北市淡水區自強路78號,25.127994,121.462945
晶晶牙科診所,淡水區,新北市淡水區清水街六號,25.170077,121.443391
新偕牙醫診所,淡水區,新北市淡水區北新路一二三號,25.177806,121.44527
淡水聯合牙醫診所,淡水區,新北市淡水區英專路73號,25.171404,121.445585
新光牙醫診所,淡水區,新北市淡水區清水街34巷1號,25.170322,121.444171
文化牙醫診所,淡水區,新北市淡水區中正路294-1號,25.171956,121.43767
大盛牙醫診所,淡水區,新北市淡水區中山路一○六之一號,25.171249,121.441311
劉牙醫診所,淡水區,新北市淡水區中正路１04號,25.169641,121.442013
康華牙醫診所,淡水區,新北市淡水區民權路一二七號,25.135896,121.45992
淡江牙醫診所,淡水區,新北市淡水區文化路59巷6號,25.172616,121.43835
衡德牙醫診所,淡水區,新北市淡水區中山北路一段９７號,25.17638,121.44233
鄧公牙醫診所,淡水區,新北市淡水區鄧公路３０巷１１號,25.169881,121.453103
同陽牙醫診所,淡水區,新北市淡水區學府路三十七號,25.171249,121.449399
文川耳鼻喉科診所,淡水區,新北市淡水區中山北路一段91號,25.176272,121.442244
華生家醫科皮膚科聯合診所,淡水區,新北市淡水區北新路一六九巷四號,25.177806,121.44527
李元瑞牙醫診所,淡水區,新北市淡水區中正東路59號,25.167874,121.44703
煥然牙醫診所,淡水區,新北市淡水區中山北路一段五十五號,25.178599,121.444278
慶安中醫診所,淡水區,新北市淡水區中山路１４３號,25.171852,121.440593
昇宏牙醫診所,淡水區,新北市淡水區大忠街3７號,25.176292,121.444312
大愛中醫診所,淡水區,新北市淡水區北新路17號,25.177707,121.44463
仙台中醫診所,淡水區,新北市淡水區大忠街七十五號,25.177014,121.445501
仁禾中醫診所,淡水區,新北市淡水區原德路37號,25.171725,121.442174
祐安中醫診所,淡水區,新北市淡水區北新路171號,25.179532,121.450527
黃麟偉診所,淡水區,新北市淡水區新春街163號,25.181307,121.442869
劉小冰兒科診所,淡水區,新北市淡水區北新路１７５號,25.179598,121.450658
瑞竹醫典牙醫診所,淡水區,新北市淡水區民族路27號,25.136822,121.460706
恩霖牙醫診所,淡水區,新北市淡水區中山路92號,25.170617,121.442679
陽明中醫診所,淡水區,新北市淡水區中山路63號,25.170401,121.443064
祐銘耳鼻喉科診所,淡水區,新北市淡水區民族路31號,25.136657,121.461212
許景新耳鼻喉科診所,淡水區,新北市淡水區中山路１７號,25.169877,121.444072
喜聖診所,淡水區,新北市淡水區民權路59號,25.138939,121.459993
蒞恩牙醫診所,淡水區,新北市淡水區新春街198號,25.180783,121.443961
台灣基督長老教會馬偕醫療財團法人淡水馬偕紀念醫院,淡水區,新北市淡水區民生路四十五號,25.138759,121.465084
淡水新埔牙醫診所,淡水區,新北市淡水區淡金路３段２９４號,25.16019,121.457412
榮芳骨科診所,淡水區,新北市淡水區中山北路一段149巷22號,25.177994,121.442892
寶樹堂中醫診所,淡水區,新北市淡水區水源街一段122巷40號,25.17148,121.447326
頂好耳鼻喉科診所,淡水區,新北市淡水區中山北路2段184、186號,25.087222,121.528371
宏瑋牙醫診所,淡水區,新北市淡水區北新路５５號,25.178248,121.445791
蒞美牙醫診所,淡水區,新北市淡水區中山路一○一號,25.171249,121.441311
金德中醫診所,淡水區,新北市淡水區學府路７９號,25.17008,121.448458
達觀中醫診所,淡水區,新北市淡水區新生街51巷10號,25.175135,121.440633
寶石時尚美學診所,淡水區,新北市淡水區英專路65巷1號,25.171094,121.44533
陳牙醫診所,淡水區,新北市淡水區清水街248號,25.172089,121.440299
卓訓德診所,淡水區,新北市淡水區新市一路三段36號,25.182819,121.445765
順心中醫診所,淡水區,新北市淡水區中山北路1段175號,25.097966,121.527766
菲絲美診所,淡水區,新北市淡水區中山路138號,25.171271,121.44152
金微笑中醫診所,淡水區,新北市淡水區濱海路一段135號,25.189187,121.439384
璞安牙醫診所,淡水區,新北市淡水區新市一路三段38號,25.182826,121.445866
黃秋陽診所,淡水區,新北市淡水區中山路7號,25.169675,121.444154
滙眾內科診所,淡水區,新北市淡水區中山北路一段１０１號,25.176462,121.442394
汪牙醫診所,淡水區,新北市淡水區學府路１０２巷８號,25.171817,121.450623
祐銘眼科診所,淡水區,新北市淡水區民族路31號,25.136657,121.461212
能安診所,淡水區,新北市淡水區博愛街六八號,25.169234,121.446552
李文旭內科診所,淡水區,新北市淡水區中正東路４５－１號,25.168134,121.446509
皇誠牙醫診所,淡水區,新北市淡水區民生路30號,25.137782,121.461347
竹圍牙醫診所,淡水區,新北市淡水區民族路三十四號,25.135055,121.462835
佛仁牙醫診所,淡水區,新北市淡水區民權路179之2號,25.134752,121.459807
陳灼彭身心醫診所,淡水區,新北市淡水區北新路192號,25.179332,121.451322
淡海診所,淡水區,新北市淡水區沙崙路158-1號,25.184011,121.424716
華民牙醫診所,淡水區,新北市淡水區中山路１２０號,25.170904,121.441986
建順中醫診所,淡水區,新北市淡水區英專路一二 一號,25.173083,121.448172
新浥診所,淡水區,新北市淡水區新市一路一段172號,25.186206,121.432644
皇瑞牙醫診所,淡水區,新北市淡水區民族路20號,25.136563,121.460965
怡安診所,淡水區,新北市淡水區中正東路一段57、59號,25.161365,121.453063
匯康內科診所,淡水區,新北市淡水區中正東路2段121號,25.168781,121.445062
皓恩牙醫診所,淡水區,新北市淡水區民族路3號,25.137199,121.460342
悠植牙醫診所,淡水區,新北市淡水區北新路2號,25.177624,121.444278
加惠診所,淡水區,新北市淡水區新市五路三段378號,25.197382,121.438696
金向德中醫診所,淡水區,新北市淡水區北新路88號,25.178291,121.446868
禾原內科診所,淡水區,新北市淡水區淡金路一段551號,25.180051,121.453237
竹圍中醫診所,淡水區,新北市淡水區民生路34號,25.137787,121.461443
怡和診所,淡水區,新北市淡水區中正路一段130之8號,25.179213,121.422496
皇嘉牙醫診所,淡水區,新北市淡水區中山北路3段59之2號,25.097817,121.528027
新悅中醫診所,淡水區,新北市淡水區英專路21巷30號,25.169918,121.444509
公祥診所,淡水區,新北市淡水區中山路38、38-1、38-2、38-3、40、40-1、40-2、40-3號,25.171249,121.441311
真傳中醫診所,淡水區,新北市淡水區濱海路二段202巷26號,25.191071,121.434007
慧腎診所,淡水區,新北市淡水區英專路21巷25號,25.169762,121.44472
植仕美數位美學牙醫診所,淡水區,新北市淡水區中山北路2段14號,25.087222,121.528371
藍瀅中醫診所,淡水區,新北市淡水區學府路16號,25.168016,121.447561
立徠美學牙醫診所,淡水區,新北市淡水區新春街165號,25.181273,121.442938
民生牙醫診所,淡水區,新北市淡水區中山路3號,25.169602,121.444186
陳正熙診所,淡水區,新北市淡水區中山北路一段87號,25.176211,121.442194
宜禾診所,淡水區,新北市淡水區新市一路三段105號,25.183138,121.446565
元甡堂中醫診所,淡水區,新北市淡水區沙崙路131巷9號,25.183074,121.422376
心悅身心診所,淡水區,新北市淡水區英專路99號,25.171956,121.445742
荷星牙醫診所,淡水區,新北市淡水區中山北路二段205號,25.185878,121.444001
皇閣牙醫診所,淡水區,新北市淡水區沙崙路158號,25.182971,121.423694
水碓中醫診所,淡水區,新北市淡水區大義街7號,25.178157,121.443382
沐恩診所,淡水區,新北市淡水區濱海路一段143號,25.189234,121.43908
旭安診所,淡水區,新北市淡水區民生路52巷2弄6號,25.138164,121.460376
北新醫療社團法人北新醫院,淡水區,新北市淡水區忠寮里演戲埔腳1之2號,25.193615,121.475847
呂仁金皮膚科診所,淡水區,新北市淡水區學府路51巷1弄18號,25.168997,121.447329
全元堂中醫診所,淡水區,新北市淡水區民權路185巷7號,25.133993,121.459972
康如診所,淡水區,新北市淡水區中正東路53之8號,25.167954,121.446861
淡海中醫診所,淡水區,新北市淡水區新市一路3段147號,25.183145,121.444964
矯政牙醫診所,淡水區,新北市淡水區北新路111號,25.178482,121.448276
建和堂中醫診所,淡水區,新北市淡水區北新路169巷31弄5號,25.18007,121.449173
祐興中醫診所,淡水區,新北市淡水區民族路112巷3號,25.135056,121.462586
富康中醫診所,淡水區,新北市淡水區北新路192-12號,25.177806,121.44527
實康復健科診所,淡水區,新北市淡水區學府路36號,25.168781,121.448216
三易中醫診所,淡水區,新北市淡水區學府路51巷1弄21號,25.168818,121.44741
新北市淡水區衛生所,淡水區,新北市淡水區中山路158號,25.172778,121.440844
博安診所,淡水區,新北市淡水區中山路一五九之七．八號,25.171249,121.441311
順生婦產科診所,淡水區,新北市淡水區中山路一七九號,25.171249,121.441311
浦晴診所,淡水區,新北市淡水區中正東路二段29號,25.157086,121.460196
百成牙醫診所,淡水區,新北市淡水區學府路4３號,25.169127,121.447855
宏儒牙醫診所,淡水區,新北市淡水區民族路五號,25.135055,121.462835
美白牙醫診所,淡水區,新北市淡水區中正東路二段37號,25.156258,121.459388
林得時婦產科診所,淡水區,新北市淡水區中山路14號,25.169416,121.444812
佑昌牙醫診所,汐止區,新北市汐止區中興路九十五號,25.064475,121.632606
詠翔牙醫診所,汐止區,新北市汐止區湖前街35號,25.069598,121.632137
成合牙醫診所,汐止區,新北市汐止區新台五路二段六號,25.067478,121.667125
依紜中醫診所,汐止區,新北市汐止區中正路262號,25.068601,121.657222
廣緣堂中醫診所,汐止區,新北市汐止區明峰街132號,25.070913,121.629927
雙雙小兒科診所,汐止區,新北市汐止區明峰街一四三號,25.070525,121.629419
佳德中醫診所,汐止區,新北市汐止區連興街28號,25.063536,121.655113
湖前診所,汐止區,新北市汐止區湖前街六十號,25.070283,121.631939
汐止陳診所,汐止區,新北市汐止區新昌路52號,25.068083,121.662662
向陽牙醫診所,汐止區,新北市汐止區大同路二段二九八號,25.067098,121.656249
汐心牙醫診所,汐止區,新北市汐止區大同路2段689號,25.054734,121.621075
登美牙醫診所,汐止區,新北市汐止區忠孝東路277號,25.068508,121.663736
牙典牙醫診所,汐止區,新北市汐止區新台五路一段九十六號,25.060981,121.647266
汐科牙醫診所,汐止區,新北市汐止區新台五路一段81號,25.061142,121.646398
汐美學牙醫診所,汐止區,新北市汐止區中興路115號,25.064215,121.63283
汐止蒔美牙醫診所,汐止區,新北市汐止區中興路144號,25.064489,121.632756
馨生婦產科小兒科診所,汐止區,新北市汐止區福德二路215號,25.064559,121.628639
周得民中醫診所,汐止區,新北市汐止區新昌路50號,25.068034,121.6626
亮采時尚美學診所,汐止區,新北市汐止區大同路二段376號,25.067066,121.657885
德祐小兒科診所,汐止區,新北市汐止區福德一路117之1號,25.067684,121.637514
新台安診所,汐止區,新北市汐止區新台五路一段178號,25.062556,121.654791
采風牙醫診所,汐止區,新北市汐止區大同路二段239號,25.065348,121.65343
鐊明診所,汐止區,新北市汐止區福德二路58號,25.067071,121.633838
謝宏杰身心精神科診所,汐止區,新北市汐止區新台五路一段232號,25.063366,121.656785
國泰醫療財團法人汐止國泰綜合醫院,汐止區,新北市汐止區建成路59巷2號,25.072872,121.661084
新北市汐止區衛生所,汐止區,新北市汐止區新台五路一段266號,25.063513,121.658534
吳婦產科診所,汐止區,新北市汐止區大同路2段171號,25.054734,121.621075
洪耳鼻喉科診所,汐止區,新北市汐止區大同路二段三三二號,25.067098,121.656249
許哲豪皮膚科診所,汐止區,新北市汐止區忠孝東路214號,25.066514,121.662131
大同耳鼻喉科診所,汐止區,新北市汐止區大同路二段300號,25.066471,121.655362
雙雙牙醫診所,汐止區,新北市汐止區明峰街137號,25.070715,121.629891
弘人小兒科診所,汐止區,新北市汐止區福德二路一五二號,25.064817,121.62895
七采牙醫診所,汐止區,新北市汐止區大同路二段380、382號,25.067098,121.656249
醫心館中醫診所,汐止區,新北市汐止區大同路二段137號,25.064399,121.65114
人禾小兒科診所,汐止區,新北市汐止區仁愛路140號,25.064242,121.663574
洪振凱診所,汐止區,新北市汐止區樟樹一路136號,25.06487,121.642232
新和診所,汐止區,新北市汐止區新興路36號,25.063874,121.656717
康寧耳鼻喉科診所,汐止區,新北市汐止區康寧街386號,25.06773,121.62933
楊內科小兒科診所,汐止區,新北市汐止區汐萬路一段２５號,25.067696,121.655806
黃玟珍診所,汐止區,新北市汐止區樟樹一路１２２號,25.064313,121.642169
高登眼科診所,汐止區,新北市汐止區大同路二段282號,25.066221,121.654987
李懷德小兒科診所,汐止區,新北市汐止區忠孝東路343號,25.070252,121.665445
洪皮膚科診所,汐止區,新北市汐止區湖前街四十一號,25.070283,121.631939
東暉診所,汐止區,新北市汐止區新興路三號,25.061029,121.658147
許至仁診所,汐止區,新北市汐止區忠孝東路二九０號,25.070277,121.665601
青山診所,汐止區,新北市汐止區莊敬街一二九號,25.061273,121.656345
朝芳診所,汐止區,新北市汐止區中正路八號,25.069194,121.659504
福德診所,汐止區,新北市汐止區福德二路一七一號,25.064817,121.62895
世康診所,汐止區,新北市汐止區中興路86號,25.062212,121.63477
戴政傑診所,汐止區,新北市汐止區樟樹一路一三三巷一號,25.062009,121.641522
吳宗憲診所,汐止區,新北市汐止區忠孝東路２１０號,25.066445,121.662062
元泰診所,汐止區,新北市汐止區明峰路１０８號,25.070525,121.629419
康普森牙醫診所,汐止區,新北市汐止區中興路135號,25.065435,121.6316
陽明牙醫診所,汐止區,新北市汐止區連興路五十號,25.063145,121.654537
倍得牙醫診所,汐止區,新北市汐止區仁愛路17號,25.064001,121.659272
秀峰牙醫診所,汐止區,新北市汐止區新台五路一段172號,25.062488,121.654609
顏志瑋診所,汐止區,新北市汐止區建成路18號,25.072817,121.664948
華成中醫診所,汐止區,新北市汐止區福德二路１００號,25.066141,121.632433
健榮中醫診所,汐止區,新北市汐止區康寧街487號,25.068519,121.632373
永琦牙醫診所,汐止區,新北市汐止區中正路１２５號,25.069337,121.660229
江北牙醫診所,汐止區,新北市汐止區大同路二段四三四號,25.067098,121.656249
復全牙醫診所,汐止區,新北市汐止區中正路１６４號,25.069244,121.659452
德惠牙醫診所,汐止區,新北市汐止區忠孝東路３８４號,25.070146,121.665632
翔齡牙醫診所,汐止區,新北市汐止區樟樹一路１１９巷４號,25.064375,121.641776
東波牙醫診所,汐止區,新北市汐止區福德一路177巷6號,25.065794,121.63606
柏元牙醫診所,汐止區,新北市汐止區忠孝東路314之1號,25.069036,121.664633
經典聯合牙醫診所,汐止區,新北市汐止區樟樹一路二十號,25.062549,121.642037
荃盛復健科診所,汐止區,新北市汐止區大同路二段312巷7號,25.066114,121.65594
大漢中醫診所,汐止區,新北市汐止區忠孝東路212號,25.066488,121.662106
宏國牙醫診所,汐止區,新北市汐止區樟樹一路141巷11號,25.066287,121.641814
青蓮中醫診所,汐止區,新北市汐止區忠孝東路323號,25.069503,121.664807
佑昌內科診所,汐止區,新北市汐止區中興路９５號,25.064573,121.632368
尚風牙醫診所,汐止區,新北市汐止區康寧街389號,25.06786,121.629246
佑安診所,汐止區,新北市汐止區大同路二段３７０號,25.067048,121.657671
羅小兒科診所,汐止區,新北市汐止區忠孝東路二四四號,25.070277,121.665601
和昌牙醫診所,汐止區,新北市汐止區大同路2段575號,25.054734,121.621075
安興牙醫診所,汐止區,新北市汐止區康寧街411號,25.068006,121.630012
民生診所,汐止區,新北市汐止區中正路２９４號,25.068317,121.656627
蘇右任耳鼻喉科診所,汐止區,新北市汐止區新台五路二段１０號,25.064948,121.660328
晶華眼科診所,汐止區,新北市汐止區忠孝東路241號,25.067414,121.662747
汐止長青診所,汐止區,新北市汐止區秀峰路68號,25.064442,121.659793
宏澤診所,汐止區,新北市汐止區忠孝東路459號,25.072654,121.666007
合康診所,汐止區,新北市汐止區大同路2段512號,25.054734,121.621075
蘇小兒科診所,汐止區,新北市汐止區福德一路二四五號,25.064308,121.632993
世樺中醫診所,汐止區,新北市汐止區大同路二段５５１巷３號,25.069922,121.662304
幸福牙醫診所,汐止區,新北市汐止區樟樹一路139巷1號,25.065965,121.642201
三益診所,汐止區,新北市汐止區仁愛路187號,25.065472,121.664326
祥和診所,汐止區,新北市汐止區建成路37巷13號,25.072377,121.663501
美連心診所,汐止區,新北市汐止區連興街60號,25.063184,121.653881
杞子中醫診所,汐止區,新北市汐止區福德二路120號,25.065513,121.631334
彭耳鼻喉專科診所,汐止區,新北市汐止區中興路二二六號,25.064475,121.632606
杏萱婦產科診所,汐止區,新北市汐止區連興街32號,25.063575,121.654899
微風牙醫診所,汐止區,新北市汐止區新台五路一段141號,25.062211,121.653007
唯真牙醫診所,汐止區,新北市汐止區福德一路113-1號,25.064308,121.632993
宏彬診所,汐止區,新北市汐止區茄苳路37號,25.070996,121.665565
嘉仁牙醫診所,汐止區,新北市汐止區大同路二段五一九號,25.067098,121.656249
悠悅牙醫診所,汐止區,新北市汐止區仁愛路110號,25.063483,121.662566
榮誠骨科診所,汐止區,新北市汐止區南昌街37號,25.068916,121.663122
唯其中醫診所,汐止區,新北市汐止區復興路19號,25.064068,121.656204
品美牙醫診所,汐止區,新北市汐止區康寧街46號,25.06669,121.618514
體生診所,汐止區,新北市汐止區新昌路64、66號,25.068326,121.662813
多麗診所,汐止區,新北市汐止區大同路2段233號,25.054734,121.621075
旭川牙醫診所,汐止區,新北市汐止區南昌街45號,25.068489,121.663186
幸湖診所,汐止區,新北市汐止區湖前街27號,25.069198,121.632346
悅康牙醫診所,汐止區,新北市汐止區康寧街459巷8號,25.068947,121.631454
汐止泰興中醫診所,汐止區,新北市汐止區康寧街361號,25.067713,121.628454
汐科杞子中醫診所,汐止區,新北市汐止區大同路二段312巷8號,25.066124,121.65573
心芽美學牙醫診所,汐止區,新北市汐止區新昌路37之2號,25.06814,121.662421
皓明眼科診所,汐止區,新北市汐止區中興路199號,25.068212,121.629294
佳祥診所,汐止區,新北市汐止區民族三街7號,25.070416,121.630762
華佗中醫診所,汐止區,新北市汐止區樟樹一路十號,25.065677,121.642239
得美皮膚專科診所,汐止區,新北市汐止區忠孝東路427號,25.071803,121.665868
全美汐止診所,汐止區,新北市汐止區中興路154號,25.06485,121.632466
育和診所,汐止區,新北市汐止區中正路31號,25.070246,121.662328
汐止有間診所,汐止區,新北市汐止區福德一路220號,25.06521,121.634369
汐止力康復健科診所,汐止區,新北市汐止區新台五路1段93號,25.065964,121.661846
安英診所,汐止區,新北市汐止區福德二路116號,25.06637,121.630081
和昌唐中醫診所,汐止區,新北市汐止區新昌路73號,25.069182,121.663717
樂霖牙醫診所,汐止區,新北市汐止區仁愛路145號,25.06452,121.663465
多麗美學牙醫診所,汐止區,新北市汐止區大同路2段231號,25.054734,121.621075
御洺牙醫診所,汐止區,新北市汐止區康寧街420號,25.067989,121.630543
雲品牙醫診所,汐止區,新北市汐止區忠孝東路341號,25.070209,121.665423
茂昌眼科診所,汐止區,新北市汐止區忠孝東路399號,25.070959,121.665726
巴黎國際長春診所,汐止區,新北市汐止區中興路181之1號,25.066744,121.63027
恆御復健科診所,汐止區,新北市汐止區康寧街374號,25.067662,121.629
蘇怡菁家醫科診所,汐止區,新北市汐止區仁愛路43號,25.063376,121.659651
雲天牙醫診所,汐止區,新北市汐止區新台五路1段276號,25.065964,121.661846
中欣診所,汐止區,新北市汐止區中興路202號,25.066036,121.631384
宏欣診所,汐止區,新北市汐止區大同路2段221號,25.066994,121.65628
東辰診所,汐止區,新北市汐止區新興路3號,25.065098,121.656395
田安診所,汐止區,新北市汐止區大同路2段171號,25.054734,121.621075
健欣骨科診所,汐止區,新北市汐止區中興路91號,25.064419,121.632492
祐一復健科診所,汐止區,新北市汐止區康寧街410號,25.067926,121.630242
敦揚中醫診所,汐止區,新北市汐止區福德一路141巷15號,25.067239,121.637389
佳林皮膚科診所,汐止區,新北市汐止區康寧街388號,25.067741,121.62939
李春風中醫診所,汐止區,新北市汐止區福安街47號,25.064653,121.66324
鴻海診所,汐止區,新北市汐止區忠孝東路317號,25.069394,121.664704
秀峰中醫診所,汐止區,新北市汐止區新台五路二段九號,25.067478,121.667125
大新中醫診所,汐止區,新北市汐止區樟樹一路141巷1號,25.066232,121.642209
汐潔牙醫診所,汐止區,新北市汐止區大同路二段312巷11弄2號,25.065782,121.655699
馨悅婦產科診所,汐止區,新北市汐止區福德二路215號,25.064559,121.628639
安星診所,瑞芳區,新北市瑞芳區明燈路3段３７號,25.107416,121.808897
瑞豐診所,瑞芳區,新北市瑞芳區明燈路二段48號,25.108011,121.809701
芳德牙醫診所,瑞芳區,新北市瑞芳區三爪子坑路89號,25.106836,121.812101
簡診所,瑞芳區,新北市瑞芳區明燈路三段39-3號,25.109451,121.803071
晴安診所,瑞芳區,新北市瑞芳區民權街6巷1之1號,25.106658,121.807746
健康101診所,瑞芳區,新北市瑞芳區明燈路三段9號,25.107471,121.808673
合安診所,瑞芳區,新北市瑞芳區大埔路106號,25.100378,121.761801
冠誠中醫診所,瑞芳區,新北市瑞芳區大埔路104號,25.100474,121.761849
偉文診所,瑞芳區,新北市瑞芳區大埔路130號,25.100729,121.761949
瑞誠診所,瑞芳區,新北市瑞芳區中正路42號,25.107411,121.806806
福康診所,瑞芳區,新北市瑞芳區中正路82號,25.107742,121.805542
瑞光眼科診所,瑞芳區,新北市瑞芳區明燈路三段９６號,25.108405,121.805369
康橋診所,瑞芳區,新北市瑞芳區明燈路三段39-7號,25.109451,121.803071
新北市瑞芳區衛生所,瑞芳區,新北市瑞芳區明燈路三段1號,25.107371,121.809044
瑞芳礦工醫院,瑞芳區,新北市瑞芳區一坑路71之2號,25.108602,121.80217
家康陳診所,瑞芳區,新北市瑞芳區明燈路三段36號,25.107877,121.80771
詠安診所,瑞芳區,新北市瑞芳區明燈路3段79號,25.107416,121.808897
瑞聯診所,瑞芳區,新北市瑞芳區明燈路三段１３號,25.107448,121.808547
瑞芳李牙醫診所,瑞芳區,新北市瑞芳區民生街五之一號,25.107812,121.805977
泰順牙醫診所,瑞芳區,新北市瑞芳區中正路７６號,25.107681,121.805689
中美牙醫診所,瑞芳區,新北市瑞芳區明燈路三段３４號,25.10787,121.807758
大宏中醫診所,瑞芳區,新北市瑞芳區明燈路三段71號,25.108192,121.805443
潔新牙醫診所,瑞芳區,新北市瑞芳區中山路25號,25.107464,121.804855
永佳婦產專科診所,土城區,新北市土城區金城路2段248-2號,24.985777,121.464359
曾惠坤診所,土城區,新北市土城區光明街７號,24.974718,121.442094
東方牙醫診所,土城區,新北市土城區延吉街一六八巷一號,24.985208,121.468158
泰康診所,土城區,新北市土城區中央路2段238號,24.961888,121.538376
馬丁健康診所,土城區,新北市土城區中華路一段209號,24.984633,121.442901
盛泓牙醫診所,土城區,新北市土城區學府路1段三三號,24.982162,121.449518
佳楷牙醫診所,土城區,新北市土城區學府路1段113號,24.982162,121.449518
禾心牙醫診所,土城區,新北市土城區延和路101號,24.990181,121.467482
吉康小兒科診所,土城區,新北市土城區學府路1段188號,24.982162,121.449518
秀偉小兒科診所,土城區,新北市土城區金城路2段380號,24.985777,121.464359
陳信成達明診所,土城區,新北市土城區中央路2段79號,24.980906,121.442912
郭海昌診所,土城區,新北市土城區青雲路224號,24.981096,121.458952
曾明禮皮膚科診所,土城區,新北市土城區中央路一段61號,24.990041,121.447968
元佳診所,土城區,新北市土城區中央路2段253、255號,24.980906,121.442912
蔡侑儒皮膚科診所,土城區,新北市土城區裕民路83號,24.987332,121.4501
惟馨婦產科診所,土城區,新北市土城區裕民路73號,24.987585,121.449687
新亞牙醫診所,土城區,新北市土城區中央路4段１３９之２號,24.980879,121.443011
莒光牙醫診所,土城區,新北市土城區延吉街288、290號,24.985208,121.468158
施潔慧牙醫診所,土城區,新北市土城區裕民路263號,24.982503,121.455169
怡安牙醫診所,土城區,新北市土城區廣明街８１號,24.994092,121.454759
嘉德沈牙醫診所,土城區,新北市土城區明德路2段二一一號,24.985812,121.464656
傑聖牙醫診所,土城區,新北市土城區裕民路二三六號,24.986058,121.451892
聯揚牙醫診所,土城區,新北市土城區中央路二段176號,24.976296,121.441712
康群牙醫診所,土城區,新北市土城區延吉街一二四號,24.985208,121.468158
宏維牙醫診所,土城區,新北市土城區學府路1段一五三號,24.982162,121.449518
土城新雅牙醫診所,土城區,新北市土城區中央路一段150、152號,24.986986,121.44596
沅鴻牙醫診所,土城區,新北市土城區承天路13號,24.965893,121.436302
瑞康牙醫診所,土城區,新北市土城區中央路2段41號,24.980906,121.442912
羅文亮小兒科診所,土城區,新北市土城區裕民路144號,24.986015,121.451778
元福診所,土城區,新北市土城區明德路二段62號,24.98312,121.448414
維安小兒科診所,土城區,新北市土城區中央路1段６７－２號,24.980863,121.443113
土城芳鄰牙醫診所,土城區,新北市土城區慶安街３５號,24.973266,121.441404
悠活精神科診所,土城區,新北市土城區學府路一段158號,24.986857,121.454328
圓心診所,土城區,新北市土城區學府路一段65號,24.988275,121.457215
杏林牙醫診所,土城區,新北市土城區中央路1段２９８號,24.980863,121.443113
聖滄中醫診所,土城區,新北市土城區學府路一段216號,24.985302,121.452252
德祥牙醫診所,土城區,新北市土城區延吉街三三七號,24.985208,121.468158
鐵齒牙醫診所,土城區,新北市土城區青雲路37之1號,24.98767,121.459804
康捷牙醫診所,土城區,新北市土城區中央路四段76之5號,24.959765,121.418788
陳鴻翔中醫診所,土城區,新北市土城區裕民路98號,24.986873,121.450442
清水建全中醫診所,土城區,新北市土城區明德路一段59號,24.984585,121.465342
林原億中醫診所,土城區,新北市土城區學府路一段189巷11弄4號,24.984477,121.452617
吉德中醫診所,土城區,新北市土城區土城市延吉街１６８巷３號,24.985558,121.468224
延和中醫診所,土城區,新北市土城區延和路127號,24.990573,121.468779
易元堂中醫診所,土城區,新北市土城區學府路1段107號,24.982162,121.449518
顏式模牙醫診所,土城區,新北市土城區裕民路１８５巷５號,24.98475,121.453795
仁安牙醫診所,土城區,新北市土城區廣興街２９號,24.991534,121.455491
振興牙醫診所,土城區,新北市土城區明德路一段41號,24.985137,121.465314
楊偉澤牙醫診所,土城區,新北市土城區和平路四之一號,24.969015,121.447415
加州牙醫診所,土城區,新北市土城區中央路2段198號,24.980906,121.442912
嘉銳牙醫診所,土城區,新北市土城區學府路1段１６８號,24.982162,121.449518
良一牙醫診所,土城區,新北市土城區裕民路２６１－１號,24.982598,121.455075
建明中醫診所,土城區,新北市土城區金城路3段139巷12號,24.986237,121.46437
奕馨親子診所,土城區,新北市土城區中央路二段61巷32號,24.978469,121.44348
聯欣中醫診所,土城區,新北市土城區中央路二段161號,24.97632,121.442129
誼家牙醫診所,土城區,新北市土城區清水路一八一號,24.981573,121.458414
頂埔中心診所,土城區,新北市土城區中央路4段286號,24.980879,121.443011
莊京憲耳鼻喉科診所,土城區,新北市土城區明德路一段2號,24.985812,121.464656
吳俊穎眼科診所,土城區,新北市土城區清水路336號,24.985619,121.464179
土城建宏中醫診所,土城區,新北市土城區中央路一段260之2號,24.984163,121.444085
漢榮中醫診所,土城區,新北市土城區延壽路13巷1號,24.990426,121.471191
新北市立土城醫院(委託長庚醫療財團法人興建經營),土城區,新北市土城區金城路二段6號,24.976437,121.44873
土城金鶯診所,土城區,新北市土城區中央路二段155號,24.976533,121.442115
成安牙醫診所,土城區,新北市土城區裕民路181號,24.984688,121.453464
成德中醫診所,土城區,新北市土城區明德路二段163號,24.982995,121.44794
新北市土城區衛生所,土城區,新北市土城區和平路26號,24.972858,121.443189
健業診所,土城區,新北市土城區中央路2段223之10號,24.980906,121.442912
杏光骨科診所,土城區,新北市土城區中央路二段107號,24.977704,121.442202
廣福診所,土城區,新北市土城區廣興街３１號,24.991525,121.455409
宏恩牙醫診所,土城區,新北市土城區中央路2段223之8號,24.980906,121.442912
信誠牙醫診所,土城區,新北市土城區明峰街40號,25.071359,121.63378
富康牙醫診所,土城區,新北市土城區裕民路108號,24.986689,121.45074
仁祐骨科診所,土城區,新北市土城區學府路一段116號,24.987643,121.455544
麗品牙醫診所,土城區,新北市土城區中央路二段332號,24.972283,121.440066
立吉診所,土城區,新北市土城區金城路三段41號,24.986985,121.465943
漢邦中醫診所,土城區,新北市土城區中央路一段205號,24.986726,121.445909
裕立診所,土城區,新北市土城區裕生路4號,24.987798,121.448359
博盛耳鼻喉科診所,土城區,新北市土城區立德路66、68號,24.987714,121.463026
博勝診所,土城區,新北市土城區立德路66、68號,24.987714,121.463026
富城牙醫診所,土城區,新北市土城區中央路二段161號,24.97632,121.442129
福滿堂中醫診所,土城區,新北市土城區青仁路37號,24.978607,121.460145
思安牙醫診所,土城區,新北市土城區中央路四段75號,24.958158,121.417218
博聖診所,土城區,新北市土城區立德路66.68號,24.987714,121.463026
太醫殿中醫診所,土城區,新北市土城區學成路48號,24.987658,121.452314
欣揚中醫診所,土城區,新北市土城區延吉街268號,24.984495,121.465902
維誠小兒科診所,土城區,新北市土城區中央路一段67-2號,24.986986,121.44596
謝志偉皮膚專科診所,土城區,新北市土城區金城路三段164號,24.987373,121.467398
永康身心診所,土城區,新北市土城區裕民路82號,24.987183,121.449938
民安復健科診所,土城區,新北市土城區延吉街311號,24.984365,121.466037
誠康耳鼻喉科診所,土城區,新北市土城區金城路三段137號,24.988184,121.468168
城林小兒科診所,土城區,新北市土城區中央路二段312號,24.973108,121.440386
合安中醫診所,土城區,新北市土城區延吉街119號,24.986509,121.471099
裕安診所,土城區,新北市土城區裕民路131號,24.986507,121.451446
延平診所,土城區,新北市土城區延和路205號,24.990113,121.469624
蔡永福小兒科診所,土城區,新北市土城區金城路3段一七六之一號,24.986237,121.46437
城安耳鼻喉科診所,土城區,新北市土城區金城路三段30號,24.986295,121.465409
李外科診所,土城區,新北市土城區中正路一號,24.975588,121.444738
余耳鼻喉科診所,土城區,新北市土城區中央路1段２４５號,24.980863,121.443113
大宇牙醫診所,土城區,新北市土城區延平街４３號,24.992128,121.467922
明治牙醫診所,土城區,新北市土城區中央路1段１６１號,24.980863,121.443113
學林牙醫診所,土城區,新北市土城區學府路1段56號,24.982162,121.449518
廣泉診所,土城區,新北市土城區清水路114號,24.981506,121.458042
祐生耳鼻喉科診所,土城區,新北市土城區中央路2段二二三之九號,24.980906,121.442912
賴家庭醫學科診所,土城區,新北市土城區中央路1段169號,24.980863,121.443113
仁和牙醫診所,土城區,新北市土城區中央路二段223之1號,24.972967,121.440588
天華牙醫診所,土城區,新北市土城區中央路1段二六四號,24.980863,121.443113
土城明師中醫聯合診所,土城區,新北市土城區中正路一號,24.975588,121.444738
和揚中醫診所,土城區,新北市土城區明德路一段101號,24.982796,121.465682
土城診所,土城區,新北市土城區中央路2段177巷22號,24.980906,121.442912
延吉診所,土城區,新北市土城區明德路1段２４號,24.985918,121.464836
李楫航小兒科診所,土城區,新北市土城區中央路二段149巷8之1號,24.97661,121.44252
煌昌診所,土城區,新北市土城區中央路2段119之1號,24.980906,121.442912
歐家庭醫學科診所,土城區,新北市土城區中央路2段180巷15號,24.980906,121.442912
張國樑診所,土城區,新北市土城區學府路1段72號,24.982162,121.449518
瞿眼科診所,土城區,新北市土城區學府路1段73號,24.982162,121.449518
張孝馨診所,土城區,新北市土城區立德路37號,24.988032,121.462362
鍾眼科診所,土城區,新北市土城區裕民路24號,24.988511,121.44769
維康診所,土城區,新北市土城區中央路1段224號,24.980863,121.443113
嘉恩耳鼻喉科診所,土城區,新北市土城區裕民路７６號,24.987274,121.449789
王培玲診所,土城區,新北市土城區中央路一段110號,24.988229,121.446577
安祥婦產科診所,土城區,新北市土城區學府路1段59號,24.982162,121.449518
梁診所,土城區,新北市土城區中央路四段75號,24.958158,121.417218
學府實和聯合診所,土城區,新北市土城區學府路1段121號,24.982162,121.449518
育昇診所,土城區,新北市土城區延和路174號,24.990299,121.468764
新明診所,土城區,新北市土城區延和路187號,24.990392,121.469108
洪正祝小兒科診所,土城區,新北市土城區延和路112號,24.989817,121.467237
祐生眼科診所,土城區,新北市土城區中央路2段223-9號,24.980906,121.442912
健兒診所,土城區,新北市土城區金城路3段50號,24.986237,121.46437
世桓中醫診所,土城區,新北市土城區永豐路135巷17弄6號,24.982986,121.466498
廣川醫院,土城區,新北市土城區裕民路２７４．２７６．２７８號,24.982342,121.455017
耆康中醫診所,土城區,新北市土城區清水路174號,24.981576,121.459984
仁安醫院,土城區,新北市土城區中央路1段六二．六四號,24.980863,121.443113
萬芳牙醫診所,土城區,新北市土城區光明街3號,24.974798,121.442093
土城仁安堂中醫診所,土城區,新北市土城區中央路2段207號,24.980906,121.442912
誠安耳鼻喉科診所,土城區,新北市土城區中央路4段38號,24.980879,121.443011
宏陽耳鼻喉科診所,土城區,新北市土城區學府路1段一O五號,24.982162,121.449518
星采牙醫診所,土城區,新北市土城區中央路二段276-1號,24.976253,121.442004
郭舒民診所,土城區,新北市土城區明德路一段35號,24.985383,121.465283
康合診所,土城區,新北市土城區清水路233號,24.982867,121.461158
人人診所,土城區,新北市土城區中央路二段20之2號,24.980401,121.442762
家峰耳鼻喉科診所,土城區,新北市土城區中正路15號,24.97532,121.443237
土城許牙醫診所,土城區,新北市土城區裕生路８２巷１號,24.985654,121.447253
上吉診所,土城區,新北市土城區延吉街122號,24.985939,121.469675
悅揚牙醫診所,土城區,新北市土城區裕民路96號,24.986902,121.450394
明曜牙醫診所,土城區,新北市土城區延吉街206號,24.985034,121.467559
精心牙醫診所,土城區,新北市土城區裕民路174號,24.98532,121.45261
元復醫院,土城區,新北市土城區中央路2段318．320．322．324號,24.980906,121.442912
土城劉內科診所,土城區,新北市土城區裕民路226號,24.983937,121.453629
弘新中醫診所,土城區,新北市土城區裕民路280號,24.982006,121.455422
羅林小兒科診所,土城區,新北市土城區裕民路83號,24.987332,121.4501
聖和中醫診所,土城區,新北市土城區廣興街28、30號,24.991557,121.455072
澄美牙醫診所,土城區,新北市土城區學士路421號,24.976695,121.445838
亞欣牙醫診所,土城區,新北市土城區青雲路226號,24.981036,121.458962
廣全診所,土城區,新北市土城區學成路2號,24.986478,121.453492
宏大牙醫診所,土城區,新北市土城區裕民路四十二號,24.986058,121.451892
三安診所,土城區,新北市土城區裕民路37號,24.988361,121.44837
亞泰診所,土城區,新北市土城區中央路2段278巷16號,24.980906,121.442912
祐生中醫診所,土城區,新北市土城區裕民路二０二號,24.986058,121.451892
永光牙醫診所,土城區,新北市土城區中央路1段283號,24.980863,121.443113
錫安牙醫診所,土城區,新北市土城區學府路1段五三號,24.982162,121.449518
渼林中醫診所,土城區,新北市土城區清水路179號,24.981614,121.459489
玉生堂中醫診所,土城區,新北市土城區學府路一段155巷5號,24.985712,121.453597
維恩骨科診所,土城區,新北市土城區金城路三段43號,24.98705,121.465968
土城光晶妍寶島診所,土城區,新北市土城區明德路二段189號,24.983254,121.447308
延和祥恩診所,土城區,新北市土城區延和路92號,24.98951,121.466594
日光牙醫診所,土城區,新北市土城區中央路二段90號,24.978726,121.442272
名仁診所,土城區,新北市土城區立雲街3號,24.983651,121.459843
三合堂中醫診所,土城區,新北市土城區青雲路275號,24.980294,121.459161
慶儒中醫診所,土城區,新北市土城區中央路一段350號,24.981033,121.442959
星漾牙醫診所,土城區,新北市土城區中央路二段60號,24.979318,121.442436
金城牙醫診所,土城區,新北市土城區金城路三段191號,24.989227,121.46979
青禾診所,土城區,新北市土城區延吉街141號,24.986199,121.470529
精誠牙醫診所,土城區,新北市土城區學府路一段179號,24.985138,121.452365
康城診所,土城區,新北市土城區中正路152號,24.975597,121.446165
精湛牙醫診所,土城區,新北市土城區學府路一段179號,24.985138,121.452365
弘祐中醫診所,土城區,新北市土城區中央路4段113號,24.980879,121.443011
嘉恩牙醫診所,土城區,新北市土城區延吉街143號,24.986177,121.470471
學府周耳鼻喉科診所,土城區,新北市土城區學府路一段117號,24.987348,121.455436
涵恩婦產科診所,土城區,新北市土城區中央路二段163號,24.976272,121.442131
大昌診所,土城區,新北市土城區青雲路184號,24.982256,121.459082
興城骨科診所,土城區,新北市土城區光明街58號,24.973191,121.44223
佑祥美學牙醫診所,土城區,新北市土城區中央路四段64號,24.960047,121.419481
土城中央診所,土城區,新北市土城區中央路二段219號,24.973765,121.440928
合康身心診所,土城區,新北市土城區金城路三段17號,24.986442,121.464907
冠菲牙醫診所,土城區,新北市土城區中央路一段252號,24.984535,121.444311
裕民至祥診所,土城區,新北市土城區裕民路27號,24.988534,121.448071
瑞明診所,土城區,新北市土城區廣明街63巷2弄1號,24.99358,121.454602
上承診所,土城區,新北市土城區裕民路142號,24.98605,121.45173
立全診所,土城區,新北市土城區中央路二段150號,24.977006,121.441862
星曜牙醫診所,土城區,新北市土城區延吉街206號,24.985034,121.467559
仁有堂中醫診所,土城區,新北市土城區學府路一段67號,24.988265,121.457169
穗城復健科診所,土城區,新北市土城區金城路三段176號,24.987598,121.467816
傾心婦產科診所,土城區,新北市土城區金城路二段259號,24.985948,121.46367
得麗爾時尚診所,土城區,新北市土城區裕民路75號,24.987545,121.449753
建馨復健科診所,土城區,新北市土城區中央路二段196號,24.975936,121.441902
維濃中醫診所,土城區,新北市土城區裕民路228號,24.983878,121.45367
仁康診所,土城區,新北市土城區青仁路29號,24.979,121.460605
東松牙醫診所,土城區,新北市土城區裕民路235、237、239號,24.986058,121.451892
恩樺醫院,土城區,新北市土城區中央路一段7-18號,24.986986,121.44596
廣益診所,土城區,新北市土城區廣明街56號,24.993435,121.455238
陳彥廷診所,蘆洲區,新北市蘆洲區中山一路212號,25.080644,121.473194
宏昇牙醫診所,蘆洲區,新北市蘆洲區復興路１１５號,25.0882,121.477296
福田診所,蘆洲區,新北市蘆洲區中正路140號,25.085244,121.469096
天佑復健診所,蘆洲區,新北市蘆洲區長樂路82號,25.087238,121.462617
健群診所,蘆洲區,新北市蘆洲區中華街71號,25.08063,121.462257
長安牙醫診所,蘆洲區,新北市蘆洲區長安街１１２號,25.081514,121.457436
張眼科診所,蘆洲區,新北市蘆洲區中華街63號,25.080815,121.462419
沐心牙醫診所,蘆洲區,新北市蘆洲區三民路13、15號,25.088877,121.469065
建德牙醫診所,蘆洲區,新北市蘆洲區中華街１３號,25.081644,121.463762
人安診所,蘆洲區,新北市蘆洲區民權路133號,25.090222,121.471808
蘆洲大愛眼科診所,蘆洲區,新北市蘆洲區長榮路96、98號,25.087215,121.459734
佑明眼科診所,蘆洲區,新北市蘆洲區長安街283號,25.08436,121.458277
陳介臣婦產科診所,蘆洲區,新北市蘆洲區中山二路１３９號,25.081487,121.471814
永濟中醫診所,蘆洲區,新北市蘆洲區中山二路46巷34號,25.082469,121.475376
長榮耳鼻喉科診所,蘆洲區,新北市蘆洲區長榮路１５號,25.082097,121.463586
愛樂親子診所,蘆洲區,新北市蘆洲區長樂路168號,25.090945,121.4626
黃天一耳鼻喉科診所,蘆洲區,新北市蘆洲區中山一路180號,25.081144,121.474029
蘆洲現代耳鼻喉科診所,蘆洲區,新北市蘆洲區集賢路306號,25.085114,121.481369
華安診所,蘆洲區,新北市蘆洲區長安街205號,25.082128,121.46001
傑美牙醫診所,蘆洲區,新北市蘆洲區民權路八四號,25.088096,121.473936
容光皮膚專科診所,蘆洲區,新北市蘆洲區中原路10號,25.083587,121.461306
永全牙醫診所,蘆洲區,新北市蘆洲區民族路269號,25.090692,121.476026
兒樂吉診所,蘆洲區,新北市蘆洲區民族路267號,25.090649,121.476099
遇見兒童牙醫診所,蘆洲區,新北市蘆洲區長榮路692號,25.091184,121.46015
超群耳鼻喉科診所,蘆洲區,新北市蘆洲區長安街78號,25.08035,121.462344
盛德牙醫診所,蘆洲區,新北市蘆洲區中正路155號,25.084936,121.469114
春陽中醫診所,蘆洲區,新北市蘆洲區民族路43號,25.085347,121.478254
樂澄牙醫診所,蘆洲區,新北市蘆洲區永樂街33號,25.0882,121.458009
欣彥身心診所,蘆洲區,新北市蘆洲區復興路200號,25.088949,121.478403
啟安婦產科家庭醫學科診所,蘆洲區,新北市蘆洲區中山二路１１１號,25.080812,121.470904
豐華牙醫診所,蘆洲區,新北市蘆洲區民權路114號,25.088096,121.473936
博士牙醫診所,蘆洲區,新北市蘆洲區長榮路173號,25.084248,121.461409
宥宥婦幼診所,蘆洲區,新北市蘆洲區長榮路58號,25.083413,121.462675
康福牙醫診所,蘆洲區,新北市蘆洲區長安街二一八號,25.083721,121.45877
興霖中醫診所,蘆洲區,新北市蘆洲區永樂街90號,25.088758,121.456686
曙光診所,蘆洲區,新北市蘆洲區三民路362-3號,25.088877,121.469065
佑安耳鼻喉科診所,蘆洲區,新北市蘆洲區民族路69號,25.085892,121.479062
六福診所,蘆洲區,新北市蘆洲區中正路45號,25.082488,121.470939
黃皮醫師診所,蘆洲區,新北市蘆洲區光華路42號,25.083188,121.4689
長興骨科診所,蘆洲區,新北市蘆洲區民族路87號,25.086215,121.47943
李明哲診所,蘆洲區,新北市蘆洲區信義路246號,25.086372,121.4785
蘆洲諾貝爾眼科診所,蘆洲區,新北市蘆洲區三民路86號,25.084596,121.474994
蘆洲上禾耳鼻喉科診所,蘆洲區,新北市蘆洲區新北市蘆洲區長榮路47-1號,25.087215,121.459734
蘆洲上禾內科診所,蘆洲區,新北市蘆洲區長榮路47-1號,25.087215,121.459734
杏暉復健科診所,蘆洲區,新北市蘆洲區中華街57號,25.080933,121.46255
蘆洲安妞美學診所,蘆洲區,新北市蘆洲區正義里16鄰長榮路309號,25.086522,121.459894
御森牙醫診所,蘆洲區,新北市蘆洲區永平街32-1號,25.091036,121.458463
泓安內科診所,蘆洲區,新北市蘆洲區永樂街2號,25.088524,121.458758
良和中醫診所,蘆洲區,新北市蘆洲區中山二路172號,25.080841,121.470724
鎰安牙醫診所,蘆洲區,新北市蘆洲區光明路10號,25.086585,121.460857
同仁堂中醫診所,蘆洲區,新北市蘆洲區信義路297號,25.085969,121.478513
鄭書�牙醫診所,蘆洲區,新北市蘆洲區集賢路二二四巷五十四號,25.049183,121.485365
鴻昇診所,蘆洲區,新北市蘆洲區中原路51號,25.082238,121.459224
建安診所,蘆洲區,新北市蘆洲區長安街265號,25.083768,121.458646
建群診所,蘆洲區,新北市蘆洲區中華街71號,25.08063,121.462257
弘一診所,蘆洲區,新北市蘆洲區重陽街82、86號,25.083461,121.481447
盈綵牙醫診所,蘆洲區,新北市蘆洲區光華路180號,25.082104,121.464954
家源牙醫診所,蘆洲區,新北市蘆洲區三民路380號,25.091804,121.464769
遇見牙醫診所,蘆洲區,新北市蘆洲區長榮路690號,25.09105,121.460084
立博診所,蘆洲區,新北市蘆洲區光華路20號,25.083482,121.469578
鷺江中醫診所,蘆洲區,新北市蘆洲區三民路26巷31弄3號,25.082837,121.477606
萬鎰堂中醫診所,蘆洲區,新北市蘆洲區正和街83號,25.080694,121.468219
愛惜牙醫診所,蘆洲區,新北市蘆洲區民權路87號,25.088738,121.473086
宜興診所,蘆洲區,新北市蘆洲區永樂街38巷42弄6號,25.088349,121.457725
蘆美學牙醫診所,蘆洲區,新北市蘆洲區長安街91號,25.080344,121.462049
健安診所,蘆洲區,新北市蘆洲區長安街265號,25.083768,121.458646
明暘診所,蘆洲區,新北市蘆洲區長安街26號,25.079273,121.46402
百和中醫診所,蘆洲區,新北市蘆洲區長榮路321號,25.086724,121.459805
禾峰診所,蘆洲區,新北市蘆洲區中正路8號,25.081953,121.471612
長安骨科診所,蘆洲區,新北市蘆洲區長安街277號,25.084105,121.458253
慶明眼科診所,蘆洲區,新北市蘆洲區中山二路32號,25.08208,121.474648
柏鎂牙醫診所,蘆洲區,新北市蘆洲區集賢路318號,25.084951,121.481296
心安牙醫診所,蘆洲區,新北市蘆洲區中山二路120號,25.081738,121.472043
開心生活診所,蘆洲區,新北市蘆洲區三民路376之3號,25.092119,121.464488
皮醫師蘆洲診所,蘆洲區,新北市蘆洲區光華路42號,25.083188,121.4689
六善堂中醫診所,蘆洲區,新北市蘆洲區中華街7號,25.081668,121.463911
成美牙醫診所,蘆洲區,新北市蘆洲區重陽街62號,25.083863,121.481875
集安診所,蘆洲區,新北市蘆洲區集賢路238號,25.08657,121.481292
康廷耳鼻喉科診所,蘆洲區,新北市蘆洲區中正路124號,25.084894,121.469392
安馨婦產科診所,蘆洲區,新北市蘆洲區民族路203號,25.089174,121.477985
沅昇復健科診所,蘆洲區,新北市蘆洲區復興路87巷6號,25.087788,121.476635
愛麗生婦產科診所,蘆洲區,新北市蘆洲區長榮路323號,25.086808,121.459768
俊亨婦產科診所,蘆洲區,新北市蘆洲區中山二路135號,25.081534,121.471955
麗璽牙醫診所,蘆洲區,新北市蘆洲區中正路351號,25.089578,121.465311
禾新牙醫診所,蘆洲區,新北市蘆洲區復興路63號,25.087254,121.475887
東大眼科診所,蘆洲區,新北市蘆洲區三民路19號,25.08243,121.47559
菁采皮膚專科診所,蘆洲區,新北市蘆洲區信義路246-1號,25.081936,121.479848
巨鼎骨科診所,蘆洲區,新北市蘆洲區集賢路222之6號,25.086944,121.48275
祥永中醫診所,蘆洲區,新北市蘆洲區長榮路146號,25.084717,121.461394
御鼎牙醫診所,蘆洲區,新北市蘆洲區光復路47號,25.084996,121.463264
欣向美診所,蘆洲區,新北市蘆洲區信義路365號,25.087669,121.477361
合安堂中醫診所,蘆洲區,新北市蘆洲區長榮路179號,25.084496,121.461112
德興診所,蘆洲區,新北市蘆洲區復興路67號,25.087308,121.476005
佳聖診所,蘆洲區,新北市蘆洲區中山一路129號,25.081506,121.475828
健侒診所,蘆洲區,新北市蘆洲區長安街265號,25.083768,121.458646
欣宥婦產科診所,蘆洲區,新北市蘆洲區長榮路58號,25.083413,121.462675
健群耳鼻喉科診所,蘆洲區,新北市蘆洲區中華街71號,25.08063,121.462257
張志遠中醫診所,蘆洲區,新北市蘆洲區光華路63號,25.082692,121.468297
湯瑪士親子兒科診所,蘆洲區,新北市蘆洲區民族路377號,25.090481,121.469922
許修平診所,蘆洲區,新北市蘆洲區長安街290號,25.087998,121.457565
芊瓏中醫診所,蘆洲區,新北市蘆洲區復興路74號,25.086527,121.474998
冠植牙醫診所,蘆洲區,新北市蘆洲區集賢路342號,25.084276,121.481002
學進牙醫診所,蘆洲區,新北市蘆洲區信義路262號,25.086819,121.478251
聖哲耳鼻喉科診所,蘆洲區,新北市蘆洲區復興路148號,25.0877,121.477122
家園牙醫診所,蘆洲區,新北市蘆洲區光榮路97巷69號,25.090358,121.462892
全嘉耳鼻喉科診所,蘆洲區,新北市蘆洲區長安街156號,25.082809,121.459604
華康牙醫診所,蘆洲區,新北市蘆洲區信義路228號,25.085451,121.478939
仁川診所,蘆洲區,新北市蘆洲區長榮路410號,25.087898,121.459688
美加牙醫診所,蘆洲區,新北市蘆洲區中山一路42號,25.080939,121.479496
璀璨美學牙醫診所,蘆洲區,新北市蘆洲區中正路24號,25.082256,121.471366
杏東診所,蘆洲區,新北市蘆洲區中正路9號,25.081801,121.471485
杏美牙醫診所,蘆洲區,新北市蘆洲區復興路112號,25.08947,121.479418
鴻昇中醫診所,蘆洲區,新北市蘆洲區復興路106號,25.08947,121.479418
宥宥小兒科診所,蘆洲區,新北市蘆洲區長榮路175號,25.084391,121.461233
安美皮膚科診所,蘆洲區,新北市蘆洲區中正路125號,25.084424,121.469461
共和診所,蘆洲區,新北市蘆洲區中正路４號,25.081822,121.471706
洪文能診所,蘆洲區,新北市蘆洲區民族路４６號,25.084396,121.476867
昱明診所,蘆洲區,新北市蘆洲區長榮路67號,25.083509,121.462107
上安診所,蘆洲區,新北市蘆洲區長榮路381號,25.089474,121.459246
協和診所,蘆洲區,新北市蘆洲區永平街12號,25.090648,121.45937
蘆洲立民診所,蘆洲區,新北市蘆洲區民族路88號,25.084921,121.477884
華心牙醫診所,蘆洲區,新北市蘆洲區光華路六十九號,25.082532,121.467095
集賢內科診所,蘆洲區,新北市蘆洲區集賢路三五六號,25.089347,121.487549
本一診所,蘆洲區,新北市蘆洲區長榮路43-1號,25.087215,121.459734
大祐中醫診所,蘆洲區,新北市蘆洲區中正路47號,25.082515,121.47092
偉齡牙醫診所,蘆洲區,新北市蘆洲區復興路72號,25.086489,121.474925
李鴻圖診所,蘆洲區,新北市蘆洲區成功路７０號,25.080983,121.473228
莊炳煌診所,蘆洲區,新北市蘆洲區中正路１７５號,25.085292,121.468821
王國欽耳鼻喉科診所,蘆洲區,新北市蘆洲區集賢路420號,25.08128,121.47971
新北市蘆洲區衛生所,蘆洲區,新北市蘆洲區中央路58號,25.083953,121.473277
樂活診所,蘆洲區,新北市蘆洲區中正路151號,25.084807,121.469219
啟新中醫診所,蘆洲區,新北市蘆洲區中正路197號,25.085793,121.46847
蔡嘉哲骨科診所,蘆洲區,新北市蘆洲區長安街124號,25.081854,121.460573
林錦榮小兒科診所,蘆洲區,新北市蘆洲區中華街６６號,25.07999,121.461441
蘆洲李耳鼻喉科診所,蘆洲區,新北市蘆洲區中華街63號,25.080815,121.462419
潘眼科診所,蘆洲區,新北市蘆洲區中正路11號,25.081837,121.471456
宏國診所,蘆洲區,新北市蘆洲區信義路２７２號,25.087034,121.478075
劉安邦耳鼻喉科診所,蘆洲區,新北市蘆洲區中正路十三號,25.089025,121.465985
仁美診所,蘆洲區,新北市蘆洲區中正路３７１號,25.090579,121.464645
民族診所,蘆洲區,新北市蘆洲區民族路53號,25.085532,121.478593
群安診所,蘆洲區,新北市蘆洲區長安街118號,25.081724,121.460722
趙國雄診所,蘆洲區,新北市蘆洲區民族路369號,25.091415,121.47147
蘆洲實和復健診所,蘆洲區,新北市蘆洲區長榮路156號,25.084984,121.461076
乾祐診所,蘆洲區,新北市蘆洲區中正路119號,25.084288,121.469601
永全診所,蘆洲區,新北市蘆洲區中山一路241號,25.080529,121.473319
田眼科診所,蘆洲區,新北市蘆洲區復興路六十六號,25.08947,121.479418
寶明診所,蘆洲區,新北市蘆洲區長安街255號,25.083474,121.458826
晉泰牙醫診所,蘆洲區,新北市蘆洲區中華街３０號,25.082392,121.462713
嘉齡牙醫診所,蘆洲區,新北市蘆洲區中正路２１號,25.082017,121.471326
水湳牙醫診所,蘆洲區,新北市蘆洲區民族路四六八號,25.091486,121.474502
盧洲陳牙醫診所,蘆洲區,新北市蘆洲區中正路７２號,25.083376,121.470444
普惠牙醫診所,蘆洲區,新北市蘆洲區中正路１１６號,25.089025,121.465985
永富牙醫診所,蘆洲區,新北市蘆洲區民族路四二六巷八號,25.091486,121.474502
雙宏牙醫診所,蘆洲區,新北市蘆洲區長安街７６號,25.08029,121.462435
信義牙醫診所,蘆洲區,新北市蘆洲區信義路249號,25.084405,121.479013
昌輝牙醫診所,蘆洲區,新北市蘆洲區永平街二十七號,25.091036,121.458463
全家聯合牙醫診所,蘆洲區,新北市蘆洲區得勝街161號,25.082908,121.471338
元大牙醫診所,蘆洲區,新北市蘆洲區光華路68號,25.082867,121.468186
拾健牙醫診所,蘆洲區,新北市蘆洲區光復路9號,25.084378,121.462253
東揚牙醫診所,蘆洲區,新北市蘆洲區集賢路352號,25.083948,121.480858
臻品牙醫診所,蘆洲區,新北市蘆洲區長榮路65號,25.083466,121.462176
曉兒耳鼻喉科診所,蘆洲區,新北市蘆洲區中山二路一五一號,25.080812,121.470904
蘇眼科診所,蘆洲區,新北市蘆洲區中正路一六三號,25.089025,121.465985
林昭良耳鼻喉科診所,蘆洲區,新北市蘆洲區復興路七十號,25.08947,121.479418
蘆洲成功耳鼻喉科診所,蘆洲區,新北市蘆洲區長安街二五三號,25.083721,121.45877
聯邦診所,蘆洲區,新北市蘆洲區長安街五二號,25.083721,121.45877
鴻文耳鼻喉科診所,蘆洲區,新北市蘆洲區集賢路224巷14號,25.087124,121.482022
詠贊聯合診所,蘆洲區,新北市蘆洲區中正路八十五號,25.089025,121.465985
欣葉牙醫診所,蘆洲區,新北市蘆洲區長安街33號,25.079338,121.463621
蘆洲現代內科診所,蘆洲區,新北市蘆洲區集賢路306號,25.085114,121.481369
新立中醫診所,蘆洲區,新北市蘆洲區中山二路四十六巷十三號,25.080812,121.470904
大春中醫診所,蘆洲區,新北市蘆洲區中正路1號,25.083137,121.470199
同慶堂中醫診所,蘆洲區,新北市蘆洲區長安街295號,25.084706,121.458074
得康中醫診所,蘆洲區,新北市蘆洲區中原路41號,25.082397,121.459584
信義中醫診所,蘆洲區,新北市蘆洲區信義路261號,25.084764,121.478689
培元中醫診所,蘆洲區,新北市蘆洲區中山二路６９號,25.081919,121.473445
一品堂中醫診所,蘆洲區,新北市蘆洲區中正路１１８號,25.084801,121.469464
英文牙醫診所,蘆洲區,新北市蘆洲區民族路343-1號,25.091486,121.474502
京典牙醫診所,蘆洲區,新北市蘆洲區中山一路245.245之1.247.247之1號,25.080529,121.473319
華泰中醫診所,蘆洲區,新北市蘆洲區三民路141號,25.086521,121.471788
愛林鑫北診所,蘆洲區,新北市蘆洲區長榮路75號,25.08364,121.462009
丁良文內科診所,蘆洲區,新北市蘆洲區長安街30號,25.079358,121.46389
顏鴻仁家庭醫學科診所,蘆洲區,新北市蘆洲區民族路１２７號,25.087241,121.4797
勝原堂中醫診所,蘆洲區,新北市蘆洲區信義路246號,25.086372,121.4785
真善美婦產科診所,蘆洲區,新北市蘆洲區中山一路41號,25.080868,121.47882
長榮中醫診所,蘆洲區,新北市蘆洲區長榮路55號,25.083277,121.462557
健勇皮診所,蘆洲區,新北市蘆洲區中正路55號,25.082651,121.470785
宏康診所,蘆洲區,新北市蘆洲區長安街２０７巷３號,25.081923,121.459681
仁愛牙科診所,蘆洲區,新北市蘆洲區中山二路１２３號,25.081574,121.472152
上晴牙醫診所,蘆洲區,新北市蘆洲區民族路5號,25.084267,121.477504
本一牙醫診所,蘆洲區,新北市蘆洲區長榮路43-1號,25.087215,121.459734
蘆洲集賢耳鼻喉科診所,蘆洲區,新北市蘆洲區集賢路306號,25.085114,121.481369
登士美數位牙醫診所,蘆洲區,新北市蘆洲區三民路3號,25.081955,121.475767
中山骨科診所,蘆洲區,新北市蘆洲區中山二路51號,25.082027,121.47381
華邦診所,蘆洲區,新北市蘆洲區中正路119-1號,25.089025,121.465985
大安診所,蘆洲區,新北市蘆洲區長安街二八三號,25.083721,121.45877
柏韋牙醫診所,蘆洲區,新北市蘆洲區中華街41-1號,25.081117,121.462678
京華牙醫診所,蘆洲區,新北市蘆洲區長榮路375號,25.089308,121.459258
宜德中醫診所,蘆洲區,新北市蘆洲區中正路327號,25.088795,121.465996
品鑽牙醫診所,蘆洲區,新北市蘆洲區長安街247號,25.081514,121.457436
明勝牙醫診所,蘆洲區,新北市蘆洲區民族路58號,25.084553,121.477162
壬康精神科診所,蘆洲區,新北市蘆洲區中正路114號,25.089025,121.465985
仁滙診所,五股區,新北市五股區成泰路三段270號,25.093924,121.447105
上禾牙醫診所,五股區,新北市五股區成泰路三段533號,25.101214,121.45161
德音牙醫診所,五股區,新北市五股區成泰路一段１４９號,25.07351,121.435278
明志牙醫診所,五股區,新北市五股區凌雲路一段５７號,25.1009,121.451341
大順中醫診所,五股區,新北市五股區成泰路二段196號,25.084908,121.438866
翔展診所,五股區,新北市五股區成泰路二段162號,25.084146,121.438416
林筱琪診所,五股區,新北市五股區新城六路180號,25.091875,121.446897
五股水碓診所,五股區,新北市五股區自強路36號,25.074088,121.43384
好治牙醫診所,五股區,新北市五股區成泰路二段180號,25.08448,121.438615
倍康復健科診所,五股區,新北市五股區成泰路二段140號,25.083794,121.438215
成泰中醫診所,五股區,新北市五股區成泰路三段515號,25.100617,121.451392
吉浤診所,五股區,新北市五股區成泰路三段520、522、526號,25.095073,121.448018
晴美牙醫診所,五股區,新北市五股區成泰路1段237-15號,25.08795,121.441247
唯一牙醫診所,五股區,新北市五股區成泰路三段328號,25.097454,121.450198
皇尚牙醫診所,五股區,新北市五股區成泰路二段107號,25.084481,121.438396
健泰診所,五股區,新北市五股區成泰路二段116號,25.083358,121.437953
黃志勳診所,五股區,新北市五股區成泰路二段六十九號,25.084152,121.438306
瑞林牙醫診所,五股區,新北市五股區成泰路3段286號,25.106384,121.452728
祐聖小兒科診所,五股區,新北市五股區五福路34號,25.08919,121.434045
嘉安小兒科診所,五股區,新北市五股區凌雲路一段72號,25.10125,121.451048
新北市五股區衛生所,五股區,新北市五股區新城三路11號,25.094237,121.447639
成洲診所,五股區,新北市五股區凌雲路一段七十三號,25.101465,121.450599
鴻佑診所,五股區,新北市五股區成泰路二段６１號,25.083605,121.43789
鐘耳鼻喉科診所,五股區,新北市五股區成泰路二段57號,25.083507,121.437834
信恆診所,五股區,新北市五股區中興路一段七十四號,25.073086,121.466562
德音診所,五股區,新北市五股區自強路146號,25.070648,121.43208
京橋牙醫診所,五股區,新北市五股區成泰路二段五九號,25.084152,121.438306
義美牙醫診所,五股區,新北市五股區成泰路二段一九四號,25.084152,121.438306
鄭牙醫診所,五股區,新北市五股區西雲路２３７號,25.097524,121.448942
周中醫診所,五股區,新北市五股區成泰路二段１８２號,25.084518,121.438629
五福診所,五股區,新北市五股區五福路39號,25.089492,121.433454
恩新牙醫診所,五股區,新北市五股區五福路四十三號,25.09002,121.432904
普生眼科診所,泰山區,新北市泰山區明志路1段188號,25.043431,121.424919
泰然牙醫診所,泰山區,新北市泰山區仁德路97巷6號,25.056093,121.432998
天仁堂中醫診所,泰山區,新北市泰山區明志路二段３１７號,25.046155,121.426502
城康牙醫診所,泰山區,新北市泰山區明志路1段201號,25.043431,121.424919
永安診所,泰山區,新北市泰山區仁愛路112之2號,25.055568,121.433619
宏明診所,泰山區,新北市泰山區明志路一段一０八號,25.060037,121.432009
泰安診所,泰山區,新北市泰山區泰林路二段182號,25.060825,121.433761
城康美學牙醫診所,泰山區,新北市泰山區仁愛路59、61號,25.055136,121.432464
黎明中醫聯合診所,泰山區,新北市泰山區明志路一段３１５號,25.059053,121.431532
馨德中醫診所,泰山區,新北市泰山區福興二街31號,25.057482,121.43278
新五泰牙醫診所,泰山區,新北市泰山區仁德路88號,25.05653,121.433149
泰山新庚診所,泰山區,新北市泰山區仁德路71號,25.0566,121.434071
耀德中醫診所,泰山區,新北市泰山區福興三街28號,25.057725,121.433958
頂好骨科診所,泰山區,新北市泰山區明志路3段31、33號,25.04339,121.424912
泰一中醫診所,泰山區,新北市泰山區明志路2段78號,25.066103,121.433546
雅致美學診所,泰山區,新北市泰山區泰林路2段134號,25.053391,121.438387
禾杏牙醫診所,泰山區,新北市泰山區明志路2段121號,25.066103,121.433546
時珍中醫診所,泰山區,新北市泰山區明志路3段147號,25.04339,121.424912
倍嘉骨科診所,泰山區,新北市泰山區泰林路2段204號,25.053391,121.438387
佳欣診所,泰山區,新北市泰山區明志路2段77號,25.066103,121.433546
舒禾牙醫診所,泰山區,新北市泰山區明志路3段191號,25.04339,121.424912
亞昕牙醫診所,泰山區,新北市泰山區明志路3段83號,25.04339,121.424912
明泰診所,泰山區,新北市泰山區明志路一段190號,25.062194,121.432932
弘森診所,泰山區,新北市泰山區明志路一段257號,25.060299,121.432211
泰美牙醫診所,泰山區,新北市泰山區仁愛路58號,25.054696,121.431921
京硯牙醫診所,泰山區,新北市泰山區明志路1段385號,25.043431,121.424919
賴和鴻診所,泰山區,新北市泰山區明志路二段４2號,25.053101,121.42944
黃耀立診所,泰山區,新北市泰山區明志路一段三九一號,25.060037,121.432009
葆安診所,泰山區,新北市泰山區明志路一段十五號,25.060037,121.432009
唐氏牙醫診所,泰山區,新北市泰山區明志路一段129號,25.063201,121.433477
懷聖中醫診所,泰山區,新北市泰山區福興一街75號,25.057871,121.432494
明泰牙醫診所,泰山區,新北市泰山區明志路三段１７７號,25.039126,121.42449
李天堯牙醫診所,泰山區,新北市泰山區明志路二段七十五號,25.048703,121.427344
新北市泰山區衛生所,泰山區,新北市泰山區全興路212號,25.056131,121.433653
雅致皮膚科診所,泰山區,新北市泰山區泰林路二段110號,25.059185,121.434726
葉啟東婦產科診所,泰山區,新北市泰山區明志路一段１３１號,25.063161,121.433475
溫法烈耳鼻喉科診所,泰山區,新北市泰山區泰林路二段１７５號,25.060758,121.433546
林慶國耳鼻喉科診所,泰山區,新北市泰山區明志路一段475號,25.055668,121.430826
陳獻宗診所,泰山區,新北市泰山區明志路二段12號,25.053627,121.429903
康泰診所,泰山區,新北市泰山區泰林路2段290號,25.053391,121.438387
泰和診所,泰山區,新北市泰山區明志路二段62號,25.052694,121.429027
懷恩婦產科診所,泰山區,新北市泰山區泰林路二段172號,25.060622,121.433894
安仁牙醫診所,泰山區,新北市泰山區泰林路二段２９４號,25.062736,121.431052
泰山牙醫診所,泰山區,新北市泰山區明志路一段二九二號,25.060037,121.432009
信美牙醫診所,泰山區,新北市泰山區泰林路二段一一二號,25.060022,121.4341
喜美牙醫診所,泰山區,新北市泰山區明志路一段七號,25.060037,121.432009
大新泰牙醫診所,泰山區,新北市泰山區泰林路二段１９３號,25.061179,121.433298
妙健堂中醫診所,泰山區,新北市泰山區工專路三號,25.040636,121.422337
星光中醫診所,泰山區,新北市泰山區明志路1段81號,25.043431,121.424919
楓江診所,泰山區,新北市泰山區楓江路8號,25.062438,121.433508
蔡興龍小兒科診所,泰山區,新北市泰山區明志路2段422號,25.066103,121.433546
泰上牙醫診所,泰山區,新北市泰山區明志路一段202號,25.061972,121.432816
懷安小兒科診所,泰山區,新北市泰山區明志路二段３４４號,25.045409,121.425845
王嘉興診所,泰山區,新北市泰山區明志路一段271號,25.060077,121.432129
新象牙醫診所,泰山區,新北市泰山區明志路二段三四四號,25.048703,121.427344
輔仁大學學校財團法人輔仁大學附設醫院,泰山區,新北市泰山區貴子路69號,25.039676,121.430799
余小兒科診所,泰山區,新北市泰山區泰林路二段一六二號,25.060022,121.4341
泰明中醫診所,泰山區,新北市泰山區明志路2段379號,25.066103,121.433546
永旭診所,泰山區,新北市泰山區仁愛路88號,25.055254,121.432992
仁邦診所,林口區,新北市林口區中山路534號,25.083695,121.378499
宗男診所,林口區,新北市林口區麗園一街6巷9號,25.070674,121.378397
心悅牙醫診所,林口區,新北市林口區仁愛路二段520號,25.077923,121.373615
汎德牙醫診所,林口區,新北市林口區仁愛路二段24號,25.076163,121.38544
佳恩中醫診所,林口區,新北市林口區竹林路58號,25.078076,121.387595
妙吉祥中醫診所,林口區,新北市林口區仁愛路二段269號,25.077446,121.373384
勝康骨科診所,林口區,新北市林口區中山路143號,25.078979,121.387376
德林診所,林口區,新北市林口區竹林路170號,25.079753,121.388807
信隆堂中醫診所,林口區,新北市林口區文化二路二段86號,25.081081,121.378799
明揚診所,林口區,新北市林口區中山路１９２號,25.079119,121.38901
超群牙醫診所,林口區,新北市林口區中山路１８８號,25.079095,121.389272
鼎豐中醫診所,林口區,新北市林口區文化三路一段637號,25.077958,121.372276
宏愛診所,林口區,新北市林口區林口路47號,25.079216,121.390118
豐家診所,林口區,新北市林口區文化二路1段158號,25.079055,121.376434
侯志龍小兒科診所,林口區,新北市林口區公園路25號,25.06786,121.366814
文合骨科診所,林口區,新北市林口區文化二路一段266號,25.073641,121.372609
黃紹基診所,林口區,新北市林口區民有街156號,25.075986,121.37255
麗林耳鼻喉科診所,林口區,新北市林口區忠孝路379號,25.071601,121.369462
元康中醫診所,林口區,新北市林口區文化二路一段168號,25.071586,121.368755
天翔牙醫診所,林口區,新北市林口區麗園一街9巷2號,25.071677,121.376044
吉隆牙醫診所,林口區,新北市林口區中正路２９５號,25.07762,121.389406
林口周牙醫診所,林口區,新北市林口區中山路１２９號,25.078813,121.388723
坤冉牙醫診所,林口區,新北市林口區中正路１４３號,25.077199,121.3931
麗園牙醫診所,林口區,新北市林口區麗園一街六巷二號,25.071775,121.376323
林安牙醫診所,林口區,新北市林口區竹林路161號,25.080051,121.388697
嘉德中醫診所,林口區,新北市林口區三民路15號,25.066535,121.358186
沃德忠孝牙醫診所,林口區,新北市林口區忠孝路377號,25.071648,121.369411
恆安中醫診所,林口區,新北市林口區竹林路４０７號,25.083784,121.387035
庚長優質診所,林口區,新北市林口區文化三路一段235號,25.071284,121.363052
國寶堂中醫診所,林口區,新北市林口區文化二路二段159號,25.083836,121.38017
欣泉身心診所,林口區,新北市林口區文化二路一段156號,25.071341,121.368465
健雄診所,林口區,新北市林口區中山路194號,25.079118,121.388942
四季牙醫診所,林口區,新北市林口區仁愛路二段8號,25.07638,121.385806
萊德美學牙醫診所,林口區,新北市林口區文化二路一段283號,25.071318,121.367866
展心牙醫診所,林口區,新北市林口區文化三路二段36號,25.079363,121.373962
拉法睡眠診所,林口區,新北市林口區文化三路一段415號,25.074237,121.367258
仲全診所,林口區,新北市林口區中正路200號,25.077658,121.391113
羊咩咩親子診所,林口區,新北市林口區仁愛路二段206號,25.074241,121.37845
康澤牙醫診所,林口區,新北市林口區中山路255號,25.079338,121.385469
安妞美學診所,林口區,新北市林口區文化三路二段55號,25.079623,121.373639
林漢邦診所,林口區,新北市林口區仁愛路二段60號,25.075693,121.3846
全德中醫診所,林口區,新北市林口區仁愛路二段502號,25.076589,121.37537
極致美學牙醫診所,林口區,新北市林口區文化三路1段463號,25.066137,121.360878
劉乃豪診所,林口區,新北市林口區文化二路一段90號,25.069628,121.36661
佳眼科診所,林口區,新北市林口區竹林路六十九號,25.080936,121.389496
親子耳鼻喉科診所,林口區,新北市林口區仁愛路2段113.115.117號,25.067902,121.397844
新北市林口區衛生所,林口區,新北市林口區忠孝二路55號,25.069734,121.364058
麗林牙醫診所,林口區,新北市林口區文化二路1段一二０巷三號,25.079055,121.376434
捷仁診所,林口區,新北市林口區麗園一街６巷１號,25.070572,121.377114
林口星和診所,林口區,新北市林口區文化二路一段390之2號,25.077142,121.375528
惠群牙醫診所,林口區,新北市林口區文化二路1段２０巷９號,25.079055,121.376434
禾林牙醫診所,林口區,新北市林口區竹林路166號,25.079622,121.388726
沃德牙醫診所,林口區,新北市林口區忠孝路381號,25.071562,121.369523
聯生中醫診所,林口區,新北市林口區三民路108號,25.070371,121.360509
合元堂中醫診所,林口區,新北市林口區忠孝路382之2號,25.070857,121.369475
日沐勤美牙醫診所,林口區,新北市林口區文化三路一段243號,25.071527,121.36324
林口風澤中醫診所,林口區,新北市林口區文化三路二段146號,25.081266,121.375438
林口微笑內科診所,林口區,新北市林口區文化三路一段419號,25.074302,121.367398
吉祥中醫診所,林口區,新北市林口區林口路46號,25.078323,121.391252
博診所,林口區,新北市林口區民富街91號,25.074749,121.370098
巧益牙醫診所,林口區,新北市林口區中山路97巷12號,25.07827,121.389185
林口真如中醫診所,林口區,新北市林口區文化三路一段571號,25.076417,121.370474
六丼中醫診所,林口區,新北市林口區忠孝路308巷19號,25.072216,121.367338
博思診所,林口區,新北市林口區中正路20號,25.077533,121.39606
林口微笑親子耳鼻喉科診所,林口區,新北市林口區文化三路一段419號,25.074302,121.367398
馥妍流美學診所,林口區,新北市林口區中正路37號,25.077385,121.395915
耀耀親子眼科診所,林口區,新北市林口區仁愛路二段269號,25.077446,121.373384
彤顏診所,林口區,新北市林口區文化二路一段170號,25.071622,121.368798
好好牙醫診所,林口區,新北市林口區文化三路一段417號,25.074273,121.367344
佑安內科診所,林口區,新北市林口區文化三路一段421號,25.074325,121.367451
全英眼科診所,林口區,新北市林口區中山路196號,25.07913,121.388866
琢原診所,林口區,新北市林口區文化三路一段461號,25.074873,121.368385
龍霖身心診所,林口區,新北市林口區文化三路一段482號,25.07546,121.369934
彤學牙醫診所,林口區,新北市林口區仁愛路二段241號,25.076242,121.374929
林口新康骨科診所,林口區,新北市林口區文化二路一段222號,25.072254,121.369526
陽光皮膚科診所,林口區,新北市林口區仁愛路二段113、115、117號,25.075757,121.376113
新林牙醫診所,林口區,新北市林口區文化三路一段239號,25.071416,121.363155
杏蒔診所,林口區,新北市林口區三民路96號,25.07015,121.360317
波音牙醫診所,林口區,新北市林口區文化三路一段179號,25.069634,121.361875
懷臨堂中醫診所,林口區,新北市林口區公園路193號,25.072426,121.371872
展研牙醫診所,林口區,新北市林口區忠孝一路1號,25.072736,121.364579
丰荷中醫診所,林口區,新北市林口區文化北路一段540號,25.079575,121.368107
三井牙醫診所,林口區,新北市林口區文化三路一段189號,25.070003,121.362144
雅丰天翔診所,林口區,新北市林口區文化二路一段579號,25.078682,121.376037
頭等艙牙醫診所,林口區,新北市林口區文化三路一段191巷20號,25.070427,121.36129
德心中醫診所,林口區,新北市林口區文化三路一段394巷2號,25.072944,121.365952
葡萄柚兒童牙醫診所,林口區,新北市林口區文化三路一段631號,25.077749,121.372077
林口悅兒親子中醫診所,林口區,新北市林口區文化二路一段392號,25.07735,121.3757
宇禾診所,林口區,新北市林口區文化二路一段525巷6號,25.076142,121.373318
東佑牙醫診所,林口區,新北市林口區文化二路一段250號,25.0731,121.370764
瑪莉時尚診所,林口區,新北市林口區文化二路一段571-5號,25.072912,121.370074
翰品牙醫診所,林口區,新北市林口區中山路190號,25.079104,121.389092
忠孝復健專科診所,林口區,新北市林口區文化二路一段527、529號,25.072912,121.370074
陽光內科診所,林口區,新北市林口區仁愛路二段113、115、117號,25.075757,121.376113
馨禾牙醫診所,林口區,新北市林口區文化一路一段123號,25.071442,121.373242
亞德牙醫診所,林口區,新北市林口區忠孝一路20號,25.073203,121.364343
勤美牙醫診所,林口區,新北市林口區文化二路一段138號,25.071067,121.368295
宏觀眼科診所,林口區,新北市林口區文化三路一段35號,25.066698,121.360962
穎欣診所,林口區,新北市林口區文化二路1段535號,25.079055,121.376434
中悅牙醫診所,林口區,新北市林口區文化二路一段531號,25.076299,121.373759
橙安親子診所,林口區,新北市林口區文化三路二段50號,25.080174,121.374589
陽光耳鼻喉科診所,林口區,新北市林口區仁愛路二段113、115、117號,25.075757,121.376113
未來小兒科診所,林口區,新北市林口區文化二路一段577號,25.078623,121.375982
未來婦產科診所,林口區,新北市林口區文化二路一段577號,25.078623,121.375982
澄明牙醫診所,林口區,新北市林口區忠孝一路41號,25.073023,121.363189
何文藻皮膚科診所,林口區,新北市林口區文化三路二段179號,25.082364,121.375716
謝家庭醫學科診所,深坑區,新北市深坑區北深路二段二００號,25.003058,121.616368
林振得診所,深坑區,新北市深坑區北深路二段106號,25.003332,121.61679
妤皮診所,深坑區,新北市深坑區北深路二段135號,25.002424,121.614868
皇家牙醫診所,深坑區,新北市深坑區北深路三段26號,25.001199,121.609465
紹善診所,深坑區,新北市深坑區北深路三段99號,25.001666,121.605794
深耕中醫診所,深坑區,新北市深坑區深坑街3巷5號,25.002601,121.616767
禾生堂中醫診所,深坑區,新北市深坑區北深路2段184號,25.011227,121.640888
新北市深坑區衛生所,深坑區,新北市深坑區深坑街165號,25.000938,121.612643
世華牙醫診所,深坑區,新北市深坑區北深路二段一九六號,25.003058,121.616368
榮泰牙醫診所,深坑區,新北市深坑區北深路二段一四七號,25.003058,121.616368
陳建志牙醫診所,深坑區,新北市深坑區北深路三段255號,25.004282,121.599212
埔新牙醫診所,深坑區,新北市深坑區埔新街一○○號,25.00235,121.619599
幼恩診所,深坑區,新北市深坑區北深路三段一七三號,25.002793,121.603561
瑞和診所,深坑區,新北市深坑區北深路三段99號,25.001666,121.605794
麒安診所,深坑區,新北市深坑區埔新街41號,25.00282,121.620909
詠靜診所,深坑區,新北市深坑區北深路三段101號,25.001687,121.605686
虹淇牙醫診所,石碇區,新北市石碇區碇坪路一段68號,24.991404,121.657218
新北市石碇區衛生所,石碇區,新北市石碇區潭邊里碇坪路1段82號,25.000889,121.65198
阿讚中醫診所,石碇區,新北市石碇區碇坪路一段72號,24.991404,121.657218
新北市坪林區衛生所,坪林區,新北市坪林區坪林街104號,24.935877,121.711626
理想牙醫診所,三芝區,新北市三芝區中山路一段9巷4號,25.2584,121.49912
新北市三芝區衛生所,三芝區,新北市三芝區中山路一段12號,25.258473,121.499388
台安醫院,三芝區,新北市三芝區興華里楓子林路四十二之五號,25.210358,121.497646
宏達牙醫診所,三芝區,新北市三芝區民生街１２號,25.255178,121.503696
昆德中醫診所,三芝區,新北市三芝區中正路一段28號,25.258574,121.503249
曾明診所,三芝區,新北市三芝區中正路一段六號,25.25773,121.503762
三芝彭小兒科診所,三芝區,新北市三芝區埔頭里中山路一段59號,25.25722,121.500762
華峰牙醫診所,三芝區,新北市三芝區中正路一段４１號,25.258211,121.503123
台灣電力公司第一核能發電廠員工診所,石門區,新北市石門區乾華里小坑１２號,25.28748,121.58827
新北市石門區衛生所,石門區,新北市石門區中山路28-1號,25.28871,121.567647
施世明診所,八里區,新北市八里區華峰一街十八號,25.146347,121.398679
國華牙醫診所,八里區,新北市八里區中山路二段299號,25.148099,121.40121
衛生福利部八里療養院,八里區,新北市八里區華富山33號,25.144063,121.412529
文心診所,八里區,新北市八里區中山路二段392號,25.147885,121.400675
明醫診所,八里區,新北市八里區龍米路一段438號,25.134066,121.450925
弘安診所,八里區,新北市八里區中山路二段215號,25.149373,121.403673
豪美牙醫診所,八里區,新北市八里區中山路2段373號,25.061601,121.465554
誠泰診所,八里區,新北市八里區中山路一段231號,25.157539,121.411033
皇翔牙醫診所,八里區,新北市八里區龍米路一段127、129號,25.12574,121.452844
新北市八里區衛生所,八里區,新北市八里區舊城路16號,25.147095,121.400062
建達中醫診所,八里區,新北市八里區中山路二段282號,25.150768,121.404565
安里診所,八里區,新北市八里區中山路二段366號,25.148384,121.400984
周文煜診所,八里區,新北市八里區中華路二段538-4號,25.148963,121.404712
台加診所,八里區,新北市八里區頂罟里中山路二段三一O號,25.150332,121.40479
維醫耳鼻喉科診所,八里區,新北市八里區訊塘路68號,25.145944,121.39774
左岸牙醫診所,八里區,新北市八里區大崁里中山路一段五十七號,25.159331,121.416451
薰衣草牙醫診所,八里區,新北市八里區中華路2段308巷7弄7號,25.093865,121.378921
瑞安診所,平溪區,新北市平溪區平溪街9號,25.024989,121.738684
新北市平溪區衛生所,平溪區,新北市平溪區公園街17號,25.0248,121.735425
保惠診所,雙溪區,新北市雙溪區中華路53號,25.03772,121.865878
新北市雙溪區衛生所,雙溪區,新北市雙溪區新基南街18號,25.037917,121.86645
冠麒診所,雙溪區,新北市雙溪區中華路45號,25.037564,121.865811
偉華牙醫診所,雙溪區,新北市雙溪區中華路７５號,25.038308,121.865712
新北市貢寮區衛生所,貢寮區,新北市貢寮區仁愛路128號,25.051232,121.92313
樂文診所,貢寮區,新北市貢寮區貢寮街三號,25.019458,121.90853
旗盛中醫診所,貢寮區,新北市貢寮區延平街25號,25.055552,121.925714
晶山牙醫診所,金山區,新北市金山區仁愛路21號,25.21913,121.637436
國立臺灣大學醫學院附設醫院金山分院,金山區,新北市金山區五湖里玉爐路7號,25.21795,121.62857
吉元堂中醫診所,金山區,新北市金山區忠孝一路26號,25.219693,121.638368
百勝診所,金山區,新北市金山區仁愛路37-5及37-6號,25.219999,121.63599
慶美牙醫診所,金山區,新北市金山區中山路１４４號,25.220585,121.638876
東大診所,金山區,新北市金山區中山路135號,25.219982,121.639045
新北市金山區衛生所,金山區,新北市金山區民生路59號,25.220439,121.641131
宜佑診所,金山區,新北市金山區中山路142號,25.220552,121.638907
台灣電力股份有限公司第二核能發電廠員工診所,萬里區,新北市萬里區野柳里八斗６０號,25.206578,121.658766
天寶堂中醫診所,萬里區,新北市萬里區瑪鍊路１１２號,25.181984,121.688392
恒生牙醫診所,萬里區,新北市萬里區萬里里瑪鋉路９３號,25.177267,121.688909
萬里診所,萬里區,新北市萬里區瑪鋉路九十八之一號,25.179852,121.68985
新北市萬里區衛生所,萬里區,新北市萬里區瑪鋉路157號,25.178332,121.689712
享悅診所,萬里區,新北市萬里區瑪鍊路34號,25.181984,121.688392
新北市烏來區衛生所,烏來區,新北市烏來區新烏路五段109號,24.871966,121.547977
烏來安泰診所,烏來區,新北市烏來區忠治里新烏路五段166號,24.869962,121.54734
華成診所,烏來區,新北市烏來區新烏路五段106號,24.871075,121.547492
